Sep 16 2026 03:00:19 GMT: WARNING (hardware): (hardware.c:552) bad or missing /proc/self/cpuset file
Sep 16 2026 03:00:19 GMT: WARNING (hardware): (hardware.c:552) bad or missing /proc/self/cpuset file
Sep 16 2026 03:00:19 GMT: INFO (as): (as.c:336) <><><><><><><><><><>  Aerospike Community Edition build 8.1.2.4-4  <><><><><><><><><><>
Sep 16 2026 03:00:19 GMT: INFO (as): (as.c:338) starting Aerospike Community Edition build 8.1.2.4-4 os ubuntu24.04 arch x86_64 sha 634ac90
Sep 16 2026 03:00:19 GMT: INFO (config): (cfg.c:4764) # Single-node YCSB device namespace. Performance settings use server defaults.
Sep 16 2026 03:00:19 GMT: INFO (config): (cfg.c:4764) service {
Sep 16 2026 03:00:19 GMT: INFO (config): (cfg.c:4764)     cluster-name ycsb-default-20260916
Sep 16 2026 03:00:19 GMT: INFO (config): (cfg.c:4764) }
Sep 16 2026 03:00:19 GMT: INFO (config): (cfg.c:4764) logging {
Sep 16 2026 03:00:19 GMT: INFO (config): (cfg.c:4764)     console {
Sep 16 2026 03:00:19 GMT: INFO (config): (cfg.c:4764)         context any info
Sep 16 2026 03:00:19 GMT: INFO (config): (cfg.c:4764)     }
Sep 16 2026 03:00:19 GMT: INFO (config): (cfg.c:4764) }
Sep 16 2026 03:00:19 GMT: INFO (config): (cfg.c:4764) network {
Sep 16 2026 03:00:19 GMT: INFO (config): (cfg.c:4764)     service {
Sep 16 2026 03:00:19 GMT: INFO (config): (cfg.c:4764)         address 172.16.0.4
Sep 16 2026 03:00:19 GMT: INFO (config): (cfg.c:4764)         port 3000
Sep 16 2026 03:00:19 GMT: INFO (config): (cfg.c:4764)     }
Sep 16 2026 03:00:19 GMT: INFO (config): (cfg.c:4764)     heartbeat {
Sep 16 2026 03:00:19 GMT: INFO (config): (cfg.c:4764)         address 127.0.0.1
Sep 16 2026 03:00:19 GMT: INFO (config): (cfg.c:4764)         mode mesh
Sep 16 2026 03:00:19 GMT: INFO (config): (cfg.c:4764)         port 3002
Sep 16 2026 03:00:19 GMT: INFO (config): (cfg.c:4764)     }
Sep 16 2026 03:00:19 GMT: INFO (config): (cfg.c:4764)     fabric {
Sep 16 2026 03:00:19 GMT: INFO (config): (cfg.c:4764)         address 127.0.0.1
Sep 16 2026 03:00:19 GMT: INFO (config): (cfg.c:4764)         port 3001
Sep 16 2026 03:00:19 GMT: INFO (config): (cfg.c:4764)     }
Sep 16 2026 03:00:19 GMT: INFO (config): (cfg.c:4764)     admin {
Sep 16 2026 03:00:19 GMT: INFO (config): (cfg.c:4764)         address 127.0.0.1
Sep 16 2026 03:00:19 GMT: INFO (config): (cfg.c:4764)         port 3003
Sep 16 2026 03:00:19 GMT: INFO (config): (cfg.c:4764)     }
Sep 16 2026 03:00:19 GMT: INFO (config): (cfg.c:4764) }
Sep 16 2026 03:00:19 GMT: INFO (config): (cfg.c:4764) namespace ycsb {
Sep 16 2026 03:00:19 GMT: INFO (config): (cfg.c:4764)     replication-factor 1
Sep 16 2026 03:00:19 GMT: INFO (config): (cfg.c:4764)     storage-engine device {
Sep 16 2026 03:00:19 GMT: INFO (config): (cfg.c:4764)         device /dev/md127p3
Sep 16 2026 03:00:19 GMT: INFO (config): (cfg.c:4764)     }
Sep 16 2026 03:00:19 GMT: INFO (config): (cfg.c:4764) }
Sep 16 2026 03:00:19 GMT: WARNING (config): (cfg.c:4788) mod-lua: allow-unsafe-lua is true - Lua UDFs have access to os/io/debug and can load native .so modules; set allow-unsafe-lua false in the mod-lua stanza to harden the UDF sandbox
Sep 16 2026 03:00:19 GMT: INFO (config): (cfg.c:4805) system file descriptor limit: 100000, proto-fd-max: 15000
Sep 16 2026 03:00:19 GMT: INFO (hardware): (hardware.c:2054) detected 16 CPU(s), 8 core(s), 1 NUMA node(s)
Sep 16 2026 03:00:19 GMT: INFO (socket): (socket.c:2729) Node port 3001, node ID bb9f1b2523a0d00
Sep 16 2026 03:00:19 GMT: INFO (config): (cfg.c:4846) node-id bb9f1b2523a0d00
Sep 16 2026 03:00:19 GMT: WARNING (os): (os.c:951) failed min-free-kbytes check - min-free-kbytes should be at least 1150976
Sep 16 2026 03:00:19 GMT: WARNING (os): (os.c:1006) failed thp-enabled check - THP enabled not set to either 'never' or 'madvise'
Sep 16 2026 03:00:19 GMT: WARNING (os): (os.c:948) failed swappiness check - swappiness not set to 0
Sep 16 2026 03:00:19 GMT: WARNING (config): (cfg.c:5240) failed best-practices checks - see 'https://docs.aerospike.com/docs/operations/install/linux/bestpractices/index.html'
Sep 16 2026 03:00:19 GMT: INFO (smd): (smd.c:2342) no file '/opt/aerospike/smd/evict.smd' - starting empty
Sep 16 2026 03:00:19 GMT: INFO (namespace): (namespace_ce.c:85) {ycsb} beginning cold start
Sep 16 2026 03:00:19 GMT: INFO (smd): (smd.c:2342) no file '/opt/aerospike/smd/sindex.smd' - starting empty
Sep 16 2026 03:00:19 GMT: INFO (drv_ssd): (drv_ssd.c:3609) opened device /dev/md127p3: usable size 1099494850560, io-min-size 512
Sep 16 2026 03:00:19 GMT: INFO (drv_ssd): (drv_ssd.c:1058) /dev/md127p3 has 131070 wblocks of size 8388608
Sep 16 2026 03:00:19 GMT: INFO (drv_ssd): (drv_ssd.c:3372) {ycsb} found all 1 devices fresh, initializing to random 3820644663057539155
Sep 16 2026 03:00:19 GMT: INFO (drv_ssd): (drv_ssd.c:1026) {ycsb} loading free & defrag queues
Sep 16 2026 03:00:19 GMT: INFO (drv_ssd): (drv_ssd.c:958) /dev/md127p3 init defrag profile: 0,0,0,0,0,0,0,0,0,0,0,0,0,0,0,0,0,0,0,0,0,0,0,0,0,0,0,0,0,0,0,0,0,0,0,0,0,0,0,0,0,0,0,0,0,0,0,0,0,0
Sep 16 2026 03:00:19 GMT: INFO (drv_ssd): (drv_ssd.c:1045) /dev/md127p3 init wblocks: pristine-id 1 pristine 131069 free-q 0, defrag-q 0
Sep 16 2026 03:00:19 GMT: INFO (drv_ssd): (drv_ssd.c:2421) {ycsb} starting device maintenance threads
Sep 16 2026 03:00:19 GMT: INFO (drv_ssd): (drv_ssd.c:1707) {ycsb} starting write threads
Sep 16 2026 03:00:19 GMT: INFO (drv_ssd): (drv_ssd.c:879) {ycsb} starting defrag threads
Sep 16 2026 03:00:19 GMT: INFO (as): (as.c:422) initializing services...
Sep 16 2026 03:00:19 GMT: INFO (service): (service.c:213) starting 80 service threads
Sep 16 2026 03:00:19 GMT: INFO (fabric): (fabric.c:809) updated fabric published address list to {127.0.0.1:3001}
Sep 16 2026 03:00:19 GMT: INFO (partition): (partition_balance.c:210) {ycsb} 4096 partitions: found 4096 absent, 0 stored
Sep 16 2026 03:00:19 GMT: INFO (smd): (smd.c:2342) no file '/opt/aerospike/smd/UDF.smd' - starting empty
Sep 16 2026 03:00:19 GMT: INFO (batch): (batch.c:847) starting 16 batch-index-threads
Sep 16 2026 03:00:19 GMT: INFO (health): (health.c:325) starting health monitor thread
Sep 16 2026 03:00:19 GMT: INFO (fabric): (fabric.c:423) starting 8 fabric send threads
Sep 16 2026 03:00:19 GMT: INFO (fabric): (fabric.c:438) starting 16 fabric rw channel recv threads
Sep 16 2026 03:00:19 GMT: INFO (fabric): (fabric.c:438) starting 4 fabric ctrl channel recv threads
Sep 16 2026 03:00:19 GMT: INFO (fabric): (fabric.c:438) starting 4 fabric bulk channel recv threads
Sep 16 2026 03:00:19 GMT: INFO (fabric): (fabric.c:438) starting 4 fabric meta channel recv threads
Sep 16 2026 03:00:19 GMT: INFO (fabric): (fabric.c:451) starting fabric accept thread
Sep 16 2026 03:00:19 GMT: INFO (hb): (hb.c:6920) initializing mesh heartbeat socket: 127.0.0.1:3002
Sep 16 2026 03:00:19 GMT: INFO (fabric): (socket.c:823) Started fabric endpoint 127.0.0.1:3001
Sep 16 2026 03:00:19 GMT: INFO (hb): (hb.c:6950) mtu of the network is 65536
Sep 16 2026 03:00:19 GMT: INFO (hb): (socket.c:823) Started mesh heartbeat endpoint 127.0.0.1:3002
Sep 16 2026 03:00:19 GMT: INFO (hb): (hb.c:5476) updated heartbeat published address list to {127.0.0.1:3002}
Sep 16 2026 03:00:19 GMT: INFO (nsup): (nsup.c:201) starting namespace supervisor threads
Sep 16 2026 03:00:19 GMT: INFO (service): (socket.c:823) Started admin endpoint 127.0.0.1:3003
Sep 16 2026 03:00:19 GMT: INFO (service): (service.c:1140) starting reaper thread
Sep 16 2026 03:00:19 GMT: INFO (service): (socket.c:823) Started client endpoint 172.16.0.4:3000
Sep 16 2026 03:00:19 GMT: INFO (service): (socket.c:823) Started client endpoint 127.0.0.1:3000
Sep 16 2026 03:00:19 GMT: INFO (service): (service.c:245) starting accept thread
Sep 16 2026 03:00:19 GMT: INFO (as): (as.c:464) service ready: soon there will be cake!
Sep 16 2026 03:00:21 GMT: INFO (clustering): (clustering.c:6362) principal node - proposing new cluster with succession list: bb9f1b2523a0d00
Sep 16 2026 03:00:21 GMT: INFO (clustering): (clustering.c:5799) applied new cluster key 853da886f613
Sep 16 2026 03:00:21 GMT: INFO (clustering): (clustering.c:5806) principal node - applied new succession list: bb9f1b2523a0d00
Sep 16 2026 03:00:21 GMT: INFO (clustering): (clustering.c:5814) applied cluster size 1
Sep 16 2026 03:00:21 GMT: INFO (exchange): (exchange.c:2339) data exchange started with cluster key 853da886f613
Sep 16 2026 03:00:21 GMT: INFO (exchange): (exchange.c:2733) exchange-compatibility-id: self 15 cluster-min 0 -> 15 cluster-max 0 -> 15
Sep 16 2026 03:00:21 GMT: INFO (exchange): (exchange.c:3326) received commit command from principal node bb9f1b2523a0d00
Sep 16 2026 03:00:21 GMT: INFO (exchange): (exchange.c:3289) data exchange completed with cluster key 853da886f613
Sep 16 2026 03:00:21 GMT: INFO (partition): (partition_balance.c:1087) {ycsb} replication factor is 1
Sep 16 2026 03:00:21 GMT: INFO (partition): (partition_balance.c:1045) {ycsb} rebalanced: expected-migrations (0,0,0) fresh-partitions 4096
Sep 16 2026 03:00:22 GMT: INFO (deprecation): (thr_info.c:888) 'features' info command is deprecated - see https://aerospike.com/docs/database/release/8-1/
Sep 16 2026 03:00:22 GMT: INFO (deprecation): (thr_info.c:888) 'services' info command is deprecated - use 'peers-clear-std' instead
Sep 16 2026 03:00:22 GMT: INFO (deprecation): (thr_info.c:888) 'replicas-master' info command is deprecated - use 'replicas' instead or upgrade your client
Sep 16 2026 03:00:29 GMT: INFO (info): (ticker.c:169) NODE-ID bb9f1b2523a0d00 CLUSTER-SIZE 1 CLUSTER-NAME ycsb-default-20260916
Sep 16 2026 03:00:29 GMT: INFO (info): (ticker.c:241)    cluster-clock: skew-ms 0
Sep 16 2026 03:00:29 GMT: INFO (info): (ticker.c:265)    system: total-cpu-pct 827 user-cpu-pct 220 kernel-cpu-pct 607 free-mem-kbytes 128250012 free-mem-pct 97 thp-mem-kbytes 1077248 host-free-mem-kbytes 128250012 host-free-mem-pct 97
Sep 16 2026 03:00:29 GMT: INFO (info): (ticker.c:287)    process: cpu-pct 892 threads (9,61,113,113) heap-kbytes (1516059,1535856,1736192) heap-efficiency-pct 98.7
Sep 16 2026 03:00:29 GMT: INFO (info): (ticker.c:297)    in-progress: info-q 0 rw-hash 18 proxy-hash 0 tree-gc-q 0 long-queries 0
Sep 16 2026 03:00:29 GMT: INFO (info): (ticker.c:340)    fds: proto (512,773,261) heartbeat (0,0,0) fabric (0,0,0) admin (0,0,0)
Sep 16 2026 03:00:29 GMT: INFO (info): (ticker.c:352)    heartbeat-received: self 0 foreign 0
Sep 16 2026 03:00:29 GMT: INFO (info): (ticker.c:378)    fabric-bytes-per-second: bulk (0,0) ctrl (0,0) meta (0,0) rw (0,0)
Sep 16 2026 03:00:29 GMT: INFO (info): (ticker.c:426) {ycsb} objects: all 3592325 master 3592354 prole 0 non-replica 0
Sep 16 2026 03:00:29 GMT: INFO (info): (ticker.c:481) {ycsb} migrations: complete
Sep 16 2026 03:00:29 GMT: INFO (info): (ticker.c:506) {ycsb} index-usage: used-bytes 229908800
Sep 16 2026 03:00:29 GMT: INFO (info): (ticker.c:559) {ycsb} data-usage: used-bytes 5230534400 avail-pct 99 cache-read-pct 0.00
Sep 16 2026 03:00:29 GMT: INFO (info): (ticker.c:618) {ycsb} client: tsvc (0,0) proxy (0,0,0) read (0,0,0,0,0) write (3592395,0,0,0) delete (0,0,0,0,0) udf (0,0,0,0) lang (0,0,0,0)
Sep 16 2026 03:00:29 GMT: INFO (info): (hist.c:319) histogram dump: {ycsb}-write (3592400 total) msec
Sep 16 2026 03:00:29 GMT: INFO (info): (hist.c:339)  (00: 0003592275) (01: 0000000124) (02: 0000000001)
Sep 16 2026 03:00:29 GMT: INFO (deprecation): (thr_info.c:888) (repeated:256) 'features' info command is deprecated - see https://aerospike.com/docs/database/release/8-1/
Sep 16 2026 03:00:29 GMT: INFO (deprecation): (thr_info.c:888) (repeated:256) 'replicas-master' info command is deprecated - use 'replicas' instead or upgrade your client
Sep 16 2026 03:00:29 GMT: INFO (deprecation): (thr_info.c:888) (repeated:2304) 'services' info command is deprecated - use 'peers-clear-std' instead
Sep 16 2026 03:00:39 GMT: INFO (drv_ssd): (drv_ssd.c:2133) {ycsb} /dev/md127p3: used-bytes 13909042784 free-wblocks 129410 write-q 0 write (1658,82.9) defrag-q 0 defrag-read (0,0.0) defrag-write (0,0.0)
Sep 16 2026 03:00:39 GMT: INFO (info): (ticker.c:169) NODE-ID bb9f1b2523a0d00 CLUSTER-SIZE 1 CLUSTER-NAME ycsb-default-20260916
Sep 16 2026 03:00:39 GMT: INFO (info): (ticker.c:241)    cluster-clock: skew-ms 0
Sep 16 2026 03:00:39 GMT: INFO (info): (ticker.c:265)    system: total-cpu-pct 1471 user-cpu-pct 378 kernel-cpu-pct 1093 free-mem-kbytes 127905200 free-mem-pct 96 thp-mem-kbytes 1449984 host-free-mem-kbytes 127905200 host-free-mem-pct 96
Sep 16 2026 03:00:39 GMT: INFO (info): (ticker.c:287)    process: cpu-pct 1443 threads (9,61,113,113) heap-kbytes (1516085,1535876,1736192) heap-efficiency-pct 98.7
Sep 16 2026 03:00:39 GMT: INFO (info): (ticker.c:297)    in-progress: info-q 0 rw-hash 7 proxy-hash 0 tree-gc-q 0 long-queries 0
Sep 16 2026 03:00:39 GMT: INFO (info): (ticker.c:340)    fds: proto (512,773,261) heartbeat (0,0,0) fabric (0,0,0) admin (0,0,0)
Sep 16 2026 03:00:39 GMT: INFO (info): (ticker.c:352)    heartbeat-received: self 0 foreign 0
Sep 16 2026 03:00:39 GMT: INFO (info): (ticker.c:378)    fabric-bytes-per-second: bulk (0,0) ctrl (0,0) meta (0,0) rw (0,0)
Sep 16 2026 03:00:39 GMT: INFO (info): (ticker.c:426) {ycsb} objects: all 9559382 master 9559418 prole 0 non-replica 0
Sep 16 2026 03:00:39 GMT: INFO (info): (ticker.c:481) {ycsb} migrations: complete
Sep 16 2026 03:00:39 GMT: INFO (info): (ticker.c:506) {ycsb} index-usage: used-bytes 611800448
Sep 16 2026 03:00:39 GMT: INFO (info): (ticker.c:559) {ycsb} data-usage: used-bytes 13918576672 avail-pct 98 cache-read-pct 0.00
Sep 16 2026 03:00:39 GMT: INFO (info): (ticker.c:618) {ycsb} client: tsvc (0,0) proxy (0,0,0) read (0,0,0,0,0) write (9559456,0,0,0) delete (0,0,0,0,0) udf (0,0,0,0) lang (0,0,0,0)
Sep 16 2026 03:00:39 GMT: INFO (info): (hist.c:319) histogram dump: {ycsb}-write (9559463 total) msec
Sep 16 2026 03:00:39 GMT: INFO (info): (hist.c:339)  (00: 0009559139) (01: 0000000321) (02: 0000000003)
Sep 16 2026 03:00:39 GMT: INFO (deprecation): (thr_info.c:888) (repeated:2560) 'services' info command is deprecated - use 'peers-clear-std' instead
Sep 16 2026 03:00:49 GMT: INFO (info): (ticker.c:169) NODE-ID bb9f1b2523a0d00 CLUSTER-SIZE 1 CLUSTER-NAME ycsb-default-20260916
Sep 16 2026 03:00:49 GMT: INFO (info): (ticker.c:241)    cluster-clock: skew-ms 0
Sep 16 2026 03:00:49 GMT: INFO (info): (ticker.c:265)    system: total-cpu-pct 1461 user-cpu-pct 387 kernel-cpu-pct 1074 free-mem-kbytes 127537600 free-mem-pct 96 thp-mem-kbytes 1816576 host-free-mem-kbytes 127537600 host-free-mem-pct 96
Sep 16 2026 03:00:49 GMT: INFO (info): (ticker.c:287)    process: cpu-pct 1436 threads (9,61,113,113) heap-kbytes (1516084,1535876,1736192) heap-efficiency-pct 98.7
Sep 16 2026 03:00:49 GMT: INFO (info): (ticker.c:297)    in-progress: info-q 0 rw-hash 9 proxy-hash 0 tree-gc-q 0 long-queries 0
Sep 16 2026 03:00:49 GMT: INFO (info): (ticker.c:340)    fds: proto (512,773,261) heartbeat (0,0,0) fabric (0,0,0) admin (0,0,0)
Sep 16 2026 03:00:49 GMT: INFO (info): (ticker.c:352)    heartbeat-received: self 0 foreign 0
Sep 16 2026 03:00:49 GMT: INFO (info): (ticker.c:378)    fabric-bytes-per-second: bulk (0,0) ctrl (0,0) meta (0,0) rw (0,0)
Sep 16 2026 03:00:49 GMT: INFO (info): (ticker.c:426) {ycsb} objects: all 15488445 master 15488490 prole 0 non-replica 0
Sep 16 2026 03:00:49 GMT: INFO (info): (ticker.c:481) {ycsb} migrations: complete
Sep 16 2026 03:00:49 GMT: INFO (info): (ticker.c:506) {ycsb} index-usage: used-bytes 991260480
Sep 16 2026 03:00:49 GMT: INFO (info): (ticker.c:559) {ycsb} data-usage: used-bytes 22551305504 avail-pct 97 cache-read-pct 0.00
Sep 16 2026 03:00:49 GMT: INFO (info): (ticker.c:618) {ycsb} client: tsvc (0,0) proxy (0,0,0) read (0,0,0,0,0) write (15488532,0,0,0) delete (0,0,0,0,0) udf (0,0,0,0) lang (0,0,0,0)
Sep 16 2026 03:00:49 GMT: INFO (info): (hist.c:319) histogram dump: {ycsb}-write (15488534 total) msec
Sep 16 2026 03:00:49 GMT: INFO (info): (hist.c:339)  (00: 0015487953) (01: 0000000574) (02: 0000000007)
Sep 16 2026 03:00:49 GMT: INFO (deprecation): (thr_info.c:888) (repeated:2560) 'services' info command is deprecated - use 'peers-clear-std' instead
Sep 16 2026 03:00:59 GMT: INFO (drv_ssd): (drv_ssd.c:2133) {ycsb} /dev/md127p3: used-bytes 31166128448 free-wblocks 127353 write-q 0 write (3715,102.8) defrag-q 0 defrag-read (0,0.0) defrag-write (0,0.0)
Sep 16 2026 03:00:59 GMT: INFO (info): (ticker.c:169) NODE-ID bb9f1b2523a0d00 CLUSTER-SIZE 1 CLUSTER-NAME ycsb-default-20260916
Sep 16 2026 03:00:59 GMT: INFO (info): (ticker.c:241)    cluster-clock: skew-ms 0
Sep 16 2026 03:00:59 GMT: INFO (info): (ticker.c:265)    system: total-cpu-pct 1463 user-cpu-pct 396 kernel-cpu-pct 1067 free-mem-kbytes 127158708 free-mem-pct 96 thp-mem-kbytes 2187264 host-free-mem-kbytes 127158708 host-free-mem-pct 96
Sep 16 2026 03:00:59 GMT: INFO (info): (ticker.c:287)    process: cpu-pct 1437 threads (9,61,113,113) heap-kbytes (2564651,2584456,2784768) heap-efficiency-pct 99.2
Sep 16 2026 03:00:59 GMT: INFO (info): (ticker.c:297)    in-progress: info-q 0 rw-hash 7 proxy-hash 0 tree-gc-q 0 long-queries 0
Sep 16 2026 03:00:59 GMT: INFO (info): (ticker.c:340)    fds: proto (512,773,261) heartbeat (0,0,0) fabric (0,0,0) admin (0,0,0)
Sep 16 2026 03:00:59 GMT: INFO (info): (ticker.c:352)    heartbeat-received: self 0 foreign 0
Sep 16 2026 03:00:59 GMT: INFO (info): (ticker.c:378)    fabric-bytes-per-second: bulk (0,0) ctrl (0,0) meta (0,0) rw (0,0)
Sep 16 2026 03:00:59 GMT: INFO (info): (ticker.c:426) {ycsb} objects: all 21413828 master 21413867 prole 0 non-replica 0
Sep 16 2026 03:00:59 GMT: INFO (info): (ticker.c:481) {ycsb} migrations: complete
Sep 16 2026 03:00:59 GMT: INFO (info): (ticker.c:506) {ycsb} index-usage: used-bytes 1370484992
Sep 16 2026 03:00:59 GMT: INFO (info): (ticker.c:559) {ycsb} data-usage: used-bytes 31178645680 avail-pct 97 cache-read-pct 0.00
Sep 16 2026 03:00:59 GMT: INFO (info): (ticker.c:618) {ycsb} client: tsvc (0,0) proxy (0,0,0) read (0,0,0,0,0) write (21413898,0,0,0) delete (0,0,0,0,0) udf (0,0,0,0) lang (0,0,0,0)
Sep 16 2026 03:00:59 GMT: INFO (info): (hist.c:319) histogram dump: {ycsb}-write (21413901 total) msec
Sep 16 2026 03:00:59 GMT: INFO (info): (hist.c:339)  (00: 0021413056) (01: 0000000838) (02: 0000000007)
Sep 16 2026 03:00:59 GMT: INFO (deprecation): (thr_info.c:888) (repeated:2560) 'services' info command is deprecated - use 'peers-clear-std' instead
Sep 16 2026 03:01:09 GMT: INFO (info): (ticker.c:169) NODE-ID bb9f1b2523a0d00 CLUSTER-SIZE 1 CLUSTER-NAME ycsb-default-20260916
Sep 16 2026 03:01:09 GMT: INFO (info): (ticker.c:241)    cluster-clock: skew-ms 0
Sep 16 2026 03:01:09 GMT: INFO (info): (ticker.c:265)    system: total-cpu-pct 1466 user-cpu-pct 399 kernel-cpu-pct 1067 free-mem-kbytes 126768004 free-mem-pct 96 thp-mem-kbytes 2566144 host-free-mem-kbytes 126768004 host-free-mem-pct 96
Sep 16 2026 03:01:09 GMT: INFO (info): (ticker.c:287)    process: cpu-pct 1438 threads (9,61,113,113) heap-kbytes (2564642,2584456,2784768) heap-efficiency-pct 99.2
Sep 16 2026 03:01:09 GMT: INFO (info): (ticker.c:297)    in-progress: info-q 0 rw-hash 7 proxy-hash 0 tree-gc-q 0 long-queries 0
Sep 16 2026 03:01:09 GMT: INFO (info): (ticker.c:340)    fds: proto (512,773,261) heartbeat (0,0,0) fabric (0,0,0) admin (0,0,0)
Sep 16 2026 03:01:09 GMT: INFO (info): (ticker.c:352)    heartbeat-received: self 0 foreign 0
Sep 16 2026 03:01:09 GMT: INFO (info): (ticker.c:378)    fabric-bytes-per-second: bulk (0,0) ctrl (0,0) meta (0,0) rw (0,0)
Sep 16 2026 03:01:09 GMT: INFO (info): (ticker.c:426) {ycsb} objects: all 27326976 master 27327031 prole 0 non-replica 0
Sep 16 2026 03:01:09 GMT: INFO (info): (ticker.c:481) {ycsb} migrations: complete
Sep 16 2026 03:01:09 GMT: INFO (info): (ticker.c:506) {ycsb} index-usage: used-bytes 1748926464
Sep 16 2026 03:01:09 GMT: INFO (info): (ticker.c:559) {ycsb} data-usage: used-bytes 39788215376 avail-pct 96 cache-read-pct 0.00
Sep 16 2026 03:01:09 GMT: INFO (info): (ticker.c:618) {ycsb} client: tsvc (0,0) proxy (0,0,0) read (0,0,0,0,0) write (27327069,0,0,0) delete (0,0,0,0,0) udf (0,0,0,0) lang (0,0,0,0)
Sep 16 2026 03:01:09 GMT: INFO (info): (hist.c:319) histogram dump: {ycsb}-write (27327077 total) msec
Sep 16 2026 03:01:09 GMT: INFO (info): (hist.c:339)  (00: 0027325846) (01: 0000001217) (02: 0000000014)
Sep 16 2026 03:01:09 GMT: INFO (deprecation): (thr_info.c:888) (repeated:2560) 'services' info command is deprecated - use 'peers-clear-std' instead
Sep 16 2026 03:01:19 GMT: INFO (drv_ssd): (drv_ssd.c:2133) {ycsb} /dev/md127p3: used-bytes 48418866496 free-wblocks 125296 write-q 0 write (5772,102.8) defrag-q 0 defrag-read (0,0.0) defrag-write (0,0.0)
Sep 16 2026 03:01:19 GMT: INFO (info): (ticker.c:169) NODE-ID bb9f1b2523a0d00 CLUSTER-SIZE 1 CLUSTER-NAME ycsb-default-20260916
Sep 16 2026 03:01:19 GMT: INFO (info): (ticker.c:241)    cluster-clock: skew-ms 0
Sep 16 2026 03:01:19 GMT: INFO (info): (ticker.c:265)    system: total-cpu-pct 1472 user-cpu-pct 406 kernel-cpu-pct 1066 free-mem-kbytes 126404216 free-mem-pct 95 thp-mem-kbytes 2934784 host-free-mem-kbytes 126404216 host-free-mem-pct 95
Sep 16 2026 03:01:19 GMT: INFO (info): (ticker.c:287)    process: cpu-pct 1446 threads (9,61,113,113) heap-kbytes (2564660,2584456,2784768) heap-efficiency-pct 99.2
Sep 16 2026 03:01:19 GMT: INFO (info): (ticker.c:297)    in-progress: info-q 0 rw-hash 34 proxy-hash 0 tree-gc-q 0 long-queries 0
Sep 16 2026 03:01:19 GMT: INFO (info): (ticker.c:340)    fds: proto (512,773,261) heartbeat (0,0,0) fabric (0,0,0) admin (0,0,0)
Sep 16 2026 03:01:19 GMT: INFO (info): (ticker.c:352)    heartbeat-received: self 0 foreign 0
Sep 16 2026 03:01:19 GMT: INFO (info): (ticker.c:378)    fabric-bytes-per-second: bulk (0,0) ctrl (0,0) meta (0,0) rw (0,0)
Sep 16 2026 03:01:19 GMT: INFO (info): (ticker.c:426) {ycsb} objects: all 33264288 master 33264326 prole 0 non-replica 0
Sep 16 2026 03:01:19 GMT: INFO (info): (ticker.c:481) {ycsb} migrations: complete
Sep 16 2026 03:01:19 GMT: INFO (info): (ticker.c:506) {ycsb} index-usage: used-bytes 2128914432
Sep 16 2026 03:01:19 GMT: INFO (info): (ticker.c:559) {ycsb} data-usage: used-bytes 48432889232 avail-pct 95 cache-read-pct 0.00
Sep 16 2026 03:01:19 GMT: INFO (info): (ticker.c:618) {ycsb} client: tsvc (0,0) proxy (0,0,0) read (0,0,0,0,0) write (33264343,0,0,0) delete (0,0,0,0,0) udf (0,0,0,0) lang (0,0,0,0)
Sep 16 2026 03:01:19 GMT: INFO (info): (hist.c:319) histogram dump: {ycsb}-write (33264345 total) msec
Sep 16 2026 03:01:19 GMT: INFO (info): (hist.c:339)  (00: 0033262742) (01: 0000001580) (02: 0000000023)
Sep 16 2026 03:01:19 GMT: INFO (deprecation): (thr_info.c:888) (repeated:2560) 'services' info command is deprecated - use 'peers-clear-std' instead
Sep 16 2026 03:01:29 GMT: INFO (info): (ticker.c:169) NODE-ID bb9f1b2523a0d00 CLUSTER-SIZE 1 CLUSTER-NAME ycsb-default-20260916
Sep 16 2026 03:01:29 GMT: INFO (info): (ticker.c:241)    cluster-clock: skew-ms 0
Sep 16 2026 03:01:29 GMT: INFO (info): (ticker.c:265)    system: total-cpu-pct 1467 user-cpu-pct 408 kernel-cpu-pct 1059 free-mem-kbytes 126030576 free-mem-pct 95 thp-mem-kbytes 3301376 host-free-mem-kbytes 126030576 host-free-mem-pct 95
Sep 16 2026 03:01:29 GMT: INFO (info): (ticker.c:287)    process: cpu-pct 1441 threads (9,61,113,113) heap-kbytes (3613224,3633032,3833344) heap-efficiency-pct 99.5
Sep 16 2026 03:01:29 GMT: INFO (info): (ticker.c:297)    in-progress: info-q 0 rw-hash 15 proxy-hash 0 tree-gc-q 0 long-queries 0
Sep 16 2026 03:01:29 GMT: INFO (info): (ticker.c:340)    fds: proto (512,773,261) heartbeat (0,0,0) fabric (0,0,0) admin (0,0,0)
Sep 16 2026 03:01:29 GMT: INFO (info): (ticker.c:352)    heartbeat-received: self 0 foreign 0
Sep 16 2026 03:01:29 GMT: INFO (info): (ticker.c:378)    fabric-bytes-per-second: bulk (0,0) ctrl (0,0) meta (0,0) rw (0,0)
Sep 16 2026 03:01:29 GMT: INFO (info): (ticker.c:426) {ycsb} objects: all 39177836 master 39177870 prole 0 non-replica 0
Sep 16 2026 03:01:29 GMT: INFO (info): (ticker.c:481) {ycsb} migrations: complete
Sep 16 2026 03:01:29 GMT: INFO (info): (ticker.c:506) {ycsb} index-usage: used-bytes 2507381504
Sep 16 2026 03:01:29 GMT: INFO (info): (ticker.c:559) {ycsb} data-usage: used-bytes 57043044240 avail-pct 94 cache-read-pct 0.00
Sep 16 2026 03:01:29 GMT: INFO (info): (ticker.c:618) {ycsb} client: tsvc (0,0) proxy (0,0,0) read (0,0,0,0,0) write (39177911,0,0,0) delete (0,0,0,0,0) udf (0,0,0,0) lang (0,0,0,0)
Sep 16 2026 03:01:29 GMT: INFO (info): (hist.c:319) histogram dump: {ycsb}-write (39177914 total) msec
Sep 16 2026 03:01:29 GMT: INFO (info): (hist.c:339)  (00: 0039175944) (01: 0000001946) (02: 0000000024)
Sep 16 2026 03:01:29 GMT: INFO (deprecation): (thr_info.c:888) (repeated:2560) 'services' info command is deprecated - use 'peers-clear-std' instead
Sep 16 2026 03:01:39 GMT: INFO (drv_ssd): (drv_ssd.c:2133) {ycsb} /dev/md127p3: used-bytes 65635233664 free-wblocks 123244 write-q 0 write (7824,102.6) defrag-q 0 defrag-read (0,0.0) defrag-write (0,0.0)
Sep 16 2026 03:01:39 GMT: INFO (info): (ticker.c:169) NODE-ID bb9f1b2523a0d00 CLUSTER-SIZE 1 CLUSTER-NAME ycsb-default-20260916
Sep 16 2026 03:01:39 GMT: INFO (info): (ticker.c:241)    cluster-clock: skew-ms 0
Sep 16 2026 03:01:39 GMT: INFO (info): (ticker.c:265)    system: total-cpu-pct 1475 user-cpu-pct 412 kernel-cpu-pct 1063 free-mem-kbytes 125663604 free-mem-pct 95 thp-mem-kbytes 3670016 host-free-mem-kbytes 125663604 host-free-mem-pct 95
Sep 16 2026 03:01:39 GMT: INFO (info): (ticker.c:287)    process: cpu-pct 1450 threads (9,61,113,113) heap-kbytes (3613217,3633032,3833344) heap-efficiency-pct 99.5
Sep 16 2026 03:01:39 GMT: INFO (info): (ticker.c:297)    in-progress: info-q 0 rw-hash 12 proxy-hash 0 tree-gc-q 0 long-queries 0
Sep 16 2026 03:01:39 GMT: INFO (info): (ticker.c:340)    fds: proto (512,773,261) heartbeat (0,0,0) fabric (0,0,0) admin (0,0,0)
Sep 16 2026 03:01:39 GMT: INFO (info): (ticker.c:352)    heartbeat-received: self 0 foreign 0
Sep 16 2026 03:01:39 GMT: INFO (info): (ticker.c:378)    fabric-bytes-per-second: bulk (0,0) ctrl (0,0) meta (0,0) rw (0,0)
Sep 16 2026 03:01:39 GMT: INFO (info): (ticker.c:426) {ycsb} objects: all 45090364 master 45090401 prole 0 non-replica 0
Sep 16 2026 03:01:39 GMT: INFO (info): (ticker.c:481) {ycsb} migrations: complete
Sep 16 2026 03:01:39 GMT: INFO (info): (ticker.c:506) {ycsb} index-usage: used-bytes 2885783296
Sep 16 2026 03:01:39 GMT: INFO (info): (ticker.c:559) {ycsb} data-usage: used-bytes 65651714128 avail-pct 94 cache-read-pct 0.00
Sep 16 2026 03:01:39 GMT: INFO (info): (ticker.c:618) {ycsb} client: tsvc (0,0) proxy (0,0,0) read (0,0,0,0,0) write (45090462,0,0,0) delete (0,0,0,0,0) udf (0,0,0,0) lang (0,0,0,0)
Sep 16 2026 03:01:39 GMT: INFO (info): (hist.c:319) histogram dump: {ycsb}-write (45090465 total) msec
Sep 16 2026 03:01:39 GMT: INFO (info): (hist.c:339)  (00: 0045088073) (01: 0000002365) (02: 0000000027)
Sep 16 2026 03:01:39 GMT: INFO (deprecation): (thr_info.c:888) (repeated:2560) 'services' info command is deprecated - use 'peers-clear-std' instead
Sep 16 2026 03:01:49 GMT: INFO (info): (ticker.c:169) NODE-ID bb9f1b2523a0d00 CLUSTER-SIZE 1 CLUSTER-NAME ycsb-default-20260916
Sep 16 2026 03:01:49 GMT: INFO (info): (ticker.c:241)    cluster-clock: skew-ms 0
Sep 16 2026 03:01:49 GMT: INFO (info): (ticker.c:265)    system: total-cpu-pct 1470 user-cpu-pct 411 kernel-cpu-pct 1059 free-mem-kbytes 125291000 free-mem-pct 94 thp-mem-kbytes 4036608 host-free-mem-kbytes 125291000 host-free-mem-pct 94
Sep 16 2026 03:01:49 GMT: INFO (info): (ticker.c:287)    process: cpu-pct 1445 threads (9,61,113,113) heap-kbytes (4661798,4681612,4881920) heap-efficiency-pct 99.6
Sep 16 2026 03:01:49 GMT: INFO (info): (ticker.c:297)    in-progress: info-q 0 rw-hash 12 proxy-hash 0 tree-gc-q 0 long-queries 0
Sep 16 2026 03:01:49 GMT: INFO (info): (ticker.c:340)    fds: proto (512,773,261) heartbeat (0,0,0) fabric (0,0,0) admin (0,0,0)
Sep 16 2026 03:01:49 GMT: INFO (info): (ticker.c:352)    heartbeat-received: self 0 foreign 0
Sep 16 2026 03:01:49 GMT: INFO (info): (ticker.c:378)    fabric-bytes-per-second: bulk (0,0) ctrl (0,0) meta (0,0) rw (0,0)
Sep 16 2026 03:01:49 GMT: INFO (info): (ticker.c:426) {ycsb} objects: all 50965678 master 50965720 prole 0 non-replica 0
Sep 16 2026 03:01:49 GMT: INFO (info): (ticker.c:481) {ycsb} migrations: complete
Sep 16 2026 03:01:49 GMT: INFO (info): (ticker.c:506) {ycsb} index-usage: used-bytes 3261803392
Sep 16 2026 03:01:49 GMT: INFO (info): (ticker.c:559) {ycsb} data-usage: used-bytes 74206162576 avail-pct 93 cache-read-pct 0.00
Sep 16 2026 03:01:49 GMT: INFO (info): (ticker.c:618) {ycsb} client: tsvc (0,0) proxy (0,0,0) read (0,0,0,0,0) write (50965771,0,0,0) delete (0,0,0,0,0) udf (0,0,0,0) lang (0,0,0,0)
Sep 16 2026 03:01:49 GMT: INFO (info): (hist.c:319) histogram dump: {ycsb}-write (50965788 total) msec
Sep 16 2026 03:01:49 GMT: INFO (info): (hist.c:339)  (00: 0050963065) (01: 0000002692) (02: 0000000031)
Sep 16 2026 03:01:49 GMT: INFO (deprecation): (thr_info.c:888) (repeated:2560) 'services' info command is deprecated - use 'peers-clear-std' instead
Sep 16 2026 03:01:59 GMT: INFO (drv_ssd): (drv_ssd.c:2133) {ycsb} /dev/md127p3: used-bytes 82767579440 free-wblocks 121201 write-q 0 write (9867,102.2) defrag-q 0 defrag-read (0,0.0) defrag-write (0,0.0)
Sep 16 2026 03:01:59 GMT: INFO (info): (ticker.c:169) NODE-ID bb9f1b2523a0d00 CLUSTER-SIZE 1 CLUSTER-NAME ycsb-default-20260916
Sep 16 2026 03:01:59 GMT: INFO (info): (ticker.c:241)    cluster-clock: skew-ms 0
Sep 16 2026 03:01:59 GMT: INFO (info): (ticker.c:265)    system: total-cpu-pct 1476 user-cpu-pct 418 kernel-cpu-pct 1058 free-mem-kbytes 124933392 free-mem-pct 94 thp-mem-kbytes 4403200 host-free-mem-kbytes 124933392 host-free-mem-pct 94
Sep 16 2026 03:01:59 GMT: INFO (info): (ticker.c:287)    process: cpu-pct 1452 threads (9,61,113,113) heap-kbytes (4661793,4681612,4881920) heap-efficiency-pct 99.6
Sep 16 2026 03:01:59 GMT: INFO (info): (ticker.c:297)    in-progress: info-q 0 rw-hash 5 proxy-hash 0 tree-gc-q 0 long-queries 0
Sep 16 2026 03:01:59 GMT: INFO (info): (ticker.c:340)    fds: proto (512,773,261) heartbeat (0,0,0) fabric (0,0,0) admin (0,0,0)
Sep 16 2026 03:01:59 GMT: INFO (info): (ticker.c:352)    heartbeat-received: self 0 foreign 0
Sep 16 2026 03:01:59 GMT: INFO (info): (ticker.c:378)    fabric-bytes-per-second: bulk (0,0) ctrl (0,0) meta (0,0) rw (0,0)
Sep 16 2026 03:01:59 GMT: INFO (info): (ticker.c:426) {ycsb} objects: all 56859121 master 56859158 prole 0 non-replica 0
Sep 16 2026 03:01:59 GMT: INFO (info): (ticker.c:481) {ycsb} migrations: complete
Sep 16 2026 03:01:59 GMT: INFO (info): (ticker.c:506) {ycsb} index-usage: used-bytes 3638983744
Sep 16 2026 03:01:59 GMT: INFO (info): (ticker.c:559) {ycsb} data-usage: used-bytes 82786995200 avail-pct 92 cache-read-pct 0.00
Sep 16 2026 03:01:59 GMT: INFO (info): (ticker.c:618) {ycsb} client: tsvc (0,0) proxy (0,0,0) read (0,0,0,0,0) write (56859198,0,0,0) delete (0,0,0,0,0) udf (0,0,0,0) lang (0,0,0,0)
Sep 16 2026 03:01:59 GMT: INFO (info): (hist.c:319) histogram dump: {ycsb}-write (56859203 total) msec
Sep 16 2026 03:01:59 GMT: INFO (info): (hist.c:339)  (00: 0056856150) (01: 0000003022) (02: 0000000031)
Sep 16 2026 03:01:59 GMT: INFO (deprecation): (thr_info.c:888) (repeated:2560) 'services' info command is deprecated - use 'peers-clear-std' instead
Sep 16 2026 03:02:09 GMT: INFO (info): (ticker.c:169) NODE-ID bb9f1b2523a0d00 CLUSTER-SIZE 1 CLUSTER-NAME ycsb-default-20260916
Sep 16 2026 03:02:09 GMT: INFO (info): (ticker.c:241)    cluster-clock: skew-ms 0
Sep 16 2026 03:02:09 GMT: INFO (info): (ticker.c:265)    system: total-cpu-pct 1467 user-cpu-pct 417 kernel-cpu-pct 1050 free-mem-kbytes 124550476 free-mem-pct 94 thp-mem-kbytes 4775936 host-free-mem-kbytes 124550476 host-free-mem-pct 94
Sep 16 2026 03:02:09 GMT: INFO (info): (ticker.c:287)    process: cpu-pct 1440 threads (9,61,113,113) heap-kbytes (4661803,4681612,4881920) heap-efficiency-pct 99.6
Sep 16 2026 03:02:09 GMT: INFO (info): (ticker.c:297)    in-progress: info-q 0 rw-hash 7 proxy-hash 0 tree-gc-q 0 long-queries 0
Sep 16 2026 03:02:09 GMT: INFO (info): (ticker.c:340)    fds: proto (512,773,261) heartbeat (0,0,0) fabric (0,0,0) admin (0,0,0)
Sep 16 2026 03:02:09 GMT: INFO (info): (ticker.c:352)    heartbeat-received: self 0 foreign 0
Sep 16 2026 03:02:09 GMT: INFO (info): (ticker.c:378)    fabric-bytes-per-second: bulk (0,0) ctrl (0,0) meta (0,0) rw (0,0)
Sep 16 2026 03:02:09 GMT: INFO (info): (ticker.c:426) {ycsb} objects: all 62704949 master 62704990 prole 0 non-replica 0
Sep 16 2026 03:02:09 GMT: INFO (info): (ticker.c:481) {ycsb} migrations: complete
Sep 16 2026 03:02:09 GMT: INFO (info): (ticker.c:506) {ycsb} index-usage: used-bytes 4013116736
Sep 16 2026 03:02:09 GMT: INFO (info): (ticker.c:559) {ycsb} data-usage: used-bytes 91298532416 avail-pct 91 cache-read-pct 0.00
Sep 16 2026 03:02:09 GMT: INFO (info): (ticker.c:618) {ycsb} client: tsvc (0,0) proxy (0,0,0) read (0,0,0,0,0) write (62705042,0,0,0) delete (0,0,0,0,0) udf (0,0,0,0) lang (0,0,0,0)
Sep 16 2026 03:02:09 GMT: INFO (info): (hist.c:319) histogram dump: {ycsb}-write (62705045 total) msec
Sep 16 2026 03:02:09 GMT: INFO (info): (hist.c:339)  (00: 0062701560) (01: 0000003450) (02: 0000000035)
Sep 16 2026 03:02:09 GMT: INFO (deprecation): (thr_info.c:888) (repeated:2560) 'services' info command is deprecated - use 'peers-clear-std' instead
Sep 16 2026 03:02:19 GMT: INFO (drv_ssd): (drv_ssd.c:2133) {ycsb} /dev/md127p3: used-bytes 99826640368 free-wblocks 119167 write-q 0 write (11901,101.7) defrag-q 0 defrag-read (0,0.0) defrag-write (0,0.0)
Sep 16 2026 03:02:19 GMT: INFO (info): (ticker.c:169) NODE-ID bb9f1b2523a0d00 CLUSTER-SIZE 1 CLUSTER-NAME ycsb-default-20260916
Sep 16 2026 03:02:19 GMT: INFO (info): (ticker.c:241)    cluster-clock: skew-ms 0
Sep 16 2026 03:02:19 GMT: INFO (info): (ticker.c:265)    system: total-cpu-pct 1475 user-cpu-pct 419 kernel-cpu-pct 1056 free-mem-kbytes 124208604 free-mem-pct 94 thp-mem-kbytes 5140480 host-free-mem-kbytes 124208604 host-free-mem-pct 94
Sep 16 2026 03:02:19 GMT: INFO (info): (ticker.c:287)    process: cpu-pct 1451 threads (9,61,113,113) heap-kbytes (5710378,5730192,5930496) heap-efficiency-pct 99.7
Sep 16 2026 03:02:19 GMT: INFO (info): (ticker.c:297)    in-progress: info-q 0 rw-hash 6 proxy-hash 0 tree-gc-q 0 long-queries 0
Sep 16 2026 03:02:19 GMT: INFO (info): (ticker.c:340)    fds: proto (512,773,261) heartbeat (0,0,0) fabric (0,0,0) admin (0,0,0)
Sep 16 2026 03:02:19 GMT: INFO (info): (ticker.c:352)    heartbeat-received: self 0 foreign 0
Sep 16 2026 03:02:19 GMT: INFO (info): (ticker.c:378)    fabric-bytes-per-second: bulk (0,0) ctrl (0,0) meta (0,0) rw (0,0)
Sep 16 2026 03:02:19 GMT: INFO (info): (ticker.c:426) {ycsb} objects: all 68578273 master 68578308 prole 0 non-replica 0
Sep 16 2026 03:02:19 GMT: INFO (info): (ticker.c:481) {ycsb} migrations: complete
Sep 16 2026 03:02:19 GMT: INFO (info): (ticker.c:506) {ycsb} index-usage: used-bytes 4389009472
Sep 16 2026 03:02:19 GMT: INFO (info): (ticker.c:559) {ycsb} data-usage: used-bytes 99850073232 avail-pct 90 cache-read-pct 0.00
Sep 16 2026 03:02:19 GMT: INFO (info): (ticker.c:618) {ycsb} client: tsvc (0,0) proxy (0,0,0) read (0,0,0,0,0) write (68578344,0,0,0) delete (0,0,0,0,0) udf (0,0,0,0) lang (0,0,0,0)
Sep 16 2026 03:02:19 GMT: INFO (info): (hist.c:319) histogram dump: {ycsb}-write (68578348 total) msec
Sep 16 2026 03:02:19 GMT: INFO (info): (hist.c:339)  (00: 0068574537) (01: 0000003775) (02: 0000000036)
Sep 16 2026 03:02:19 GMT: INFO (deprecation): (thr_info.c:888) (repeated:2560) 'services' info command is deprecated - use 'peers-clear-std' instead
Sep 16 2026 03:02:29 GMT: INFO (info): (ticker.c:169) NODE-ID bb9f1b2523a0d00 CLUSTER-SIZE 1 CLUSTER-NAME ycsb-default-20260916
Sep 16 2026 03:02:29 GMT: INFO (info): (ticker.c:241)    cluster-clock: skew-ms 0
Sep 16 2026 03:02:29 GMT: INFO (info): (ticker.c:265)    system: total-cpu-pct 1480 user-cpu-pct 423 kernel-cpu-pct 1057 free-mem-kbytes 123843376 free-mem-pct 93 thp-mem-kbytes 5505024 host-free-mem-kbytes 123843376 host-free-mem-pct 93
Sep 16 2026 03:02:29 GMT: INFO (info): (ticker.c:287)    process: cpu-pct 1456 threads (9,61,113,113) heap-kbytes (5710377,5730180,5930496) heap-efficiency-pct 99.7
Sep 16 2026 03:02:29 GMT: INFO (info): (ticker.c:297)    in-progress: info-q 0 rw-hash 8 proxy-hash 0 tree-gc-q 0 long-queries 0
Sep 16 2026 03:02:29 GMT: INFO (info): (ticker.c:340)    fds: proto (512,773,261) heartbeat (0,0,0) fabric (0,0,0) admin (0,0,0)
Sep 16 2026 03:02:29 GMT: INFO (info): (ticker.c:352)    heartbeat-received: self 0 foreign 0
Sep 16 2026 03:02:29 GMT: INFO (info): (ticker.c:378)    fabric-bytes-per-second: bulk (0,0) ctrl (0,0) meta (0,0) rw (0,0)
Sep 16 2026 03:02:29 GMT: INFO (info): (ticker.c:426) {ycsb} objects: all 74453232 master 74453272 prole 0 non-replica 0
Sep 16 2026 03:02:29 GMT: INFO (info): (ticker.c:481) {ycsb} migrations: complete
Sep 16 2026 03:02:29 GMT: INFO (info): (ticker.c:506) {ycsb} index-usage: used-bytes 4765006848
Sep 16 2026 03:02:29 GMT: INFO (info): (ticker.c:559) {ycsb} data-usage: used-bytes 108404089248 avail-pct 90 cache-read-pct 0.00
Sep 16 2026 03:02:29 GMT: INFO (info): (ticker.c:618) {ycsb} client: tsvc (0,0) proxy (0,0,0) read (0,0,0,0,0) write (74453353,0,0,0) delete (0,0,0,0,0) udf (0,0,0,0) lang (0,0,0,0)
Sep 16 2026 03:02:29 GMT: INFO (info): (hist.c:319) histogram dump: {ycsb}-write (74453360 total) msec
Sep 16 2026 03:02:29 GMT: INFO (info): (hist.c:339)  (00: 0074449273) (01: 0000004051) (02: 0000000036)
Sep 16 2026 03:02:29 GMT: INFO (deprecation): (thr_info.c:888) (repeated:2560) 'services' info command is deprecated - use 'peers-clear-std' instead
Sep 16 2026 03:02:39 GMT: INFO (drv_ssd): (drv_ssd.c:2133) {ycsb} /dev/md127p3: used-bytes 116946187904 free-wblocks 117126 write-q 0 write (13942,102.1) defrag-q 0 defrag-read (0,0.0) defrag-write (0,0.0)
Sep 16 2026 03:02:39 GMT: INFO (info): (ticker.c:169) NODE-ID bb9f1b2523a0d00 CLUSTER-SIZE 1 CLUSTER-NAME ycsb-default-20260916
Sep 16 2026 03:02:39 GMT: INFO (info): (ticker.c:241)    cluster-clock: skew-ms 0
Sep 16 2026 03:02:39 GMT: INFO (info): (ticker.c:265)    system: total-cpu-pct 1482 user-cpu-pct 427 kernel-cpu-pct 1055 free-mem-kbytes 123474336 free-mem-pct 93 thp-mem-kbytes 5873664 host-free-mem-kbytes 123474336 host-free-mem-pct 93
Sep 16 2026 03:02:39 GMT: INFO (info): (ticker.c:287)    process: cpu-pct 1459 threads (9,61,113,113) heap-kbytes (5710371,5730192,5930496) heap-efficiency-pct 99.7
Sep 16 2026 03:02:39 GMT: INFO (info): (ticker.c:297)    in-progress: info-q 0 rw-hash 6 proxy-hash 0 tree-gc-q 0 long-queries 0
Sep 16 2026 03:02:39 GMT: INFO (info): (ticker.c:340)    fds: proto (512,773,261) heartbeat (0,0,0) fabric (0,0,0) admin (0,0,0)
Sep 16 2026 03:02:39 GMT: INFO (info): (ticker.c:352)    heartbeat-received: self 0 foreign 0
Sep 16 2026 03:02:39 GMT: INFO (info): (ticker.c:378)    fabric-bytes-per-second: bulk (0,0) ctrl (0,0) meta (0,0) rw (0,0)
Sep 16 2026 03:02:39 GMT: INFO (info): (ticker.c:426) {ycsb} objects: all 80337387 master 80337427 prole 0 non-replica 0
Sep 16 2026 03:02:39 GMT: INFO (info): (ticker.c:481) {ycsb} migrations: complete
Sep 16 2026 03:02:39 GMT: INFO (info): (ticker.c:506) {ycsb} index-usage: used-bytes 5141592768
Sep 16 2026 03:02:39 GMT: INFO (info): (ticker.c:559) {ycsb} data-usage: used-bytes 116971376704 avail-pct 89 cache-read-pct 0.00
Sep 16 2026 03:02:39 GMT: INFO (info): (ticker.c:618) {ycsb} client: tsvc (0,0) proxy (0,0,0) read (0,0,0,0,0) write (80337482,0,0,0) delete (0,0,0,0,0) udf (0,0,0,0) lang (0,0,0,0)
Sep 16 2026 03:02:39 GMT: INFO (info): (hist.c:319) histogram dump: {ycsb}-write (80337485 total) msec
Sep 16 2026 03:02:39 GMT: INFO (info): (hist.c:339)  (00: 0080333086) (01: 0000004360) (02: 0000000039)
Sep 16 2026 03:02:39 GMT: INFO (deprecation): (thr_info.c:888) (repeated:2560) 'services' info command is deprecated - use 'peers-clear-std' instead
Sep 16 2026 03:02:49 GMT: INFO (info): (ticker.c:169) NODE-ID bb9f1b2523a0d00 CLUSTER-SIZE 1 CLUSTER-NAME ycsb-default-20260916
Sep 16 2026 03:02:49 GMT: INFO (info): (ticker.c:241)    cluster-clock: skew-ms 0
Sep 16 2026 03:02:49 GMT: INFO (info): (ticker.c:265)    system: total-cpu-pct 1482 user-cpu-pct 429 kernel-cpu-pct 1053 free-mem-kbytes 123110120 free-mem-pct 93 thp-mem-kbytes 6242304 host-free-mem-kbytes 123110120 host-free-mem-pct 93
Sep 16 2026 03:02:49 GMT: INFO (info): (ticker.c:287)    process: cpu-pct 1460 threads (9,61,113,113) heap-kbytes (6758950,6778768,6979072) heap-efficiency-pct 99.7
Sep 16 2026 03:02:49 GMT: INFO (info): (ticker.c:297)    in-progress: info-q 0 rw-hash 13 proxy-hash 0 tree-gc-q 0 long-queries 0
Sep 16 2026 03:02:49 GMT: INFO (info): (ticker.c:340)    fds: proto (512,773,261) heartbeat (0,0,0) fabric (0,0,0) admin (0,0,0)
Sep 16 2026 03:02:49 GMT: INFO (info): (ticker.c:352)    heartbeat-received: self 0 foreign 0
Sep 16 2026 03:02:49 GMT: INFO (info): (ticker.c:378)    fabric-bytes-per-second: bulk (0,0) ctrl (0,0) meta (0,0) rw (0,0)
Sep 16 2026 03:02:49 GMT: INFO (info): (ticker.c:426) {ycsb} objects: all 86213019 master 86213073 prole 0 non-replica 0
Sep 16 2026 03:02:49 GMT: INFO (info): (ticker.c:481) {ycsb} migrations: complete
Sep 16 2026 03:02:49 GMT: INFO (info): (ticker.c:506) {ycsb} index-usage: used-bytes 5517633216
Sep 16 2026 03:02:49 GMT: INFO (info): (ticker.c:559) {ycsb} data-usage: used-bytes 125526299808 avail-pct 88 cache-read-pct 0.00
Sep 16 2026 03:02:49 GMT: INFO (info): (ticker.c:618) {ycsb} client: tsvc (0,0) proxy (0,0,0) read (0,0,0,0,0) write (86213114,0,0,0) delete (0,0,0,0,0) udf (0,0,0,0) lang (0,0,0,0)
Sep 16 2026 03:02:49 GMT: INFO (info): (hist.c:319) histogram dump: {ycsb}-write (86213117 total) msec
Sep 16 2026 03:02:49 GMT: INFO (info): (hist.c:339)  (00: 0086208301) (01: 0000004776) (02: 0000000040)
Sep 16 2026 03:02:49 GMT: INFO (deprecation): (thr_info.c:888) (repeated:2560) 'services' info command is deprecated - use 'peers-clear-std' instead
Sep 16 2026 03:02:59 GMT: INFO (drv_ssd): (drv_ssd.c:2133) {ycsb} /dev/md127p3: used-bytes 134035856864 free-wblocks 115089 write-q 0 write (15979,101.8) defrag-q 0 defrag-read (0,0.0) defrag-write (0,0.0)
Sep 16 2026 03:02:59 GMT: INFO (info): (ticker.c:169) NODE-ID bb9f1b2523a0d00 CLUSTER-SIZE 1 CLUSTER-NAME ycsb-default-20260916
Sep 16 2026 03:02:59 GMT: INFO (info): (ticker.c:241)    cluster-clock: skew-ms 0
Sep 16 2026 03:02:59 GMT: INFO (info): (ticker.c:265)    system: total-cpu-pct 1478 user-cpu-pct 424 kernel-cpu-pct 1054 free-mem-kbytes 122744812 free-mem-pct 93 thp-mem-kbytes 6606848 host-free-mem-kbytes 122744812 host-free-mem-pct 93
Sep 16 2026 03:02:59 GMT: INFO (info): (ticker.c:287)    process: cpu-pct 1455 threads (9,61,113,113) heap-kbytes (6758940,6778768,6979072) heap-efficiency-pct 99.7
Sep 16 2026 03:02:59 GMT: INFO (info): (ticker.c:297)    in-progress: info-q 0 rw-hash 13 proxy-hash 0 tree-gc-q 0 long-queries 0
Sep 16 2026 03:02:59 GMT: INFO (info): (ticker.c:340)    fds: proto (498,773,275) heartbeat (0,0,0) fabric (0,0,0) admin (0,0,0)
Sep 16 2026 03:02:59 GMT: INFO (info): (ticker.c:352)    heartbeat-received: self 0 foreign 0
Sep 16 2026 03:02:59 GMT: INFO (info): (ticker.c:378)    fabric-bytes-per-second: bulk (0,0) ctrl (0,0) meta (0,0) rw (0,0)
Sep 16 2026 03:02:59 GMT: INFO (info): (ticker.c:426) {ycsb} objects: all 92077062 master 92077096 prole 0 non-replica 0
Sep 16 2026 03:02:59 GMT: INFO (info): (ticker.c:481) {ycsb} migrations: complete
Sep 16 2026 03:02:59 GMT: INFO (info): (ticker.c:506) {ycsb} index-usage: used-bytes 5892931968
Sep 16 2026 03:02:59 GMT: INFO (info): (ticker.c:559) {ycsb} data-usage: used-bytes 134064299824 avail-pct 87 cache-read-pct 0.00
Sep 16 2026 03:02:59 GMT: INFO (info): (ticker.c:618) {ycsb} client: tsvc (0,0) proxy (0,0,0) read (0,0,0,0,0) write (92077128,0,0,0) delete (0,0,0,0,0) udf (0,0,0,0) lang (0,0,0,0)
Sep 16 2026 03:02:59 GMT: INFO (info): (hist.c:319) histogram dump: {ycsb}-write (92077131 total) msec
Sep 16 2026 03:02:59 GMT: INFO (info): (hist.c:339)  (00: 0092072009) (01: 0000005078) (02: 0000000044)
Sep 16 2026 03:02:59 GMT: INFO (deprecation): (thr_info.c:888) (repeated:2545) 'services' info command is deprecated - use 'peers-clear-std' instead
Sep 16 2026 03:03:09 GMT: INFO (info): (ticker.c:169) NODE-ID bb9f1b2523a0d00 CLUSTER-SIZE 1 CLUSTER-NAME ycsb-default-20260916
Sep 16 2026 03:03:09 GMT: INFO (info): (ticker.c:241)    cluster-clock: skew-ms 0
Sep 16 2026 03:03:09 GMT: INFO (info): (ticker.c:265)    system: total-cpu-pct 1434 user-cpu-pct 411 kernel-cpu-pct 1023 free-mem-kbytes 122395688 free-mem-pct 92 thp-mem-kbytes 6955008 host-free-mem-kbytes 122395688 host-free-mem-pct 92
Sep 16 2026 03:03:09 GMT: INFO (info): (ticker.c:287)    process: cpu-pct 1404 threads (9,61,113,113) heap-kbytes (6758927,6778768,6979072) heap-efficiency-pct 99.7
Sep 16 2026 03:03:09 GMT: INFO (info): (ticker.c:297)    in-progress: info-q 0 rw-hash 24 proxy-hash 0 tree-gc-q 0 long-queries 0
Sep 16 2026 03:03:09 GMT: INFO (info): (ticker.c:340)    fds: proto (342,773,431) heartbeat (0,0,0) fabric (0,0,0) admin (0,0,0)
Sep 16 2026 03:03:09 GMT: INFO (info): (ticker.c:352)    heartbeat-received: self 0 foreign 0
Sep 16 2026 03:03:09 GMT: INFO (info): (ticker.c:378)    fabric-bytes-per-second: bulk (0,0) ctrl (0,0) meta (0,0) rw (0,0)
Sep 16 2026 03:03:09 GMT: INFO (info): (ticker.c:426) {ycsb} objects: all 97660513 master 97660591 prole 0 non-replica 0
Sep 16 2026 03:03:09 GMT: INFO (info): (ticker.c:481) {ycsb} migrations: complete
Sep 16 2026 03:03:09 GMT: INFO (info): (ticker.c:506) {ycsb} index-usage: used-bytes 6250272832
Sep 16 2026 03:03:09 GMT: INFO (info): (ticker.c:559) {ycsb} data-usage: used-bytes 142193931152 avail-pct 87 cache-read-pct 0.00
Sep 16 2026 03:03:09 GMT: INFO (info): (ticker.c:618) {ycsb} client: tsvc (0,0) proxy (0,0,0) read (0,0,0,0,0) write (97660665,0,0,0) delete (0,0,0,0,0) udf (0,0,0,0) lang (0,0,0,0)
Sep 16 2026 03:03:09 GMT: INFO (info): (hist.c:319) histogram dump: {ycsb}-write (97660671 total) msec
Sep 16 2026 03:03:09 GMT: INFO (info): (hist.c:339)  (00: 0097655412) (01: 0000005215) (02: 0000000044)
Sep 16 2026 03:03:09 GMT: INFO (deprecation): (thr_info.c:888) (repeated:2229) 'services' info command is deprecated - use 'peers-clear-std' instead
Sep 16 2026 03:03:19 GMT: INFO (drv_ssd): (drv_ssd.c:2133) {ycsb} /dev/md127p3: used-bytes 145587757952 free-wblocks 113712 write-q 0 write (17356,68.8) defrag-q 0 defrag-read (0,0.0) defrag-write (0,0.0)
Sep 16 2026 03:03:19 GMT: INFO (info): (ticker.c:169) NODE-ID bb9f1b2523a0d00 CLUSTER-SIZE 1 CLUSTER-NAME ycsb-default-20260916
Sep 16 2026 03:03:19 GMT: INFO (info): (ticker.c:241)    cluster-clock: skew-ms 0
Sep 16 2026 03:03:19 GMT: INFO (info): (ticker.c:265)    system: total-cpu-pct 553 user-cpu-pct 160 kernel-cpu-pct 393 free-mem-kbytes 122242736 free-mem-pct 92 thp-mem-kbytes 7102464 host-free-mem-kbytes 122242736 host-free-mem-pct 92
Sep 16 2026 03:03:19 GMT: INFO (info): (ticker.c:287)    process: cpu-pct 629 threads (9,61,113,113) heap-kbytes (6758803,6778680,6979072) heap-efficiency-pct 99.7
Sep 16 2026 03:03:19 GMT: INFO (info): (ticker.c:297)    in-progress: info-q 0 rw-hash 0 proxy-hash 0 tree-gc-q 0 long-queries 0
Sep 16 2026 03:03:19 GMT: INFO (info): (ticker.c:340)    fds: proto (4,773,769) heartbeat (0,0,0) fabric (0,0,0) admin (0,0,0)
Sep 16 2026 03:03:19 GMT: INFO (info): (ticker.c:352)    heartbeat-received: self 0 foreign 0
Sep 16 2026 03:03:19 GMT: INFO (info): (ticker.c:378)    fabric-bytes-per-second: bulk (0,0) ctrl (0,0) meta (0,0) rw (0,0)
Sep 16 2026 03:03:19 GMT: INFO (info): (ticker.c:426) {ycsb} objects: all 99991927 master 99991927 prole 0 non-replica 0
Sep 16 2026 03:03:19 GMT: INFO (info): (ticker.c:481) {ycsb} migrations: complete
Sep 16 2026 03:03:19 GMT: INFO (info): (ticker.c:506) {ycsb} index-usage: used-bytes 6399483328
Sep 16 2026 03:03:19 GMT: INFO (info): (ticker.c:559) {ycsb} data-usage: used-bytes 145588245712 avail-pct 86 cache-read-pct 0.00
Sep 16 2026 03:03:19 GMT: INFO (info): (ticker.c:618) {ycsb} client: tsvc (0,0) proxy (0,0,0) read (0,0,0,0,0) write (99991927,0,0,0) delete (0,0,0,0,0) udf (0,0,0,0) lang (0,0,0,0)
Sep 16 2026 03:03:19 GMT: INFO (info): (hist.c:319) histogram dump: {ycsb}-write (99991927 total) msec
Sep 16 2026 03:03:19 GMT: INFO (info): (hist.c:339)  (00: 0099986665) (01: 0000005218) (02: 0000000044)
Sep 16 2026 03:03:19 GMT: INFO (deprecation): (thr_info.c:888) (repeated:639) 'services' info command is deprecated - use 'peers-clear-std' instead
Sep 16 2026 03:03:22 GMT: INFO (as): (signal.c:221) SIGTERM received from uid 0 pid 1, shutting down Aerospike Community Edition build 8.1.2.4-4 os ubuntu24.04 arch x86_64 sha 634ac90
Sep 16 2026 03:03:22 GMT: INFO (as): (as.c:489) initiating clean shutdown ...
Sep 16 2026 03:03:22 GMT: INFO (hb): (hb.c:5776) closing mesh heartbeat sockets
Sep 16 2026 03:03:22 GMT: INFO (smd): (smd.c:645) SMD module shut down
Sep 16 2026 03:03:22 GMT: INFO (storage): (storage.c:250) {ycsb} partitions shut down
Sep 16 2026 03:03:22 GMT: INFO (storage): (storage.c:257) {ycsb} storage flushed
Sep 16 2026 03:03:22 GMT: INFO (as): (as.c:507) finished clean shutdown - exiting
Sep 16 2026 03:03:23 GMT: WARNING (hardware): (hardware.c:552) bad or missing /proc/self/cpuset file
Sep 16 2026 03:03:23 GMT: WARNING (hardware): (hardware.c:552) bad or missing /proc/self/cpuset file
Sep 16 2026 03:03:23 GMT: INFO (as): (as.c:336) <><><><><><><><><><>  Aerospike Community Edition build 8.1.2.4-4  <><><><><><><><><><>
Sep 16 2026 03:03:23 GMT: INFO (as): (as.c:338) starting Aerospike Community Edition build 8.1.2.4-4 os ubuntu24.04 arch x86_64 sha 634ac90
Sep 16 2026 03:03:23 GMT: INFO (config): (cfg.c:4764) # Single-node YCSB device namespace. Performance settings use server defaults.
Sep 16 2026 03:03:23 GMT: INFO (config): (cfg.c:4764) service {
Sep 16 2026 03:03:23 GMT: INFO (config): (cfg.c:4764)     cluster-name ycsb-default-20260916
Sep 16 2026 03:03:23 GMT: INFO (config): (cfg.c:4764) }
Sep 16 2026 03:03:23 GMT: INFO (config): (cfg.c:4764) logging {
Sep 16 2026 03:03:23 GMT: INFO (config): (cfg.c:4764)     console {
Sep 16 2026 03:03:23 GMT: INFO (config): (cfg.c:4764)         context any info
Sep 16 2026 03:03:23 GMT: INFO (config): (cfg.c:4764)     }
Sep 16 2026 03:03:23 GMT: INFO (config): (cfg.c:4764) }
Sep 16 2026 03:03:23 GMT: INFO (config): (cfg.c:4764) network {
Sep 16 2026 03:03:23 GMT: INFO (config): (cfg.c:4764)     service {
Sep 16 2026 03:03:23 GMT: INFO (config): (cfg.c:4764)         address 172.16.0.4
Sep 16 2026 03:03:23 GMT: INFO (config): (cfg.c:4764)         port 3000
Sep 16 2026 03:03:23 GMT: INFO (config): (cfg.c:4764)     }
Sep 16 2026 03:03:23 GMT: INFO (config): (cfg.c:4764)     heartbeat {
Sep 16 2026 03:03:23 GMT: INFO (config): (cfg.c:4764)         address 127.0.0.1
Sep 16 2026 03:03:23 GMT: INFO (config): (cfg.c:4764)         mode mesh
Sep 16 2026 03:03:23 GMT: INFO (config): (cfg.c:4764)         port 3002
Sep 16 2026 03:03:23 GMT: INFO (config): (cfg.c:4764)     }
Sep 16 2026 03:03:23 GMT: INFO (config): (cfg.c:4764)     fabric {
Sep 16 2026 03:03:23 GMT: INFO (config): (cfg.c:4764)         address 127.0.0.1
Sep 16 2026 03:03:23 GMT: INFO (config): (cfg.c:4764)         port 3001
Sep 16 2026 03:03:23 GMT: INFO (config): (cfg.c:4764)     }
Sep 16 2026 03:03:23 GMT: INFO (config): (cfg.c:4764)     admin {
Sep 16 2026 03:03:23 GMT: INFO (config): (cfg.c:4764)         address 127.0.0.1
Sep 16 2026 03:03:23 GMT: INFO (config): (cfg.c:4764)         port 3003
Sep 16 2026 03:03:23 GMT: INFO (config): (cfg.c:4764)     }
Sep 16 2026 03:03:23 GMT: INFO (config): (cfg.c:4764) }
Sep 16 2026 03:03:23 GMT: INFO (config): (cfg.c:4764) namespace ycsb {
Sep 16 2026 03:03:23 GMT: INFO (config): (cfg.c:4764)     replication-factor 1
Sep 16 2026 03:03:23 GMT: INFO (config): (cfg.c:4764)     storage-engine device {
Sep 16 2026 03:03:23 GMT: INFO (config): (cfg.c:4764)         device /dev/md127p3
Sep 16 2026 03:03:23 GMT: INFO (config): (cfg.c:4764)     }
Sep 16 2026 03:03:23 GMT: INFO (config): (cfg.c:4764) }
Sep 16 2026 03:03:23 GMT: WARNING (config): (cfg.c:4788) mod-lua: allow-unsafe-lua is true - Lua UDFs have access to os/io/debug and can load native .so modules; set allow-unsafe-lua false in the mod-lua stanza to harden the UDF sandbox
Sep 16 2026 03:03:23 GMT: INFO (config): (cfg.c:4805) system file descriptor limit: 100000, proto-fd-max: 15000
Sep 16 2026 03:03:23 GMT: INFO (hardware): (hardware.c:2054) detected 16 CPU(s), 8 core(s), 1 NUMA node(s)
Sep 16 2026 03:03:23 GMT: INFO (socket): (socket.c:2729) Node port 3001, node ID bb9f1b2523a0d00
Sep 16 2026 03:03:23 GMT: INFO (config): (cfg.c:4846) node-id bb9f1b2523a0d00
Sep 16 2026 03:03:23 GMT: WARNING (os): (os.c:951) failed min-free-kbytes check - min-free-kbytes should be at least 1150976
Sep 16 2026 03:03:23 GMT: WARNING (os): (os.c:1006) failed thp-enabled check - THP enabled not set to either 'never' or 'madvise'
Sep 16 2026 03:03:23 GMT: WARNING (os): (os.c:948) failed swappiness check - swappiness not set to 0
Sep 16 2026 03:03:23 GMT: WARNING (config): (cfg.c:5240) failed best-practices checks - see 'https://docs.aerospike.com/docs/operations/install/linux/bestpractices/index.html'
Sep 16 2026 03:03:23 GMT: INFO (smd): (smd.c:2342) no file '/opt/aerospike/smd/evict.smd' - starting empty
Sep 16 2026 03:03:23 GMT: INFO (namespace): (namespace_ce.c:85) {ycsb} beginning cold start
Sep 16 2026 03:03:23 GMT: INFO (smd): (smd.c:2342) no file '/opt/aerospike/smd/sindex.smd' - starting empty
Sep 16 2026 03:03:23 GMT: INFO (drv_ssd): (drv_ssd.c:3609) opened device /dev/md127p3: usable size 1099494850560, io-min-size 512
Sep 16 2026 03:03:23 GMT: INFO (drv_ssd): (drv_ssd.c:1058) /dev/md127p3 has 131070 wblocks of size 8388608
Sep 16 2026 03:03:23 GMT: INFO (drv_ssd): (drv_ssd.c:2900) device /dev/md127p3: reading device to load index
Sep 16 2026 03:03:28 GMT: INFO (drv_ssd): (drv_ssd.c:4001) {ycsb} loaded: objects 6593950 device-pcts (0)
Sep 16 2026 03:03:33 GMT: INFO (drv_ssd): (drv_ssd.c:4001) {ycsb} loaded: objects 11550805 device-pcts (1)
Sep 16 2026 03:03:38 GMT: INFO (drv_ssd): (drv_ssd.c:4001) {ycsb} loaded: objects 16077176 device-pcts (2)
Sep 16 2026 03:03:43 GMT: INFO (drv_ssd): (drv_ssd.c:4001) {ycsb} loaded: objects 20296133 device-pcts (2)
Sep 16 2026 03:03:48 GMT: INFO (drv_ssd): (drv_ssd.c:4001) {ycsb} loaded: objects 24339112 device-pcts (3)
Sep 16 2026 03:03:53 GMT: INFO (drv_ssd): (drv_ssd.c:4001) {ycsb} loaded: objects 28258684 device-pcts (3)
Sep 16 2026 03:03:58 GMT: INFO (drv_ssd): (drv_ssd.c:4001) {ycsb} loaded: objects 32077248 device-pcts (4)
Sep 16 2026 03:04:03 GMT: INFO (drv_ssd): (drv_ssd.c:4001) {ycsb} loaded: objects 35806189 device-pcts (4)
Sep 16 2026 03:04:08 GMT: INFO (drv_ssd): (drv_ssd.c:4001) {ycsb} loaded: objects 39466713 device-pcts (5)
Sep 16 2026 03:04:13 GMT: INFO (drv_ssd): (drv_ssd.c:4001) {ycsb} loaded: objects 43068705 device-pcts (5)
Sep 16 2026 03:04:18 GMT: INFO (drv_ssd): (drv_ssd.c:4001) {ycsb} loaded: objects 46626485 device-pcts (6)
Sep 16 2026 03:04:23 GMT: INFO (drv_ssd): (drv_ssd.c:4001) {ycsb} loaded: objects 50144256 device-pcts (6)
Sep 16 2026 03:04:28 GMT: INFO (drv_ssd): (drv_ssd.c:4001) {ycsb} loaded: objects 53624321 device-pcts (7)
Sep 16 2026 03:04:33 GMT: INFO (drv_ssd): (drv_ssd.c:4001) {ycsb} loaded: objects 57068418 device-pcts (7)
Sep 16 2026 03:04:38 GMT: INFO (drv_ssd): (drv_ssd.c:4001) {ycsb} loaded: objects 60481404 device-pcts (8)
Sep 16 2026 03:04:43 GMT: INFO (drv_ssd): (drv_ssd.c:4001) {ycsb} loaded: objects 63863139 device-pcts (8)
Sep 16 2026 03:04:48 GMT: INFO (drv_ssd): (drv_ssd.c:4001) {ycsb} loaded: objects 67210749 device-pcts (8)
Sep 16 2026 03:04:53 GMT: INFO (drv_ssd): (drv_ssd.c:4001) {ycsb} loaded: objects 70540620 device-pcts (9)
Sep 16 2026 03:04:58 GMT: INFO (drv_ssd): (drv_ssd.c:4001) {ycsb} loaded: objects 73847111 device-pcts (9)
Sep 16 2026 03:05:03 GMT: INFO (drv_ssd): (drv_ssd.c:4001) {ycsb} loaded: objects 77129358 device-pcts (10)
Sep 16 2026 03:05:08 GMT: INFO (drv_ssd): (drv_ssd.c:4001) {ycsb} loaded: objects 80392617 device-pcts (10)
Sep 16 2026 03:05:13 GMT: INFO (drv_ssd): (drv_ssd.c:4001) {ycsb} loaded: objects 83636599 device-pcts (11)
Sep 16 2026 03:05:18 GMT: INFO (drv_ssd): (drv_ssd.c:4001) {ycsb} loaded: objects 86864238 device-pcts (11)
Sep 16 2026 03:05:23 GMT: INFO (drv_ssd): (drv_ssd.c:4001) {ycsb} loaded: objects 90071501 device-pcts (11)
Sep 16 2026 03:05:28 GMT: INFO (drv_ssd): (drv_ssd.c:4001) {ycsb} loaded: objects 93261838 device-pcts (12)
Sep 16 2026 03:05:33 GMT: INFO (drv_ssd): (drv_ssd.c:4001) {ycsb} loaded: objects 96435592 device-pcts (12)
Sep 16 2026 03:05:38 GMT: INFO (drv_ssd): (drv_ssd.c:4001) {ycsb} loaded: objects 99594805 device-pcts (13)
Sep 16 2026 03:05:38 GMT: INFO (drv_ssd): (drv_ssd.c:3003) device /dev/md127p3: read complete: UNIQUE 100000000 (REPLACED 0) (OLDER 0) (EXPIRED 0) (EVICTED 0) (UNOWNED 0) (DROPPED 0) (UNPARSABLE 0) records
Sep 16 2026 03:05:38 GMT: INFO (drv_ssd): (drv_ssd.c:1026) {ycsb} loading free & defrag queues
Sep 16 2026 03:05:38 GMT: INFO (drv_ssd): (drv_ssd.c:958) /dev/md127p3 init defrag profile: 0,0,0,0,0,0,0,0,0,1,0,0,0,0,0,0,0,0,0,0,0,0,0,0,0,0,0,0,0,0,0,0,0,0,0,0,0,0,0,0,0,0,0,0,0,0,0,0,0,0
Sep 16 2026 03:05:38 GMT: INFO (drv_ssd): (drv_ssd.c:1045) /dev/md127p3 init wblocks: pristine-id 17360 pristine 113710 free-q 0, defrag-q 1
Sep 16 2026 03:05:38 GMT: INFO (drv_ssd): (drv_ssd.c:2421) {ycsb} starting device maintenance threads
Sep 16 2026 03:05:38 GMT: INFO (drv_ssd): (drv_ssd.c:1707) {ycsb} starting write threads
Sep 16 2026 03:05:38 GMT: INFO (drv_ssd): (drv_ssd.c:879) {ycsb} starting defrag threads
Sep 16 2026 03:05:38 GMT: INFO (as): (as.c:422) initializing services...
Sep 16 2026 03:05:38 GMT: INFO (service): (service.c:213) starting 80 service threads
Sep 16 2026 03:05:38 GMT: INFO (fabric): (fabric.c:809) updated fabric published address list to {127.0.0.1:3001}
Sep 16 2026 03:05:38 GMT: INFO (partition): (partition_balance.c:210) {ycsb} 4096 partitions: found 0 absent, 4096 stored
Sep 16 2026 03:05:38 GMT: INFO (smd): (smd.c:2342) no file '/opt/aerospike/smd/UDF.smd' - starting empty
Sep 16 2026 03:05:38 GMT: INFO (batch): (batch.c:847) starting 16 batch-index-threads
Sep 16 2026 03:05:38 GMT: INFO (health): (health.c:325) starting health monitor thread
Sep 16 2026 03:05:38 GMT: INFO (fabric): (fabric.c:423) starting 8 fabric send threads
Sep 16 2026 03:05:38 GMT: INFO (fabric): (fabric.c:438) starting 16 fabric rw channel recv threads
Sep 16 2026 03:05:38 GMT: INFO (fabric): (fabric.c:438) starting 4 fabric ctrl channel recv threads
Sep 16 2026 03:05:38 GMT: INFO (fabric): (fabric.c:438) starting 4 fabric bulk channel recv threads
Sep 16 2026 03:05:38 GMT: INFO (fabric): (fabric.c:438) starting 4 fabric meta channel recv threads
Sep 16 2026 03:05:38 GMT: INFO (fabric): (fabric.c:451) starting fabric accept thread
Sep 16 2026 03:05:38 GMT: INFO (hb): (hb.c:6920) initializing mesh heartbeat socket: 127.0.0.1:3002
Sep 16 2026 03:05:38 GMT: INFO (fabric): (socket.c:823) Started fabric endpoint 127.0.0.1:3001
Sep 16 2026 03:05:38 GMT: INFO (hb): (hb.c:6950) mtu of the network is 65536
Sep 16 2026 03:05:38 GMT: INFO (hb): (socket.c:823) Started mesh heartbeat endpoint 127.0.0.1:3002
Sep 16 2026 03:05:38 GMT: INFO (nsup): (nsup.c:201) starting namespace supervisor threads
Sep 16 2026 03:05:38 GMT: INFO (hb): (hb.c:5476) updated heartbeat published address list to {127.0.0.1:3002}
Sep 16 2026 03:05:38 GMT: INFO (service): (socket.c:823) Started admin endpoint 127.0.0.1:3003
Sep 16 2026 03:05:38 GMT: INFO (service): (service.c:1140) starting reaper thread
Sep 16 2026 03:05:38 GMT: INFO (service): (socket.c:823) Started client endpoint 172.16.0.4:3000
Sep 16 2026 03:05:38 GMT: INFO (service): (socket.c:823) Started client endpoint 127.0.0.1:3000
Sep 16 2026 03:05:38 GMT: INFO (service): (service.c:245) starting accept thread
Sep 16 2026 03:05:38 GMT: INFO (as): (as.c:464) service ready: soon there will be cake!
Sep 16 2026 03:05:39 GMT: INFO (nsup): (nsup.c:1076) {ycsb} collecting ttl & object size info ...
Sep 16 2026 03:05:40 GMT: INFO (clustering): (clustering.c:6362) principal node - proposing new cluster with succession list: bb9f1b2523a0d00
Sep 16 2026 03:05:40 GMT: INFO (clustering): (clustering.c:5799) applied new cluster key 4c19dfaaf8cc
Sep 16 2026 03:05:40 GMT: INFO (clustering): (clustering.c:5806) principal node - applied new succession list: bb9f1b2523a0d00
Sep 16 2026 03:05:40 GMT: INFO (clustering): (clustering.c:5814) applied cluster size 1
Sep 16 2026 03:05:40 GMT: INFO (exchange): (exchange.c:2339) data exchange started with cluster key 4c19dfaaf8cc
Sep 16 2026 03:05:40 GMT: INFO (exchange): (exchange.c:2733) exchange-compatibility-id: self 15 cluster-min 0 -> 15 cluster-max 0 -> 15
Sep 16 2026 03:05:40 GMT: INFO (exchange): (exchange.c:3326) received commit command from principal node bb9f1b2523a0d00
Sep 16 2026 03:05:40 GMT: INFO (exchange): (exchange.c:3289) data exchange completed with cluster key 4c19dfaaf8cc
Sep 16 2026 03:05:40 GMT: INFO (partition): (partition_balance.c:1087) {ycsb} replication factor is 1
Sep 16 2026 03:05:40 GMT: INFO (partition): (partition_balance.c:1045) {ycsb} rebalanced: expected-migrations (0,0,0) fresh-partitions 0
Sep 16 2026 03:05:43 GMT: INFO (deprecation): (thr_info.c:888) 'features' info command is deprecated - see https://aerospike.com/docs/database/release/8-1/
Sep 16 2026 03:05:43 GMT: INFO (deprecation): (thr_info.c:888) 'services' info command is deprecated - use 'peers-clear-std' instead
Sep 16 2026 03:05:43 GMT: INFO (deprecation): (thr_info.c:888) 'replicas-master' info command is deprecated - use 'replicas' instead or upgrade your client
Sep 16 2026 03:05:48 GMT: INFO (info): (ticker.c:169) NODE-ID bb9f1b2523a0d00 CLUSTER-SIZE 1 CLUSTER-NAME ycsb-default-20260916
Sep 16 2026 03:05:48 GMT: INFO (info): (ticker.c:241)    cluster-clock: skew-ms 0
Sep 16 2026 03:05:48 GMT: INFO (info): (ticker.c:265)    system: total-cpu-pct 301 user-cpu-pct 184 kernel-cpu-pct 117 free-mem-kbytes 122424896 free-mem-pct 92 thp-mem-kbytes 6840320 host-free-mem-kbytes 122424896 host-free-mem-pct 92
Sep 16 2026 03:05:48 GMT: INFO (info): (ticker.c:287)    process: cpu-pct 258 threads (9,61,113,113) heap-kbytes (6490183,6510672,6710784) heap-efficiency-pct 99.7
Sep 16 2026 03:05:48 GMT: INFO (info): (ticker.c:297)    in-progress: info-q 0 rw-hash 0 proxy-hash 0 tree-gc-q 0 long-queries 0
Sep 16 2026 03:05:48 GMT: INFO (info): (ticker.c:340)    fds: proto (496,760,264) heartbeat (0,0,0) fabric (0,0,0) admin (0,0,0)
Sep 16 2026 03:05:48 GMT: INFO (info): (ticker.c:352)    heartbeat-received: self 0 foreign 0
Sep 16 2026 03:05:48 GMT: INFO (info): (ticker.c:378)    fabric-bytes-per-second: bulk (0,0) ctrl (0,0) meta (0,0) rw (0,0)
Sep 16 2026 03:05:48 GMT: INFO (info): (ticker.c:426) {ycsb} objects: all 100000000 master 100000000 prole 0 non-replica 0
Sep 16 2026 03:05:48 GMT: INFO (info): (ticker.c:481) {ycsb} migrations: complete
Sep 16 2026 03:05:48 GMT: INFO (info): (ticker.c:506) {ycsb} index-usage: used-bytes 6400000000
Sep 16 2026 03:05:48 GMT: INFO (info): (ticker.c:559) {ycsb} data-usage: used-bytes 145600000000 avail-pct 86 cache-read-pct 0.00
Sep 16 2026 03:05:48 GMT: INFO (info): (ticker.c:618) {ycsb} client: tsvc (0,0) proxy (0,0,0) read (503292,0,0,0,0) write (0,0,0,0) delete (0,0,0,0,0) udf (0,0,0,0) lang (0,0,0,0)
Sep 16 2026 03:05:48 GMT: INFO (info): (hist.c:319) histogram dump: {ycsb}-read (503295 total) msec
Sep 16 2026 03:05:48 GMT: INFO (info): (hist.c:339)  (00: 0000503295)
Sep 16 2026 03:05:48 GMT: INFO (deprecation): (thr_info.c:888) (repeated:256) 'features' info command is deprecated - see https://aerospike.com/docs/database/release/8-1/
Sep 16 2026 03:05:48 GMT: INFO (deprecation): (thr_info.c:888) (repeated:256) 'replicas-master' info command is deprecated - use 'replicas' instead or upgrade your client
Sep 16 2026 03:05:48 GMT: INFO (deprecation): (thr_info.c:888) (repeated:1994) 'services' info command is deprecated - use 'peers-clear-std' instead
Sep 16 2026 03:05:51 GMT: INFO (nsup): (nsup.c:1152) {ycsb} ... done collecting ttl & object size info
Sep 16 2026 03:05:58 GMT: INFO (drv_ssd): (drv_ssd.c:2133) {ycsb} /dev/md127p3: used-bytes 145600000000 free-wblocks 113710 write-q 0 write (0,0.0) defrag-q 0 defrag-read (1,0.1) defrag-write (0,0.0)
Sep 16 2026 03:05:58 GMT: INFO (info): (ticker.c:169) NODE-ID bb9f1b2523a0d00 CLUSTER-SIZE 1 CLUSTER-NAME ycsb-default-20260916
Sep 16 2026 03:05:58 GMT: INFO (info): (ticker.c:241)    cluster-clock: skew-ms 0
Sep 16 2026 03:05:58 GMT: INFO (info): (ticker.c:265)    system: total-cpu-pct 255 user-cpu-pct 111 kernel-cpu-pct 144 free-mem-kbytes 122334116 free-mem-pct 92 thp-mem-kbytes 6840320 host-free-mem-kbytes 122334116 host-free-mem-pct 92
Sep 16 2026 03:05:58 GMT: INFO (info): (ticker.c:287)    process: cpu-pct 221 threads (9,61,113,113) heap-kbytes (6490274,6510896,6710784) heap-efficiency-pct 99.7
Sep 16 2026 03:05:58 GMT: INFO (info): (ticker.c:297)    in-progress: info-q 0 rw-hash 0 proxy-hash 0 tree-gc-q 0 long-queries 0
Sep 16 2026 03:05:58 GMT: INFO (info): (ticker.c:340)    fds: proto (389,1425,1036) heartbeat (0,0,0) fabric (0,0,0) admin (0,0,0)
Sep 16 2026 03:05:58 GMT: INFO (info): (ticker.c:352)    heartbeat-received: self 0 foreign 0
Sep 16 2026 03:05:58 GMT: INFO (info): (ticker.c:378)    fabric-bytes-per-second: bulk (0,0) ctrl (0,0) meta (0,0) rw (0,0)
Sep 16 2026 03:05:58 GMT: INFO (info): (ticker.c:426) {ycsb} objects: all 100000000 master 100000000 prole 0 non-replica 0
Sep 16 2026 03:05:58 GMT: INFO (info): (ticker.c:481) {ycsb} migrations: complete
Sep 16 2026 03:05:58 GMT: INFO (info): (ticker.c:506) {ycsb} index-usage: used-bytes 6400000000
Sep 16 2026 03:05:58 GMT: INFO (info): (ticker.c:559) {ycsb} data-usage: used-bytes 145600000000 avail-pct 86 cache-read-pct 0.00
Sep 16 2026 03:05:58 GMT: INFO (info): (ticker.c:618) {ycsb} client: tsvc (0,0) proxy (0,0,0) read (1107682,0,0,0,0) write (0,0,0,0) delete (0,0,0,0,0) udf (0,0,0,0) lang (0,0,0,0)
Sep 16 2026 03:05:58 GMT: INFO (info): (hist.c:319) histogram dump: {ycsb}-read (1107685 total) msec
Sep 16 2026 03:05:58 GMT: INFO (info): (hist.c:339)  (00: 0001107685)
Sep 16 2026 03:05:58 GMT: INFO (deprecation): (thr_info.c:888) (repeated:256) 'features' info command is deprecated - see https://aerospike.com/docs/database/release/8-1/
Sep 16 2026 03:05:58 GMT: INFO (deprecation): (thr_info.c:888) (repeated:256) 'replicas-master' info command is deprecated - use 'replicas' instead or upgrade your client
Sep 16 2026 03:05:58 GMT: INFO (deprecation): (thr_info.c:888) (repeated:2111) 'services' info command is deprecated - use 'peers-clear-std' instead
Sep 16 2026 03:06:08 GMT: INFO (info): (ticker.c:169) NODE-ID bb9f1b2523a0d00 CLUSTER-SIZE 1 CLUSTER-NAME ycsb-default-20260916
Sep 16 2026 03:06:08 GMT: INFO (info): (ticker.c:241)    cluster-clock: skew-ms 0
Sep 16 2026 03:06:08 GMT: INFO (info): (ticker.c:265)    system: total-cpu-pct 371 user-cpu-pct 94 kernel-cpu-pct 277 free-mem-kbytes 122474064 free-mem-pct 92 thp-mem-kbytes 6836224 host-free-mem-kbytes 122474064 host-free-mem-pct 92
Sep 16 2026 03:06:08 GMT: INFO (info): (ticker.c:287)    process: cpu-pct 322 threads (9,61,113,113) heap-kbytes (6490215,6510652,6710784) heap-efficiency-pct 99.7
Sep 16 2026 03:06:08 GMT: INFO (info): (ticker.c:297)    in-progress: info-q 0 rw-hash 0 proxy-hash 0 tree-gc-q 0 long-queries 0
Sep 16 2026 03:06:08 GMT: INFO (info): (ticker.c:340)    fds: proto (510,1546,1036) heartbeat (0,0,0) fabric (0,0,0) admin (0,0,0)
Sep 16 2026 03:06:08 GMT: INFO (info): (ticker.c:352)    heartbeat-received: self 0 foreign 0
Sep 16 2026 03:06:08 GMT: INFO (info): (ticker.c:378)    fabric-bytes-per-second: bulk (0,0) ctrl (0,0) meta (0,0) rw (0,0)
Sep 16 2026 03:06:08 GMT: INFO (info): (ticker.c:426) {ycsb} objects: all 100000000 master 100000000 prole 0 non-replica 0
Sep 16 2026 03:06:08 GMT: INFO (info): (ticker.c:481) {ycsb} migrations: complete
Sep 16 2026 03:06:08 GMT: INFO (info): (ticker.c:506) {ycsb} index-usage: used-bytes 6400000000
Sep 16 2026 03:06:08 GMT: INFO (info): (ticker.c:559) {ycsb} data-usage: used-bytes 145600000000 avail-pct 86 cache-read-pct 0.00
Sep 16 2026 03:06:08 GMT: INFO (info): (ticker.c:618) {ycsb} client: tsvc (0,0) proxy (0,0,0) read (2107826,0,0,0,0) write (0,0,0,0) delete (0,0,0,0,0) udf (0,0,0,0) lang (0,0,0,0)
Sep 16 2026 03:06:08 GMT: INFO (info): (hist.c:319) histogram dump: {ycsb}-read (2107826 total) msec
Sep 16 2026 03:06:08 GMT: INFO (info): (hist.c:339)  (00: 0002107826)
Sep 16 2026 03:06:08 GMT: INFO (deprecation): (thr_info.c:888) (repeated:2560) 'services' info command is deprecated - use 'peers-clear-std' instead
Sep 16 2026 03:06:18 GMT: INFO (drv_ssd): (drv_ssd.c:2133) {ycsb} /dev/md127p3: used-bytes 145600000000 free-wblocks 113710 write-q 0 write (0,0.0) defrag-q 0 defrag-read (1,0.0) defrag-write (0,0.0)
Sep 16 2026 03:06:18 GMT: INFO (info): (ticker.c:169) NODE-ID bb9f1b2523a0d00 CLUSTER-SIZE 1 CLUSTER-NAME ycsb-default-20260916
Sep 16 2026 03:06:18 GMT: INFO (info): (ticker.c:241)    cluster-clock: skew-ms 0
Sep 16 2026 03:06:18 GMT: INFO (info): (ticker.c:265)    system: total-cpu-pct 371 user-cpu-pct 95 kernel-cpu-pct 276 free-mem-kbytes 122476936 free-mem-pct 92 thp-mem-kbytes 6838272 host-free-mem-kbytes 122476936 host-free-mem-pct 92
Sep 16 2026 03:06:18 GMT: INFO (info): (ticker.c:287)    process: cpu-pct 321 threads (9,61,113,113) heap-kbytes (6490226,6510676,6710784) heap-efficiency-pct 99.7
Sep 16 2026 03:06:18 GMT: INFO (info): (ticker.c:297)    in-progress: info-q 0 rw-hash 0 proxy-hash 0 tree-gc-q 0 long-queries 0
Sep 16 2026 03:06:18 GMT: INFO (info): (ticker.c:340)    fds: proto (512,1548,1036) heartbeat (0,0,0) fabric (0,0,0) admin (0,0,0)
Sep 16 2026 03:06:18 GMT: INFO (info): (ticker.c:352)    heartbeat-received: self 0 foreign 0
Sep 16 2026 03:06:18 GMT: INFO (info): (ticker.c:378)    fabric-bytes-per-second: bulk (0,0) ctrl (0,0) meta (0,0) rw (0,0)
Sep 16 2026 03:06:18 GMT: INFO (info): (ticker.c:426) {ycsb} objects: all 100000000 master 100000000 prole 0 non-replica 0
Sep 16 2026 03:06:18 GMT: INFO (info): (ticker.c:481) {ycsb} migrations: complete
Sep 16 2026 03:06:18 GMT: INFO (info): (ticker.c:506) {ycsb} index-usage: used-bytes 6400000000
Sep 16 2026 03:06:18 GMT: INFO (info): (ticker.c:559) {ycsb} data-usage: used-bytes 145600000000 avail-pct 86 cache-read-pct 0.00
Sep 16 2026 03:06:18 GMT: INFO (info): (ticker.c:618) {ycsb} client: tsvc (0,0) proxy (0,0,0) read (3107954,0,0,0,0) write (0,0,0,0) delete (0,0,0,0,0) udf (0,0,0,0) lang (0,0,0,0)
Sep 16 2026 03:06:18 GMT: INFO (info): (hist.c:319) histogram dump: {ycsb}-read (3107955 total) msec
Sep 16 2026 03:06:18 GMT: INFO (info): (hist.c:339)  (00: 0003107955)
Sep 16 2026 03:06:18 GMT: INFO (deprecation): (thr_info.c:888) (repeated:2560) 'services' info command is deprecated - use 'peers-clear-std' instead
Sep 16 2026 03:06:28 GMT: INFO (info): (ticker.c:169) NODE-ID bb9f1b2523a0d00 CLUSTER-SIZE 1 CLUSTER-NAME ycsb-default-20260916
Sep 16 2026 03:06:28 GMT: INFO (info): (ticker.c:241)    cluster-clock: skew-ms 0
Sep 16 2026 03:06:28 GMT: INFO (info): (ticker.c:265)    system: total-cpu-pct 370 user-cpu-pct 94 kernel-cpu-pct 276 free-mem-kbytes 122477868 free-mem-pct 92 thp-mem-kbytes 6838272 host-free-mem-kbytes 122477868 host-free-mem-pct 92
Sep 16 2026 03:06:28 GMT: INFO (info): (ticker.c:287)    process: cpu-pct 321 threads (9,61,113,113) heap-kbytes (6490244,6510688,6710784) heap-efficiency-pct 99.7
Sep 16 2026 03:06:28 GMT: INFO (info): (ticker.c:297)    in-progress: info-q 0 rw-hash 0 proxy-hash 0 tree-gc-q 0 long-queries 0
Sep 16 2026 03:06:28 GMT: INFO (info): (ticker.c:340)    fds: proto (512,1548,1036) heartbeat (0,0,0) fabric (0,0,0) admin (0,0,0)
Sep 16 2026 03:06:28 GMT: INFO (info): (ticker.c:352)    heartbeat-received: self 0 foreign 0
Sep 16 2026 03:06:28 GMT: INFO (info): (ticker.c:378)    fabric-bytes-per-second: bulk (0,0) ctrl (0,0) meta (0,0) rw (0,0)
Sep 16 2026 03:06:28 GMT: INFO (info): (ticker.c:426) {ycsb} objects: all 100000000 master 100000000 prole 0 non-replica 0
Sep 16 2026 03:06:28 GMT: INFO (info): (ticker.c:481) {ycsb} migrations: complete
Sep 16 2026 03:06:28 GMT: INFO (info): (ticker.c:506) {ycsb} index-usage: used-bytes 6400000000
Sep 16 2026 03:06:28 GMT: INFO (info): (ticker.c:559) {ycsb} data-usage: used-bytes 145600000000 avail-pct 86 cache-read-pct 0.00
Sep 16 2026 03:06:28 GMT: INFO (info): (ticker.c:618) {ycsb} client: tsvc (0,0) proxy (0,0,0) read (4108103,0,0,0,0) write (0,0,0,0) delete (0,0,0,0,0) udf (0,0,0,0) lang (0,0,0,0)
Sep 16 2026 03:06:28 GMT: INFO (info): (hist.c:319) histogram dump: {ycsb}-read (4108105 total) msec
Sep 16 2026 03:06:28 GMT: INFO (info): (hist.c:339)  (00: 0004108105)
Sep 16 2026 03:06:28 GMT: INFO (deprecation): (thr_info.c:888) (repeated:2560) 'services' info command is deprecated - use 'peers-clear-std' instead
Sep 16 2026 03:06:38 GMT: INFO (drv_ssd): (drv_ssd.c:2133) {ycsb} /dev/md127p3: used-bytes 145600000000 free-wblocks 113710 write-q 0 write (0,0.0) defrag-q 0 defrag-read (1,0.0) defrag-write (0,0.0)
Sep 16 2026 03:06:38 GMT: INFO (info): (ticker.c:169) NODE-ID bb9f1b2523a0d00 CLUSTER-SIZE 1 CLUSTER-NAME ycsb-default-20260916
Sep 16 2026 03:06:38 GMT: INFO (info): (ticker.c:241)    cluster-clock: skew-ms 0
Sep 16 2026 03:06:38 GMT: INFO (info): (ticker.c:265)    system: total-cpu-pct 368 user-cpu-pct 93 kernel-cpu-pct 275 free-mem-kbytes 122477876 free-mem-pct 92 thp-mem-kbytes 6838272 host-free-mem-kbytes 122477876 host-free-mem-pct 92
Sep 16 2026 03:06:38 GMT: INFO (info): (ticker.c:287)    process: cpu-pct 322 threads (9,61,113,113) heap-kbytes (6490222,6510664,6710784) heap-efficiency-pct 99.7
Sep 16 2026 03:06:38 GMT: INFO (info): (ticker.c:297)    in-progress: info-q 0 rw-hash 0 proxy-hash 0 tree-gc-q 0 long-queries 0
Sep 16 2026 03:06:38 GMT: INFO (info): (ticker.c:340)    fds: proto (512,1548,1036) heartbeat (0,0,0) fabric (0,0,0) admin (0,0,0)
Sep 16 2026 03:06:38 GMT: INFO (info): (ticker.c:352)    heartbeat-received: self 0 foreign 0
Sep 16 2026 03:06:38 GMT: INFO (info): (ticker.c:378)    fabric-bytes-per-second: bulk (0,0) ctrl (0,0) meta (0,0) rw (0,0)
Sep 16 2026 03:06:38 GMT: INFO (info): (ticker.c:426) {ycsb} objects: all 100000000 master 100000000 prole 0 non-replica 0
Sep 16 2026 03:06:38 GMT: INFO (info): (ticker.c:481) {ycsb} migrations: complete
Sep 16 2026 03:06:38 GMT: INFO (info): (ticker.c:506) {ycsb} index-usage: used-bytes 6400000000
Sep 16 2026 03:06:38 GMT: INFO (info): (ticker.c:559) {ycsb} data-usage: used-bytes 145600000000 avail-pct 86 cache-read-pct 0.00
Sep 16 2026 03:06:38 GMT: INFO (info): (ticker.c:618) {ycsb} client: tsvc (0,0) proxy (0,0,0) read (5108245,0,0,0,0) write (0,0,0,0) delete (0,0,0,0,0) udf (0,0,0,0) lang (0,0,0,0)
Sep 16 2026 03:06:38 GMT: INFO (info): (hist.c:319) histogram dump: {ycsb}-read (5108245 total) msec
Sep 16 2026 03:06:38 GMT: INFO (info): (hist.c:339)  (00: 0005108245)
Sep 16 2026 03:06:38 GMT: INFO (deprecation): (thr_info.c:888) (repeated:2560) 'services' info command is deprecated - use 'peers-clear-std' instead
Sep 16 2026 03:06:48 GMT: INFO (info): (ticker.c:169) NODE-ID bb9f1b2523a0d00 CLUSTER-SIZE 1 CLUSTER-NAME ycsb-default-20260916
Sep 16 2026 03:06:48 GMT: INFO (info): (ticker.c:241)    cluster-clock: skew-ms 0
Sep 16 2026 03:06:48 GMT: INFO (info): (ticker.c:265)    system: total-cpu-pct 370 user-cpu-pct 93 kernel-cpu-pct 277 free-mem-kbytes 122477384 free-mem-pct 92 thp-mem-kbytes 6838272 host-free-mem-kbytes 122477384 host-free-mem-pct 92
Sep 16 2026 03:06:48 GMT: INFO (info): (ticker.c:287)    process: cpu-pct 321 threads (9,61,113,113) heap-kbytes (6490221,6510640,6710784) heap-efficiency-pct 99.7
Sep 16 2026 03:06:48 GMT: INFO (info): (ticker.c:297)    in-progress: info-q 0 rw-hash 0 proxy-hash 0 tree-gc-q 0 long-queries 0
Sep 16 2026 03:06:48 GMT: INFO (info): (ticker.c:340)    fds: proto (512,1548,1036) heartbeat (0,0,0) fabric (0,0,0) admin (0,0,0)
Sep 16 2026 03:06:48 GMT: INFO (info): (ticker.c:352)    heartbeat-received: self 0 foreign 0
Sep 16 2026 03:06:48 GMT: INFO (info): (ticker.c:378)    fabric-bytes-per-second: bulk (0,0) ctrl (0,0) meta (0,0) rw (0,0)
Sep 16 2026 03:06:48 GMT: INFO (info): (ticker.c:426) {ycsb} objects: all 100000000 master 100000000 prole 0 non-replica 0
Sep 16 2026 03:06:48 GMT: INFO (info): (ticker.c:481) {ycsb} migrations: complete
Sep 16 2026 03:06:48 GMT: INFO (info): (ticker.c:506) {ycsb} index-usage: used-bytes 6400000000
Sep 16 2026 03:06:48 GMT: INFO (info): (ticker.c:559) {ycsb} data-usage: used-bytes 145600000000 avail-pct 86 cache-read-pct 0.00
Sep 16 2026 03:06:48 GMT: INFO (info): (ticker.c:618) {ycsb} client: tsvc (0,0) proxy (0,0,0) read (6108376,0,0,0,0) write (0,0,0,0) delete (0,0,0,0,0) udf (0,0,0,0) lang (0,0,0,0)
Sep 16 2026 03:06:48 GMT: INFO (info): (hist.c:319) histogram dump: {ycsb}-read (6108376 total) msec
Sep 16 2026 03:06:48 GMT: INFO (info): (hist.c:339)  (00: 0006108376)
Sep 16 2026 03:06:48 GMT: INFO (deprecation): (thr_info.c:888) (repeated:2560) 'services' info command is deprecated - use 'peers-clear-std' instead
Sep 16 2026 03:06:58 GMT: INFO (drv_ssd): (drv_ssd.c:2133) {ycsb} /dev/md127p3: used-bytes 145600000000 free-wblocks 113710 write-q 0 write (0,0.0) defrag-q 0 defrag-read (1,0.0) defrag-write (0,0.0)
Sep 16 2026 03:06:58 GMT: INFO (info): (ticker.c:169) NODE-ID bb9f1b2523a0d00 CLUSTER-SIZE 1 CLUSTER-NAME ycsb-default-20260916
Sep 16 2026 03:06:58 GMT: INFO (info): (ticker.c:241)    cluster-clock: skew-ms 0
Sep 16 2026 03:06:58 GMT: INFO (info): (ticker.c:265)    system: total-cpu-pct 373 user-cpu-pct 96 kernel-cpu-pct 277 free-mem-kbytes 122477404 free-mem-pct 92 thp-mem-kbytes 6836224 host-free-mem-kbytes 122477404 host-free-mem-pct 92
Sep 16 2026 03:06:58 GMT: INFO (info): (ticker.c:287)    process: cpu-pct 323 threads (9,61,113,113) heap-kbytes (6490253,6510700,6710784) heap-efficiency-pct 99.7
Sep 16 2026 03:06:58 GMT: INFO (info): (ticker.c:297)    in-progress: info-q 0 rw-hash 0 proxy-hash 0 tree-gc-q 0 long-queries 0
Sep 16 2026 03:06:58 GMT: INFO (info): (ticker.c:340)    fds: proto (512,1548,1036) heartbeat (0,0,0) fabric (0,0,0) admin (0,0,0)
Sep 16 2026 03:06:58 GMT: INFO (info): (ticker.c:352)    heartbeat-received: self 0 foreign 0
Sep 16 2026 03:06:58 GMT: INFO (info): (ticker.c:378)    fabric-bytes-per-second: bulk (0,0) ctrl (0,0) meta (0,0) rw (0,0)
Sep 16 2026 03:06:58 GMT: INFO (info): (ticker.c:426) {ycsb} objects: all 100000000 master 100000000 prole 0 non-replica 0
Sep 16 2026 03:06:58 GMT: INFO (info): (ticker.c:481) {ycsb} migrations: complete
Sep 16 2026 03:06:58 GMT: INFO (info): (ticker.c:506) {ycsb} index-usage: used-bytes 6400000000
Sep 16 2026 03:06:58 GMT: INFO (info): (ticker.c:559) {ycsb} data-usage: used-bytes 145600000000 avail-pct 86 cache-read-pct 0.00
Sep 16 2026 03:06:58 GMT: INFO (info): (ticker.c:618) {ycsb} client: tsvc (0,0) proxy (0,0,0) read (7108518,0,0,0,0) write (0,0,0,0) delete (0,0,0,0,0) udf (0,0,0,0) lang (0,0,0,0)
Sep 16 2026 03:06:58 GMT: INFO (info): (hist.c:319) histogram dump: {ycsb}-read (7108519 total) msec
Sep 16 2026 03:06:58 GMT: INFO (info): (hist.c:339)  (00: 0007108519)
Sep 16 2026 03:06:58 GMT: INFO (deprecation): (thr_info.c:888) (repeated:2560) 'services' info command is deprecated - use 'peers-clear-std' instead
Sep 16 2026 03:07:08 GMT: INFO (info): (ticker.c:169) NODE-ID bb9f1b2523a0d00 CLUSTER-SIZE 1 CLUSTER-NAME ycsb-default-20260916
Sep 16 2026 03:07:08 GMT: INFO (info): (ticker.c:241)    cluster-clock: skew-ms 0
Sep 16 2026 03:07:08 GMT: INFO (info): (ticker.c:265)    system: total-cpu-pct 377 user-cpu-pct 97 kernel-cpu-pct 280 free-mem-kbytes 122477420 free-mem-pct 92 thp-mem-kbytes 6836224 host-free-mem-kbytes 122477420 host-free-mem-pct 92
Sep 16 2026 03:07:08 GMT: INFO (info): (ticker.c:287)    process: cpu-pct 323 threads (9,61,113,113) heap-kbytes (6490212,6510640,6710784) heap-efficiency-pct 99.7
Sep 16 2026 03:07:08 GMT: INFO (info): (ticker.c:297)    in-progress: info-q 0 rw-hash 0 proxy-hash 0 tree-gc-q 0 long-queries 0
Sep 16 2026 03:07:08 GMT: INFO (info): (ticker.c:340)    fds: proto (512,1548,1036) heartbeat (0,0,0) fabric (0,0,0) admin (0,0,0)
Sep 16 2026 03:07:08 GMT: INFO (info): (ticker.c:352)    heartbeat-received: self 0 foreign 0
Sep 16 2026 03:07:08 GMT: INFO (info): (ticker.c:378)    fabric-bytes-per-second: bulk (0,0) ctrl (0,0) meta (0,0) rw (0,0)
Sep 16 2026 03:07:08 GMT: INFO (info): (ticker.c:426) {ycsb} objects: all 100000000 master 100000000 prole 0 non-replica 0
Sep 16 2026 03:07:08 GMT: INFO (info): (ticker.c:481) {ycsb} migrations: complete
Sep 16 2026 03:07:08 GMT: INFO (info): (ticker.c:506) {ycsb} index-usage: used-bytes 6400000000
Sep 16 2026 03:07:08 GMT: INFO (info): (ticker.c:559) {ycsb} data-usage: used-bytes 145600000000 avail-pct 86 cache-read-pct 0.00
Sep 16 2026 03:07:08 GMT: INFO (info): (ticker.c:618) {ycsb} client: tsvc (0,0) proxy (0,0,0) read (8108656,0,0,0,0) write (0,0,0,0) delete (0,0,0,0,0) udf (0,0,0,0) lang (0,0,0,0)
Sep 16 2026 03:07:08 GMT: INFO (info): (hist.c:319) histogram dump: {ycsb}-read (8108657 total) msec
Sep 16 2026 03:07:08 GMT: INFO (info): (hist.c:339)  (00: 0008108657)
Sep 16 2026 03:07:08 GMT: INFO (deprecation): (thr_info.c:888) (repeated:2560) 'services' info command is deprecated - use 'peers-clear-std' instead
Sep 16 2026 03:07:18 GMT: INFO (drv_ssd): (drv_ssd.c:2133) {ycsb} /dev/md127p3: used-bytes 145600000000 free-wblocks 113710 write-q 0 write (0,0.0) defrag-q 0 defrag-read (1,0.0) defrag-write (0,0.0)
Sep 16 2026 03:07:18 GMT: INFO (info): (ticker.c:169) NODE-ID bb9f1b2523a0d00 CLUSTER-SIZE 1 CLUSTER-NAME ycsb-default-20260916
Sep 16 2026 03:07:18 GMT: INFO (info): (ticker.c:241)    cluster-clock: skew-ms 0
Sep 16 2026 03:07:18 GMT: INFO (info): (ticker.c:265)    system: total-cpu-pct 384 user-cpu-pct 99 kernel-cpu-pct 285 free-mem-kbytes 122471908 free-mem-pct 92 thp-mem-kbytes 6838272 host-free-mem-kbytes 122471908 host-free-mem-pct 92
Sep 16 2026 03:07:18 GMT: INFO (info): (ticker.c:287)    process: cpu-pct 322 threads (9,61,113,113) heap-kbytes (6490245,6510688,6710784) heap-efficiency-pct 99.7
Sep 16 2026 03:07:18 GMT: INFO (info): (ticker.c:297)    in-progress: info-q 0 rw-hash 0 proxy-hash 0 tree-gc-q 0 long-queries 0
Sep 16 2026 03:07:18 GMT: INFO (info): (ticker.c:340)    fds: proto (512,1548,1036) heartbeat (0,0,0) fabric (0,0,0) admin (0,0,0)
Sep 16 2026 03:07:18 GMT: INFO (info): (ticker.c:352)    heartbeat-received: self 0 foreign 0
Sep 16 2026 03:07:18 GMT: INFO (info): (ticker.c:378)    fabric-bytes-per-second: bulk (0,0) ctrl (0,0) meta (0,0) rw (0,0)
Sep 16 2026 03:07:18 GMT: INFO (info): (ticker.c:426) {ycsb} objects: all 100000000 master 100000000 prole 0 non-replica 0
Sep 16 2026 03:07:18 GMT: INFO (info): (ticker.c:481) {ycsb} migrations: complete
Sep 16 2026 03:07:18 GMT: INFO (info): (ticker.c:506) {ycsb} index-usage: used-bytes 6400000000
Sep 16 2026 03:07:18 GMT: INFO (info): (ticker.c:559) {ycsb} data-usage: used-bytes 145600000000 avail-pct 86 cache-read-pct 0.00
Sep 16 2026 03:07:18 GMT: INFO (info): (ticker.c:618) {ycsb} client: tsvc (0,0) proxy (0,0,0) read (9108812,0,0,0,0) write (0,0,0,0) delete (0,0,0,0,0) udf (0,0,0,0) lang (0,0,0,0)
Sep 16 2026 03:07:18 GMT: INFO (info): (hist.c:319) histogram dump: {ycsb}-read (9108812 total) msec
Sep 16 2026 03:07:18 GMT: INFO (info): (hist.c:339)  (00: 0009108812)
Sep 16 2026 03:07:18 GMT: INFO (deprecation): (thr_info.c:888) (repeated:2559) 'services' info command is deprecated - use 'peers-clear-std' instead
Sep 16 2026 03:07:28 GMT: INFO (info): (ticker.c:169) NODE-ID bb9f1b2523a0d00 CLUSTER-SIZE 1 CLUSTER-NAME ycsb-default-20260916
Sep 16 2026 03:07:28 GMT: INFO (info): (ticker.c:241)    cluster-clock: skew-ms 0
Sep 16 2026 03:07:28 GMT: INFO (info): (ticker.c:265)    system: total-cpu-pct 385 user-cpu-pct 100 kernel-cpu-pct 285 free-mem-kbytes 122474512 free-mem-pct 92 thp-mem-kbytes 6838272 host-free-mem-kbytes 122474512 host-free-mem-pct 92
Sep 16 2026 03:07:28 GMT: INFO (info): (ticker.c:287)    process: cpu-pct 323 threads (9,61,113,113) heap-kbytes (6490207,6510664,6710784) heap-efficiency-pct 99.7
Sep 16 2026 03:07:28 GMT: INFO (info): (ticker.c:297)    in-progress: info-q 0 rw-hash 0 proxy-hash 0 tree-gc-q 0 long-queries 0
Sep 16 2026 03:07:28 GMT: INFO (info): (ticker.c:340)    fds: proto (512,1548,1036) heartbeat (0,0,0) fabric (0,0,0) admin (0,0,0)
Sep 16 2026 03:07:28 GMT: INFO (info): (ticker.c:352)    heartbeat-received: self 0 foreign 0
Sep 16 2026 03:07:28 GMT: INFO (info): (ticker.c:378)    fabric-bytes-per-second: bulk (0,0) ctrl (0,0) meta (0,0) rw (0,0)
Sep 16 2026 03:07:28 GMT: INFO (info): (ticker.c:426) {ycsb} objects: all 100000000 master 100000000 prole 0 non-replica 0
Sep 16 2026 03:07:28 GMT: INFO (info): (ticker.c:481) {ycsb} migrations: complete
Sep 16 2026 03:07:28 GMT: INFO (info): (ticker.c:506) {ycsb} index-usage: used-bytes 6400000000
Sep 16 2026 03:07:28 GMT: INFO (info): (ticker.c:559) {ycsb} data-usage: used-bytes 145600000000 avail-pct 86 cache-read-pct 0.00
Sep 16 2026 03:07:28 GMT: INFO (info): (ticker.c:618) {ycsb} client: tsvc (0,0) proxy (0,0,0) read (10108948,0,0,0,0) write (0,0,0,0) delete (0,0,0,0,0) udf (0,0,0,0) lang (0,0,0,0)
Sep 16 2026 03:07:28 GMT: INFO (info): (hist.c:319) histogram dump: {ycsb}-read (10108948 total) msec
Sep 16 2026 03:07:28 GMT: INFO (info): (hist.c:339)  (00: 0010108948)
Sep 16 2026 03:07:28 GMT: INFO (deprecation): (thr_info.c:888) (repeated:2559) 'services' info command is deprecated - use 'peers-clear-std' instead
Sep 16 2026 03:07:38 GMT: INFO (drv_ssd): (drv_ssd.c:2133) {ycsb} /dev/md127p3: used-bytes 145600000000 free-wblocks 113710 write-q 0 write (0,0.0) defrag-q 0 defrag-read (1,0.0) defrag-write (0,0.0)
Sep 16 2026 03:07:38 GMT: INFO (info): (ticker.c:169) NODE-ID bb9f1b2523a0d00 CLUSTER-SIZE 1 CLUSTER-NAME ycsb-default-20260916
Sep 16 2026 03:07:38 GMT: INFO (info): (ticker.c:241)    cluster-clock: skew-ms 0
Sep 16 2026 03:07:38 GMT: INFO (info): (ticker.c:265)    system: total-cpu-pct 379 user-cpu-pct 97 kernel-cpu-pct 282 free-mem-kbytes 122474572 free-mem-pct 92 thp-mem-kbytes 6838272 host-free-mem-kbytes 122474572 host-free-mem-pct 92
Sep 16 2026 03:07:38 GMT: INFO (info): (ticker.c:287)    process: cpu-pct 321 threads (9,61,113,113) heap-kbytes (6490221,6510676,6710784) heap-efficiency-pct 99.7
Sep 16 2026 03:07:38 GMT: INFO (info): (ticker.c:297)    in-progress: info-q 0 rw-hash 0 proxy-hash 0 tree-gc-q 0 long-queries 0
Sep 16 2026 03:07:38 GMT: INFO (info): (ticker.c:340)    fds: proto (512,1548,1036) heartbeat (0,0,0) fabric (0,0,0) admin (0,0,0)
Sep 16 2026 03:07:38 GMT: INFO (info): (ticker.c:352)    heartbeat-received: self 0 foreign 0
Sep 16 2026 03:07:38 GMT: INFO (info): (ticker.c:378)    fabric-bytes-per-second: bulk (0,0) ctrl (0,0) meta (0,0) rw (0,0)
Sep 16 2026 03:07:38 GMT: INFO (info): (ticker.c:426) {ycsb} objects: all 100000000 master 100000000 prole 0 non-replica 0
Sep 16 2026 03:07:38 GMT: INFO (info): (ticker.c:481) {ycsb} migrations: complete
Sep 16 2026 03:07:38 GMT: INFO (info): (ticker.c:506) {ycsb} index-usage: used-bytes 6400000000
Sep 16 2026 03:07:38 GMT: INFO (info): (ticker.c:559) {ycsb} data-usage: used-bytes 145600000000 avail-pct 86 cache-read-pct 0.00
Sep 16 2026 03:07:38 GMT: INFO (info): (ticker.c:618) {ycsb} client: tsvc (0,0) proxy (0,0,0) read (11109080,0,0,0,0) write (0,0,0,0) delete (0,0,0,0,0) udf (0,0,0,0) lang (0,0,0,0)
Sep 16 2026 03:07:38 GMT: INFO (info): (hist.c:319) histogram dump: {ycsb}-read (11109082 total) msec
Sep 16 2026 03:07:38 GMT: INFO (info): (hist.c:339)  (00: 0011109082)
Sep 16 2026 03:07:38 GMT: INFO (deprecation): (thr_info.c:888) (repeated:2552) 'services' info command is deprecated - use 'peers-clear-std' instead
Sep 16 2026 03:07:48 GMT: INFO (info): (ticker.c:169) NODE-ID bb9f1b2523a0d00 CLUSTER-SIZE 1 CLUSTER-NAME ycsb-default-20260916
Sep 16 2026 03:07:48 GMT: INFO (info): (ticker.c:241)    cluster-clock: skew-ms 0
Sep 16 2026 03:07:48 GMT: INFO (info): (ticker.c:265)    system: total-cpu-pct 378 user-cpu-pct 97 kernel-cpu-pct 281 free-mem-kbytes 122474332 free-mem-pct 92 thp-mem-kbytes 6838272 host-free-mem-kbytes 122474332 host-free-mem-pct 92
Sep 16 2026 03:07:48 GMT: INFO (info): (ticker.c:287)    process: cpu-pct 321 threads (9,61,113,113) heap-kbytes (6490234,6510688,6710784) heap-efficiency-pct 99.7
Sep 16 2026 03:07:48 GMT: INFO (info): (ticker.c:297)    in-progress: info-q 0 rw-hash 0 proxy-hash 0 tree-gc-q 0 long-queries 0
Sep 16 2026 03:07:48 GMT: INFO (info): (ticker.c:340)    fds: proto (512,1548,1036) heartbeat (0,0,0) fabric (0,0,0) admin (0,0,0)
Sep 16 2026 03:07:48 GMT: INFO (info): (ticker.c:352)    heartbeat-received: self 0 foreign 0
Sep 16 2026 03:07:48 GMT: INFO (info): (ticker.c:378)    fabric-bytes-per-second: bulk (0,0) ctrl (0,0) meta (0,0) rw (0,0)
Sep 16 2026 03:07:48 GMT: INFO (info): (ticker.c:426) {ycsb} objects: all 100000000 master 100000000 prole 0 non-replica 0
Sep 16 2026 03:07:48 GMT: INFO (info): (ticker.c:481) {ycsb} migrations: complete
Sep 16 2026 03:07:48 GMT: INFO (info): (ticker.c:506) {ycsb} index-usage: used-bytes 6400000000
Sep 16 2026 03:07:48 GMT: INFO (info): (ticker.c:559) {ycsb} data-usage: used-bytes 145600000000 avail-pct 86 cache-read-pct 0.00
Sep 16 2026 03:07:48 GMT: INFO (info): (ticker.c:618) {ycsb} client: tsvc (0,0) proxy (0,0,0) read (12109216,0,0,0,0) write (0,0,0,0) delete (0,0,0,0,0) udf (0,0,0,0) lang (0,0,0,0)
Sep 16 2026 03:07:48 GMT: INFO (info): (hist.c:319) histogram dump: {ycsb}-read (12109216 total) msec
Sep 16 2026 03:07:48 GMT: INFO (info): (hist.c:339)  (00: 0012109216)
Sep 16 2026 03:07:48 GMT: INFO (deprecation): (thr_info.c:888) (repeated:2547) 'services' info command is deprecated - use 'peers-clear-std' instead
Sep 16 2026 03:07:58 GMT: INFO (drv_ssd): (drv_ssd.c:2133) {ycsb} /dev/md127p3: used-bytes 145600000000 free-wblocks 113710 write-q 0 write (0,0.0) defrag-q 0 defrag-read (1,0.0) defrag-write (0,0.0)
Sep 16 2026 03:07:58 GMT: INFO (info): (ticker.c:169) NODE-ID bb9f1b2523a0d00 CLUSTER-SIZE 1 CLUSTER-NAME ycsb-default-20260916
Sep 16 2026 03:07:58 GMT: INFO (info): (ticker.c:241)    cluster-clock: skew-ms 0
Sep 16 2026 03:07:58 GMT: INFO (info): (ticker.c:265)    system: total-cpu-pct 379 user-cpu-pct 98 kernel-cpu-pct 281 free-mem-kbytes 122478444 free-mem-pct 92 thp-mem-kbytes 6836224 host-free-mem-kbytes 122478444 host-free-mem-pct 92
Sep 16 2026 03:07:58 GMT: INFO (info): (ticker.c:287)    process: cpu-pct 322 threads (9,61,113,113) heap-kbytes (6490213,6510628,6710784) heap-efficiency-pct 99.7
Sep 16 2026 03:07:58 GMT: INFO (info): (ticker.c:297)    in-progress: info-q 0 rw-hash 0 proxy-hash 0 tree-gc-q 0 long-queries 0
Sep 16 2026 03:07:58 GMT: INFO (info): (ticker.c:340)    fds: proto (512,1548,1036) heartbeat (0,0,0) fabric (0,0,0) admin (0,0,0)
Sep 16 2026 03:07:58 GMT: INFO (info): (ticker.c:352)    heartbeat-received: self 0 foreign 0
Sep 16 2026 03:07:58 GMT: INFO (info): (ticker.c:378)    fabric-bytes-per-second: bulk (0,0) ctrl (0,0) meta (0,0) rw (0,0)
Sep 16 2026 03:07:58 GMT: INFO (info): (ticker.c:426) {ycsb} objects: all 100000000 master 100000000 prole 0 non-replica 0
Sep 16 2026 03:07:58 GMT: INFO (info): (ticker.c:481) {ycsb} migrations: complete
Sep 16 2026 03:07:58 GMT: INFO (info): (ticker.c:506) {ycsb} index-usage: used-bytes 6400000000
Sep 16 2026 03:07:58 GMT: INFO (info): (ticker.c:559) {ycsb} data-usage: used-bytes 145600000000 avail-pct 86 cache-read-pct 0.00
Sep 16 2026 03:07:58 GMT: INFO (info): (ticker.c:618) {ycsb} client: tsvc (0,0) proxy (0,0,0) read (13109360,0,0,0,0) write (0,0,0,0) delete (0,0,0,0,0) udf (0,0,0,0) lang (0,0,0,0)
Sep 16 2026 03:07:58 GMT: INFO (info): (hist.c:319) histogram dump: {ycsb}-read (13109360 total) msec
Sep 16 2026 03:07:58 GMT: INFO (info): (hist.c:339)  (00: 0013109360)
Sep 16 2026 03:07:58 GMT: INFO (deprecation): (thr_info.c:888) (repeated:2544) 'services' info command is deprecated - use 'peers-clear-std' instead
Sep 16 2026 03:08:08 GMT: INFO (info): (ticker.c:169) NODE-ID bb9f1b2523a0d00 CLUSTER-SIZE 1 CLUSTER-NAME ycsb-default-20260916
Sep 16 2026 03:08:08 GMT: INFO (info): (ticker.c:241)    cluster-clock: skew-ms 0
Sep 16 2026 03:08:08 GMT: INFO (info): (ticker.c:265)    system: total-cpu-pct 382 user-cpu-pct 97 kernel-cpu-pct 285 free-mem-kbytes 122474364 free-mem-pct 92 thp-mem-kbytes 6838272 host-free-mem-kbytes 122474364 host-free-mem-pct 92
Sep 16 2026 03:08:08 GMT: INFO (info): (ticker.c:287)    process: cpu-pct 321 threads (9,61,113,113) heap-kbytes (6490222,6510652,6710784) heap-efficiency-pct 99.7
Sep 16 2026 03:08:08 GMT: INFO (info): (ticker.c:297)    in-progress: info-q 0 rw-hash 0 proxy-hash 0 tree-gc-q 0 long-queries 0
Sep 16 2026 03:08:08 GMT: INFO (info): (ticker.c:340)    fds: proto (512,1548,1036) heartbeat (0,0,0) fabric (0,0,0) admin (0,0,0)
Sep 16 2026 03:08:08 GMT: INFO (info): (ticker.c:352)    heartbeat-received: self 0 foreign 0
Sep 16 2026 03:08:08 GMT: INFO (info): (ticker.c:378)    fabric-bytes-per-second: bulk (0,0) ctrl (0,0) meta (0,0) rw (0,0)
Sep 16 2026 03:08:08 GMT: INFO (info): (ticker.c:426) {ycsb} objects: all 100000000 master 100000000 prole 0 non-replica 0
Sep 16 2026 03:08:08 GMT: INFO (info): (ticker.c:481) {ycsb} migrations: complete
Sep 16 2026 03:08:08 GMT: INFO (info): (ticker.c:506) {ycsb} index-usage: used-bytes 6400000000
Sep 16 2026 03:08:08 GMT: INFO (info): (ticker.c:559) {ycsb} data-usage: used-bytes 145600000000 avail-pct 86 cache-read-pct 0.00
Sep 16 2026 03:08:08 GMT: INFO (info): (ticker.c:618) {ycsb} client: tsvc (0,0) proxy (0,0,0) read (14109507,0,0,0,0) write (0,0,0,0) delete (0,0,0,0,0) udf (0,0,0,0) lang (0,0,0,0)
Sep 16 2026 03:08:08 GMT: INFO (info): (hist.c:319) histogram dump: {ycsb}-read (14109507 total) msec
Sep 16 2026 03:08:08 GMT: INFO (info): (hist.c:339)  (00: 0014109507)
Sep 16 2026 03:08:08 GMT: INFO (deprecation): (thr_info.c:888) (repeated:2557) 'services' info command is deprecated - use 'peers-clear-std' instead
Sep 16 2026 03:08:18 GMT: INFO (drv_ssd): (drv_ssd.c:2133) {ycsb} /dev/md127p3: used-bytes 145600000000 free-wblocks 113710 write-q 0 write (0,0.0) defrag-q 0 defrag-read (1,0.0) defrag-write (0,0.0)
Sep 16 2026 03:08:18 GMT: INFO (info): (ticker.c:169) NODE-ID bb9f1b2523a0d00 CLUSTER-SIZE 1 CLUSTER-NAME ycsb-default-20260916
Sep 16 2026 03:08:18 GMT: INFO (info): (ticker.c:241)    cluster-clock: skew-ms 0
Sep 16 2026 03:08:18 GMT: INFO (info): (ticker.c:265)    system: total-cpu-pct 379 user-cpu-pct 97 kernel-cpu-pct 282 free-mem-kbytes 122474376 free-mem-pct 92 thp-mem-kbytes 6838272 host-free-mem-kbytes 122474376 host-free-mem-pct 92
Sep 16 2026 03:08:18 GMT: INFO (info): (ticker.c:287)    process: cpu-pct 322 threads (9,61,113,113) heap-kbytes (6490220,6510676,6710784) heap-efficiency-pct 99.7
Sep 16 2026 03:08:18 GMT: INFO (info): (ticker.c:297)    in-progress: info-q 0 rw-hash 0 proxy-hash 0 tree-gc-q 0 long-queries 0
Sep 16 2026 03:08:18 GMT: INFO (info): (ticker.c:340)    fds: proto (512,1548,1036) heartbeat (0,0,0) fabric (0,0,0) admin (0,0,0)
Sep 16 2026 03:08:18 GMT: INFO (info): (ticker.c:352)    heartbeat-received: self 0 foreign 0
Sep 16 2026 03:08:18 GMT: INFO (info): (ticker.c:378)    fabric-bytes-per-second: bulk (0,0) ctrl (0,0) meta (0,0) rw (0,0)
Sep 16 2026 03:08:18 GMT: INFO (info): (ticker.c:426) {ycsb} objects: all 100000000 master 100000000 prole 0 non-replica 0
Sep 16 2026 03:08:18 GMT: INFO (info): (ticker.c:481) {ycsb} migrations: complete
Sep 16 2026 03:08:18 GMT: INFO (info): (ticker.c:506) {ycsb} index-usage: used-bytes 6400000000
Sep 16 2026 03:08:18 GMT: INFO (info): (ticker.c:559) {ycsb} data-usage: used-bytes 145600000000 avail-pct 86 cache-read-pct 0.00
Sep 16 2026 03:08:18 GMT: INFO (info): (ticker.c:618) {ycsb} client: tsvc (0,0) proxy (0,0,0) read (15109644,0,0,0,0) write (0,0,0,0) delete (0,0,0,0,0) udf (0,0,0,0) lang (0,0,0,0)
Sep 16 2026 03:08:18 GMT: INFO (info): (hist.c:319) histogram dump: {ycsb}-read (15109644 total) msec
Sep 16 2026 03:08:18 GMT: INFO (info): (hist.c:339)  (00: 0015109644)
Sep 16 2026 03:08:18 GMT: INFO (deprecation): (thr_info.c:888) (repeated:2551) 'services' info command is deprecated - use 'peers-clear-std' instead
Sep 16 2026 03:08:28 GMT: INFO (info): (ticker.c:169) NODE-ID bb9f1b2523a0d00 CLUSTER-SIZE 1 CLUSTER-NAME ycsb-default-20260916
Sep 16 2026 03:08:28 GMT: INFO (info): (ticker.c:241)    cluster-clock: skew-ms 0
Sep 16 2026 03:08:28 GMT: INFO (info): (ticker.c:265)    system: total-cpu-pct 380 user-cpu-pct 97 kernel-cpu-pct 283 free-mem-kbytes 122474156 free-mem-pct 92 thp-mem-kbytes 6836224 host-free-mem-kbytes 122474156 host-free-mem-pct 92
Sep 16 2026 03:08:28 GMT: INFO (info): (ticker.c:287)    process: cpu-pct 324 threads (9,61,113,113) heap-kbytes (6490213,6510652,6710784) heap-efficiency-pct 99.7
Sep 16 2026 03:08:28 GMT: INFO (info): (ticker.c:297)    in-progress: info-q 0 rw-hash 0 proxy-hash 0 tree-gc-q 0 long-queries 0
Sep 16 2026 03:08:28 GMT: INFO (info): (ticker.c:340)    fds: proto (512,1548,1036) heartbeat (0,0,0) fabric (0,0,0) admin (0,0,0)
Sep 16 2026 03:08:28 GMT: INFO (info): (ticker.c:352)    heartbeat-received: self 0 foreign 0
Sep 16 2026 03:08:28 GMT: INFO (info): (ticker.c:378)    fabric-bytes-per-second: bulk (0,0) ctrl (0,0) meta (0,0) rw (0,0)
Sep 16 2026 03:08:28 GMT: INFO (info): (ticker.c:426) {ycsb} objects: all 100000000 master 100000000 prole 0 non-replica 0
Sep 16 2026 03:08:28 GMT: INFO (info): (ticker.c:481) {ycsb} migrations: complete
Sep 16 2026 03:08:28 GMT: INFO (info): (ticker.c:506) {ycsb} index-usage: used-bytes 6400000000
Sep 16 2026 03:08:28 GMT: INFO (info): (ticker.c:559) {ycsb} data-usage: used-bytes 145600000000 avail-pct 86 cache-read-pct 0.00
Sep 16 2026 03:08:28 GMT: INFO (info): (ticker.c:618) {ycsb} client: tsvc (0,0) proxy (0,0,0) read (16109783,0,0,0,0) write (0,0,0,0) delete (0,0,0,0,0) udf (0,0,0,0) lang (0,0,0,0)
Sep 16 2026 03:08:28 GMT: INFO (info): (hist.c:319) histogram dump: {ycsb}-read (16109784 total) msec
Sep 16 2026 03:08:28 GMT: INFO (info): (hist.c:339)  (00: 0016109784)
Sep 16 2026 03:08:28 GMT: INFO (deprecation): (thr_info.c:888) (repeated:2555) 'services' info command is deprecated - use 'peers-clear-std' instead
Sep 16 2026 03:08:38 GMT: INFO (drv_ssd): (drv_ssd.c:2133) {ycsb} /dev/md127p3: used-bytes 145600000000 free-wblocks 113710 write-q 0 write (0,0.0) defrag-q 0 defrag-read (1,0.0) defrag-write (0,0.0)
Sep 16 2026 03:08:38 GMT: INFO (info): (ticker.c:169) NODE-ID bb9f1b2523a0d00 CLUSTER-SIZE 1 CLUSTER-NAME ycsb-default-20260916
Sep 16 2026 03:08:38 GMT: INFO (info): (ticker.c:241)    cluster-clock: skew-ms 0
Sep 16 2026 03:08:38 GMT: INFO (info): (ticker.c:265)    system: total-cpu-pct 385 user-cpu-pct 99 kernel-cpu-pct 286 free-mem-kbytes 122475504 free-mem-pct 92 thp-mem-kbytes 6836224 host-free-mem-kbytes 122475504 host-free-mem-pct 92
Sep 16 2026 03:08:38 GMT: INFO (info): (ticker.c:287)    process: cpu-pct 325 threads (9,61,113,113) heap-kbytes (6490230,6510700,6710784) heap-efficiency-pct 99.7
Sep 16 2026 03:08:38 GMT: INFO (info): (ticker.c:297)    in-progress: info-q 0 rw-hash 0 proxy-hash 0 tree-gc-q 0 long-queries 0
Sep 16 2026 03:08:38 GMT: INFO (info): (ticker.c:340)    fds: proto (512,1548,1036) heartbeat (0,0,0) fabric (0,0,0) admin (0,0,0)
Sep 16 2026 03:08:38 GMT: INFO (info): (ticker.c:352)    heartbeat-received: self 0 foreign 0
Sep 16 2026 03:08:38 GMT: INFO (info): (ticker.c:378)    fabric-bytes-per-second: bulk (0,0) ctrl (0,0) meta (0,0) rw (0,0)
Sep 16 2026 03:08:38 GMT: INFO (info): (ticker.c:426) {ycsb} objects: all 100000000 master 100000000 prole 0 non-replica 0
Sep 16 2026 03:08:38 GMT: INFO (info): (ticker.c:481) {ycsb} migrations: complete
Sep 16 2026 03:08:38 GMT: INFO (info): (ticker.c:506) {ycsb} index-usage: used-bytes 6400000000
Sep 16 2026 03:08:38 GMT: INFO (info): (ticker.c:559) {ycsb} data-usage: used-bytes 145600000000 avail-pct 86 cache-read-pct 0.00
Sep 16 2026 03:08:38 GMT: INFO (info): (ticker.c:618) {ycsb} client: tsvc (0,0) proxy (0,0,0) read (17109935,0,0,0,0) write (0,0,0,0) delete (0,0,0,0,0) udf (0,0,0,0) lang (0,0,0,0)
Sep 16 2026 03:08:38 GMT: INFO (info): (hist.c:319) histogram dump: {ycsb}-read (17109935 total) msec
Sep 16 2026 03:08:38 GMT: INFO (info): (hist.c:339)  (00: 0017109935)
Sep 16 2026 03:08:38 GMT: INFO (deprecation): (thr_info.c:888) (repeated:2555) 'services' info command is deprecated - use 'peers-clear-std' instead
Sep 16 2026 03:08:48 GMT: INFO (info): (ticker.c:169) NODE-ID bb9f1b2523a0d00 CLUSTER-SIZE 1 CLUSTER-NAME ycsb-default-20260916
Sep 16 2026 03:08:48 GMT: INFO (info): (ticker.c:241)    cluster-clock: skew-ms 0
Sep 16 2026 03:08:48 GMT: INFO (info): (ticker.c:265)    system: total-cpu-pct 376 user-cpu-pct 97 kernel-cpu-pct 279 free-mem-kbytes 122475524 free-mem-pct 92 thp-mem-kbytes 6838272 host-free-mem-kbytes 122475524 host-free-mem-pct 92
Sep 16 2026 03:08:48 GMT: INFO (info): (ticker.c:287)    process: cpu-pct 321 threads (9,61,113,113) heap-kbytes (6490218,6510652,6710784) heap-efficiency-pct 99.7
Sep 16 2026 03:08:48 GMT: INFO (info): (ticker.c:297)    in-progress: info-q 0 rw-hash 0 proxy-hash 0 tree-gc-q 0 long-queries 0
Sep 16 2026 03:08:48 GMT: INFO (info): (ticker.c:340)    fds: proto (512,1548,1036) heartbeat (0,0,0) fabric (0,0,0) admin (0,0,0)
Sep 16 2026 03:08:48 GMT: INFO (info): (ticker.c:352)    heartbeat-received: self 0 foreign 0
Sep 16 2026 03:08:48 GMT: INFO (info): (ticker.c:378)    fabric-bytes-per-second: bulk (0,0) ctrl (0,0) meta (0,0) rw (0,0)
Sep 16 2026 03:08:48 GMT: INFO (info): (ticker.c:426) {ycsb} objects: all 100000000 master 100000000 prole 0 non-replica 0
Sep 16 2026 03:08:48 GMT: INFO (info): (ticker.c:481) {ycsb} migrations: complete
Sep 16 2026 03:08:48 GMT: INFO (info): (ticker.c:506) {ycsb} index-usage: used-bytes 6400000000
Sep 16 2026 03:08:48 GMT: INFO (info): (ticker.c:559) {ycsb} data-usage: used-bytes 145600000000 avail-pct 86 cache-read-pct 0.00
Sep 16 2026 03:08:48 GMT: INFO (info): (ticker.c:618) {ycsb} client: tsvc (0,0) proxy (0,0,0) read (18110062,0,0,0,0) write (0,0,0,0) delete (0,0,0,0,0) udf (0,0,0,0) lang (0,0,0,0)
Sep 16 2026 03:08:48 GMT: INFO (info): (hist.c:319) histogram dump: {ycsb}-read (18110063 total) msec
Sep 16 2026 03:08:48 GMT: INFO (info): (hist.c:339)  (00: 0018110063)
Sep 16 2026 03:08:48 GMT: INFO (deprecation): (thr_info.c:888) (repeated:2557) 'services' info command is deprecated - use 'peers-clear-std' instead
Sep 16 2026 03:08:58 GMT: INFO (drv_ssd): (drv_ssd.c:2133) {ycsb} /dev/md127p3: used-bytes 145600000000 free-wblocks 113710 write-q 0 write (0,0.0) defrag-q 0 defrag-read (1,0.0) defrag-write (0,0.0)
Sep 16 2026 03:08:58 GMT: INFO (info): (ticker.c:169) NODE-ID bb9f1b2523a0d00 CLUSTER-SIZE 1 CLUSTER-NAME ycsb-default-20260916
Sep 16 2026 03:08:58 GMT: INFO (info): (ticker.c:241)    cluster-clock: skew-ms 0
Sep 16 2026 03:08:58 GMT: INFO (info): (ticker.c:265)    system: total-cpu-pct 375 user-cpu-pct 95 kernel-cpu-pct 280 free-mem-kbytes 122475284 free-mem-pct 92 thp-mem-kbytes 6838272 host-free-mem-kbytes 122475284 host-free-mem-pct 92
Sep 16 2026 03:08:58 GMT: INFO (info): (ticker.c:287)    process: cpu-pct 322 threads (9,61,113,113) heap-kbytes (6490218,6510664,6710784) heap-efficiency-pct 99.7
Sep 16 2026 03:08:58 GMT: INFO (info): (ticker.c:297)    in-progress: info-q 0 rw-hash 0 proxy-hash 0 tree-gc-q 0 long-queries 0
Sep 16 2026 03:08:58 GMT: INFO (info): (ticker.c:340)    fds: proto (512,1548,1036) heartbeat (0,0,0) fabric (0,0,0) admin (0,0,0)
Sep 16 2026 03:08:58 GMT: INFO (info): (ticker.c:352)    heartbeat-received: self 0 foreign 0
Sep 16 2026 03:08:58 GMT: INFO (info): (ticker.c:378)    fabric-bytes-per-second: bulk (0,0) ctrl (0,0) meta (0,0) rw (0,0)
Sep 16 2026 03:08:58 GMT: INFO (info): (ticker.c:426) {ycsb} objects: all 100000000 master 100000000 prole 0 non-replica 0
Sep 16 2026 03:08:58 GMT: INFO (info): (ticker.c:481) {ycsb} migrations: complete
Sep 16 2026 03:08:58 GMT: INFO (info): (ticker.c:506) {ycsb} index-usage: used-bytes 6400000000
Sep 16 2026 03:08:58 GMT: INFO (info): (ticker.c:559) {ycsb} data-usage: used-bytes 145600000000 avail-pct 86 cache-read-pct 0.00
Sep 16 2026 03:08:58 GMT: INFO (info): (ticker.c:618) {ycsb} client: tsvc (0,0) proxy (0,0,0) read (19110210,0,0,0,0) write (0,0,0,0) delete (0,0,0,0,0) udf (0,0,0,0) lang (0,0,0,0)
Sep 16 2026 03:08:58 GMT: INFO (info): (hist.c:319) histogram dump: {ycsb}-read (19110211 total) msec
Sep 16 2026 03:08:58 GMT: INFO (info): (hist.c:339)  (00: 0019110211)
Sep 16 2026 03:08:58 GMT: INFO (deprecation): (thr_info.c:888) (repeated:2555) 'services' info command is deprecated - use 'peers-clear-std' instead
Sep 16 2026 03:09:08 GMT: INFO (info): (ticker.c:169) NODE-ID bb9f1b2523a0d00 CLUSTER-SIZE 1 CLUSTER-NAME ycsb-default-20260916
Sep 16 2026 03:09:08 GMT: INFO (info): (ticker.c:241)    cluster-clock: skew-ms 0
Sep 16 2026 03:09:08 GMT: INFO (info): (ticker.c:265)    system: total-cpu-pct 382 user-cpu-pct 97 kernel-cpu-pct 285 free-mem-kbytes 122475044 free-mem-pct 92 thp-mem-kbytes 6838272 host-free-mem-kbytes 122475044 host-free-mem-pct 92
Sep 16 2026 03:09:08 GMT: INFO (info): (ticker.c:287)    process: cpu-pct 323 threads (9,61,113,113) heap-kbytes (6490210,6510652,6710784) heap-efficiency-pct 99.7
Sep 16 2026 03:09:08 GMT: INFO (info): (ticker.c:297)    in-progress: info-q 0 rw-hash 0 proxy-hash 0 tree-gc-q 0 long-queries 0
Sep 16 2026 03:09:08 GMT: INFO (info): (ticker.c:340)    fds: proto (512,1548,1036) heartbeat (0,0,0) fabric (0,0,0) admin (0,0,0)
Sep 16 2026 03:09:08 GMT: INFO (info): (ticker.c:352)    heartbeat-received: self 0 foreign 0
Sep 16 2026 03:09:08 GMT: INFO (info): (ticker.c:378)    fabric-bytes-per-second: bulk (0,0) ctrl (0,0) meta (0,0) rw (0,0)
Sep 16 2026 03:09:08 GMT: INFO (info): (ticker.c:426) {ycsb} objects: all 100000000 master 100000000 prole 0 non-replica 0
Sep 16 2026 03:09:08 GMT: INFO (info): (ticker.c:481) {ycsb} migrations: complete
Sep 16 2026 03:09:08 GMT: INFO (info): (ticker.c:506) {ycsb} index-usage: used-bytes 6400000000
Sep 16 2026 03:09:08 GMT: INFO (info): (ticker.c:559) {ycsb} data-usage: used-bytes 145600000000 avail-pct 86 cache-read-pct 0.00
Sep 16 2026 03:09:08 GMT: INFO (info): (ticker.c:618) {ycsb} client: tsvc (0,0) proxy (0,0,0) read (20110348,0,0,0,0) write (0,0,0,0) delete (0,0,0,0,0) udf (0,0,0,0) lang (0,0,0,0)
Sep 16 2026 03:09:08 GMT: INFO (info): (hist.c:319) histogram dump: {ycsb}-read (20110348 total) msec
Sep 16 2026 03:09:08 GMT: INFO (info): (hist.c:339)  (00: 0020110348)
Sep 16 2026 03:09:08 GMT: INFO (deprecation): (thr_info.c:888) (repeated:2559) 'services' info command is deprecated - use 'peers-clear-std' instead
Sep 16 2026 03:09:18 GMT: INFO (drv_ssd): (drv_ssd.c:2133) {ycsb} /dev/md127p3: used-bytes 145600000000 free-wblocks 113710 write-q 0 write (0,0.0) defrag-q 0 defrag-read (1,0.0) defrag-write (0,0.0)
Sep 16 2026 03:09:18 GMT: INFO (info): (ticker.c:169) NODE-ID bb9f1b2523a0d00 CLUSTER-SIZE 1 CLUSTER-NAME ycsb-default-20260916
Sep 16 2026 03:09:18 GMT: INFO (info): (ticker.c:241)    cluster-clock: skew-ms 0
Sep 16 2026 03:09:18 GMT: INFO (info): (ticker.c:265)    system: total-cpu-pct 379 user-cpu-pct 99 kernel-cpu-pct 280 free-mem-kbytes 122475064 free-mem-pct 92 thp-mem-kbytes 6838272 host-free-mem-kbytes 122475064 host-free-mem-pct 92
Sep 16 2026 03:09:18 GMT: INFO (info): (ticker.c:287)    process: cpu-pct 322 threads (9,61,113,113) heap-kbytes (6490225,6510664,6710784) heap-efficiency-pct 99.7
Sep 16 2026 03:09:18 GMT: INFO (info): (ticker.c:297)    in-progress: info-q 1 rw-hash 0 proxy-hash 0 tree-gc-q 0 long-queries 0
Sep 16 2026 03:09:18 GMT: INFO (info): (ticker.c:340)    fds: proto (512,1548,1036) heartbeat (0,0,0) fabric (0,0,0) admin (0,0,0)
Sep 16 2026 03:09:18 GMT: INFO (info): (ticker.c:352)    heartbeat-received: self 0 foreign 0
Sep 16 2026 03:09:18 GMT: INFO (info): (ticker.c:378)    fabric-bytes-per-second: bulk (0,0) ctrl (0,0) meta (0,0) rw (0,0)
Sep 16 2026 03:09:18 GMT: INFO (info): (ticker.c:426) {ycsb} objects: all 100000000 master 100000000 prole 0 non-replica 0
Sep 16 2026 03:09:18 GMT: INFO (info): (ticker.c:481) {ycsb} migrations: complete
Sep 16 2026 03:09:18 GMT: INFO (info): (ticker.c:506) {ycsb} index-usage: used-bytes 6400000000
Sep 16 2026 03:09:18 GMT: INFO (info): (ticker.c:559) {ycsb} data-usage: used-bytes 145600000000 avail-pct 86 cache-read-pct 0.00
Sep 16 2026 03:09:18 GMT: INFO (info): (ticker.c:618) {ycsb} client: tsvc (0,0) proxy (0,0,0) read (21110471,0,0,0,0) write (0,0,0,0) delete (0,0,0,0,0) udf (0,0,0,0) lang (0,0,0,0)
Sep 16 2026 03:09:18 GMT: INFO (info): (hist.c:319) histogram dump: {ycsb}-read (21110471 total) msec
Sep 16 2026 03:09:18 GMT: INFO (info): (hist.c:339)  (00: 0021110471)
Sep 16 2026 03:09:18 GMT: INFO (deprecation): (thr_info.c:888) (repeated:2557) 'services' info command is deprecated - use 'peers-clear-std' instead
Sep 16 2026 03:09:28 GMT: INFO (info): (ticker.c:169) NODE-ID bb9f1b2523a0d00 CLUSTER-SIZE 1 CLUSTER-NAME ycsb-default-20260916
Sep 16 2026 03:09:28 GMT: INFO (info): (ticker.c:241)    cluster-clock: skew-ms 0
Sep 16 2026 03:09:28 GMT: INFO (info): (ticker.c:265)    system: total-cpu-pct 380 user-cpu-pct 96 kernel-cpu-pct 284 free-mem-kbytes 122474820 free-mem-pct 92 thp-mem-kbytes 6838272 host-free-mem-kbytes 122474820 host-free-mem-pct 92
Sep 16 2026 03:09:28 GMT: INFO (info): (ticker.c:287)    process: cpu-pct 322 threads (9,61,113,113) heap-kbytes (6490211,6510652,6710784) heap-efficiency-pct 99.7
Sep 16 2026 03:09:28 GMT: INFO (info): (ticker.c:297)    in-progress: info-q 0 rw-hash 0 proxy-hash 0 tree-gc-q 0 long-queries 0
Sep 16 2026 03:09:28 GMT: INFO (info): (ticker.c:340)    fds: proto (512,1548,1036) heartbeat (0,0,0) fabric (0,0,0) admin (0,0,0)
Sep 16 2026 03:09:28 GMT: INFO (info): (ticker.c:352)    heartbeat-received: self 0 foreign 0
Sep 16 2026 03:09:28 GMT: INFO (info): (ticker.c:378)    fabric-bytes-per-second: bulk (0,0) ctrl (0,0) meta (0,0) rw (0,0)
Sep 16 2026 03:09:28 GMT: INFO (info): (ticker.c:426) {ycsb} objects: all 100000000 master 100000000 prole 0 non-replica 0
Sep 16 2026 03:09:28 GMT: INFO (info): (ticker.c:481) {ycsb} migrations: complete
Sep 16 2026 03:09:28 GMT: INFO (info): (ticker.c:506) {ycsb} index-usage: used-bytes 6400000000
Sep 16 2026 03:09:28 GMT: INFO (info): (ticker.c:559) {ycsb} data-usage: used-bytes 145600000000 avail-pct 86 cache-read-pct 0.00
Sep 16 2026 03:09:28 GMT: INFO (info): (ticker.c:618) {ycsb} client: tsvc (0,0) proxy (0,0,0) read (22110607,0,0,0,0) write (0,0,0,0) delete (0,0,0,0,0) udf (0,0,0,0) lang (0,0,0,0)
Sep 16 2026 03:09:28 GMT: INFO (info): (hist.c:319) histogram dump: {ycsb}-read (22110607 total) msec
Sep 16 2026 03:09:28 GMT: INFO (info): (hist.c:339)  (00: 0022110607)
Sep 16 2026 03:09:28 GMT: INFO (deprecation): (thr_info.c:888) (repeated:2552) 'services' info command is deprecated - use 'peers-clear-std' instead
Sep 16 2026 03:09:38 GMT: INFO (drv_ssd): (drv_ssd.c:2133) {ycsb} /dev/md127p3: used-bytes 145600000000 free-wblocks 113710 write-q 0 write (0,0.0) defrag-q 0 defrag-read (1,0.0) defrag-write (0,0.0)
Sep 16 2026 03:09:38 GMT: INFO (info): (ticker.c:169) NODE-ID bb9f1b2523a0d00 CLUSTER-SIZE 1 CLUSTER-NAME ycsb-default-20260916
Sep 16 2026 03:09:38 GMT: INFO (info): (ticker.c:241)    cluster-clock: skew-ms 0
Sep 16 2026 03:09:38 GMT: INFO (info): (ticker.c:265)    system: total-cpu-pct 381 user-cpu-pct 98 kernel-cpu-pct 283 free-mem-kbytes 122474832 free-mem-pct 92 thp-mem-kbytes 6836224 host-free-mem-kbytes 122474832 host-free-mem-pct 92
Sep 16 2026 03:09:38 GMT: INFO (info): (ticker.c:287)    process: cpu-pct 322 threads (9,61,113,113) heap-kbytes (6490209,6510640,6710784) heap-efficiency-pct 99.7
Sep 16 2026 03:09:38 GMT: INFO (info): (ticker.c:297)    in-progress: info-q 0 rw-hash 0 proxy-hash 0 tree-gc-q 0 long-queries 0
Sep 16 2026 03:09:38 GMT: INFO (info): (ticker.c:340)    fds: proto (512,1548,1036) heartbeat (0,0,0) fabric (0,0,0) admin (0,0,0)
Sep 16 2026 03:09:38 GMT: INFO (info): (ticker.c:352)    heartbeat-received: self 0 foreign 0
Sep 16 2026 03:09:38 GMT: INFO (info): (ticker.c:378)    fabric-bytes-per-second: bulk (0,0) ctrl (0,0) meta (0,0) rw (0,0)
Sep 16 2026 03:09:38 GMT: INFO (info): (ticker.c:426) {ycsb} objects: all 100000000 master 100000000 prole 0 non-replica 0
Sep 16 2026 03:09:38 GMT: INFO (info): (ticker.c:481) {ycsb} migrations: complete
Sep 16 2026 03:09:38 GMT: INFO (info): (ticker.c:506) {ycsb} index-usage: used-bytes 6400000000
Sep 16 2026 03:09:38 GMT: INFO (info): (ticker.c:559) {ycsb} data-usage: used-bytes 145600000000 avail-pct 86 cache-read-pct 0.00
Sep 16 2026 03:09:38 GMT: INFO (info): (ticker.c:618) {ycsb} client: tsvc (0,0) proxy (0,0,0) read (23110746,0,0,0,0) write (0,0,0,0) delete (0,0,0,0,0) udf (0,0,0,0) lang (0,0,0,0)
Sep 16 2026 03:09:38 GMT: INFO (info): (hist.c:319) histogram dump: {ycsb}-read (23110746 total) msec
Sep 16 2026 03:09:38 GMT: INFO (info): (hist.c:339)  (00: 0023110746)
Sep 16 2026 03:09:38 GMT: INFO (deprecation): (thr_info.c:888) (repeated:2555) 'services' info command is deprecated - use 'peers-clear-std' instead
Sep 16 2026 03:09:48 GMT: INFO (info): (ticker.c:169) NODE-ID bb9f1b2523a0d00 CLUSTER-SIZE 1 CLUSTER-NAME ycsb-default-20260916
Sep 16 2026 03:09:48 GMT: INFO (info): (ticker.c:241)    cluster-clock: skew-ms 0
Sep 16 2026 03:09:48 GMT: INFO (info): (ticker.c:265)    system: total-cpu-pct 376 user-cpu-pct 97 kernel-cpu-pct 279 free-mem-kbytes 122474848 free-mem-pct 92 thp-mem-kbytes 6836224 host-free-mem-kbytes 122474848 host-free-mem-pct 92
Sep 16 2026 03:09:48 GMT: INFO (info): (ticker.c:287)    process: cpu-pct 322 threads (9,61,113,113) heap-kbytes (6490215,6510652,6710784) heap-efficiency-pct 99.7
Sep 16 2026 03:09:48 GMT: INFO (info): (ticker.c:297)    in-progress: info-q 0 rw-hash 0 proxy-hash 0 tree-gc-q 0 long-queries 0
Sep 16 2026 03:09:48 GMT: INFO (info): (ticker.c:340)    fds: proto (512,1548,1036) heartbeat (0,0,0) fabric (0,0,0) admin (0,0,0)
Sep 16 2026 03:09:48 GMT: INFO (info): (ticker.c:352)    heartbeat-received: self 0 foreign 0
Sep 16 2026 03:09:48 GMT: INFO (info): (ticker.c:378)    fabric-bytes-per-second: bulk (0,0) ctrl (0,0) meta (0,0) rw (0,0)
Sep 16 2026 03:09:48 GMT: INFO (info): (ticker.c:426) {ycsb} objects: all 100000000 master 100000000 prole 0 non-replica 0
Sep 16 2026 03:09:48 GMT: INFO (info): (ticker.c:481) {ycsb} migrations: complete
Sep 16 2026 03:09:48 GMT: INFO (info): (ticker.c:506) {ycsb} index-usage: used-bytes 6400000000
Sep 16 2026 03:09:48 GMT: INFO (info): (ticker.c:559) {ycsb} data-usage: used-bytes 145600000000 avail-pct 86 cache-read-pct 0.00
Sep 16 2026 03:09:48 GMT: INFO (info): (ticker.c:618) {ycsb} client: tsvc (0,0) proxy (0,0,0) read (24110910,0,0,0,0) write (0,0,0,0) delete (0,0,0,0,0) udf (0,0,0,0) lang (0,0,0,0)
Sep 16 2026 03:09:48 GMT: INFO (info): (hist.c:319) histogram dump: {ycsb}-read (24110910 total) msec
Sep 16 2026 03:09:48 GMT: INFO (info): (hist.c:339)  (00: 0024110910)
Sep 16 2026 03:09:48 GMT: INFO (deprecation): (thr_info.c:888) (repeated:2556) 'services' info command is deprecated - use 'peers-clear-std' instead
Sep 16 2026 03:09:58 GMT: INFO (drv_ssd): (drv_ssd.c:2133) {ycsb} /dev/md127p3: used-bytes 145600000000 free-wblocks 113710 write-q 0 write (0,0.0) defrag-q 0 defrag-read (1,0.0) defrag-write (0,0.0)
Sep 16 2026 03:09:58 GMT: INFO (info): (ticker.c:169) NODE-ID bb9f1b2523a0d00 CLUSTER-SIZE 1 CLUSTER-NAME ycsb-default-20260916
Sep 16 2026 03:09:58 GMT: INFO (info): (ticker.c:241)    cluster-clock: skew-ms 0
Sep 16 2026 03:09:58 GMT: INFO (info): (ticker.c:265)    system: total-cpu-pct 379 user-cpu-pct 95 kernel-cpu-pct 284 free-mem-kbytes 122472232 free-mem-pct 92 thp-mem-kbytes 6838272 host-free-mem-kbytes 122472232 host-free-mem-pct 92
Sep 16 2026 03:09:58 GMT: INFO (info): (ticker.c:287)    process: cpu-pct 322 threads (9,61,113,113) heap-kbytes (6490207,6510652,6710784) heap-efficiency-pct 99.7
Sep 16 2026 03:09:58 GMT: INFO (info): (ticker.c:297)    in-progress: info-q 0 rw-hash 0 proxy-hash 0 tree-gc-q 0 long-queries 0
Sep 16 2026 03:09:58 GMT: INFO (info): (ticker.c:340)    fds: proto (512,1548,1036) heartbeat (0,0,0) fabric (0,0,0) admin (0,0,0)
Sep 16 2026 03:09:58 GMT: INFO (info): (ticker.c:352)    heartbeat-received: self 0 foreign 0
Sep 16 2026 03:09:58 GMT: INFO (info): (ticker.c:378)    fabric-bytes-per-second: bulk (0,0) ctrl (0,0) meta (0,0) rw (0,0)
Sep 16 2026 03:09:58 GMT: INFO (info): (ticker.c:426) {ycsb} objects: all 100000000 master 100000000 prole 0 non-replica 0
Sep 16 2026 03:09:58 GMT: INFO (info): (ticker.c:481) {ycsb} migrations: complete
Sep 16 2026 03:09:58 GMT: INFO (info): (ticker.c:506) {ycsb} index-usage: used-bytes 6400000000
Sep 16 2026 03:09:58 GMT: INFO (info): (ticker.c:559) {ycsb} data-usage: used-bytes 145600000000 avail-pct 86 cache-read-pct 0.00
Sep 16 2026 03:09:58 GMT: INFO (info): (ticker.c:618) {ycsb} client: tsvc (0,0) proxy (0,0,0) read (25111059,0,0,0,0) write (0,0,0,0) delete (0,0,0,0,0) udf (0,0,0,0) lang (0,0,0,0)
Sep 16 2026 03:09:58 GMT: INFO (info): (hist.c:319) histogram dump: {ycsb}-read (25111060 total) msec
Sep 16 2026 03:09:58 GMT: INFO (info): (hist.c:339)  (00: 0025111060)
Sep 16 2026 03:09:58 GMT: INFO (deprecation): (thr_info.c:888) (repeated:2552) 'services' info command is deprecated - use 'peers-clear-std' instead
Sep 16 2026 03:10:08 GMT: INFO (info): (ticker.c:169) NODE-ID bb9f1b2523a0d00 CLUSTER-SIZE 1 CLUSTER-NAME ycsb-default-20260916
Sep 16 2026 03:10:08 GMT: INFO (info): (ticker.c:241)    cluster-clock: skew-ms 0
Sep 16 2026 03:10:08 GMT: INFO (info): (ticker.c:265)    system: total-cpu-pct 369 user-cpu-pct 93 kernel-cpu-pct 276 free-mem-kbytes 122472244 free-mem-pct 92 thp-mem-kbytes 6838272 host-free-mem-kbytes 122472244 host-free-mem-pct 92
Sep 16 2026 03:10:08 GMT: INFO (info): (ticker.c:287)    process: cpu-pct 322 threads (9,61,113,113) heap-kbytes (6490225,6510676,6710784) heap-efficiency-pct 99.7
Sep 16 2026 03:10:08 GMT: INFO (info): (ticker.c:297)    in-progress: info-q 0 rw-hash 0 proxy-hash 0 tree-gc-q 0 long-queries 0
Sep 16 2026 03:10:08 GMT: INFO (info): (ticker.c:340)    fds: proto (512,1548,1036) heartbeat (0,0,0) fabric (0,0,0) admin (0,0,0)
Sep 16 2026 03:10:08 GMT: INFO (info): (ticker.c:352)    heartbeat-received: self 0 foreign 0
Sep 16 2026 03:10:08 GMT: INFO (info): (ticker.c:378)    fabric-bytes-per-second: bulk (0,0) ctrl (0,0) meta (0,0) rw (0,0)
Sep 16 2026 03:10:08 GMT: INFO (info): (ticker.c:426) {ycsb} objects: all 100000000 master 100000000 prole 0 non-replica 0
Sep 16 2026 03:10:08 GMT: INFO (info): (ticker.c:481) {ycsb} migrations: complete
Sep 16 2026 03:10:08 GMT: INFO (info): (ticker.c:506) {ycsb} index-usage: used-bytes 6400000000
Sep 16 2026 03:10:08 GMT: INFO (info): (ticker.c:559) {ycsb} data-usage: used-bytes 145600000000 avail-pct 86 cache-read-pct 0.00
Sep 16 2026 03:10:08 GMT: INFO (info): (ticker.c:618) {ycsb} client: tsvc (0,0) proxy (0,0,0) read (26111189,0,0,0,0) write (0,0,0,0) delete (0,0,0,0,0) udf (0,0,0,0) lang (0,0,0,0)
Sep 16 2026 03:10:08 GMT: INFO (info): (hist.c:319) histogram dump: {ycsb}-read (26111189 total) msec
Sep 16 2026 03:10:08 GMT: INFO (info): (hist.c:339)  (00: 0026111189)
Sep 16 2026 03:10:08 GMT: INFO (deprecation): (thr_info.c:888) (repeated:2553) 'services' info command is deprecated - use 'peers-clear-std' instead
Sep 16 2026 03:10:18 GMT: INFO (drv_ssd): (drv_ssd.c:2133) {ycsb} /dev/md127p3: used-bytes 145600000000 free-wblocks 113710 write-q 0 write (0,0.0) defrag-q 0 defrag-read (1,0.0) defrag-write (0,0.0)
Sep 16 2026 03:10:18 GMT: INFO (info): (ticker.c:169) NODE-ID bb9f1b2523a0d00 CLUSTER-SIZE 1 CLUSTER-NAME ycsb-default-20260916
Sep 16 2026 03:10:18 GMT: INFO (info): (ticker.c:241)    cluster-clock: skew-ms 0
Sep 16 2026 03:10:18 GMT: INFO (info): (ticker.c:265)    system: total-cpu-pct 370 user-cpu-pct 93 kernel-cpu-pct 277 free-mem-kbytes 122472260 free-mem-pct 92 thp-mem-kbytes 6838272 host-free-mem-kbytes 122472260 host-free-mem-pct 92
Sep 16 2026 03:10:18 GMT: INFO (info): (ticker.c:287)    process: cpu-pct 323 threads (9,61,113,113) heap-kbytes (6490204,6510640,6710784) heap-efficiency-pct 99.7
Sep 16 2026 03:10:18 GMT: INFO (info): (ticker.c:297)    in-progress: info-q 0 rw-hash 0 proxy-hash 0 tree-gc-q 0 long-queries 0
Sep 16 2026 03:10:18 GMT: INFO (info): (ticker.c:340)    fds: proto (512,1548,1036) heartbeat (0,0,0) fabric (0,0,0) admin (0,0,0)
Sep 16 2026 03:10:18 GMT: INFO (info): (ticker.c:352)    heartbeat-received: self 0 foreign 0
Sep 16 2026 03:10:18 GMT: INFO (info): (ticker.c:378)    fabric-bytes-per-second: bulk (0,0) ctrl (0,0) meta (0,0) rw (0,0)
Sep 16 2026 03:10:18 GMT: INFO (info): (ticker.c:426) {ycsb} objects: all 100000000 master 100000000 prole 0 non-replica 0
Sep 16 2026 03:10:18 GMT: INFO (info): (ticker.c:481) {ycsb} migrations: complete
Sep 16 2026 03:10:18 GMT: INFO (info): (ticker.c:506) {ycsb} index-usage: used-bytes 6400000000
Sep 16 2026 03:10:18 GMT: INFO (info): (ticker.c:559) {ycsb} data-usage: used-bytes 145600000000 avail-pct 86 cache-read-pct 0.00
Sep 16 2026 03:10:18 GMT: INFO (info): (ticker.c:618) {ycsb} client: tsvc (0,0) proxy (0,0,0) read (27111326,0,0,0,0) write (0,0,0,0) delete (0,0,0,0,0) udf (0,0,0,0) lang (0,0,0,0)
Sep 16 2026 03:10:18 GMT: INFO (info): (hist.c:319) histogram dump: {ycsb}-read (27111328 total) msec
Sep 16 2026 03:10:18 GMT: INFO (info): (hist.c:339)  (00: 0027111328)
Sep 16 2026 03:10:18 GMT: INFO (deprecation): (thr_info.c:888) (repeated:2555) 'services' info command is deprecated - use 'peers-clear-std' instead
Sep 16 2026 03:10:28 GMT: INFO (info): (ticker.c:169) NODE-ID bb9f1b2523a0d00 CLUSTER-SIZE 1 CLUSTER-NAME ycsb-default-20260916
Sep 16 2026 03:10:28 GMT: INFO (info): (ticker.c:241)    cluster-clock: skew-ms 0
Sep 16 2026 03:10:28 GMT: INFO (info): (ticker.c:265)    system: total-cpu-pct 374 user-cpu-pct 96 kernel-cpu-pct 278 free-mem-kbytes 122472404 free-mem-pct 92 thp-mem-kbytes 6836224 host-free-mem-kbytes 122472404 host-free-mem-pct 92
Sep 16 2026 03:10:28 GMT: INFO (info): (ticker.c:287)    process: cpu-pct 322 threads (9,61,113,113) heap-kbytes (6490213,6510640,6710784) heap-efficiency-pct 99.7
Sep 16 2026 03:10:28 GMT: INFO (info): (ticker.c:297)    in-progress: info-q 0 rw-hash 0 proxy-hash 0 tree-gc-q 0 long-queries 0
Sep 16 2026 03:10:28 GMT: INFO (info): (ticker.c:340)    fds: proto (512,1548,1036) heartbeat (0,0,0) fabric (0,0,0) admin (0,0,0)
Sep 16 2026 03:10:28 GMT: INFO (info): (ticker.c:352)    heartbeat-received: self 0 foreign 0
Sep 16 2026 03:10:28 GMT: INFO (info): (ticker.c:378)    fabric-bytes-per-second: bulk (0,0) ctrl (0,0) meta (0,0) rw (0,0)
Sep 16 2026 03:10:28 GMT: INFO (info): (ticker.c:426) {ycsb} objects: all 100000000 master 100000000 prole 0 non-replica 0
Sep 16 2026 03:10:28 GMT: INFO (info): (ticker.c:481) {ycsb} migrations: complete
Sep 16 2026 03:10:28 GMT: INFO (info): (ticker.c:506) {ycsb} index-usage: used-bytes 6400000000
Sep 16 2026 03:10:28 GMT: INFO (info): (ticker.c:559) {ycsb} data-usage: used-bytes 145600000000 avail-pct 86 cache-read-pct 0.00
Sep 16 2026 03:10:28 GMT: INFO (info): (ticker.c:618) {ycsb} client: tsvc (0,0) proxy (0,0,0) read (28111474,0,0,0,0) write (0,0,0,0) delete (0,0,0,0,0) udf (0,0,0,0) lang (0,0,0,0)
Sep 16 2026 03:10:28 GMT: INFO (info): (hist.c:319) histogram dump: {ycsb}-read (28111474 total) msec
Sep 16 2026 03:10:28 GMT: INFO (info): (hist.c:339)  (00: 0028111474)
Sep 16 2026 03:10:28 GMT: INFO (deprecation): (thr_info.c:888) (repeated:2556) 'services' info command is deprecated - use 'peers-clear-std' instead
Sep 16 2026 03:10:38 GMT: INFO (drv_ssd): (drv_ssd.c:2133) {ycsb} /dev/md127p3: used-bytes 145600000000 free-wblocks 113710 write-q 0 write (0,0.0) defrag-q 0 defrag-read (1,0.0) defrag-write (0,0.0)
Sep 16 2026 03:10:38 GMT: INFO (info): (ticker.c:169) NODE-ID bb9f1b2523a0d00 CLUSTER-SIZE 1 CLUSTER-NAME ycsb-default-20260916
Sep 16 2026 03:10:38 GMT: INFO (info): (ticker.c:241)    cluster-clock: skew-ms 0
Sep 16 2026 03:10:38 GMT: INFO (info): (ticker.c:265)    system: total-cpu-pct 370 user-cpu-pct 94 kernel-cpu-pct 276 free-mem-kbytes 122471884 free-mem-pct 92 thp-mem-kbytes 6846464 host-free-mem-kbytes 122471884 host-free-mem-pct 92
Sep 16 2026 03:10:38 GMT: INFO (info): (ticker.c:287)    process: cpu-pct 321 threads (9,61,113,113) heap-kbytes (6490212,6510664,6710784) heap-efficiency-pct 99.7
Sep 16 2026 03:10:38 GMT: INFO (info): (ticker.c:297)    in-progress: info-q 0 rw-hash 0 proxy-hash 0 tree-gc-q 0 long-queries 0
Sep 16 2026 03:10:38 GMT: INFO (info): (ticker.c:340)    fds: proto (512,1548,1036) heartbeat (0,0,0) fabric (0,0,0) admin (0,0,0)
Sep 16 2026 03:10:38 GMT: INFO (info): (ticker.c:352)    heartbeat-received: self 0 foreign 0
Sep 16 2026 03:10:38 GMT: INFO (info): (ticker.c:378)    fabric-bytes-per-second: bulk (0,0) ctrl (0,0) meta (0,0) rw (0,0)
Sep 16 2026 03:10:38 GMT: INFO (info): (ticker.c:426) {ycsb} objects: all 100000000 master 100000000 prole 0 non-replica 0
Sep 16 2026 03:10:38 GMT: INFO (info): (ticker.c:481) {ycsb} migrations: complete
Sep 16 2026 03:10:38 GMT: INFO (info): (ticker.c:506) {ycsb} index-usage: used-bytes 6400000000
Sep 16 2026 03:10:38 GMT: INFO (info): (ticker.c:559) {ycsb} data-usage: used-bytes 145600000000 avail-pct 86 cache-read-pct 0.00
Sep 16 2026 03:10:38 GMT: INFO (info): (ticker.c:618) {ycsb} client: tsvc (0,0) proxy (0,0,0) read (29111628,0,0,0,0) write (0,0,0,0) delete (0,0,0,0,0) udf (0,0,0,0) lang (0,0,0,0)
Sep 16 2026 03:10:38 GMT: INFO (info): (hist.c:319) histogram dump: {ycsb}-read (29111629 total) msec
Sep 16 2026 03:10:38 GMT: INFO (info): (hist.c:339)  (00: 0029111629)
Sep 16 2026 03:10:38 GMT: INFO (deprecation): (thr_info.c:888) (repeated:2555) 'services' info command is deprecated - use 'peers-clear-std' instead
Sep 16 2026 03:10:48 GMT: INFO (info): (ticker.c:169) NODE-ID bb9f1b2523a0d00 CLUSTER-SIZE 1 CLUSTER-NAME ycsb-default-20260916
Sep 16 2026 03:10:48 GMT: INFO (info): (ticker.c:241)    cluster-clock: skew-ms 0
Sep 16 2026 03:10:48 GMT: INFO (info): (ticker.c:265)    system: total-cpu-pct 369 user-cpu-pct 95 kernel-cpu-pct 274 free-mem-kbytes 122470408 free-mem-pct 92 thp-mem-kbytes 6854656 host-free-mem-kbytes 122470408 host-free-mem-pct 92
Sep 16 2026 03:10:48 GMT: INFO (info): (ticker.c:287)    process: cpu-pct 322 threads (9,61,113,113) heap-kbytes (6490228,6510712,6710784) heap-efficiency-pct 99.7
Sep 16 2026 03:10:48 GMT: INFO (info): (ticker.c:297)    in-progress: info-q 0 rw-hash 0 proxy-hash 0 tree-gc-q 0 long-queries 0
Sep 16 2026 03:10:48 GMT: INFO (info): (ticker.c:340)    fds: proto (512,1548,1036) heartbeat (0,0,0) fabric (0,0,0) admin (0,0,0)
Sep 16 2026 03:10:48 GMT: INFO (info): (ticker.c:352)    heartbeat-received: self 0 foreign 0
Sep 16 2026 03:10:48 GMT: INFO (info): (ticker.c:378)    fabric-bytes-per-second: bulk (0,0) ctrl (0,0) meta (0,0) rw (0,0)
Sep 16 2026 03:10:48 GMT: INFO (info): (ticker.c:426) {ycsb} objects: all 100000000 master 100000000 prole 0 non-replica 0
Sep 16 2026 03:10:48 GMT: INFO (info): (ticker.c:481) {ycsb} migrations: complete
Sep 16 2026 03:10:48 GMT: INFO (info): (ticker.c:506) {ycsb} index-usage: used-bytes 6400000000
Sep 16 2026 03:10:48 GMT: INFO (info): (ticker.c:559) {ycsb} data-usage: used-bytes 145600000000 avail-pct 86 cache-read-pct 0.00
Sep 16 2026 03:10:48 GMT: INFO (info): (ticker.c:618) {ycsb} client: tsvc (0,0) proxy (0,0,0) read (30111772,0,0,0,0) write (0,0,0,0) delete (0,0,0,0,0) udf (0,0,0,0) lang (0,0,0,0)
Sep 16 2026 03:10:48 GMT: INFO (info): (hist.c:319) histogram dump: {ycsb}-read (30111772 total) msec
Sep 16 2026 03:10:48 GMT: INFO (info): (hist.c:339)  (00: 0030111772)
Sep 16 2026 03:10:48 GMT: INFO (deprecation): (thr_info.c:888) (repeated:2552) 'services' info command is deprecated - use 'peers-clear-std' instead
Sep 16 2026 03:10:58 GMT: INFO (drv_ssd): (drv_ssd.c:2133) {ycsb} /dev/md127p3: used-bytes 145600000000 free-wblocks 113710 write-q 0 write (0,0.0) defrag-q 0 defrag-read (1,0.0) defrag-write (0,0.0)
Sep 16 2026 03:10:58 GMT: INFO (info): (ticker.c:169) NODE-ID bb9f1b2523a0d00 CLUSTER-SIZE 1 CLUSTER-NAME ycsb-default-20260916
Sep 16 2026 03:10:58 GMT: INFO (info): (ticker.c:241)    cluster-clock: skew-ms 0
Sep 16 2026 03:10:58 GMT: INFO (info): (ticker.c:265)    system: total-cpu-pct 310 user-cpu-pct 92 kernel-cpu-pct 218 free-mem-kbytes 122404868 free-mem-pct 92 thp-mem-kbytes 6856704 host-free-mem-kbytes 122404868 host-free-mem-pct 92
Sep 16 2026 03:10:58 GMT: INFO (info): (ticker.c:287)    process: cpu-pct 276 threads (9,61,113,113) heap-kbytes (6490080,6510544,6710784) heap-efficiency-pct 99.7
Sep 16 2026 03:10:58 GMT: INFO (info): (ticker.c:297)    in-progress: info-q 0 rw-hash 0 proxy-hash 0 tree-gc-q 0 long-queries 0
Sep 16 2026 03:10:58 GMT: INFO (info): (ticker.c:340)    fds: proto (0,1550,1550) heartbeat (0,0,0) fabric (0,0,0) admin (0,0,0)
Sep 16 2026 03:10:58 GMT: INFO (info): (ticker.c:352)    heartbeat-received: self 0 foreign 0
Sep 16 2026 03:10:58 GMT: INFO (info): (ticker.c:378)    fabric-bytes-per-second: bulk (0,0) ctrl (0,0) meta (0,0) rw (0,0)
Sep 16 2026 03:10:58 GMT: INFO (info): (ticker.c:426) {ycsb} objects: all 100000000 master 100000000 prole 0 non-replica 0
Sep 16 2026 03:10:58 GMT: INFO (info): (ticker.c:481) {ycsb} migrations: complete
Sep 16 2026 03:10:58 GMT: INFO (info): (ticker.c:506) {ycsb} index-usage: used-bytes 6400000000
Sep 16 2026 03:10:58 GMT: INFO (info): (ticker.c:559) {ycsb} data-usage: used-bytes 145600000000 avail-pct 86 cache-read-pct 0.00
Sep 16 2026 03:10:58 GMT: INFO (info): (ticker.c:618) {ycsb} client: tsvc (0,0) proxy (0,0,0) read (30967549,0,0,0,0) write (0,0,0,0) delete (0,0,0,0,0) udf (0,0,0,0) lang (0,0,0,0)
Sep 16 2026 03:10:58 GMT: INFO (info): (hist.c:319) histogram dump: {ycsb}-read (30967549 total) msec
Sep 16 2026 03:10:58 GMT: INFO (info): (hist.c:339)  (00: 0030967549)
Sep 16 2026 03:10:58 GMT: INFO (deprecation): (thr_info.c:888) (repeated:2175) 'services' info command is deprecated - use 'peers-clear-std' instead
Sep 16 2026 03:11:01 GMT: INFO (deprecation): (thr_info.c:888) 'features' info command is deprecated - see https://aerospike.com/docs/database/release/8-1/
Sep 16 2026 03:11:01 GMT: INFO (deprecation): (thr_info.c:888) 'replicas-master' info command is deprecated - use 'replicas' instead or upgrade your client
Sep 16 2026 03:11:08 GMT: INFO (info): (ticker.c:169) NODE-ID bb9f1b2523a0d00 CLUSTER-SIZE 1 CLUSTER-NAME ycsb-default-20260916
Sep 16 2026 03:11:08 GMT: INFO (info): (ticker.c:241)    cluster-clock: skew-ms 0
Sep 16 2026 03:11:08 GMT: INFO (info): (ticker.c:265)    system: total-cpu-pct 430 user-cpu-pct 136 kernel-cpu-pct 294 free-mem-kbytes 122320248 free-mem-pct 92 thp-mem-kbytes 6858752 host-free-mem-kbytes 122320248 host-free-mem-pct 92
Sep 16 2026 03:11:08 GMT: INFO (info): (ticker.c:287)    process: cpu-pct 444 threads (9,61,113,113) heap-kbytes (6490275,6510824,6714880) heap-efficiency-pct 99.7
Sep 16 2026 03:11:08 GMT: INFO (info): (ticker.c:297)    in-progress: info-q 0 rw-hash 0 proxy-hash 0 tree-gc-q 0 long-queries 0
Sep 16 2026 03:11:08 GMT: INFO (info): (ticker.c:340)    fds: proto (494,3078,2584) heartbeat (0,0,0) fabric (0,0,0) admin (0,0,0)
Sep 16 2026 03:11:08 GMT: INFO (info): (ticker.c:352)    heartbeat-received: self 0 foreign 0
Sep 16 2026 03:11:08 GMT: INFO (info): (ticker.c:378)    fabric-bytes-per-second: bulk (0,0) ctrl (0,0) meta (0,0) rw (0,0)
Sep 16 2026 03:11:08 GMT: INFO (info): (ticker.c:426) {ycsb} objects: all 100000000 master 100000000 prole 0 non-replica 0
Sep 16 2026 03:11:08 GMT: INFO (info): (ticker.c:481) {ycsb} migrations: complete
Sep 16 2026 03:11:08 GMT: INFO (info): (ticker.c:506) {ycsb} index-usage: used-bytes 6400000000
Sep 16 2026 03:11:08 GMT: INFO (info): (ticker.c:559) {ycsb} data-usage: used-bytes 145600000000 avail-pct 86 cache-read-pct 0.00
Sep 16 2026 03:11:08 GMT: INFO (info): (ticker.c:618) {ycsb} client: tsvc (0,0) proxy (0,0,0) read (32281703,0,0,0,0) write (0,0,0,0) delete (0,0,0,0,0) udf (0,0,0,0) lang (0,0,0,0)
Sep 16 2026 03:11:08 GMT: INFO (info): (hist.c:319) histogram dump: {ycsb}-read (32281706 total) msec
Sep 16 2026 03:11:08 GMT: INFO (info): (hist.c:339)  (00: 0032281495) (01: 0000000211)
Sep 16 2026 03:11:08 GMT: INFO (deprecation): (thr_info.c:888) (repeated:2082) 'services' info command is deprecated - use 'peers-clear-std' instead
Sep 16 2026 03:11:08 GMT: INFO (deprecation): (thr_info.c:888) (repeated:512) 'replicas-master' info command is deprecated - use 'replicas' instead or upgrade your client
Sep 16 2026 03:11:08 GMT: INFO (deprecation): (thr_info.c:888) (repeated:512) 'features' info command is deprecated - see https://aerospike.com/docs/database/release/8-1/
Sep 16 2026 03:11:18 GMT: INFO (drv_ssd): (drv_ssd.c:2133) {ycsb} /dev/md127p3: used-bytes 145600000000 free-wblocks 113710 write-q 0 write (0,0.0) defrag-q 0 defrag-read (1,0.0) defrag-write (0,0.0)
Sep 16 2026 03:11:18 GMT: INFO (info): (ticker.c:169) NODE-ID bb9f1b2523a0d00 CLUSTER-SIZE 1 CLUSTER-NAME ycsb-default-20260916
Sep 16 2026 03:11:18 GMT: INFO (info): (ticker.c:241)    cluster-clock: skew-ms 0
Sep 16 2026 03:11:18 GMT: INFO (info): (ticker.c:265)    system: total-cpu-pct 1583 user-cpu-pct 364 kernel-cpu-pct 1219 free-mem-kbytes 122461320 free-mem-pct 92 thp-mem-kbytes 6858752 host-free-mem-kbytes 122461320 host-free-mem-pct 92
Sep 16 2026 03:11:18 GMT: INFO (info): (ticker.c:287)    process: cpu-pct 1421 threads (9,61,113,113) heap-kbytes (6490264,6510828,6714880) heap-efficiency-pct 99.7
Sep 16 2026 03:11:18 GMT: INFO (info): (ticker.c:297)    in-progress: info-q 0 rw-hash 0 proxy-hash 0 tree-gc-q 0 long-queries 0
Sep 16 2026 03:11:18 GMT: INFO (info): (ticker.c:340)    fds: proto (512,3096,2584) heartbeat (0,0,0) fabric (0,0,0) admin (0,0,0)
Sep 16 2026 03:11:18 GMT: INFO (info): (ticker.c:352)    heartbeat-received: self 0 foreign 0
Sep 16 2026 03:11:18 GMT: INFO (info): (ticker.c:378)    fabric-bytes-per-second: bulk (0,0) ctrl (0,0) meta (0,0) rw (0,0)
Sep 16 2026 03:11:18 GMT: INFO (info): (ticker.c:426) {ycsb} objects: all 100000000 master 100000000 prole 0 non-replica 0
Sep 16 2026 03:11:18 GMT: INFO (info): (ticker.c:481) {ycsb} migrations: complete
Sep 16 2026 03:11:18 GMT: INFO (info): (ticker.c:506) {ycsb} index-usage: used-bytes 6400000000
Sep 16 2026 03:11:18 GMT: INFO (info): (ticker.c:559) {ycsb} data-usage: used-bytes 145600000000 avail-pct 86 cache-read-pct 0.00
Sep 16 2026 03:11:18 GMT: INFO (info): (ticker.c:618) {ycsb} client: tsvc (0,0) proxy (0,0,0) read (36781051,0,0,0,0) write (0,0,0,0) delete (0,0,0,0,0) udf (0,0,0,0) lang (0,0,0,0)
Sep 16 2026 03:11:18 GMT: INFO (info): (hist.c:319) histogram dump: {ycsb}-read (36781055 total) msec
Sep 16 2026 03:11:18 GMT: INFO (info): (hist.c:339)  (00: 0036779239) (01: 0000001816)
Sep 16 2026 03:11:18 GMT: INFO (deprecation): (thr_info.c:888) (repeated:2559) 'services' info command is deprecated - use 'peers-clear-std' instead
Sep 16 2026 03:11:28 GMT: INFO (info): (ticker.c:169) NODE-ID bb9f1b2523a0d00 CLUSTER-SIZE 1 CLUSTER-NAME ycsb-default-20260916
Sep 16 2026 03:11:28 GMT: INFO (info): (ticker.c:241)    cluster-clock: skew-ms 0
Sep 16 2026 03:11:28 GMT: INFO (info): (ticker.c:265)    system: total-cpu-pct 1585 user-cpu-pct 365 kernel-cpu-pct 1220 free-mem-kbytes 122467692 free-mem-pct 92 thp-mem-kbytes 6858752 host-free-mem-kbytes 122467692 host-free-mem-pct 92
Sep 16 2026 03:11:28 GMT: INFO (info): (ticker.c:287)    process: cpu-pct 1419 threads (9,61,113,113) heap-kbytes (6490266,6510828,6714880) heap-efficiency-pct 99.7
Sep 16 2026 03:11:28 GMT: INFO (info): (ticker.c:297)    in-progress: info-q 0 rw-hash 0 proxy-hash 0 tree-gc-q 0 long-queries 0
Sep 16 2026 03:11:28 GMT: INFO (info): (ticker.c:340)    fds: proto (512,3096,2584) heartbeat (0,0,0) fabric (0,0,0) admin (0,0,0)
Sep 16 2026 03:11:28 GMT: INFO (info): (ticker.c:352)    heartbeat-received: self 0 foreign 0
Sep 16 2026 03:11:28 GMT: INFO (info): (ticker.c:378)    fabric-bytes-per-second: bulk (0,0) ctrl (0,0) meta (0,0) rw (0,0)
Sep 16 2026 03:11:28 GMT: INFO (info): (ticker.c:426) {ycsb} objects: all 100000000 master 100000000 prole 0 non-replica 0
Sep 16 2026 03:11:28 GMT: INFO (info): (ticker.c:481) {ycsb} migrations: complete
Sep 16 2026 03:11:28 GMT: INFO (info): (ticker.c:506) {ycsb} index-usage: used-bytes 6400000000
Sep 16 2026 03:11:28 GMT: INFO (info): (ticker.c:559) {ycsb} data-usage: used-bytes 145600000000 avail-pct 86 cache-read-pct 0.00
Sep 16 2026 03:11:28 GMT: INFO (info): (ticker.c:618) {ycsb} client: tsvc (0,0) proxy (0,0,0) read (41282872,0,0,0,0) write (0,0,0,0) delete (0,0,0,0,0) udf (0,0,0,0) lang (0,0,0,0)
Sep 16 2026 03:11:28 GMT: INFO (info): (hist.c:319) histogram dump: {ycsb}-read (41282873 total) msec
Sep 16 2026 03:11:28 GMT: INFO (info): (hist.c:339)  (00: 0041278380) (01: 0000004489) (02: 0000000004)
Sep 16 2026 03:11:28 GMT: INFO (deprecation): (thr_info.c:888) (repeated:2554) 'services' info command is deprecated - use 'peers-clear-std' instead
Sep 16 2026 03:11:38 GMT: INFO (drv_ssd): (drv_ssd.c:2133) {ycsb} /dev/md127p3: used-bytes 145600000000 free-wblocks 113710 write-q 0 write (0,0.0) defrag-q 0 defrag-read (1,0.0) defrag-write (0,0.0)
Sep 16 2026 03:11:38 GMT: INFO (info): (ticker.c:169) NODE-ID bb9f1b2523a0d00 CLUSTER-SIZE 1 CLUSTER-NAME ycsb-default-20260916
Sep 16 2026 03:11:38 GMT: INFO (info): (ticker.c:241)    cluster-clock: skew-ms 0
Sep 16 2026 03:11:38 GMT: INFO (info): (ticker.c:265)    system: total-cpu-pct 1585 user-cpu-pct 368 kernel-cpu-pct 1217 free-mem-kbytes 122467896 free-mem-pct 92 thp-mem-kbytes 6858752 host-free-mem-kbytes 122467896 host-free-mem-pct 92
Sep 16 2026 03:11:38 GMT: INFO (info): (ticker.c:287)    process: cpu-pct 1397 threads (9,61,113,113) heap-kbytes (6490258,6510840,6714880) heap-efficiency-pct 99.7
Sep 16 2026 03:11:38 GMT: INFO (info): (ticker.c:297)    in-progress: info-q 0 rw-hash 0 proxy-hash 0 tree-gc-q 0 long-queries 0
Sep 16 2026 03:11:38 GMT: INFO (info): (ticker.c:340)    fds: proto (512,3096,2584) heartbeat (0,0,0) fabric (0,0,0) admin (0,0,0)
Sep 16 2026 03:11:38 GMT: INFO (info): (ticker.c:352)    heartbeat-received: self 0 foreign 0
Sep 16 2026 03:11:38 GMT: INFO (info): (ticker.c:378)    fabric-bytes-per-second: bulk (0,0) ctrl (0,0) meta (0,0) rw (0,0)
Sep 16 2026 03:11:38 GMT: INFO (info): (ticker.c:426) {ycsb} objects: all 100000000 master 100000000 prole 0 non-replica 0
Sep 16 2026 03:11:38 GMT: INFO (info): (ticker.c:481) {ycsb} migrations: complete
Sep 16 2026 03:11:38 GMT: INFO (info): (ticker.c:506) {ycsb} index-usage: used-bytes 6400000000
Sep 16 2026 03:11:38 GMT: INFO (info): (ticker.c:559) {ycsb} data-usage: used-bytes 145600000000 avail-pct 86 cache-read-pct 0.00
Sep 16 2026 03:11:38 GMT: INFO (info): (ticker.c:618) {ycsb} client: tsvc (0,0) proxy (0,0,0) read (45748018,0,0,0,0) write (0,0,0,0) delete (0,0,0,0,0) udf (0,0,0,0) lang (0,0,0,0)
Sep 16 2026 03:11:38 GMT: INFO (info): (hist.c:319) histogram dump: {ycsb}-read (45748025 total) msec
Sep 16 2026 03:11:38 GMT: INFO (info): (hist.c:330)  (00: 0045738239) (01: 0000009697) (02: 0000000087) (03: 0000000002)
Sep 16 2026 03:11:38 GMT: INFO (deprecation): (thr_info.c:888) (repeated:2558) 'services' info command is deprecated - use 'peers-clear-std' instead
Sep 16 2026 03:11:48 GMT: INFO (info): (ticker.c:169) NODE-ID bb9f1b2523a0d00 CLUSTER-SIZE 1 CLUSTER-NAME ycsb-default-20260916
Sep 16 2026 03:11:48 GMT: INFO (info): (ticker.c:241)    cluster-clock: skew-ms 0
Sep 16 2026 03:11:48 GMT: INFO (info): (ticker.c:265)    system: total-cpu-pct 1584 user-cpu-pct 368 kernel-cpu-pct 1216 free-mem-kbytes 122472672 free-mem-pct 92 thp-mem-kbytes 6854656 host-free-mem-kbytes 122472672 host-free-mem-pct 92
Sep 16 2026 03:11:48 GMT: INFO (info): (ticker.c:287)    process: cpu-pct 1390 threads (9,61,113,113) heap-kbytes (6490259,6510828,6714880) heap-efficiency-pct 99.7
Sep 16 2026 03:11:48 GMT: INFO (info): (ticker.c:297)    in-progress: info-q 0 rw-hash 0 proxy-hash 0 tree-gc-q 0 long-queries 0
Sep 16 2026 03:11:48 GMT: INFO (info): (ticker.c:340)    fds: proto (512,3096,2584) heartbeat (0,0,0) fabric (0,0,0) admin (0,0,0)
Sep 16 2026 03:11:48 GMT: INFO (info): (ticker.c:352)    heartbeat-received: self 0 foreign 0
Sep 16 2026 03:11:48 GMT: INFO (info): (ticker.c:378)    fabric-bytes-per-second: bulk (0,0) ctrl (0,0) meta (0,0) rw (0,0)
Sep 16 2026 03:11:48 GMT: INFO (info): (ticker.c:426) {ycsb} objects: all 100000000 master 100000000 prole 0 non-replica 0
Sep 16 2026 03:11:48 GMT: INFO (info): (ticker.c:481) {ycsb} migrations: complete
Sep 16 2026 03:11:48 GMT: INFO (info): (ticker.c:506) {ycsb} index-usage: used-bytes 6400000000
Sep 16 2026 03:11:48 GMT: INFO (info): (ticker.c:559) {ycsb} data-usage: used-bytes 145600000000 avail-pct 86 cache-read-pct 0.00
Sep 16 2026 03:11:48 GMT: INFO (info): (ticker.c:618) {ycsb} client: tsvc (0,0) proxy (0,0,0) read (50211260,0,0,0,0) write (0,0,0,0) delete (0,0,0,0,0) udf (0,0,0,0) lang (0,0,0,0)
Sep 16 2026 03:11:48 GMT: INFO (info): (hist.c:319) histogram dump: {ycsb}-read (50211262 total) msec
Sep 16 2026 03:11:48 GMT: INFO (info): (hist.c:330)  (00: 0050197324) (01: 0000013840) (02: 0000000088) (03: 0000000007)
Sep 16 2026 03:11:48 GMT: INFO (info): (hist.c:339)  (04: 0000000003)
Sep 16 2026 03:11:48 GMT: INFO (deprecation): (thr_info.c:888) (repeated:2559) 'services' info command is deprecated - use 'peers-clear-std' instead
Sep 16 2026 03:11:58 GMT: INFO (drv_ssd): (drv_ssd.c:2133) {ycsb} /dev/md127p3: used-bytes 145600000000 free-wblocks 113710 write-q 0 write (0,0.0) defrag-q 0 defrag-read (1,0.0) defrag-write (0,0.0)
Sep 16 2026 03:11:58 GMT: INFO (info): (ticker.c:169) NODE-ID bb9f1b2523a0d00 CLUSTER-SIZE 1 CLUSTER-NAME ycsb-default-20260916
Sep 16 2026 03:11:58 GMT: INFO (info): (ticker.c:241)    cluster-clock: skew-ms 0
Sep 16 2026 03:11:58 GMT: INFO (info): (ticker.c:265)    system: total-cpu-pct 1584 user-cpu-pct 370 kernel-cpu-pct 1214 free-mem-kbytes 122471176 free-mem-pct 92 thp-mem-kbytes 6856704 host-free-mem-kbytes 122471176 host-free-mem-pct 92
Sep 16 2026 03:11:58 GMT: INFO (info): (ticker.c:287)    process: cpu-pct 1384 threads (9,61,113,113) heap-kbytes (6490261,6510840,6714880) heap-efficiency-pct 99.7
Sep 16 2026 03:11:58 GMT: INFO (info): (ticker.c:297)    in-progress: info-q 0 rw-hash 0 proxy-hash 0 tree-gc-q 0 long-queries 0
Sep 16 2026 03:11:58 GMT: INFO (info): (ticker.c:340)    fds: proto (512,3096,2584) heartbeat (0,0,0) fabric (0,0,0) admin (0,0,0)
Sep 16 2026 03:11:58 GMT: INFO (info): (ticker.c:352)    heartbeat-received: self 0 foreign 0
Sep 16 2026 03:11:58 GMT: INFO (info): (ticker.c:378)    fabric-bytes-per-second: bulk (0,0) ctrl (0,0) meta (0,0) rw (0,0)
Sep 16 2026 03:11:58 GMT: INFO (info): (ticker.c:426) {ycsb} objects: all 100000000 master 100000000 prole 0 non-replica 0
Sep 16 2026 03:11:58 GMT: INFO (info): (ticker.c:481) {ycsb} migrations: complete
Sep 16 2026 03:11:58 GMT: INFO (info): (ticker.c:506) {ycsb} index-usage: used-bytes 6400000000
Sep 16 2026 03:11:58 GMT: INFO (info): (ticker.c:559) {ycsb} data-usage: used-bytes 145600000000 avail-pct 86 cache-read-pct 0.00
Sep 16 2026 03:11:58 GMT: INFO (info): (ticker.c:618) {ycsb} client: tsvc (0,0) proxy (0,0,0) read (54674274,0,0,0,0) write (0,0,0,0) delete (0,0,0,0,0) udf (0,0,0,0) lang (0,0,0,0)
Sep 16 2026 03:11:58 GMT: INFO (info): (hist.c:319) histogram dump: {ycsb}-read (54674278 total) msec
Sep 16 2026 03:11:58 GMT: INFO (info): (hist.c:330)  (00: 0054656196) (01: 0000017970) (02: 0000000093) (03: 0000000016)
Sep 16 2026 03:11:58 GMT: INFO (info): (hist.c:339)  (04: 0000000003)
Sep 16 2026 03:11:58 GMT: INFO (deprecation): (thr_info.c:888) (repeated:2558) 'services' info command is deprecated - use 'peers-clear-std' instead
Sep 16 2026 03:12:08 GMT: INFO (info): (ticker.c:169) NODE-ID bb9f1b2523a0d00 CLUSTER-SIZE 1 CLUSTER-NAME ycsb-default-20260916
Sep 16 2026 03:12:08 GMT: INFO (info): (ticker.c:241)    cluster-clock: skew-ms 0
Sep 16 2026 03:12:08 GMT: INFO (info): (ticker.c:265)    system: total-cpu-pct 1584 user-cpu-pct 367 kernel-cpu-pct 1217 free-mem-kbytes 122470232 free-mem-pct 92 thp-mem-kbytes 6856704 host-free-mem-kbytes 122470232 host-free-mem-pct 92
Sep 16 2026 03:12:08 GMT: INFO (info): (ticker.c:287)    process: cpu-pct 1385 threads (9,61,113,113) heap-kbytes (6490272,6510852,6714880) heap-efficiency-pct 99.7
Sep 16 2026 03:12:08 GMT: INFO (info): (ticker.c:297)    in-progress: info-q 0 rw-hash 0 proxy-hash 0 tree-gc-q 0 long-queries 0
Sep 16 2026 03:12:08 GMT: INFO (info): (ticker.c:340)    fds: proto (512,3096,2584) heartbeat (0,0,0) fabric (0,0,0) admin (0,0,0)
Sep 16 2026 03:12:08 GMT: INFO (info): (ticker.c:352)    heartbeat-received: self 0 foreign 0
Sep 16 2026 03:12:08 GMT: INFO (info): (ticker.c:378)    fabric-bytes-per-second: bulk (0,0) ctrl (0,0) meta (0,0) rw (0,0)
Sep 16 2026 03:12:08 GMT: INFO (info): (ticker.c:426) {ycsb} objects: all 100000000 master 100000000 prole 0 non-replica 0
Sep 16 2026 03:12:08 GMT: INFO (info): (ticker.c:481) {ycsb} migrations: complete
Sep 16 2026 03:12:08 GMT: INFO (info): (ticker.c:506) {ycsb} index-usage: used-bytes 6400000000
Sep 16 2026 03:12:08 GMT: INFO (info): (ticker.c:559) {ycsb} data-usage: used-bytes 145600000000 avail-pct 86 cache-read-pct 0.00
Sep 16 2026 03:12:08 GMT: INFO (info): (ticker.c:618) {ycsb} client: tsvc (0,0) proxy (0,0,0) read (59132346,0,0,0,0) write (0,0,0,0) delete (0,0,0,0,0) udf (0,0,0,0) lang (0,0,0,0)
Sep 16 2026 03:12:08 GMT: INFO (info): (hist.c:319) histogram dump: {ycsb}-read (59132348 total) msec
Sep 16 2026 03:12:08 GMT: INFO (info): (hist.c:330)  (00: 0059109968) (01: 0000022268) (02: 0000000093) (03: 0000000016)
Sep 16 2026 03:12:08 GMT: INFO (info): (hist.c:339)  (04: 0000000003)
Sep 16 2026 03:12:08 GMT: INFO (deprecation): (thr_info.c:888) (repeated:2557) 'services' info command is deprecated - use 'peers-clear-std' instead
Sep 16 2026 03:12:18 GMT: INFO (drv_ssd): (drv_ssd.c:2133) {ycsb} /dev/md127p3: used-bytes 145600000000 free-wblocks 113710 write-q 0 write (0,0.0) defrag-q 0 defrag-read (1,0.0) defrag-write (0,0.0)
Sep 16 2026 03:12:18 GMT: INFO (info): (ticker.c:169) NODE-ID bb9f1b2523a0d00 CLUSTER-SIZE 1 CLUSTER-NAME ycsb-default-20260916
Sep 16 2026 03:12:18 GMT: INFO (info): (ticker.c:241)    cluster-clock: skew-ms 0
Sep 16 2026 03:12:18 GMT: INFO (info): (ticker.c:265)    system: total-cpu-pct 1585 user-cpu-pct 369 kernel-cpu-pct 1216 free-mem-kbytes 122469596 free-mem-pct 92 thp-mem-kbytes 6856704 host-free-mem-kbytes 122469596 host-free-mem-pct 92
Sep 16 2026 03:12:18 GMT: INFO (info): (ticker.c:287)    process: cpu-pct 1388 threads (9,61,113,113) heap-kbytes (6490263,6510840,6714880) heap-efficiency-pct 99.7
Sep 16 2026 03:12:18 GMT: INFO (info): (ticker.c:297)    in-progress: info-q 0 rw-hash 0 proxy-hash 0 tree-gc-q 0 long-queries 0
Sep 16 2026 03:12:18 GMT: INFO (info): (ticker.c:340)    fds: proto (512,3096,2584) heartbeat (0,0,0) fabric (0,0,0) admin (0,0,0)
Sep 16 2026 03:12:18 GMT: INFO (info): (ticker.c:352)    heartbeat-received: self 0 foreign 0
Sep 16 2026 03:12:18 GMT: INFO (info): (ticker.c:378)    fabric-bytes-per-second: bulk (0,0) ctrl (0,0) meta (0,0) rw (0,0)
Sep 16 2026 03:12:18 GMT: INFO (info): (ticker.c:426) {ycsb} objects: all 100000000 master 100000000 prole 0 non-replica 0
Sep 16 2026 03:12:18 GMT: INFO (info): (ticker.c:481) {ycsb} migrations: complete
Sep 16 2026 03:12:18 GMT: INFO (info): (ticker.c:506) {ycsb} index-usage: used-bytes 6400000000
Sep 16 2026 03:12:18 GMT: INFO (info): (ticker.c:559) {ycsb} data-usage: used-bytes 145600000000 avail-pct 86 cache-read-pct 0.00
Sep 16 2026 03:12:18 GMT: INFO (info): (ticker.c:618) {ycsb} client: tsvc (0,0) proxy (0,0,0) read (63604737,0,0,0,0) write (0,0,0,0) delete (0,0,0,0,0) udf (0,0,0,0) lang (0,0,0,0)
Sep 16 2026 03:12:18 GMT: INFO (info): (hist.c:319) histogram dump: {ycsb}-read (63604740 total) msec
Sep 16 2026 03:12:18 GMT: INFO (info): (hist.c:330)  (00: 0063578528) (01: 0000026099) (02: 0000000094) (03: 0000000016)
Sep 16 2026 03:12:18 GMT: INFO (info): (hist.c:339)  (04: 0000000003)
Sep 16 2026 03:12:18 GMT: INFO (deprecation): (thr_info.c:888) (repeated:2556) 'services' info command is deprecated - use 'peers-clear-std' instead
Sep 16 2026 03:12:28 GMT: INFO (info): (ticker.c:169) NODE-ID bb9f1b2523a0d00 CLUSTER-SIZE 1 CLUSTER-NAME ycsb-default-20260916
Sep 16 2026 03:12:28 GMT: INFO (info): (ticker.c:241)    cluster-clock: skew-ms 0
Sep 16 2026 03:12:28 GMT: INFO (info): (ticker.c:265)    system: total-cpu-pct 1585 user-cpu-pct 368 kernel-cpu-pct 1217 free-mem-kbytes 122470088 free-mem-pct 92 thp-mem-kbytes 6856704 host-free-mem-kbytes 122470088 host-free-mem-pct 92
Sep 16 2026 03:12:28 GMT: INFO (info): (ticker.c:287)    process: cpu-pct 1387 threads (9,61,113,113) heap-kbytes (6490264,6510828,6714880) heap-efficiency-pct 99.7
Sep 16 2026 03:12:28 GMT: INFO (info): (ticker.c:297)    in-progress: info-q 0 rw-hash 0 proxy-hash 0 tree-gc-q 0 long-queries 0
Sep 16 2026 03:12:28 GMT: INFO (info): (ticker.c:340)    fds: proto (512,3096,2584) heartbeat (0,0,0) fabric (0,0,0) admin (0,0,0)
Sep 16 2026 03:12:28 GMT: INFO (info): (ticker.c:352)    heartbeat-received: self 0 foreign 0
Sep 16 2026 03:12:28 GMT: INFO (info): (ticker.c:378)    fabric-bytes-per-second: bulk (0,0) ctrl (0,0) meta (0,0) rw (0,0)
Sep 16 2026 03:12:28 GMT: INFO (info): (ticker.c:426) {ycsb} objects: all 100000000 master 100000000 prole 0 non-replica 0
Sep 16 2026 03:12:28 GMT: INFO (info): (ticker.c:481) {ycsb} migrations: complete
Sep 16 2026 03:12:28 GMT: INFO (info): (ticker.c:506) {ycsb} index-usage: used-bytes 6400000000
Sep 16 2026 03:12:28 GMT: INFO (info): (ticker.c:559) {ycsb} data-usage: used-bytes 145600000000 avail-pct 86 cache-read-pct 0.00
Sep 16 2026 03:12:28 GMT: INFO (info): (ticker.c:618) {ycsb} client: tsvc (0,0) proxy (0,0,0) read (68062786,0,0,0,0) write (0,0,0,0) delete (0,0,0,0,0) udf (0,0,0,0) lang (0,0,0,0)
Sep 16 2026 03:12:28 GMT: INFO (info): (hist.c:319) histogram dump: {ycsb}-read (68062786 total) msec
Sep 16 2026 03:12:28 GMT: INFO (info): (hist.c:330)  (00: 0068032169) (01: 0000030485) (02: 0000000113) (03: 0000000016)
Sep 16 2026 03:12:28 GMT: INFO (info): (hist.c:339)  (04: 0000000003)
Sep 16 2026 03:12:28 GMT: INFO (deprecation): (thr_info.c:888) (repeated:2557) 'services' info command is deprecated - use 'peers-clear-std' instead
Sep 16 2026 03:12:38 GMT: INFO (drv_ssd): (drv_ssd.c:2133) {ycsb} /dev/md127p3: used-bytes 145600000000 free-wblocks 113710 write-q 0 write (0,0.0) defrag-q 0 defrag-read (1,0.0) defrag-write (0,0.0)
Sep 16 2026 03:12:38 GMT: INFO (info): (ticker.c:169) NODE-ID bb9f1b2523a0d00 CLUSTER-SIZE 1 CLUSTER-NAME ycsb-default-20260916
Sep 16 2026 03:12:38 GMT: INFO (info): (ticker.c:241)    cluster-clock: skew-ms 0
Sep 16 2026 03:12:38 GMT: INFO (info): (ticker.c:265)    system: total-cpu-pct 1585 user-cpu-pct 368 kernel-cpu-pct 1217 free-mem-kbytes 122467952 free-mem-pct 92 thp-mem-kbytes 6858752 host-free-mem-kbytes 122467952 host-free-mem-pct 92
Sep 16 2026 03:12:38 GMT: INFO (info): (ticker.c:287)    process: cpu-pct 1389 threads (9,61,113,113) heap-kbytes (6490264,6510852,6714880) heap-efficiency-pct 99.7
Sep 16 2026 03:12:38 GMT: INFO (info): (ticker.c:297)    in-progress: info-q 0 rw-hash 0 proxy-hash 0 tree-gc-q 0 long-queries 0
Sep 16 2026 03:12:38 GMT: INFO (info): (ticker.c:340)    fds: proto (512,3096,2584) heartbeat (0,0,0) fabric (0,0,0) admin (0,0,0)
Sep 16 2026 03:12:38 GMT: INFO (info): (ticker.c:352)    heartbeat-received: self 0 foreign 0
Sep 16 2026 03:12:38 GMT: INFO (info): (ticker.c:378)    fabric-bytes-per-second: bulk (0,0) ctrl (0,0) meta (0,0) rw (0,0)
Sep 16 2026 03:12:38 GMT: INFO (info): (ticker.c:426) {ycsb} objects: all 100000000 master 100000000 prole 0 non-replica 0
Sep 16 2026 03:12:38 GMT: INFO (info): (ticker.c:481) {ycsb} migrations: complete
Sep 16 2026 03:12:38 GMT: INFO (info): (ticker.c:506) {ycsb} index-usage: used-bytes 6400000000
Sep 16 2026 03:12:38 GMT: INFO (info): (ticker.c:559) {ycsb} data-usage: used-bytes 145600000000 avail-pct 86 cache-read-pct 0.00
Sep 16 2026 03:12:38 GMT: INFO (info): (ticker.c:618) {ycsb} client: tsvc (0,0) proxy (0,0,0) read (72540481,0,0,0,0) write (0,0,0,0) delete (0,0,0,0,0) udf (0,0,0,0) lang (0,0,0,0)
Sep 16 2026 03:12:38 GMT: INFO (info): (hist.c:319) histogram dump: {ycsb}-read (72540485 total) msec
Sep 16 2026 03:12:38 GMT: INFO (info): (hist.c:330)  (00: 0072506104) (01: 0000034236) (02: 0000000126) (03: 0000000016)
Sep 16 2026 03:12:38 GMT: INFO (info): (hist.c:339)  (04: 0000000003)
Sep 16 2026 03:12:38 GMT: INFO (deprecation): (thr_info.c:888) (repeated:2558) 'services' info command is deprecated - use 'peers-clear-std' instead
Sep 16 2026 03:12:48 GMT: INFO (info): (ticker.c:169) NODE-ID bb9f1b2523a0d00 CLUSTER-SIZE 1 CLUSTER-NAME ycsb-default-20260916
Sep 16 2026 03:12:48 GMT: INFO (info): (ticker.c:241)    cluster-clock: skew-ms 0
Sep 16 2026 03:12:48 GMT: INFO (info): (ticker.c:265)    system: total-cpu-pct 1584 user-cpu-pct 369 kernel-cpu-pct 1215 free-mem-kbytes 122469112 free-mem-pct 92 thp-mem-kbytes 6854656 host-free-mem-kbytes 122469112 host-free-mem-pct 92
Sep 16 2026 03:12:48 GMT: INFO (info): (ticker.c:287)    process: cpu-pct 1382 threads (9,61,113,113) heap-kbytes (6490261,6510840,6714880) heap-efficiency-pct 99.7
Sep 16 2026 03:12:48 GMT: INFO (info): (ticker.c:297)    in-progress: info-q 0 rw-hash 0 proxy-hash 0 tree-gc-q 0 long-queries 0
Sep 16 2026 03:12:48 GMT: INFO (info): (ticker.c:340)    fds: proto (512,3096,2584) heartbeat (0,0,0) fabric (0,0,0) admin (0,0,0)
Sep 16 2026 03:12:48 GMT: INFO (info): (ticker.c:352)    heartbeat-received: self 0 foreign 0
Sep 16 2026 03:12:48 GMT: INFO (info): (ticker.c:378)    fabric-bytes-per-second: bulk (0,0) ctrl (0,0) meta (0,0) rw (0,0)
Sep 16 2026 03:12:48 GMT: INFO (info): (ticker.c:426) {ycsb} objects: all 100000000 master 100000000 prole 0 non-replica 0
Sep 16 2026 03:12:48 GMT: INFO (info): (ticker.c:481) {ycsb} migrations: complete
Sep 16 2026 03:12:48 GMT: INFO (info): (ticker.c:506) {ycsb} index-usage: used-bytes 6400000000
Sep 16 2026 03:12:48 GMT: INFO (info): (ticker.c:559) {ycsb} data-usage: used-bytes 145600000000 avail-pct 86 cache-read-pct 0.00
Sep 16 2026 03:12:48 GMT: INFO (info): (ticker.c:618) {ycsb} client: tsvc (0,0) proxy (0,0,0) read (77004459,0,0,0,0) write (0,0,0,0) delete (0,0,0,0,0) udf (0,0,0,0) lang (0,0,0,0)
Sep 16 2026 03:12:48 GMT: INFO (info): (hist.c:319) histogram dump: {ycsb}-read (77004462 total) msec
Sep 16 2026 03:12:48 GMT: INFO (info): (hist.c:330)  (00: 0076965909) (01: 0000038408) (02: 0000000126) (03: 0000000016)
Sep 16 2026 03:12:48 GMT: INFO (info): (hist.c:339)  (04: 0000000003)
Sep 16 2026 03:12:48 GMT: INFO (deprecation): (thr_info.c:888) (repeated:2556) 'services' info command is deprecated - use 'peers-clear-std' instead
Sep 16 2026 03:12:58 GMT: INFO (drv_ssd): (drv_ssd.c:2133) {ycsb} /dev/md127p3: used-bytes 145600000000 free-wblocks 113710 write-q 0 write (0,0.0) defrag-q 0 defrag-read (1,0.0) defrag-write (0,0.0)
Sep 16 2026 03:12:58 GMT: INFO (info): (ticker.c:169) NODE-ID bb9f1b2523a0d00 CLUSTER-SIZE 1 CLUSTER-NAME ycsb-default-20260916
Sep 16 2026 03:12:58 GMT: INFO (info): (ticker.c:241)    cluster-clock: skew-ms 0
Sep 16 2026 03:12:58 GMT: INFO (info): (ticker.c:265)    system: total-cpu-pct 1585 user-cpu-pct 364 kernel-cpu-pct 1221 free-mem-kbytes 122462064 free-mem-pct 92 thp-mem-kbytes 6856704 host-free-mem-kbytes 122462064 host-free-mem-pct 92
Sep 16 2026 03:12:58 GMT: INFO (info): (ticker.c:287)    process: cpu-pct 1382 threads (9,61,113,113) heap-kbytes (6490265,6510852,6714880) heap-efficiency-pct 99.7
Sep 16 2026 03:12:58 GMT: INFO (info): (ticker.c:297)    in-progress: info-q 0 rw-hash 0 proxy-hash 0 tree-gc-q 0 long-queries 0
Sep 16 2026 03:12:58 GMT: INFO (info): (ticker.c:340)    fds: proto (512,3096,2584) heartbeat (0,0,0) fabric (0,0,0) admin (0,0,0)
Sep 16 2026 03:12:58 GMT: INFO (info): (ticker.c:352)    heartbeat-received: self 0 foreign 0
Sep 16 2026 03:12:58 GMT: INFO (info): (ticker.c:378)    fabric-bytes-per-second: bulk (0,0) ctrl (0,0) meta (0,0) rw (0,0)
Sep 16 2026 03:12:58 GMT: INFO (info): (ticker.c:426) {ycsb} objects: all 100000000 master 100000000 prole 0 non-replica 0
Sep 16 2026 03:12:58 GMT: INFO (info): (ticker.c:481) {ycsb} migrations: complete
Sep 16 2026 03:12:58 GMT: INFO (info): (ticker.c:506) {ycsb} index-usage: used-bytes 6400000000
Sep 16 2026 03:12:58 GMT: INFO (info): (ticker.c:559) {ycsb} data-usage: used-bytes 145600000000 avail-pct 86 cache-read-pct 0.00
Sep 16 2026 03:12:58 GMT: INFO (info): (ticker.c:618) {ycsb} client: tsvc (0,0) proxy (0,0,0) read (81475032,0,0,0,0) write (0,0,0,0) delete (0,0,0,0,0) udf (0,0,0,0) lang (0,0,0,0)
Sep 16 2026 03:12:58 GMT: INFO (info): (hist.c:319) histogram dump: {ycsb}-read (81475035 total) msec
Sep 16 2026 03:12:58 GMT: INFO (info): (hist.c:330)  (00: 0081432253) (01: 0000042615) (02: 0000000148) (03: 0000000016)
Sep 16 2026 03:12:58 GMT: INFO (info): (hist.c:339)  (04: 0000000003)
Sep 16 2026 03:12:58 GMT: INFO (deprecation): (thr_info.c:888) (repeated:2560) 'services' info command is deprecated - use 'peers-clear-std' instead
Sep 16 2026 03:13:08 GMT: INFO (info): (ticker.c:169) NODE-ID bb9f1b2523a0d00 CLUSTER-SIZE 1 CLUSTER-NAME ycsb-default-20260916
Sep 16 2026 03:13:08 GMT: INFO (info): (ticker.c:241)    cluster-clock: skew-ms 0
Sep 16 2026 03:13:08 GMT: INFO (info): (ticker.c:265)    system: total-cpu-pct 1585 user-cpu-pct 371 kernel-cpu-pct 1214 free-mem-kbytes 122461140 free-mem-pct 92 thp-mem-kbytes 6860800 host-free-mem-kbytes 122461140 host-free-mem-pct 92
Sep 16 2026 03:13:08 GMT: INFO (info): (ticker.c:287)    process: cpu-pct 1382 threads (9,61,113,113) heap-kbytes (6490267,6510864,6714880) heap-efficiency-pct 99.7
Sep 16 2026 03:13:08 GMT: INFO (info): (ticker.c:297)    in-progress: info-q 0 rw-hash 0 proxy-hash 0 tree-gc-q 0 long-queries 0
Sep 16 2026 03:13:08 GMT: INFO (info): (ticker.c:340)    fds: proto (512,3096,2584) heartbeat (0,0,0) fabric (0,0,0) admin (0,0,0)
Sep 16 2026 03:13:08 GMT: INFO (info): (ticker.c:352)    heartbeat-received: self 0 foreign 0
Sep 16 2026 03:13:08 GMT: INFO (info): (ticker.c:378)    fabric-bytes-per-second: bulk (0,0) ctrl (0,0) meta (0,0) rw (0,0)
Sep 16 2026 03:13:08 GMT: INFO (info): (ticker.c:426) {ycsb} objects: all 100000000 master 100000000 prole 0 non-replica 0
Sep 16 2026 03:13:08 GMT: INFO (info): (ticker.c:481) {ycsb} migrations: complete
Sep 16 2026 03:13:08 GMT: INFO (info): (ticker.c:506) {ycsb} index-usage: used-bytes 6400000000
Sep 16 2026 03:13:08 GMT: INFO (info): (ticker.c:559) {ycsb} data-usage: used-bytes 145600000000 avail-pct 86 cache-read-pct 0.00
Sep 16 2026 03:13:08 GMT: INFO (info): (ticker.c:618) {ycsb} client: tsvc (0,0) proxy (0,0,0) read (85935961,0,0,0,0) write (0,0,0,0) delete (0,0,0,0,0) udf (0,0,0,0) lang (0,0,0,0)
Sep 16 2026 03:13:08 GMT: INFO (info): (hist.c:319) histogram dump: {ycsb}-read (85935965 total) msec
Sep 16 2026 03:13:08 GMT: INFO (info): (hist.c:330)  (00: 0085888367) (01: 0000047360) (02: 0000000217) (03: 0000000018)
Sep 16 2026 03:13:08 GMT: INFO (info): (hist.c:339)  (04: 0000000003)
Sep 16 2026 03:13:08 GMT: INFO (deprecation): (thr_info.c:888) (repeated:2558) 'services' info command is deprecated - use 'peers-clear-std' instead
Sep 16 2026 03:13:18 GMT: INFO (drv_ssd): (drv_ssd.c:2133) {ycsb} /dev/md127p3: used-bytes 145600000000 free-wblocks 113710 write-q 0 write (0,0.0) defrag-q 0 defrag-read (1,0.0) defrag-write (0,0.0)
Sep 16 2026 03:13:18 GMT: INFO (info): (ticker.c:169) NODE-ID bb9f1b2523a0d00 CLUSTER-SIZE 1 CLUSTER-NAME ycsb-default-20260916
Sep 16 2026 03:13:18 GMT: INFO (info): (ticker.c:241)    cluster-clock: skew-ms 0
Sep 16 2026 03:13:18 GMT: INFO (info): (ticker.c:265)    system: total-cpu-pct 1586 user-cpu-pct 364 kernel-cpu-pct 1222 free-mem-kbytes 122465656 free-mem-pct 92 thp-mem-kbytes 6856704 host-free-mem-kbytes 122465656 host-free-mem-pct 92
Sep 16 2026 03:13:18 GMT: INFO (info): (ticker.c:287)    process: cpu-pct 1390 threads (9,61,113,113) heap-kbytes (6490272,6510864,6714880) heap-efficiency-pct 99.7
Sep 16 2026 03:13:18 GMT: INFO (info): (ticker.c:297)    in-progress: info-q 0 rw-hash 0 proxy-hash 0 tree-gc-q 0 long-queries 0
Sep 16 2026 03:13:18 GMT: INFO (info): (ticker.c:340)    fds: proto (512,3096,2584) heartbeat (0,0,0) fabric (0,0,0) admin (0,0,0)
Sep 16 2026 03:13:18 GMT: INFO (info): (ticker.c:352)    heartbeat-received: self 0 foreign 0
Sep 16 2026 03:13:18 GMT: INFO (info): (ticker.c:378)    fabric-bytes-per-second: bulk (0,0) ctrl (0,0) meta (0,0) rw (0,0)
Sep 16 2026 03:13:18 GMT: INFO (info): (ticker.c:426) {ycsb} objects: all 100000000 master 100000000 prole 0 non-replica 0
Sep 16 2026 03:13:18 GMT: INFO (info): (ticker.c:481) {ycsb} migrations: complete
Sep 16 2026 03:13:18 GMT: INFO (info): (ticker.c:506) {ycsb} index-usage: used-bytes 6400000000
Sep 16 2026 03:13:18 GMT: INFO (info): (ticker.c:559) {ycsb} data-usage: used-bytes 145600000000 avail-pct 86 cache-read-pct 0.00
Sep 16 2026 03:13:18 GMT: INFO (info): (ticker.c:618) {ycsb} client: tsvc (0,0) proxy (0,0,0) read (90416389,0,0,0,0) write (0,0,0,0) delete (0,0,0,0,0) udf (0,0,0,0) lang (0,0,0,0)
Sep 16 2026 03:13:18 GMT: INFO (info): (hist.c:319) histogram dump: {ycsb}-read (90416392 total) msec
Sep 16 2026 03:13:18 GMT: INFO (info): (hist.c:330)  (00: 0090365068) (01: 0000051085) (02: 0000000218) (03: 0000000018)
Sep 16 2026 03:13:18 GMT: INFO (info): (hist.c:339)  (04: 0000000003)
Sep 16 2026 03:13:18 GMT: INFO (deprecation): (thr_info.c:888) (repeated:2558) 'services' info command is deprecated - use 'peers-clear-std' instead
Sep 16 2026 03:13:28 GMT: INFO (info): (ticker.c:169) NODE-ID bb9f1b2523a0d00 CLUSTER-SIZE 1 CLUSTER-NAME ycsb-default-20260916
Sep 16 2026 03:13:28 GMT: INFO (info): (ticker.c:241)    cluster-clock: skew-ms 0
Sep 16 2026 03:13:28 GMT: INFO (info): (ticker.c:265)    system: total-cpu-pct 1585 user-cpu-pct 367 kernel-cpu-pct 1218 free-mem-kbytes 122464372 free-mem-pct 92 thp-mem-kbytes 6858752 host-free-mem-kbytes 122464372 host-free-mem-pct 92
Sep 16 2026 03:13:28 GMT: INFO (info): (ticker.c:287)    process: cpu-pct 1391 threads (9,61,113,113) heap-kbytes (6490262,6510840,6714880) heap-efficiency-pct 99.7
Sep 16 2026 03:13:28 GMT: INFO (info): (ticker.c:297)    in-progress: info-q 0 rw-hash 0 proxy-hash 0 tree-gc-q 0 long-queries 0
Sep 16 2026 03:13:28 GMT: INFO (info): (ticker.c:340)    fds: proto (512,3096,2584) heartbeat (0,0,0) fabric (0,0,0) admin (0,0,0)
Sep 16 2026 03:13:28 GMT: INFO (info): (ticker.c:352)    heartbeat-received: self 0 foreign 0
Sep 16 2026 03:13:28 GMT: INFO (info): (ticker.c:378)    fabric-bytes-per-second: bulk (0,0) ctrl (0,0) meta (0,0) rw (0,0)
Sep 16 2026 03:13:28 GMT: INFO (info): (ticker.c:426) {ycsb} objects: all 100000000 master 100000000 prole 0 non-replica 0
Sep 16 2026 03:13:28 GMT: INFO (info): (ticker.c:481) {ycsb} migrations: complete
Sep 16 2026 03:13:28 GMT: INFO (info): (ticker.c:506) {ycsb} index-usage: used-bytes 6400000000
Sep 16 2026 03:13:28 GMT: INFO (info): (ticker.c:559) {ycsb} data-usage: used-bytes 145600000000 avail-pct 86 cache-read-pct 0.00
Sep 16 2026 03:13:28 GMT: INFO (info): (ticker.c:618) {ycsb} client: tsvc (0,0) proxy (0,0,0) read (94889310,0,0,0,0) write (0,0,0,0) delete (0,0,0,0,0) udf (0,0,0,0) lang (0,0,0,0)
Sep 16 2026 03:13:28 GMT: INFO (info): (hist.c:319) histogram dump: {ycsb}-read (94889321 total) msec
Sep 16 2026 03:13:28 GMT: INFO (info): (hist.c:330)  (00: 0094834025) (01: 0000055046) (02: 0000000228) (03: 0000000019)
Sep 16 2026 03:13:28 GMT: INFO (info): (hist.c:339)  (04: 0000000003)
Sep 16 2026 03:13:28 GMT: INFO (deprecation): (thr_info.c:888) (repeated:2559) 'services' info command is deprecated - use 'peers-clear-std' instead
Sep 16 2026 03:13:38 GMT: INFO (drv_ssd): (drv_ssd.c:2133) {ycsb} /dev/md127p3: used-bytes 145600000000 free-wblocks 113710 write-q 0 write (0,0.0) defrag-q 0 defrag-read (1,0.0) defrag-write (0,0.0)
Sep 16 2026 03:13:38 GMT: INFO (info): (ticker.c:169) NODE-ID bb9f1b2523a0d00 CLUSTER-SIZE 1 CLUSTER-NAME ycsb-default-20260916
Sep 16 2026 03:13:38 GMT: INFO (info): (ticker.c:241)    cluster-clock: skew-ms 0
Sep 16 2026 03:13:38 GMT: INFO (info): (ticker.c:265)    system: total-cpu-pct 1584 user-cpu-pct 367 kernel-cpu-pct 1217 free-mem-kbytes 122465848 free-mem-pct 92 thp-mem-kbytes 6856704 host-free-mem-kbytes 122465848 host-free-mem-pct 92
Sep 16 2026 03:13:38 GMT: INFO (info): (ticker.c:287)    process: cpu-pct 1387 threads (9,61,113,113) heap-kbytes (6490268,6510864,6714880) heap-efficiency-pct 99.7
Sep 16 2026 03:13:38 GMT: INFO (info): (ticker.c:297)    in-progress: info-q 0 rw-hash 0 proxy-hash 0 tree-gc-q 0 long-queries 0
Sep 16 2026 03:13:38 GMT: INFO (info): (ticker.c:340)    fds: proto (512,3096,2584) heartbeat (0,0,0) fabric (0,0,0) admin (0,0,0)
Sep 16 2026 03:13:38 GMT: INFO (info): (ticker.c:352)    heartbeat-received: self 0 foreign 0
Sep 16 2026 03:13:38 GMT: INFO (info): (ticker.c:378)    fabric-bytes-per-second: bulk (0,0) ctrl (0,0) meta (0,0) rw (0,0)
Sep 16 2026 03:13:38 GMT: INFO (info): (ticker.c:426) {ycsb} objects: all 100000000 master 100000000 prole 0 non-replica 0
Sep 16 2026 03:13:38 GMT: INFO (info): (ticker.c:481) {ycsb} migrations: complete
Sep 16 2026 03:13:38 GMT: INFO (info): (ticker.c:506) {ycsb} index-usage: used-bytes 6400000000
Sep 16 2026 03:13:38 GMT: INFO (info): (ticker.c:559) {ycsb} data-usage: used-bytes 145600000000 avail-pct 86 cache-read-pct 0.00
Sep 16 2026 03:13:38 GMT: INFO (info): (ticker.c:618) {ycsb} client: tsvc (0,0) proxy (0,0,0) read (99363484,0,0,0,0) write (0,0,0,0) delete (0,0,0,0,0) udf (0,0,0,0) lang (0,0,0,0)
Sep 16 2026 03:13:38 GMT: INFO (info): (hist.c:319) histogram dump: {ycsb}-read (99363489 total) msec
Sep 16 2026 03:13:38 GMT: INFO (info): (hist.c:330)  (00: 0099304454) (01: 0000058778) (02: 0000000235) (03: 0000000019)
Sep 16 2026 03:13:38 GMT: INFO (info): (hist.c:339)  (04: 0000000003)
Sep 16 2026 03:13:38 GMT: INFO (deprecation): (thr_info.c:888) (repeated:2559) 'services' info command is deprecated - use 'peers-clear-std' instead
Sep 16 2026 03:13:48 GMT: INFO (info): (ticker.c:169) NODE-ID bb9f1b2523a0d00 CLUSTER-SIZE 1 CLUSTER-NAME ycsb-default-20260916
Sep 16 2026 03:13:48 GMT: INFO (info): (ticker.c:241)    cluster-clock: skew-ms 0
Sep 16 2026 03:13:48 GMT: INFO (info): (ticker.c:265)    system: total-cpu-pct 1585 user-cpu-pct 367 kernel-cpu-pct 1218 free-mem-kbytes 122465632 free-mem-pct 92 thp-mem-kbytes 6856704 host-free-mem-kbytes 122465632 host-free-mem-pct 92
Sep 16 2026 03:13:48 GMT: INFO (info): (ticker.c:287)    process: cpu-pct 1389 threads (9,61,113,113) heap-kbytes (6490268,6510852,6714880) heap-efficiency-pct 99.7
Sep 16 2026 03:13:48 GMT: INFO (info): (ticker.c:297)    in-progress: info-q 0 rw-hash 0 proxy-hash 0 tree-gc-q 0 long-queries 0
Sep 16 2026 03:13:48 GMT: INFO (info): (ticker.c:340)    fds: proto (512,3096,2584) heartbeat (0,0,0) fabric (0,0,0) admin (0,0,0)
Sep 16 2026 03:13:48 GMT: INFO (info): (ticker.c:352)    heartbeat-received: self 0 foreign 0
Sep 16 2026 03:13:48 GMT: INFO (info): (ticker.c:378)    fabric-bytes-per-second: bulk (0,0) ctrl (0,0) meta (0,0) rw (0,0)
Sep 16 2026 03:13:48 GMT: INFO (info): (ticker.c:426) {ycsb} objects: all 100000000 master 100000000 prole 0 non-replica 0
Sep 16 2026 03:13:48 GMT: INFO (info): (ticker.c:481) {ycsb} migrations: complete
Sep 16 2026 03:13:48 GMT: INFO (info): (ticker.c:506) {ycsb} index-usage: used-bytes 6400000000
Sep 16 2026 03:13:48 GMT: INFO (info): (ticker.c:559) {ycsb} data-usage: used-bytes 145600000000 avail-pct 86 cache-read-pct 0.00
Sep 16 2026 03:13:48 GMT: INFO (info): (ticker.c:618) {ycsb} client: tsvc (0,0) proxy (0,0,0) read (103828837,0,0,0,0) write (0,0,0,0) delete (0,0,0,0,0) udf (0,0,0,0) lang (0,0,0,0)
Sep 16 2026 03:13:48 GMT: INFO (info): (hist.c:319) histogram dump: {ycsb}-read (103828841 total) msec
Sep 16 2026 03:13:48 GMT: INFO (info): (hist.c:330)  (00: 0103765785) (01: 0000062799) (02: 0000000235) (03: 0000000019)
Sep 16 2026 03:13:48 GMT: INFO (info): (hist.c:339)  (04: 0000000003)
Sep 16 2026 03:13:48 GMT: INFO (deprecation): (thr_info.c:888) (repeated:2560) 'services' info command is deprecated - use 'peers-clear-std' instead
Sep 16 2026 03:13:58 GMT: INFO (drv_ssd): (drv_ssd.c:2133) {ycsb} /dev/md127p3: used-bytes 145600000000 free-wblocks 113710 write-q 0 write (0,0.0) defrag-q 0 defrag-read (1,0.0) defrag-write (0,0.0)
Sep 16 2026 03:13:58 GMT: INFO (info): (ticker.c:169) NODE-ID bb9f1b2523a0d00 CLUSTER-SIZE 1 CLUSTER-NAME ycsb-default-20260916
Sep 16 2026 03:13:58 GMT: INFO (info): (ticker.c:241)    cluster-clock: skew-ms 0
Sep 16 2026 03:13:58 GMT: INFO (info): (ticker.c:265)    system: total-cpu-pct 1586 user-cpu-pct 367 kernel-cpu-pct 1219 free-mem-kbytes 122464148 free-mem-pct 92 thp-mem-kbytes 6856704 host-free-mem-kbytes 122464148 host-free-mem-pct 92
Sep 16 2026 03:13:58 GMT: INFO (info): (ticker.c:287)    process: cpu-pct 1390 threads (9,61,113,113) heap-kbytes (6490262,6510840,6714880) heap-efficiency-pct 99.7
Sep 16 2026 03:13:58 GMT: INFO (info): (ticker.c:297)    in-progress: info-q 0 rw-hash 0 proxy-hash 0 tree-gc-q 0 long-queries 0
Sep 16 2026 03:13:58 GMT: INFO (info): (ticker.c:340)    fds: proto (512,3096,2584) heartbeat (0,0,0) fabric (0,0,0) admin (0,0,0)
Sep 16 2026 03:13:58 GMT: INFO (info): (ticker.c:352)    heartbeat-received: self 0 foreign 0
Sep 16 2026 03:13:58 GMT: INFO (info): (ticker.c:378)    fabric-bytes-per-second: bulk (0,0) ctrl (0,0) meta (0,0) rw (0,0)
Sep 16 2026 03:13:58 GMT: INFO (info): (ticker.c:426) {ycsb} objects: all 100000000 master 100000000 prole 0 non-replica 0
Sep 16 2026 03:13:58 GMT: INFO (info): (ticker.c:481) {ycsb} migrations: complete
Sep 16 2026 03:13:58 GMT: INFO (info): (ticker.c:506) {ycsb} index-usage: used-bytes 6400000000
Sep 16 2026 03:13:58 GMT: INFO (info): (ticker.c:559) {ycsb} data-usage: used-bytes 145600000000 avail-pct 86 cache-read-pct 0.00
Sep 16 2026 03:13:58 GMT: INFO (info): (ticker.c:618) {ycsb} client: tsvc (0,0) proxy (0,0,0) read (108293325,0,0,0,0) write (0,0,0,0) delete (0,0,0,0,0) udf (0,0,0,0) lang (0,0,0,0)
Sep 16 2026 03:13:58 GMT: INFO (info): (hist.c:319) histogram dump: {ycsb}-read (108293328 total) msec
Sep 16 2026 03:13:58 GMT: INFO (info): (hist.c:330)  (00: 0108226016) (01: 0000067042) (02: 0000000248) (03: 0000000019)
Sep 16 2026 03:13:58 GMT: INFO (info): (hist.c:339)  (04: 0000000003)
Sep 16 2026 03:13:58 GMT: INFO (deprecation): (thr_info.c:888) (repeated:2560) 'services' info command is deprecated - use 'peers-clear-std' instead
Sep 16 2026 03:14:08 GMT: INFO (info): (ticker.c:169) NODE-ID bb9f1b2523a0d00 CLUSTER-SIZE 1 CLUSTER-NAME ycsb-default-20260916
Sep 16 2026 03:14:08 GMT: INFO (info): (ticker.c:241)    cluster-clock: skew-ms 0
Sep 16 2026 03:14:08 GMT: INFO (info): (ticker.c:265)    system: total-cpu-pct 1585 user-cpu-pct 364 kernel-cpu-pct 1221 free-mem-kbytes 122468636 free-mem-pct 92 thp-mem-kbytes 6854656 host-free-mem-kbytes 122468636 host-free-mem-pct 92
Sep 16 2026 03:14:08 GMT: INFO (info): (ticker.c:287)    process: cpu-pct 1386 threads (9,61,113,113) heap-kbytes (6490269,6510852,6714880) heap-efficiency-pct 99.7
Sep 16 2026 03:14:08 GMT: INFO (info): (ticker.c:297)    in-progress: info-q 0 rw-hash 0 proxy-hash 0 tree-gc-q 0 long-queries 0
Sep 16 2026 03:14:08 GMT: INFO (info): (ticker.c:340)    fds: proto (512,3096,2584) heartbeat (0,0,0) fabric (0,0,0) admin (0,0,0)
Sep 16 2026 03:14:08 GMT: INFO (info): (ticker.c:352)    heartbeat-received: self 0 foreign 0
Sep 16 2026 03:14:08 GMT: INFO (info): (ticker.c:378)    fabric-bytes-per-second: bulk (0,0) ctrl (0,0) meta (0,0) rw (0,0)
Sep 16 2026 03:14:08 GMT: INFO (info): (ticker.c:426) {ycsb} objects: all 100000000 master 100000000 prole 0 non-replica 0
Sep 16 2026 03:14:08 GMT: INFO (info): (ticker.c:481) {ycsb} migrations: complete
Sep 16 2026 03:14:08 GMT: INFO (info): (ticker.c:506) {ycsb} index-usage: used-bytes 6400000000
Sep 16 2026 03:14:08 GMT: INFO (info): (ticker.c:559) {ycsb} data-usage: used-bytes 145600000000 avail-pct 86 cache-read-pct 0.00
Sep 16 2026 03:14:08 GMT: INFO (info): (ticker.c:618) {ycsb} client: tsvc (0,0) proxy (0,0,0) read (112746310,0,0,0,0) write (0,0,0,0) delete (0,0,0,0,0) udf (0,0,0,0) lang (0,0,0,0)
Sep 16 2026 03:14:08 GMT: INFO (info): (hist.c:319) histogram dump: {ycsb}-read (112746310 total) msec
Sep 16 2026 03:14:08 GMT: INFO (info): (hist.c:330)  (00: 0112673907) (01: 0000072123) (02: 0000000258) (03: 0000000019)
Sep 16 2026 03:14:08 GMT: INFO (info): (hist.c:339)  (04: 0000000003)
Sep 16 2026 03:14:08 GMT: INFO (deprecation): (thr_info.c:888) (repeated:2560) 'services' info command is deprecated - use 'peers-clear-std' instead
Sep 16 2026 03:14:18 GMT: INFO (drv_ssd): (drv_ssd.c:2133) {ycsb} /dev/md127p3: used-bytes 145600000000 free-wblocks 113710 write-q 0 write (0,0.0) defrag-q 0 defrag-read (1,0.0) defrag-write (0,0.0)
Sep 16 2026 03:14:18 GMT: INFO (info): (ticker.c:169) NODE-ID bb9f1b2523a0d00 CLUSTER-SIZE 1 CLUSTER-NAME ycsb-default-20260916
Sep 16 2026 03:14:18 GMT: INFO (info): (ticker.c:241)    cluster-clock: skew-ms 0
Sep 16 2026 03:14:18 GMT: INFO (info): (ticker.c:265)    system: total-cpu-pct 1586 user-cpu-pct 366 kernel-cpu-pct 1220 free-mem-kbytes 122469512 free-mem-pct 92 thp-mem-kbytes 6854656 host-free-mem-kbytes 122469512 host-free-mem-pct 92
Sep 16 2026 03:14:18 GMT: INFO (info): (ticker.c:287)    process: cpu-pct 1392 threads (9,61,113,113) heap-kbytes (6490258,6510828,6714880) heap-efficiency-pct 99.7
Sep 16 2026 03:14:18 GMT: INFO (info): (ticker.c:297)    in-progress: info-q 0 rw-hash 0 proxy-hash 0 tree-gc-q 0 long-queries 0
Sep 16 2026 03:14:18 GMT: INFO (info): (ticker.c:340)    fds: proto (512,3096,2584) heartbeat (0,0,0) fabric (0,0,0) admin (0,0,0)
Sep 16 2026 03:14:18 GMT: INFO (info): (ticker.c:352)    heartbeat-received: self 0 foreign 0
Sep 16 2026 03:14:18 GMT: INFO (info): (ticker.c:378)    fabric-bytes-per-second: bulk (0,0) ctrl (0,0) meta (0,0) rw (0,0)
Sep 16 2026 03:14:18 GMT: INFO (info): (ticker.c:426) {ycsb} objects: all 100000000 master 100000000 prole 0 non-replica 0
Sep 16 2026 03:14:18 GMT: INFO (info): (ticker.c:481) {ycsb} migrations: complete
Sep 16 2026 03:14:18 GMT: INFO (info): (ticker.c:506) {ycsb} index-usage: used-bytes 6400000000
Sep 16 2026 03:14:18 GMT: INFO (info): (ticker.c:559) {ycsb} data-usage: used-bytes 145600000000 avail-pct 86 cache-read-pct 0.00
Sep 16 2026 03:14:18 GMT: INFO (info): (ticker.c:618) {ycsb} client: tsvc (0,0) proxy (0,0,0) read (117221714,0,0,0,0) write (0,0,0,0) delete (0,0,0,0,0) udf (0,0,0,0) lang (0,0,0,0)
Sep 16 2026 03:14:18 GMT: INFO (info): (hist.c:319) histogram dump: {ycsb}-read (117221719 total) msec
Sep 16 2026 03:14:18 GMT: INFO (info): (hist.c:330)  (00: 0117145639) (01: 0000075798) (02: 0000000260) (03: 0000000019)
Sep 16 2026 03:14:18 GMT: INFO (info): (hist.c:339)  (04: 0000000003)
Sep 16 2026 03:14:18 GMT: INFO (deprecation): (thr_info.c:888) (repeated:2560) 'services' info command is deprecated - use 'peers-clear-std' instead
Sep 16 2026 03:14:28 GMT: INFO (info): (ticker.c:169) NODE-ID bb9f1b2523a0d00 CLUSTER-SIZE 1 CLUSTER-NAME ycsb-default-20260916
Sep 16 2026 03:14:28 GMT: INFO (info): (ticker.c:241)    cluster-clock: skew-ms 0
Sep 16 2026 03:14:28 GMT: INFO (info): (ticker.c:265)    system: total-cpu-pct 1585 user-cpu-pct 366 kernel-cpu-pct 1219 free-mem-kbytes 122465912 free-mem-pct 92 thp-mem-kbytes 6856704 host-free-mem-kbytes 122465912 host-free-mem-pct 92
Sep 16 2026 03:14:28 GMT: INFO (info): (ticker.c:287)    process: cpu-pct 1390 threads (9,61,113,113) heap-kbytes (6490252,6510828,6714880) heap-efficiency-pct 99.7
Sep 16 2026 03:14:28 GMT: INFO (info): (ticker.c:297)    in-progress: info-q 0 rw-hash 0 proxy-hash 0 tree-gc-q 0 long-queries 0
Sep 16 2026 03:14:28 GMT: INFO (info): (ticker.c:340)    fds: proto (512,3096,2584) heartbeat (0,0,0) fabric (0,0,0) admin (0,0,0)
Sep 16 2026 03:14:28 GMT: INFO (info): (ticker.c:352)    heartbeat-received: self 0 foreign 0
Sep 16 2026 03:14:28 GMT: INFO (info): (ticker.c:378)    fabric-bytes-per-second: bulk (0,0) ctrl (0,0) meta (0,0) rw (0,0)
Sep 16 2026 03:14:28 GMT: INFO (info): (ticker.c:426) {ycsb} objects: all 100000000 master 100000000 prole 0 non-replica 0
Sep 16 2026 03:14:28 GMT: INFO (info): (ticker.c:481) {ycsb} migrations: complete
Sep 16 2026 03:14:28 GMT: INFO (info): (ticker.c:506) {ycsb} index-usage: used-bytes 6400000000
Sep 16 2026 03:14:28 GMT: INFO (info): (ticker.c:559) {ycsb} data-usage: used-bytes 145600000000 avail-pct 86 cache-read-pct 0.00
Sep 16 2026 03:14:28 GMT: INFO (info): (ticker.c:618) {ycsb} client: tsvc (0,0) proxy (0,0,0) read (121690589,0,0,0,0) write (0,0,0,0) delete (0,0,0,0,0) udf (0,0,0,0) lang (0,0,0,0)
Sep 16 2026 03:14:28 GMT: INFO (info): (hist.c:319) histogram dump: {ycsb}-read (121690603 total) msec
Sep 16 2026 03:14:28 GMT: INFO (info): (hist.c:330)  (00: 0121610792) (01: 0000079513) (02: 0000000271) (03: 0000000024)
Sep 16 2026 03:14:28 GMT: INFO (info): (hist.c:339)  (04: 0000000003)
Sep 16 2026 03:14:28 GMT: INFO (deprecation): (thr_info.c:888) (repeated:2560) 'services' info command is deprecated - use 'peers-clear-std' instead
Sep 16 2026 03:14:38 GMT: INFO (drv_ssd): (drv_ssd.c:2133) {ycsb} /dev/md127p3: used-bytes 145600000000 free-wblocks 113710 write-q 0 write (0,0.0) defrag-q 0 defrag-read (1,0.0) defrag-write (0,0.0)
Sep 16 2026 03:14:38 GMT: INFO (info): (ticker.c:169) NODE-ID bb9f1b2523a0d00 CLUSTER-SIZE 1 CLUSTER-NAME ycsb-default-20260916
Sep 16 2026 03:14:38 GMT: INFO (info): (ticker.c:241)    cluster-clock: skew-ms 0
Sep 16 2026 03:14:38 GMT: INFO (info): (ticker.c:265)    system: total-cpu-pct 1585 user-cpu-pct 367 kernel-cpu-pct 1218 free-mem-kbytes 122466240 free-mem-pct 92 thp-mem-kbytes 6860800 host-free-mem-kbytes 122466240 host-free-mem-pct 92
Sep 16 2026 03:14:38 GMT: INFO (info): (ticker.c:287)    process: cpu-pct 1385 threads (9,61,113,113) heap-kbytes (6490269,6510864,6714880) heap-efficiency-pct 99.7
Sep 16 2026 03:14:38 GMT: INFO (info): (ticker.c:297)    in-progress: info-q 0 rw-hash 0 proxy-hash 0 tree-gc-q 0 long-queries 0
Sep 16 2026 03:14:38 GMT: INFO (info): (ticker.c:340)    fds: proto (512,3096,2584) heartbeat (0,0,0) fabric (0,0,0) admin (0,0,0)
Sep 16 2026 03:14:38 GMT: INFO (info): (ticker.c:352)    heartbeat-received: self 0 foreign 0
Sep 16 2026 03:14:38 GMT: INFO (info): (ticker.c:378)    fabric-bytes-per-second: bulk (0,0) ctrl (0,0) meta (0,0) rw (0,0)
Sep 16 2026 03:14:38 GMT: INFO (info): (ticker.c:426) {ycsb} objects: all 100000000 master 100000000 prole 0 non-replica 0
Sep 16 2026 03:14:38 GMT: INFO (info): (ticker.c:481) {ycsb} migrations: complete
Sep 16 2026 03:14:38 GMT: INFO (info): (ticker.c:506) {ycsb} index-usage: used-bytes 6400000000
Sep 16 2026 03:14:38 GMT: INFO (info): (ticker.c:559) {ycsb} data-usage: used-bytes 145600000000 avail-pct 86 cache-read-pct 0.00
Sep 16 2026 03:14:38 GMT: INFO (info): (ticker.c:618) {ycsb} client: tsvc (0,0) proxy (0,0,0) read (126141327,0,0,0,0) write (0,0,0,0) delete (0,0,0,0,0) udf (0,0,0,0) lang (0,0,0,0)
Sep 16 2026 03:14:38 GMT: INFO (info): (hist.c:319) histogram dump: {ycsb}-read (126141330 total) msec
Sep 16 2026 03:14:38 GMT: INFO (info): (hist.c:330)  (00: 0126056231) (01: 0000084741) (02: 0000000330) (03: 0000000025)
Sep 16 2026 03:14:38 GMT: INFO (info): (hist.c:339)  (04: 0000000003)
Sep 16 2026 03:14:38 GMT: INFO (deprecation): (thr_info.c:888) (repeated:2560) 'services' info command is deprecated - use 'peers-clear-std' instead
Sep 16 2026 03:14:48 GMT: INFO (info): (ticker.c:169) NODE-ID bb9f1b2523a0d00 CLUSTER-SIZE 1 CLUSTER-NAME ycsb-default-20260916
Sep 16 2026 03:14:48 GMT: INFO (info): (ticker.c:241)    cluster-clock: skew-ms 0
Sep 16 2026 03:14:48 GMT: INFO (info): (ticker.c:265)    system: total-cpu-pct 1585 user-cpu-pct 365 kernel-cpu-pct 1220 free-mem-kbytes 122469520 free-mem-pct 92 thp-mem-kbytes 6856704 host-free-mem-kbytes 122469520 host-free-mem-pct 92
Sep 16 2026 03:14:48 GMT: INFO (info): (ticker.c:287)    process: cpu-pct 1383 threads (9,61,113,113) heap-kbytes (6490261,6510840,6714880) heap-efficiency-pct 99.7
Sep 16 2026 03:14:48 GMT: INFO (info): (ticker.c:297)    in-progress: info-q 0 rw-hash 0 proxy-hash 0 tree-gc-q 0 long-queries 0
Sep 16 2026 03:14:48 GMT: INFO (info): (ticker.c:340)    fds: proto (512,3096,2584) heartbeat (0,0,0) fabric (0,0,0) admin (0,0,0)
Sep 16 2026 03:14:48 GMT: INFO (info): (ticker.c:352)    heartbeat-received: self 0 foreign 0
Sep 16 2026 03:14:48 GMT: INFO (info): (ticker.c:378)    fabric-bytes-per-second: bulk (0,0) ctrl (0,0) meta (0,0) rw (0,0)
Sep 16 2026 03:14:48 GMT: INFO (info): (ticker.c:426) {ycsb} objects: all 100000000 master 100000000 prole 0 non-replica 0
Sep 16 2026 03:14:48 GMT: INFO (info): (ticker.c:481) {ycsb} migrations: complete
Sep 16 2026 03:14:48 GMT: INFO (info): (ticker.c:506) {ycsb} index-usage: used-bytes 6400000000
Sep 16 2026 03:14:48 GMT: INFO (info): (ticker.c:559) {ycsb} data-usage: used-bytes 145600000000 avail-pct 86 cache-read-pct 0.00
Sep 16 2026 03:14:48 GMT: INFO (info): (ticker.c:618) {ycsb} client: tsvc (0,0) proxy (0,0,0) read (130604676,0,0,0,0) write (0,0,0,0) delete (0,0,0,0,0) udf (0,0,0,0) lang (0,0,0,0)
Sep 16 2026 03:14:48 GMT: INFO (info): (hist.c:319) histogram dump: {ycsb}-read (130604680 total) msec
Sep 16 2026 03:14:48 GMT: INFO (info): (hist.c:330)  (00: 0130515923) (01: 0000088398) (02: 0000000331) (03: 0000000025)
Sep 16 2026 03:14:48 GMT: INFO (info): (hist.c:339)  (04: 0000000003)
Sep 16 2026 03:14:48 GMT: INFO (deprecation): (thr_info.c:888) (repeated:2560) 'services' info command is deprecated - use 'peers-clear-std' instead
Sep 16 2026 03:14:58 GMT: INFO (drv_ssd): (drv_ssd.c:2133) {ycsb} /dev/md127p3: used-bytes 145600000000 free-wblocks 113710 write-q 0 write (0,0.0) defrag-q 0 defrag-read (1,0.0) defrag-write (0,0.0)
Sep 16 2026 03:14:58 GMT: INFO (info): (ticker.c:169) NODE-ID bb9f1b2523a0d00 CLUSTER-SIZE 1 CLUSTER-NAME ycsb-default-20260916
Sep 16 2026 03:14:58 GMT: INFO (info): (ticker.c:241)    cluster-clock: skew-ms 0
Sep 16 2026 03:14:58 GMT: INFO (info): (ticker.c:265)    system: total-cpu-pct 1585 user-cpu-pct 367 kernel-cpu-pct 1218 free-mem-kbytes 122473280 free-mem-pct 92 thp-mem-kbytes 6856704 host-free-mem-kbytes 122473280 host-free-mem-pct 92
Sep 16 2026 03:14:58 GMT: INFO (info): (ticker.c:287)    process: cpu-pct 1385 threads (9,61,113,113) heap-kbytes (6490270,6510852,6714880) heap-efficiency-pct 99.7
Sep 16 2026 03:14:58 GMT: INFO (info): (ticker.c:297)    in-progress: info-q 0 rw-hash 0 proxy-hash 0 tree-gc-q 0 long-queries 0
Sep 16 2026 03:14:58 GMT: INFO (info): (ticker.c:340)    fds: proto (512,3096,2584) heartbeat (0,0,0) fabric (0,0,0) admin (0,0,0)
Sep 16 2026 03:14:58 GMT: INFO (info): (ticker.c:352)    heartbeat-received: self 0 foreign 0
Sep 16 2026 03:14:58 GMT: INFO (info): (ticker.c:378)    fabric-bytes-per-second: bulk (0,0) ctrl (0,0) meta (0,0) rw (0,0)
Sep 16 2026 03:14:58 GMT: INFO (info): (ticker.c:426) {ycsb} objects: all 100000000 master 100000000 prole 0 non-replica 0
Sep 16 2026 03:14:58 GMT: INFO (info): (ticker.c:481) {ycsb} migrations: complete
Sep 16 2026 03:14:58 GMT: INFO (info): (ticker.c:506) {ycsb} index-usage: used-bytes 6400000000
Sep 16 2026 03:14:58 GMT: INFO (info): (ticker.c:559) {ycsb} data-usage: used-bytes 145600000000 avail-pct 86 cache-read-pct 0.00
Sep 16 2026 03:14:58 GMT: INFO (info): (ticker.c:618) {ycsb} client: tsvc (0,0) proxy (0,0,0) read (135071875,0,0,0,0) write (0,0,0,0) delete (0,0,0,0,0) udf (0,0,0,0) lang (0,0,0,0)
Sep 16 2026 03:14:58 GMT: INFO (info): (hist.c:319) histogram dump: {ycsb}-read (135071880 total) msec
Sep 16 2026 03:14:58 GMT: INFO (info): (hist.c:330)  (00: 0134978853) (01: 0000092641) (02: 0000000352) (03: 0000000031)
Sep 16 2026 03:14:58 GMT: INFO (info): (hist.c:339)  (04: 0000000003)
Sep 16 2026 03:14:58 GMT: INFO (deprecation): (thr_info.c:888) (repeated:2560) 'services' info command is deprecated - use 'peers-clear-std' instead
Sep 16 2026 03:15:08 GMT: INFO (info): (ticker.c:169) NODE-ID bb9f1b2523a0d00 CLUSTER-SIZE 1 CLUSTER-NAME ycsb-default-20260916
Sep 16 2026 03:15:08 GMT: INFO (info): (ticker.c:241)    cluster-clock: skew-ms 0
Sep 16 2026 03:15:08 GMT: INFO (info): (ticker.c:265)    system: total-cpu-pct 1585 user-cpu-pct 365 kernel-cpu-pct 1220 free-mem-kbytes 122477268 free-mem-pct 92 thp-mem-kbytes 6854656 host-free-mem-kbytes 122477268 host-free-mem-pct 92
Sep 16 2026 03:15:08 GMT: INFO (info): (ticker.c:287)    process: cpu-pct 1392 threads (9,61,113,113) heap-kbytes (6490267,6510864,6714880) heap-efficiency-pct 99.7
Sep 16 2026 03:15:08 GMT: INFO (info): (ticker.c:297)    in-progress: info-q 0 rw-hash 0 proxy-hash 0 tree-gc-q 0 long-queries 0
Sep 16 2026 03:15:08 GMT: INFO (info): (ticker.c:340)    fds: proto (512,3096,2584) heartbeat (0,0,0) fabric (0,0,0) admin (0,0,0)
Sep 16 2026 03:15:08 GMT: INFO (info): (ticker.c:352)    heartbeat-received: self 0 foreign 0
Sep 16 2026 03:15:08 GMT: INFO (info): (ticker.c:378)    fabric-bytes-per-second: bulk (0,0) ctrl (0,0) meta (0,0) rw (0,0)
Sep 16 2026 03:15:08 GMT: INFO (info): (ticker.c:426) {ycsb} objects: all 100000000 master 100000000 prole 0 non-replica 0
Sep 16 2026 03:15:08 GMT: INFO (info): (ticker.c:481) {ycsb} migrations: complete
Sep 16 2026 03:15:08 GMT: INFO (info): (ticker.c:506) {ycsb} index-usage: used-bytes 6400000000
Sep 16 2026 03:15:08 GMT: INFO (info): (ticker.c:559) {ycsb} data-usage: used-bytes 145600000000 avail-pct 86 cache-read-pct 0.00
Sep 16 2026 03:15:08 GMT: INFO (info): (ticker.c:618) {ycsb} client: tsvc (0,0) proxy (0,0,0) read (139542556,0,0,0,0) write (0,0,0,0) delete (0,0,0,0,0) udf (0,0,0,0) lang (0,0,0,0)
Sep 16 2026 03:15:08 GMT: INFO (info): (hist.c:319) histogram dump: {ycsb}-read (139542558 total) msec
Sep 16 2026 03:15:08 GMT: INFO (info): (hist.c:330)  (00: 0139445657) (01: 0000096511) (02: 0000000356) (03: 0000000031)
Sep 16 2026 03:15:08 GMT: INFO (info): (hist.c:339)  (04: 0000000003)
Sep 16 2026 03:15:08 GMT: INFO (deprecation): (thr_info.c:888) (repeated:2560) 'services' info command is deprecated - use 'peers-clear-std' instead
Sep 16 2026 03:15:18 GMT: INFO (drv_ssd): (drv_ssd.c:2133) {ycsb} /dev/md127p3: used-bytes 145600000000 free-wblocks 113710 write-q 0 write (0,0.0) defrag-q 0 defrag-read (1,0.0) defrag-write (0,0.0)
Sep 16 2026 03:15:18 GMT: INFO (info): (ticker.c:169) NODE-ID bb9f1b2523a0d00 CLUSTER-SIZE 1 CLUSTER-NAME ycsb-default-20260916
Sep 16 2026 03:15:18 GMT: INFO (info): (ticker.c:241)    cluster-clock: skew-ms 0
Sep 16 2026 03:15:18 GMT: INFO (info): (ticker.c:265)    system: total-cpu-pct 1585 user-cpu-pct 362 kernel-cpu-pct 1223 free-mem-kbytes 122476892 free-mem-pct 92 thp-mem-kbytes 6854656 host-free-mem-kbytes 122476892 host-free-mem-pct 92
Sep 16 2026 03:15:18 GMT: INFO (info): (ticker.c:287)    process: cpu-pct 1386 threads (9,61,113,113) heap-kbytes (6490266,6510852,6714880) heap-efficiency-pct 99.7
Sep 16 2026 03:15:18 GMT: INFO (info): (ticker.c:297)    in-progress: info-q 0 rw-hash 0 proxy-hash 0 tree-gc-q 0 long-queries 0
Sep 16 2026 03:15:18 GMT: INFO (info): (ticker.c:340)    fds: proto (512,3096,2584) heartbeat (0,0,0) fabric (0,0,0) admin (0,0,0)
Sep 16 2026 03:15:18 GMT: INFO (info): (ticker.c:352)    heartbeat-received: self 0 foreign 0
Sep 16 2026 03:15:18 GMT: INFO (info): (ticker.c:378)    fabric-bytes-per-second: bulk (0,0) ctrl (0,0) meta (0,0) rw (0,0)
Sep 16 2026 03:15:18 GMT: INFO (info): (ticker.c:426) {ycsb} objects: all 100000000 master 100000000 prole 0 non-replica 0
Sep 16 2026 03:15:18 GMT: INFO (info): (ticker.c:481) {ycsb} migrations: complete
Sep 16 2026 03:15:18 GMT: INFO (info): (ticker.c:506) {ycsb} index-usage: used-bytes 6400000000
Sep 16 2026 03:15:18 GMT: INFO (info): (ticker.c:559) {ycsb} data-usage: used-bytes 145600000000 avail-pct 86 cache-read-pct 0.00
Sep 16 2026 03:15:18 GMT: INFO (info): (ticker.c:618) {ycsb} client: tsvc (0,0) proxy (0,0,0) read (144008100,0,0,0,0) write (0,0,0,0) delete (0,0,0,0,0) udf (0,0,0,0) lang (0,0,0,0)
Sep 16 2026 03:15:18 GMT: INFO (info): (hist.c:319) histogram dump: {ycsb}-read (144008106 total) msec
Sep 16 2026 03:15:18 GMT: INFO (info): (hist.c:330)  (00: 0143906799) (01: 0000100915) (02: 0000000358) (03: 0000000031)
Sep 16 2026 03:15:18 GMT: INFO (info): (hist.c:339)  (04: 0000000003)
Sep 16 2026 03:15:18 GMT: INFO (deprecation): (thr_info.c:888) (repeated:2560) 'services' info command is deprecated - use 'peers-clear-std' instead
Sep 16 2026 03:15:28 GMT: INFO (info): (ticker.c:169) NODE-ID bb9f1b2523a0d00 CLUSTER-SIZE 1 CLUSTER-NAME ycsb-default-20260916
Sep 16 2026 03:15:28 GMT: INFO (info): (ticker.c:241)    cluster-clock: skew-ms 0
Sep 16 2026 03:15:28 GMT: INFO (info): (ticker.c:265)    system: total-cpu-pct 1584 user-cpu-pct 367 kernel-cpu-pct 1217 free-mem-kbytes 122469468 free-mem-pct 92 thp-mem-kbytes 6860800 host-free-mem-kbytes 122469468 host-free-mem-pct 92
Sep 16 2026 03:15:28 GMT: INFO (info): (ticker.c:287)    process: cpu-pct 1381 threads (9,61,113,113) heap-kbytes (6490264,6510852,6714880) heap-efficiency-pct 99.7
Sep 16 2026 03:15:28 GMT: INFO (info): (ticker.c:297)    in-progress: info-q 0 rw-hash 0 proxy-hash 0 tree-gc-q 0 long-queries 0
Sep 16 2026 03:15:28 GMT: INFO (info): (ticker.c:340)    fds: proto (512,3096,2584) heartbeat (0,0,0) fabric (0,0,0) admin (0,0,0)
Sep 16 2026 03:15:28 GMT: INFO (info): (ticker.c:352)    heartbeat-received: self 0 foreign 0
Sep 16 2026 03:15:28 GMT: INFO (info): (ticker.c:378)    fabric-bytes-per-second: bulk (0,0) ctrl (0,0) meta (0,0) rw (0,0)
Sep 16 2026 03:15:28 GMT: INFO (info): (ticker.c:426) {ycsb} objects: all 100000000 master 100000000 prole 0 non-replica 0
Sep 16 2026 03:15:28 GMT: INFO (info): (ticker.c:481) {ycsb} migrations: complete
Sep 16 2026 03:15:28 GMT: INFO (info): (ticker.c:506) {ycsb} index-usage: used-bytes 6400000000
Sep 16 2026 03:15:28 GMT: INFO (info): (ticker.c:559) {ycsb} data-usage: used-bytes 145600000000 avail-pct 86 cache-read-pct 0.00
Sep 16 2026 03:15:28 GMT: INFO (info): (ticker.c:618) {ycsb} client: tsvc (0,0) proxy (0,0,0) read (148473478,0,0,0,0) write (0,0,0,0) delete (0,0,0,0,0) udf (0,0,0,0) lang (0,0,0,0)
Sep 16 2026 03:15:28 GMT: INFO (info): (hist.c:319) histogram dump: {ycsb}-read (148473481 total) msec
Sep 16 2026 03:15:28 GMT: INFO (info): (hist.c:330)  (00: 0148368092) (01: 0000104927) (02: 0000000405) (03: 0000000054)
Sep 16 2026 03:15:28 GMT: INFO (info): (hist.c:339)  (04: 0000000003)
Sep 16 2026 03:15:28 GMT: INFO (deprecation): (thr_info.c:888) (repeated:2560) 'services' info command is deprecated - use 'peers-clear-std' instead
Sep 16 2026 03:15:38 GMT: INFO (drv_ssd): (drv_ssd.c:2133) {ycsb} /dev/md127p3: used-bytes 145600000000 free-wblocks 113710 write-q 0 write (0,0.0) defrag-q 0 defrag-read (1,0.0) defrag-write (0,0.0)
Sep 16 2026 03:15:38 GMT: INFO (info): (ticker.c:169) NODE-ID bb9f1b2523a0d00 CLUSTER-SIZE 1 CLUSTER-NAME ycsb-default-20260916
Sep 16 2026 03:15:38 GMT: INFO (info): (ticker.c:241)    cluster-clock: skew-ms 0
Sep 16 2026 03:15:38 GMT: INFO (info): (ticker.c:265)    system: total-cpu-pct 1581 user-cpu-pct 366 kernel-cpu-pct 1215 free-mem-kbytes 122471256 free-mem-pct 92 thp-mem-kbytes 6856704 host-free-mem-kbytes 122471256 host-free-mem-pct 92
Sep 16 2026 03:15:38 GMT: INFO (info): (ticker.c:287)    process: cpu-pct 1382 threads (9,61,113,113) heap-kbytes (6490262,6510840,6714880) heap-efficiency-pct 99.7
Sep 16 2026 03:15:38 GMT: INFO (info): (ticker.c:297)    in-progress: info-q 0 rw-hash 0 proxy-hash 0 tree-gc-q 0 long-queries 0
Sep 16 2026 03:15:38 GMT: INFO (info): (ticker.c:340)    fds: proto (512,3096,2584) heartbeat (0,0,0) fabric (0,0,0) admin (0,0,0)
Sep 16 2026 03:15:38 GMT: INFO (info): (ticker.c:352)    heartbeat-received: self 0 foreign 0
Sep 16 2026 03:15:38 GMT: INFO (info): (ticker.c:378)    fabric-bytes-per-second: bulk (0,0) ctrl (0,0) meta (0,0) rw (0,0)
Sep 16 2026 03:15:38 GMT: INFO (info): (ticker.c:426) {ycsb} objects: all 100000000 master 100000000 prole 0 non-replica 0
Sep 16 2026 03:15:38 GMT: INFO (info): (ticker.c:481) {ycsb} migrations: complete
Sep 16 2026 03:15:38 GMT: INFO (info): (ticker.c:506) {ycsb} index-usage: used-bytes 6400000000
Sep 16 2026 03:15:38 GMT: INFO (info): (ticker.c:559) {ycsb} data-usage: used-bytes 145600000000 avail-pct 86 cache-read-pct 0.00
Sep 16 2026 03:15:38 GMT: INFO (info): (ticker.c:618) {ycsb} client: tsvc (0,0) proxy (0,0,0) read (152939466,0,0,0,0) write (0,0,0,0) delete (0,0,0,0,0) udf (0,0,0,0) lang (0,0,0,0)
Sep 16 2026 03:15:38 GMT: INFO (info): (hist.c:319) histogram dump: {ycsb}-read (152939471 total) msec
Sep 16 2026 03:15:38 GMT: INFO (info): (hist.c:330)  (00: 0152830021) (01: 0000108986) (02: 0000000407) (03: 0000000054)
Sep 16 2026 03:15:38 GMT: INFO (info): (hist.c:339)  (04: 0000000003)
Sep 16 2026 03:15:38 GMT: INFO (deprecation): (thr_info.c:888) (repeated:2560) 'services' info command is deprecated - use 'peers-clear-std' instead
Sep 16 2026 03:15:48 GMT: INFO (info): (ticker.c:169) NODE-ID bb9f1b2523a0d00 CLUSTER-SIZE 1 CLUSTER-NAME ycsb-default-20260916
Sep 16 2026 03:15:48 GMT: INFO (info): (ticker.c:241)    cluster-clock: skew-ms 0
Sep 16 2026 03:15:48 GMT: INFO (info): (ticker.c:265)    system: total-cpu-pct 1585 user-cpu-pct 368 kernel-cpu-pct 1217 free-mem-kbytes 122473220 free-mem-pct 92 thp-mem-kbytes 6856704 host-free-mem-kbytes 122473220 host-free-mem-pct 92
Sep 16 2026 03:15:48 GMT: INFO (info): (ticker.c:287)    process: cpu-pct 1383 threads (9,61,113,113) heap-kbytes (6490266,6510840,6714880) heap-efficiency-pct 99.7
Sep 16 2026 03:15:48 GMT: INFO (info): (ticker.c:297)    in-progress: info-q 0 rw-hash 0 proxy-hash 0 tree-gc-q 0 long-queries 0
Sep 16 2026 03:15:48 GMT: INFO (info): (ticker.c:340)    fds: proto (512,3096,2584) heartbeat (0,0,0) fabric (0,0,0) admin (0,0,0)
Sep 16 2026 03:15:48 GMT: INFO (info): (ticker.c:352)    heartbeat-received: self 0 foreign 0
Sep 16 2026 03:15:48 GMT: INFO (info): (ticker.c:378)    fabric-bytes-per-second: bulk (0,0) ctrl (0,0) meta (0,0) rw (0,0)
Sep 16 2026 03:15:48 GMT: INFO (info): (ticker.c:426) {ycsb} objects: all 100000000 master 100000000 prole 0 non-replica 0
Sep 16 2026 03:15:48 GMT: INFO (info): (ticker.c:481) {ycsb} migrations: complete
Sep 16 2026 03:15:48 GMT: INFO (info): (ticker.c:506) {ycsb} index-usage: used-bytes 6400000000
Sep 16 2026 03:15:48 GMT: INFO (info): (ticker.c:559) {ycsb} data-usage: used-bytes 145600000000 avail-pct 86 cache-read-pct 0.00
Sep 16 2026 03:15:48 GMT: INFO (info): (ticker.c:618) {ycsb} client: tsvc (0,0) proxy (0,0,0) read (157408395,0,0,0,0) write (0,0,0,0) delete (0,0,0,0,0) udf (0,0,0,0) lang (0,0,0,0)
Sep 16 2026 03:15:48 GMT: INFO (info): (hist.c:319) histogram dump: {ycsb}-read (157408399 total) msec
Sep 16 2026 03:15:48 GMT: INFO (info): (hist.c:330)  (00: 0157294463) (01: 0000113469) (02: 0000000410) (03: 0000000054)
Sep 16 2026 03:15:48 GMT: INFO (info): (hist.c:339)  (04: 0000000003)
Sep 16 2026 03:15:48 GMT: INFO (deprecation): (thr_info.c:888) (repeated:2560) 'services' info command is deprecated - use 'peers-clear-std' instead
Sep 16 2026 03:15:58 GMT: INFO (drv_ssd): (drv_ssd.c:2133) {ycsb} /dev/md127p3: used-bytes 145600000000 free-wblocks 113710 write-q 0 write (0,0.0) defrag-q 0 defrag-read (1,0.0) defrag-write (0,0.0)
Sep 16 2026 03:15:58 GMT: INFO (info): (ticker.c:169) NODE-ID bb9f1b2523a0d00 CLUSTER-SIZE 1 CLUSTER-NAME ycsb-default-20260916
Sep 16 2026 03:15:58 GMT: INFO (info): (ticker.c:241)    cluster-clock: skew-ms 0
Sep 16 2026 03:15:58 GMT: INFO (info): (ticker.c:265)    system: total-cpu-pct 1585 user-cpu-pct 372 kernel-cpu-pct 1213 free-mem-kbytes 122470324 free-mem-pct 92 thp-mem-kbytes 6858752 host-free-mem-kbytes 122470324 host-free-mem-pct 92
Sep 16 2026 03:15:58 GMT: INFO (info): (ticker.c:287)    process: cpu-pct 1385 threads (9,61,113,113) heap-kbytes (6490265,6510852,6714880) heap-efficiency-pct 99.7
Sep 16 2026 03:15:58 GMT: INFO (info): (ticker.c:297)    in-progress: info-q 0 rw-hash 0 proxy-hash 0 tree-gc-q 0 long-queries 0
Sep 16 2026 03:15:58 GMT: INFO (info): (ticker.c:340)    fds: proto (512,3096,2584) heartbeat (0,0,0) fabric (0,0,0) admin (0,0,0)
Sep 16 2026 03:15:58 GMT: INFO (info): (ticker.c:352)    heartbeat-received: self 0 foreign 0
Sep 16 2026 03:15:58 GMT: INFO (info): (ticker.c:378)    fabric-bytes-per-second: bulk (0,0) ctrl (0,0) meta (0,0) rw (0,0)
Sep 16 2026 03:15:58 GMT: INFO (info): (ticker.c:426) {ycsb} objects: all 100000000 master 100000000 prole 0 non-replica 0
Sep 16 2026 03:15:58 GMT: INFO (info): (ticker.c:481) {ycsb} migrations: complete
Sep 16 2026 03:15:58 GMT: INFO (info): (ticker.c:506) {ycsb} index-usage: used-bytes 6400000000
Sep 16 2026 03:15:58 GMT: INFO (info): (ticker.c:559) {ycsb} data-usage: used-bytes 145600000000 avail-pct 86 cache-read-pct 0.00
Sep 16 2026 03:15:58 GMT: INFO (info): (ticker.c:618) {ycsb} client: tsvc (0,0) proxy (0,0,0) read (161865619,0,0,0,0) write (0,0,0,0) delete (0,0,0,0,0) udf (0,0,0,0) lang (0,0,0,0)
Sep 16 2026 03:15:58 GMT: INFO (info): (hist.c:319) histogram dump: {ycsb}-read (161865621 total) msec
Sep 16 2026 03:15:58 GMT: INFO (info): (hist.c:330)  (00: 0161746388) (01: 0000118735) (02: 0000000433) (03: 0000000062)
Sep 16 2026 03:15:58 GMT: INFO (info): (hist.c:339)  (04: 0000000003)
Sep 16 2026 03:15:58 GMT: INFO (deprecation): (thr_info.c:888) (repeated:2560) 'services' info command is deprecated - use 'peers-clear-std' instead
Sep 16 2026 03:16:08 GMT: INFO (info): (ticker.c:169) NODE-ID bb9f1b2523a0d00 CLUSTER-SIZE 1 CLUSTER-NAME ycsb-default-20260916
Sep 16 2026 03:16:08 GMT: INFO (info): (ticker.c:241)    cluster-clock: skew-ms 0
Sep 16 2026 03:16:08 GMT: INFO (info): (ticker.c:265)    system: total-cpu-pct 1316 user-cpu-pct 319 kernel-cpu-pct 997 free-mem-kbytes 122425052 free-mem-pct 92 thp-mem-kbytes 6858752 host-free-mem-kbytes 122425052 host-free-mem-pct 92
Sep 16 2026 03:16:08 GMT: INFO (info): (ticker.c:287)    process: cpu-pct 1199 threads (9,61,113,113) heap-kbytes (6490134,6510712,6714880) heap-efficiency-pct 99.7
Sep 16 2026 03:16:08 GMT: INFO (info): (ticker.c:297)    in-progress: info-q 0 rw-hash 0 proxy-hash 0 tree-gc-q 0 long-queries 0
Sep 16 2026 03:16:08 GMT: INFO (info): (ticker.c:340)    fds: proto (0,3098,3098) heartbeat (0,0,0) fabric (0,0,0) admin (0,0,0)
Sep 16 2026 03:16:08 GMT: INFO (info): (ticker.c:352)    heartbeat-received: self 0 foreign 0
Sep 16 2026 03:16:08 GMT: INFO (info): (ticker.c:378)    fabric-bytes-per-second: bulk (0,0) ctrl (0,0) meta (0,0) rw (0,0)
Sep 16 2026 03:16:08 GMT: INFO (info): (ticker.c:426) {ycsb} objects: all 100000000 master 100000000 prole 0 non-replica 0
Sep 16 2026 03:16:08 GMT: INFO (info): (ticker.c:481) {ycsb} migrations: complete
Sep 16 2026 03:16:08 GMT: INFO (info): (ticker.c:506) {ycsb} index-usage: used-bytes 6400000000
Sep 16 2026 03:16:08 GMT: INFO (info): (ticker.c:559) {ycsb} data-usage: used-bytes 145600000000 avail-pct 86 cache-read-pct 0.00
Sep 16 2026 03:16:08 GMT: INFO (info): (ticker.c:618) {ycsb} client: tsvc (0,0) proxy (0,0,0) read (165704500,0,0,0,0) write (0,0,0,0) delete (0,0,0,0,0) udf (0,0,0,0) lang (0,0,0,0)
Sep 16 2026 03:16:08 GMT: INFO (info): (hist.c:319) histogram dump: {ycsb}-read (165704500 total) msec
Sep 16 2026 03:16:08 GMT: INFO (info): (hist.c:330)  (00: 0165579757) (01: 0000123884) (02: 0000000456) (03: 0000000228)
Sep 16 2026 03:16:08 GMT: INFO (info): (hist.c:339)  (04: 0000000003) (06: 0000000172)
Sep 16 2026 03:16:08 GMT: INFO (deprecation): (thr_info.c:888) (repeated:2304) 'services' info command is deprecated - use 'peers-clear-std' instead
Sep 16 2026 03:16:11 GMT: INFO (deprecation): (thr_info.c:888) 'features' info command is deprecated - see https://aerospike.com/docs/database/release/8-1/
Sep 16 2026 03:16:11 GMT: INFO (deprecation): (thr_info.c:888) 'replicas-master' info command is deprecated - use 'replicas' instead or upgrade your client
Sep 16 2026 03:16:18 GMT: INFO (drv_ssd): (drv_ssd.c:2133) {ycsb} /dev/md127p3: used-bytes 145600000000 free-wblocks 113645 write-q 0 write (64,3.2) defrag-q 0 defrag-read (1,0.0) defrag-write (0,0.0)
Sep 16 2026 03:16:18 GMT: INFO (info): (ticker.c:169) NODE-ID bb9f1b2523a0d00 CLUSTER-SIZE 1 CLUSTER-NAME ycsb-default-20260916
Sep 16 2026 03:16:18 GMT: INFO (info): (ticker.c:241)    cluster-clock: skew-ms 0
Sep 16 2026 03:16:18 GMT: INFO (info): (ticker.c:265)    system: total-cpu-pct 226 user-cpu-pct 76 kernel-cpu-pct 150 free-mem-kbytes 122143564 free-mem-pct 92 thp-mem-kbytes 7141376 host-free-mem-kbytes 122143564 host-free-mem-pct 92
Sep 16 2026 03:16:18 GMT: INFO (info): (ticker.c:287)    process: cpu-pct 251 threads (9,61,113,113) heap-kbytes (6769121,6791068,6997504) heap-efficiency-pct 99.7
Sep 16 2026 03:16:18 GMT: INFO (info): (ticker.c:297)    in-progress: info-q 0 rw-hash 0 proxy-hash 0 tree-gc-q 0 long-queries 0
Sep 16 2026 03:16:18 GMT: INFO (info): (ticker.c:340)    fds: proto (493,3851,3358) heartbeat (0,0,0) fabric (0,0,0) admin (0,0,0)
Sep 16 2026 03:16:18 GMT: INFO (info): (ticker.c:352)    heartbeat-received: self 0 foreign 0
Sep 16 2026 03:16:18 GMT: INFO (info): (ticker.c:378)    fabric-bytes-per-second: bulk (0,0) ctrl (0,0) meta (0,0) rw (0,0)
Sep 16 2026 03:16:18 GMT: INFO (info): (ticker.c:426) {ycsb} objects: all 100000000 master 100000000 prole 0 non-replica 0
Sep 16 2026 03:16:18 GMT: INFO (info): (ticker.c:481) {ycsb} migrations: complete
Sep 16 2026 03:16:18 GMT: INFO (info): (ticker.c:506) {ycsb} index-usage: used-bytes 6400000000
Sep 16 2026 03:16:18 GMT: INFO (info): (ticker.c:559) {ycsb} data-usage: used-bytes 145600000000 avail-pct 86 cache-read-pct 0.14
Sep 16 2026 03:16:18 GMT: INFO (info): (ticker.c:618) {ycsb} client: tsvc (0,0) proxy (0,0,0) read (166074322,0,0,0,0) write (372028,0,0,0) delete (0,0,0,0,0) udf (0,0,0,0) lang (0,0,0,0)
Sep 16 2026 03:16:18 GMT: INFO (info): (hist.c:319) histogram dump: {ycsb}-read (166074322 total) msec
Sep 16 2026 03:16:18 GMT: INFO (info): (hist.c:330)  (00: 0165949446) (01: 0000123893) (02: 0000000459) (03: 0000000237)
Sep 16 2026 03:16:18 GMT: INFO (info): (hist.c:339)  (04: 0000000020) (05: 0000000095) (06: 0000000172)
Sep 16 2026 03:16:18 GMT: INFO (info): (hist.c:319) histogram dump: {ycsb}-write (372028 total) msec
Sep 16 2026 03:16:18 GMT: INFO (info): (hist.c:339)  (00: 0000372027) (05: 0000000001)
Sep 16 2026 03:16:18 GMT: INFO (deprecation): (thr_info.c:888) (repeated:2560) 'services' info command is deprecated - use 'peers-clear-std' instead
Sep 16 2026 03:16:18 GMT: INFO (deprecation): (thr_info.c:888) (repeated:256) 'replicas-master' info command is deprecated - use 'replicas' instead or upgrade your client
Sep 16 2026 03:16:18 GMT: INFO (deprecation): (thr_info.c:888) (repeated:256) 'features' info command is deprecated - see https://aerospike.com/docs/database/release/8-1/
Sep 16 2026 03:16:28 GMT: INFO (info): (ticker.c:169) NODE-ID bb9f1b2523a0d00 CLUSTER-SIZE 1 CLUSTER-NAME ycsb-default-20260916
Sep 16 2026 03:16:28 GMT: INFO (info): (ticker.c:241)    cluster-clock: skew-ms 0
Sep 16 2026 03:16:28 GMT: INFO (info): (ticker.c:265)    system: total-cpu-pct 194 user-cpu-pct 76 kernel-cpu-pct 118 free-mem-kbytes 122129744 free-mem-pct 92 thp-mem-kbytes 7141376 host-free-mem-kbytes 122129744 host-free-mem-pct 92
Sep 16 2026 03:16:28 GMT: INFO (info): (ticker.c:287)    process: cpu-pct 201 threads (9,61,113,113) heap-kbytes (6769076,6791048,6997504) heap-efficiency-pct 99.7
Sep 16 2026 03:16:28 GMT: INFO (info): (ticker.c:297)    in-progress: info-q 0 rw-hash 0 proxy-hash 0 tree-gc-q 0 long-queries 0
Sep 16 2026 03:16:28 GMT: INFO (info): (ticker.c:340)    fds: proto (401,4524,4123) heartbeat (0,0,0) fabric (0,0,0) admin (0,0,0)
Sep 16 2026 03:16:28 GMT: INFO (info): (ticker.c:352)    heartbeat-received: self 0 foreign 0
Sep 16 2026 03:16:28 GMT: INFO (info): (ticker.c:378)    fabric-bytes-per-second: bulk (0,0) ctrl (0,0) meta (0,0) rw (0,0)
Sep 16 2026 03:16:28 GMT: INFO (info): (ticker.c:426) {ycsb} objects: all 100000000 master 100000000 prole 0 non-replica 0
Sep 16 2026 03:16:28 GMT: INFO (info): (ticker.c:481) {ycsb} migrations: complete
Sep 16 2026 03:16:28 GMT: INFO (info): (ticker.c:506) {ycsb} index-usage: used-bytes 6400000000
Sep 16 2026 03:16:28 GMT: INFO (info): (ticker.c:559) {ycsb} data-usage: used-bytes 145600000000 avail-pct 86 cache-read-pct 0.18
Sep 16 2026 03:16:28 GMT: INFO (info): (ticker.c:618) {ycsb} client: tsvc (0,0) proxy (0,0,0) read (166377645,0,0,0,0) write (674275,0,0,0) delete (0,0,0,0,0) udf (0,0,0,0) lang (0,0,0,0)
Sep 16 2026 03:16:28 GMT: INFO (info): (hist.c:319) histogram dump: {ycsb}-read (166377646 total) msec
Sep 16 2026 03:16:28 GMT: INFO (info): (hist.c:330)  (00: 0166252770) (01: 0000123893) (02: 0000000459) (03: 0000000237)
Sep 16 2026 03:16:28 GMT: INFO (info): (hist.c:339)  (04: 0000000020) (05: 0000000095) (06: 0000000172)
Sep 16 2026 03:16:28 GMT: INFO (info): (hist.c:319) histogram dump: {ycsb}-write (674276 total) msec
Sep 16 2026 03:16:28 GMT: INFO (info): (hist.c:339)  (00: 0000674275) (05: 0000000001)
Sep 16 2026 03:16:28 GMT: INFO (deprecation): (thr_info.c:888) (repeated:2054) 'services' info command is deprecated - use 'peers-clear-std' instead
Sep 16 2026 03:16:28 GMT: INFO (deprecation): (thr_info.c:888) (repeated:256) 'replicas-master' info command is deprecated - use 'replicas' instead or upgrade your client
Sep 16 2026 03:16:28 GMT: INFO (deprecation): (thr_info.c:888) (repeated:256) 'features' info command is deprecated - see https://aerospike.com/docs/database/release/8-1/
Sep 16 2026 03:16:38 GMT: INFO (drv_ssd): (drv_ssd.c:2133) {ycsb} /dev/md127p3: used-bytes 145600000000 free-wblocks 113506 write-q 0 write (203,6.9) defrag-q 0 defrag-read (1,0.0) defrag-write (0,0.0)
Sep 16 2026 03:16:38 GMT: INFO (info): (ticker.c:169) NODE-ID bb9f1b2523a0d00 CLUSTER-SIZE 1 CLUSTER-NAME ycsb-default-20260916
Sep 16 2026 03:16:38 GMT: INFO (info): (ticker.c:241)    cluster-clock: skew-ms 0
Sep 16 2026 03:16:38 GMT: INFO (info): (ticker.c:265)    system: total-cpu-pct 306 user-cpu-pct 83 kernel-cpu-pct 223 free-mem-kbytes 122168472 free-mem-pct 92 thp-mem-kbytes 7139328 host-free-mem-kbytes 122168472 host-free-mem-pct 92
Sep 16 2026 03:16:38 GMT: INFO (info): (ticker.c:287)    process: cpu-pct 333 threads (9,61,113,113) heap-kbytes (6769099,6791076,6997504) heap-efficiency-pct 99.7
Sep 16 2026 03:16:38 GMT: INFO (info): (ticker.c:297)    in-progress: info-q 0 rw-hash 0 proxy-hash 0 tree-gc-q 0 long-queries 0
Sep 16 2026 03:16:38 GMT: INFO (info): (ticker.c:340)    fds: proto (506,4629,4123) heartbeat (0,0,0) fabric (0,0,0) admin (0,0,0)
Sep 16 2026 03:16:38 GMT: INFO (info): (ticker.c:352)    heartbeat-received: self 0 foreign 0
Sep 16 2026 03:16:38 GMT: INFO (info): (ticker.c:378)    fabric-bytes-per-second: bulk (0,0) ctrl (0,0) meta (0,0) rw (0,0)
Sep 16 2026 03:16:38 GMT: INFO (info): (ticker.c:426) {ycsb} objects: all 100000000 master 100000000 prole 0 non-replica 0
Sep 16 2026 03:16:38 GMT: INFO (info): (ticker.c:481) {ycsb} migrations: complete
Sep 16 2026 03:16:38 GMT: INFO (info): (ticker.c:506) {ycsb} index-usage: used-bytes 6400000000
Sep 16 2026 03:16:38 GMT: INFO (info): (ticker.c:559) {ycsb} data-usage: used-bytes 145600000000 avail-pct 86 cache-read-pct 0.19
Sep 16 2026 03:16:38 GMT: INFO (info): (ticker.c:618) {ycsb} client: tsvc (0,0) proxy (0,0,0) read (166876464,0,0,0,0) write (1175619,0,0,0) delete (0,0,0,0,0) udf (0,0,0,0) lang (0,0,0,0)
Sep 16 2026 03:16:38 GMT: INFO (info): (hist.c:319) histogram dump: {ycsb}-read (166876464 total) msec
Sep 16 2026 03:16:38 GMT: INFO (info): (hist.c:330)  (00: 0166751588) (01: 0000123893) (02: 0000000459) (03: 0000000237)
Sep 16 2026 03:16:38 GMT: INFO (info): (hist.c:339)  (04: 0000000020) (05: 0000000095) (06: 0000000172)
Sep 16 2026 03:16:38 GMT: INFO (info): (hist.c:319) histogram dump: {ycsb}-write (1175619 total) msec
Sep 16 2026 03:16:38 GMT: INFO (info): (hist.c:339)  (00: 0001175618) (05: 0000000001)
Sep 16 2026 03:16:38 GMT: INFO (deprecation): (thr_info.c:888) (repeated:2560) 'services' info command is deprecated - use 'peers-clear-std' instead
Sep 16 2026 03:16:48 GMT: INFO (info): (ticker.c:169) NODE-ID bb9f1b2523a0d00 CLUSTER-SIZE 1 CLUSTER-NAME ycsb-default-20260916
Sep 16 2026 03:16:48 GMT: INFO (info): (ticker.c:241)    cluster-clock: skew-ms 0
Sep 16 2026 03:16:48 GMT: INFO (info): (ticker.c:265)    system: total-cpu-pct 319 user-cpu-pct 86 kernel-cpu-pct 233 free-mem-kbytes 122172220 free-mem-pct 92 thp-mem-kbytes 7141376 host-free-mem-kbytes 122172220 host-free-mem-pct 92
Sep 16 2026 03:16:48 GMT: INFO (info): (ticker.c:287)    process: cpu-pct 336 threads (9,61,113,113) heap-kbytes (6769102,6791076,6997504) heap-efficiency-pct 99.7
Sep 16 2026 03:16:48 GMT: INFO (info): (ticker.c:297)    in-progress: info-q 0 rw-hash 0 proxy-hash 0 tree-gc-q 0 long-queries 0
Sep 16 2026 03:16:48 GMT: INFO (info): (ticker.c:340)    fds: proto (510,4633,4123) heartbeat (0,0,0) fabric (0,0,0) admin (0,0,0)
Sep 16 2026 03:16:48 GMT: INFO (info): (ticker.c:352)    heartbeat-received: self 0 foreign 0
Sep 16 2026 03:16:48 GMT: INFO (info): (ticker.c:378)    fabric-bytes-per-second: bulk (0,0) ctrl (0,0) meta (0,0) rw (0,0)
Sep 16 2026 03:16:48 GMT: INFO (info): (ticker.c:426) {ycsb} objects: all 100000000 master 100000000 prole 0 non-replica 0
Sep 16 2026 03:16:48 GMT: INFO (info): (ticker.c:481) {ycsb} migrations: complete
Sep 16 2026 03:16:48 GMT: INFO (info): (ticker.c:506) {ycsb} index-usage: used-bytes 6400000000
Sep 16 2026 03:16:48 GMT: INFO (info): (ticker.c:559) {ycsb} data-usage: used-bytes 145600000000 avail-pct 86 cache-read-pct 0.18
Sep 16 2026 03:16:48 GMT: INFO (info): (ticker.c:618) {ycsb} client: tsvc (0,0) proxy (0,0,0) read (167375650,0,0,0,0) write (1676599,0,0,0) delete (0,0,0,0,0) udf (0,0,0,0) lang (0,0,0,0)
Sep 16 2026 03:16:48 GMT: INFO (info): (hist.c:319) histogram dump: {ycsb}-read (167375650 total) msec
Sep 16 2026 03:16:48 GMT: INFO (info): (hist.c:330)  (00: 0167250770) (01: 0000123897) (02: 0000000459) (03: 0000000237)
Sep 16 2026 03:16:48 GMT: INFO (info): (hist.c:339)  (04: 0000000020) (05: 0000000095) (06: 0000000172)
Sep 16 2026 03:16:48 GMT: INFO (info): (hist.c:319) histogram dump: {ycsb}-write (1676600 total) msec
Sep 16 2026 03:16:48 GMT: INFO (info): (hist.c:339)  (00: 0001676599) (05: 0000000001)
Sep 16 2026 03:16:48 GMT: INFO (deprecation): (thr_info.c:888) (repeated:2560) 'services' info command is deprecated - use 'peers-clear-std' instead
Sep 16 2026 03:16:58 GMT: INFO (drv_ssd): (drv_ssd.c:2133) {ycsb} /dev/md127p3: used-bytes 145600000000 free-wblocks 113332 write-q 0 write (377,8.7) defrag-q 0 defrag-read (1,0.0) defrag-write (0,0.0)
Sep 16 2026 03:16:58 GMT: INFO (info): (ticker.c:169) NODE-ID bb9f1b2523a0d00 CLUSTER-SIZE 1 CLUSTER-NAME ycsb-default-20260916
Sep 16 2026 03:16:58 GMT: INFO (info): (ticker.c:241)    cluster-clock: skew-ms 0
Sep 16 2026 03:16:58 GMT: INFO (info): (ticker.c:265)    system: total-cpu-pct 320 user-cpu-pct 91 kernel-cpu-pct 229 free-mem-kbytes 122171996 free-mem-pct 92 thp-mem-kbytes 7141376 host-free-mem-kbytes 122171996 host-free-mem-pct 92
Sep 16 2026 03:16:58 GMT: INFO (info): (ticker.c:287)    process: cpu-pct 334 threads (9,61,113,113) heap-kbytes (6769123,6791076,6997504) heap-efficiency-pct 99.7
Sep 16 2026 03:16:58 GMT: INFO (info): (ticker.c:297)    in-progress: info-q 0 rw-hash 4 proxy-hash 0 tree-gc-q 0 long-queries 0
Sep 16 2026 03:16:58 GMT: INFO (info): (ticker.c:340)    fds: proto (511,4634,4123) heartbeat (0,0,0) fabric (0,0,0) admin (0,0,0)
Sep 16 2026 03:16:58 GMT: INFO (info): (ticker.c:352)    heartbeat-received: self 0 foreign 0
Sep 16 2026 03:16:58 GMT: INFO (info): (ticker.c:378)    fabric-bytes-per-second: bulk (0,0) ctrl (0,0) meta (0,0) rw (0,0)
Sep 16 2026 03:16:58 GMT: INFO (info): (ticker.c:426) {ycsb} objects: all 100000000 master 100000000 prole 0 non-replica 0
Sep 16 2026 03:16:58 GMT: INFO (info): (ticker.c:481) {ycsb} migrations: complete
Sep 16 2026 03:16:58 GMT: INFO (info): (ticker.c:506) {ycsb} index-usage: used-bytes 6400000000
Sep 16 2026 03:16:58 GMT: INFO (info): (ticker.c:559) {ycsb} data-usage: used-bytes 145600000000 avail-pct 86 cache-read-pct 0.19
Sep 16 2026 03:16:58 GMT: INFO (info): (ticker.c:618) {ycsb} client: tsvc (0,0) proxy (0,0,0) read (167875694,0,0,0,0) write (2176719,0,0,0) delete (0,0,0,0,0) udf (0,0,0,0) lang (0,0,0,0)
Sep 16 2026 03:16:58 GMT: INFO (info): (hist.c:319) histogram dump: {ycsb}-read (167875694 total) msec
Sep 16 2026 03:16:58 GMT: INFO (info): (hist.c:330)  (00: 0167750814) (01: 0000123897) (02: 0000000459) (03: 0000000237)
Sep 16 2026 03:16:58 GMT: INFO (info): (hist.c:339)  (04: 0000000020) (05: 0000000095) (06: 0000000172)
Sep 16 2026 03:16:58 GMT: INFO (info): (hist.c:319) histogram dump: {ycsb}-write (2176721 total) msec
Sep 16 2026 03:16:58 GMT: INFO (info): (hist.c:339)  (00: 0002176720) (05: 0000000001)
Sep 16 2026 03:16:58 GMT: INFO (deprecation): (thr_info.c:888) (repeated:2560) 'services' info command is deprecated - use 'peers-clear-std' instead
Sep 16 2026 03:17:08 GMT: INFO (info): (ticker.c:169) NODE-ID bb9f1b2523a0d00 CLUSTER-SIZE 1 CLUSTER-NAME ycsb-default-20260916
Sep 16 2026 03:17:08 GMT: INFO (info): (ticker.c:241)    cluster-clock: skew-ms 0
Sep 16 2026 03:17:08 GMT: INFO (info): (ticker.c:265)    system: total-cpu-pct 320 user-cpu-pct 87 kernel-cpu-pct 233 free-mem-kbytes 122175068 free-mem-pct 92 thp-mem-kbytes 7141376 host-free-mem-kbytes 122175068 host-free-mem-pct 92
Sep 16 2026 03:17:08 GMT: INFO (info): (ticker.c:287)    process: cpu-pct 333 threads (9,61,113,113) heap-kbytes (6769101,6791076,6997504) heap-efficiency-pct 99.7
Sep 16 2026 03:17:08 GMT: INFO (info): (ticker.c:297)    in-progress: info-q 0 rw-hash 1 proxy-hash 0 tree-gc-q 0 long-queries 0
Sep 16 2026 03:17:08 GMT: INFO (info): (ticker.c:340)    fds: proto (512,4635,4123) heartbeat (0,0,0) fabric (0,0,0) admin (0,0,0)
Sep 16 2026 03:17:08 GMT: INFO (info): (ticker.c:352)    heartbeat-received: self 0 foreign 0
Sep 16 2026 03:17:08 GMT: INFO (info): (ticker.c:378)    fabric-bytes-per-second: bulk (0,0) ctrl (0,0) meta (0,0) rw (0,0)
Sep 16 2026 03:17:08 GMT: INFO (info): (ticker.c:426) {ycsb} objects: all 100000000 master 100000000 prole 0 non-replica 0
Sep 16 2026 03:17:08 GMT: INFO (info): (ticker.c:481) {ycsb} migrations: complete
Sep 16 2026 03:17:08 GMT: INFO (info): (ticker.c:506) {ycsb} index-usage: used-bytes 6400000000
Sep 16 2026 03:17:08 GMT: INFO (info): (ticker.c:559) {ycsb} data-usage: used-bytes 145600000000 avail-pct 86 cache-read-pct 0.17
Sep 16 2026 03:17:08 GMT: INFO (info): (ticker.c:618) {ycsb} client: tsvc (0,0) proxy (0,0,0) read (168375490,0,0,0,0) write (2677063,0,0,0) delete (0,0,0,0,0) udf (0,0,0,0) lang (0,0,0,0)
Sep 16 2026 03:17:08 GMT: INFO (info): (hist.c:319) histogram dump: {ycsb}-read (168375490 total) msec
Sep 16 2026 03:17:08 GMT: INFO (info): (hist.c:330)  (00: 0168250610) (01: 0000123897) (02: 0000000459) (03: 0000000237)
Sep 16 2026 03:17:08 GMT: INFO (info): (hist.c:339)  (04: 0000000020) (05: 0000000095) (06: 0000000172)
Sep 16 2026 03:17:08 GMT: INFO (info): (hist.c:319) histogram dump: {ycsb}-write (2677065 total) msec
Sep 16 2026 03:17:08 GMT: INFO (info): (hist.c:339)  (00: 0002677064) (05: 0000000001)
Sep 16 2026 03:17:08 GMT: INFO (deprecation): (thr_info.c:888) (repeated:2560) 'services' info command is deprecated - use 'peers-clear-std' instead
Sep 16 2026 03:17:18 GMT: INFO (drv_ssd): (drv_ssd.c:2133) {ycsb} /dev/md127p3: used-bytes 145600000000 free-wblocks 113159 write-q 0 write (550,8.6) defrag-q 0 defrag-read (1,0.0) defrag-write (0,0.0)
Sep 16 2026 03:17:18 GMT: INFO (info): (ticker.c:169) NODE-ID bb9f1b2523a0d00 CLUSTER-SIZE 1 CLUSTER-NAME ycsb-default-20260916
Sep 16 2026 03:17:18 GMT: INFO (info): (ticker.c:241)    cluster-clock: skew-ms 0
Sep 16 2026 03:17:18 GMT: INFO (info): (ticker.c:265)    system: total-cpu-pct 318 user-cpu-pct 84 kernel-cpu-pct 234 free-mem-kbytes 122178468 free-mem-pct 92 thp-mem-kbytes 7137280 host-free-mem-kbytes 122178468 host-free-mem-pct 92
Sep 16 2026 03:17:18 GMT: INFO (info): (ticker.c:287)    process: cpu-pct 333 threads (9,61,113,113) heap-kbytes (6769101,6791076,6997504) heap-efficiency-pct 99.7
Sep 16 2026 03:17:18 GMT: INFO (info): (ticker.c:297)    in-progress: info-q 0 rw-hash 0 proxy-hash 0 tree-gc-q 0 long-queries 0
Sep 16 2026 03:17:18 GMT: INFO (info): (ticker.c:340)    fds: proto (512,4635,4123) heartbeat (0,0,0) fabric (0,0,0) admin (0,0,0)
Sep 16 2026 03:17:18 GMT: INFO (info): (ticker.c:352)    heartbeat-received: self 0 foreign 0
Sep 16 2026 03:17:18 GMT: INFO (info): (ticker.c:378)    fabric-bytes-per-second: bulk (0,0) ctrl (0,0) meta (0,0) rw (0,0)
Sep 16 2026 03:17:18 GMT: INFO (info): (ticker.c:426) {ycsb} objects: all 100000000 master 100000000 prole 0 non-replica 0
Sep 16 2026 03:17:18 GMT: INFO (info): (ticker.c:481) {ycsb} migrations: complete
Sep 16 2026 03:17:18 GMT: INFO (info): (ticker.c:506) {ycsb} index-usage: used-bytes 6400000000
Sep 16 2026 03:17:18 GMT: INFO (info): (ticker.c:559) {ycsb} data-usage: used-bytes 145600000000 avail-pct 86 cache-read-pct 0.19
Sep 16 2026 03:17:18 GMT: INFO (info): (ticker.c:618) {ycsb} client: tsvc (0,0) proxy (0,0,0) read (168875513,0,0,0,0) write (3177165,0,0,0) delete (0,0,0,0,0) udf (0,0,0,0) lang (0,0,0,0)
Sep 16 2026 03:17:18 GMT: INFO (info): (hist.c:319) histogram dump: {ycsb}-read (168875513 total) msec
Sep 16 2026 03:17:18 GMT: INFO (info): (hist.c:330)  (00: 0168750633) (01: 0000123897) (02: 0000000459) (03: 0000000237)
Sep 16 2026 03:17:18 GMT: INFO (info): (hist.c:339)  (04: 0000000020) (05: 0000000095) (06: 0000000172)
Sep 16 2026 03:17:18 GMT: INFO (info): (hist.c:319) histogram dump: {ycsb}-write (3177166 total) msec
Sep 16 2026 03:17:18 GMT: INFO (info): (hist.c:339)  (00: 0003177165) (05: 0000000001)
Sep 16 2026 03:17:18 GMT: INFO (deprecation): (thr_info.c:888) (repeated:2560) 'services' info command is deprecated - use 'peers-clear-std' instead
Sep 16 2026 03:17:28 GMT: INFO (info): (ticker.c:169) NODE-ID bb9f1b2523a0d00 CLUSTER-SIZE 1 CLUSTER-NAME ycsb-default-20260916
Sep 16 2026 03:17:28 GMT: INFO (info): (ticker.c:241)    cluster-clock: skew-ms 0
Sep 16 2026 03:17:28 GMT: INFO (info): (ticker.c:265)    system: total-cpu-pct 310 user-cpu-pct 86 kernel-cpu-pct 224 free-mem-kbytes 122175260 free-mem-pct 92 thp-mem-kbytes 7139328 host-free-mem-kbytes 122175260 host-free-mem-pct 92
Sep 16 2026 03:17:28 GMT: INFO (info): (ticker.c:287)    process: cpu-pct 333 threads (9,61,113,113) heap-kbytes (6769112,6791076,6997504) heap-efficiency-pct 99.7
Sep 16 2026 03:17:28 GMT: INFO (info): (ticker.c:297)    in-progress: info-q 0 rw-hash 0 proxy-hash 0 tree-gc-q 0 long-queries 0
Sep 16 2026 03:17:28 GMT: INFO (info): (ticker.c:340)    fds: proto (512,4635,4123) heartbeat (0,0,0) fabric (0,0,0) admin (0,0,0)
Sep 16 2026 03:17:28 GMT: INFO (info): (ticker.c:352)    heartbeat-received: self 0 foreign 0
Sep 16 2026 03:17:28 GMT: INFO (info): (ticker.c:378)    fabric-bytes-per-second: bulk (0,0) ctrl (0,0) meta (0,0) rw (0,0)
Sep 16 2026 03:17:28 GMT: INFO (info): (ticker.c:426) {ycsb} objects: all 100000000 master 100000000 prole 0 non-replica 0
Sep 16 2026 03:17:28 GMT: INFO (info): (ticker.c:481) {ycsb} migrations: complete
Sep 16 2026 03:17:28 GMT: INFO (info): (ticker.c:506) {ycsb} index-usage: used-bytes 6400000000
Sep 16 2026 03:17:28 GMT: INFO (info): (ticker.c:559) {ycsb} data-usage: used-bytes 145600000000 avail-pct 86 cache-read-pct 0.19
Sep 16 2026 03:17:28 GMT: INFO (info): (ticker.c:618) {ycsb} client: tsvc (0,0) proxy (0,0,0) read (169375792,0,0,0,0) write (3677042,0,0,0) delete (0,0,0,0,0) udf (0,0,0,0) lang (0,0,0,0)
Sep 16 2026 03:17:28 GMT: INFO (info): (hist.c:319) histogram dump: {ycsb}-read (169375792 total) msec
Sep 16 2026 03:17:28 GMT: INFO (info): (hist.c:330)  (00: 0169250911) (01: 0000123898) (02: 0000000459) (03: 0000000237)
Sep 16 2026 03:17:28 GMT: INFO (info): (hist.c:339)  (04: 0000000020) (05: 0000000095) (06: 0000000172)
Sep 16 2026 03:17:28 GMT: INFO (info): (hist.c:319) histogram dump: {ycsb}-write (3677043 total) msec
Sep 16 2026 03:17:28 GMT: INFO (info): (hist.c:339)  (00: 0003677042) (05: 0000000001)
Sep 16 2026 03:17:28 GMT: INFO (deprecation): (thr_info.c:888) (repeated:2560) 'services' info command is deprecated - use 'peers-clear-std' instead
Sep 16 2026 03:17:38 GMT: INFO (drv_ssd): (drv_ssd.c:2133) {ycsb} /dev/md127p3: used-bytes 145600000000 free-wblocks 112985 write-q 0 write (724,8.7) defrag-q 0 defrag-read (1,0.0) defrag-write (0,0.0)
Sep 16 2026 03:17:38 GMT: INFO (info): (ticker.c:169) NODE-ID bb9f1b2523a0d00 CLUSTER-SIZE 1 CLUSTER-NAME ycsb-default-20260916
Sep 16 2026 03:17:38 GMT: INFO (info): (ticker.c:241)    cluster-clock: skew-ms 0
Sep 16 2026 03:17:38 GMT: INFO (info): (ticker.c:265)    system: total-cpu-pct 304 user-cpu-pct 82 kernel-cpu-pct 222 free-mem-kbytes 122177804 free-mem-pct 92 thp-mem-kbytes 7139328 host-free-mem-kbytes 122177804 host-free-mem-pct 92
Sep 16 2026 03:17:38 GMT: INFO (info): (ticker.c:287)    process: cpu-pct 333 threads (9,61,113,113) heap-kbytes (6769089,6791076,6997504) heap-efficiency-pct 99.7
Sep 16 2026 03:17:38 GMT: INFO (info): (ticker.c:297)    in-progress: info-q 0 rw-hash 0 proxy-hash 0 tree-gc-q 0 long-queries 0
Sep 16 2026 03:17:38 GMT: INFO (info): (ticker.c:340)    fds: proto (512,4635,4123) heartbeat (0,0,0) fabric (0,0,0) admin (0,0,0)
Sep 16 2026 03:17:38 GMT: INFO (info): (ticker.c:352)    heartbeat-received: self 0 foreign 0
Sep 16 2026 03:17:38 GMT: INFO (info): (ticker.c:378)    fabric-bytes-per-second: bulk (0,0) ctrl (0,0) meta (0,0) rw (0,0)
Sep 16 2026 03:17:38 GMT: INFO (info): (ticker.c:426) {ycsb} objects: all 100000000 master 100000000 prole 0 non-replica 0
Sep 16 2026 03:17:38 GMT: INFO (info): (ticker.c:481) {ycsb} migrations: complete
Sep 16 2026 03:17:38 GMT: INFO (info): (ticker.c:506) {ycsb} index-usage: used-bytes 6400000000
Sep 16 2026 03:17:38 GMT: INFO (info): (ticker.c:559) {ycsb} data-usage: used-bytes 145600000000 avail-pct 86 cache-read-pct 0.18
Sep 16 2026 03:17:38 GMT: INFO (info): (ticker.c:618) {ycsb} client: tsvc (0,0) proxy (0,0,0) read (169876648,0,0,0,0) write (4176345,0,0,0) delete (0,0,0,0,0) udf (0,0,0,0) lang (0,0,0,0)
Sep 16 2026 03:17:38 GMT: INFO (info): (hist.c:319) histogram dump: {ycsb}-read (169876648 total) msec
Sep 16 2026 03:17:38 GMT: INFO (info): (hist.c:330)  (00: 0169751767) (01: 0000123898) (02: 0000000459) (03: 0000000237)
Sep 16 2026 03:17:38 GMT: INFO (info): (hist.c:339)  (04: 0000000020) (05: 0000000095) (06: 0000000172)
Sep 16 2026 03:17:38 GMT: INFO (info): (hist.c:319) histogram dump: {ycsb}-write (4176345 total) msec
Sep 16 2026 03:17:38 GMT: INFO (info): (hist.c:339)  (00: 0004176344) (05: 0000000001)
Sep 16 2026 03:17:38 GMT: INFO (deprecation): (thr_info.c:888) (repeated:2560) 'services' info command is deprecated - use 'peers-clear-std' instead
Sep 16 2026 03:17:48 GMT: INFO (info): (ticker.c:169) NODE-ID bb9f1b2523a0d00 CLUSTER-SIZE 1 CLUSTER-NAME ycsb-default-20260916
Sep 16 2026 03:17:48 GMT: INFO (info): (ticker.c:241)    cluster-clock: skew-ms 0
Sep 16 2026 03:17:48 GMT: INFO (info): (ticker.c:265)    system: total-cpu-pct 299 user-cpu-pct 81 kernel-cpu-pct 218 free-mem-kbytes 122176132 free-mem-pct 92 thp-mem-kbytes 7139328 host-free-mem-kbytes 122176132 host-free-mem-pct 92
Sep 16 2026 03:17:48 GMT: INFO (info): (ticker.c:287)    process: cpu-pct 332 threads (9,61,113,113) heap-kbytes (6769102,6791076,6997504) heap-efficiency-pct 99.7
Sep 16 2026 03:17:48 GMT: INFO (info): (ticker.c:297)    in-progress: info-q 0 rw-hash 0 proxy-hash 0 tree-gc-q 0 long-queries 0
Sep 16 2026 03:17:48 GMT: INFO (info): (ticker.c:340)    fds: proto (512,4635,4123) heartbeat (0,0,0) fabric (0,0,0) admin (0,0,0)
Sep 16 2026 03:17:48 GMT: INFO (info): (ticker.c:352)    heartbeat-received: self 0 foreign 0
Sep 16 2026 03:17:48 GMT: INFO (info): (ticker.c:378)    fabric-bytes-per-second: bulk (0,0) ctrl (0,0) meta (0,0) rw (0,0)
Sep 16 2026 03:17:48 GMT: INFO (info): (ticker.c:426) {ycsb} objects: all 100000000 master 100000000 prole 0 non-replica 0
Sep 16 2026 03:17:48 GMT: INFO (info): (ticker.c:481) {ycsb} migrations: complete
Sep 16 2026 03:17:48 GMT: INFO (info): (ticker.c:506) {ycsb} index-usage: used-bytes 6400000000
Sep 16 2026 03:17:48 GMT: INFO (info): (ticker.c:559) {ycsb} data-usage: used-bytes 145600000000 avail-pct 86 cache-read-pct 0.20
Sep 16 2026 03:17:48 GMT: INFO (info): (ticker.c:618) {ycsb} client: tsvc (0,0) proxy (0,0,0) read (170377507,0,0,0,0) write (4675662,0,0,0) delete (0,0,0,0,0) udf (0,0,0,0) lang (0,0,0,0)
Sep 16 2026 03:17:48 GMT: INFO (info): (hist.c:319) histogram dump: {ycsb}-read (170377508 total) msec
Sep 16 2026 03:17:48 GMT: INFO (info): (hist.c:330)  (00: 0170252627) (01: 0000123898) (02: 0000000459) (03: 0000000237)
Sep 16 2026 03:17:48 GMT: INFO (info): (hist.c:339)  (04: 0000000020) (05: 0000000095) (06: 0000000172)
Sep 16 2026 03:17:48 GMT: INFO (info): (hist.c:319) histogram dump: {ycsb}-write (4675662 total) msec
Sep 16 2026 03:17:48 GMT: INFO (info): (hist.c:339)  (00: 0004675661) (05: 0000000001)
Sep 16 2026 03:17:48 GMT: INFO (deprecation): (thr_info.c:888) (repeated:2560) 'services' info command is deprecated - use 'peers-clear-std' instead
Sep 16 2026 03:17:58 GMT: INFO (drv_ssd): (drv_ssd.c:2133) {ycsb} /dev/md127p3: used-bytes 145600000000 free-wblocks 112812 write-q 0 write (897,8.6) defrag-q 0 defrag-read (1,0.0) defrag-write (0,0.0)
Sep 16 2026 03:17:58 GMT: INFO (info): (ticker.c:169) NODE-ID bb9f1b2523a0d00 CLUSTER-SIZE 1 CLUSTER-NAME ycsb-default-20260916
Sep 16 2026 03:17:58 GMT: INFO (info): (ticker.c:241)    cluster-clock: skew-ms 0
Sep 16 2026 03:17:58 GMT: INFO (info): (ticker.c:265)    system: total-cpu-pct 297 user-cpu-pct 80 kernel-cpu-pct 217 free-mem-kbytes 122176920 free-mem-pct 92 thp-mem-kbytes 7139328 host-free-mem-kbytes 122176920 host-free-mem-pct 92
Sep 16 2026 03:17:58 GMT: INFO (info): (ticker.c:287)    process: cpu-pct 333 threads (9,61,113,113) heap-kbytes (6769085,6791076,6997504) heap-efficiency-pct 99.7
Sep 16 2026 03:17:58 GMT: INFO (info): (ticker.c:297)    in-progress: info-q 0 rw-hash 1 proxy-hash 0 tree-gc-q 0 long-queries 0
Sep 16 2026 03:17:58 GMT: INFO (info): (ticker.c:340)    fds: proto (512,4635,4123) heartbeat (0,0,0) fabric (0,0,0) admin (0,0,0)
Sep 16 2026 03:17:58 GMT: INFO (info): (ticker.c:352)    heartbeat-received: self 0 foreign 0
Sep 16 2026 03:17:58 GMT: INFO (info): (ticker.c:378)    fabric-bytes-per-second: bulk (0,0) ctrl (0,0) meta (0,0) rw (0,0)
Sep 16 2026 03:17:58 GMT: INFO (info): (ticker.c:426) {ycsb} objects: all 100000000 master 100000000 prole 0 non-replica 0
Sep 16 2026 03:17:58 GMT: INFO (info): (ticker.c:481) {ycsb} migrations: complete
Sep 16 2026 03:17:58 GMT: INFO (info): (ticker.c:506) {ycsb} index-usage: used-bytes 6400000000
Sep 16 2026 03:17:58 GMT: INFO (info): (ticker.c:559) {ycsb} data-usage: used-bytes 145600000000 avail-pct 86 cache-read-pct 0.18
Sep 16 2026 03:17:58 GMT: INFO (info): (ticker.c:618) {ycsb} client: tsvc (0,0) proxy (0,0,0) read (170877210,0,0,0,0) write (5176112,0,0,0) delete (0,0,0,0,0) udf (0,0,0,0) lang (0,0,0,0)
Sep 16 2026 03:17:58 GMT: INFO (info): (hist.c:319) histogram dump: {ycsb}-read (170877211 total) msec
Sep 16 2026 03:17:58 GMT: INFO (info): (hist.c:330)  (00: 0170752330) (01: 0000123898) (02: 0000000459) (03: 0000000237)
Sep 16 2026 03:17:58 GMT: INFO (info): (hist.c:339)  (04: 0000000020) (05: 0000000095) (06: 0000000172)
Sep 16 2026 03:17:58 GMT: INFO (info): (hist.c:319) histogram dump: {ycsb}-write (5176112 total) msec
Sep 16 2026 03:17:58 GMT: INFO (info): (hist.c:339)  (00: 0005176111) (05: 0000000001)
Sep 16 2026 03:17:58 GMT: INFO (deprecation): (thr_info.c:888) (repeated:2560) 'services' info command is deprecated - use 'peers-clear-std' instead
Sep 16 2026 03:18:08 GMT: INFO (info): (ticker.c:169) NODE-ID bb9f1b2523a0d00 CLUSTER-SIZE 1 CLUSTER-NAME ycsb-default-20260916
Sep 16 2026 03:18:08 GMT: INFO (info): (ticker.c:241)    cluster-clock: skew-ms 0
Sep 16 2026 03:18:08 GMT: INFO (info): (ticker.c:265)    system: total-cpu-pct 293 user-cpu-pct 79 kernel-cpu-pct 214 free-mem-kbytes 122176896 free-mem-pct 92 thp-mem-kbytes 7139328 host-free-mem-kbytes 122176896 host-free-mem-pct 92
Sep 16 2026 03:18:08 GMT: INFO (info): (ticker.c:287)    process: cpu-pct 333 threads (9,61,113,113) heap-kbytes (6769085,6791076,6997504) heap-efficiency-pct 99.7
Sep 16 2026 03:18:08 GMT: INFO (info): (ticker.c:297)    in-progress: info-q 0 rw-hash 1 proxy-hash 0 tree-gc-q 0 long-queries 0
Sep 16 2026 03:18:08 GMT: INFO (info): (ticker.c:340)    fds: proto (512,4635,4123) heartbeat (0,0,0) fabric (0,0,0) admin (0,0,0)
Sep 16 2026 03:18:08 GMT: INFO (info): (ticker.c:352)    heartbeat-received: self 0 foreign 0
Sep 16 2026 03:18:08 GMT: INFO (info): (ticker.c:378)    fabric-bytes-per-second: bulk (0,0) ctrl (0,0) meta (0,0) rw (0,0)
Sep 16 2026 03:18:08 GMT: INFO (info): (ticker.c:426) {ycsb} objects: all 100000000 master 100000000 prole 0 non-replica 0
Sep 16 2026 03:18:08 GMT: INFO (info): (ticker.c:481) {ycsb} migrations: complete
Sep 16 2026 03:18:08 GMT: INFO (info): (ticker.c:506) {ycsb} index-usage: used-bytes 6400000000
Sep 16 2026 03:18:08 GMT: INFO (info): (ticker.c:559) {ycsb} data-usage: used-bytes 145600000000 avail-pct 86 cache-read-pct 0.18
Sep 16 2026 03:18:08 GMT: INFO (info): (ticker.c:618) {ycsb} client: tsvc (0,0) proxy (0,0,0) read (171377074,0,0,0,0) write (5676425,0,0,0) delete (0,0,0,0,0) udf (0,0,0,0) lang (0,0,0,0)
Sep 16 2026 03:18:08 GMT: INFO (info): (hist.c:319) histogram dump: {ycsb}-read (171377074 total) msec
Sep 16 2026 03:18:08 GMT: INFO (info): (hist.c:330)  (00: 0171252193) (01: 0000123898) (02: 0000000459) (03: 0000000237)
Sep 16 2026 03:18:08 GMT: INFO (info): (hist.c:339)  (04: 0000000020) (05: 0000000095) (06: 0000000172)
Sep 16 2026 03:18:08 GMT: INFO (info): (hist.c:319) histogram dump: {ycsb}-write (5676425 total) msec
Sep 16 2026 03:18:08 GMT: INFO (info): (hist.c:339)  (00: 0005676424) (05: 0000000001)
Sep 16 2026 03:18:08 GMT: INFO (deprecation): (thr_info.c:888) (repeated:2560) 'services' info command is deprecated - use 'peers-clear-std' instead
Sep 16 2026 03:18:18 GMT: INFO (drv_ssd): (drv_ssd.c:2133) {ycsb} /dev/md127p3: used-bytes 145600000000 free-wblocks 112638 write-q 0 write (1071,8.7) defrag-q 0 defrag-read (1,0.0) defrag-write (0,0.0)
Sep 16 2026 03:18:18 GMT: INFO (info): (ticker.c:169) NODE-ID bb9f1b2523a0d00 CLUSTER-SIZE 1 CLUSTER-NAME ycsb-default-20260916
Sep 16 2026 03:18:18 GMT: INFO (info): (ticker.c:241)    cluster-clock: skew-ms 0
Sep 16 2026 03:18:18 GMT: INFO (info): (ticker.c:265)    system: total-cpu-pct 284 user-cpu-pct 76 kernel-cpu-pct 208 free-mem-kbytes 122177904 free-mem-pct 92 thp-mem-kbytes 7137280 host-free-mem-kbytes 122177904 host-free-mem-pct 92
Sep 16 2026 03:18:18 GMT: INFO (info): (ticker.c:287)    process: cpu-pct 334 threads (9,61,113,113) heap-kbytes (6769062,6791076,6997504) heap-efficiency-pct 99.7
Sep 16 2026 03:18:18 GMT: INFO (info): (ticker.c:297)    in-progress: info-q 0 rw-hash 3 proxy-hash 0 tree-gc-q 0 long-queries 0
Sep 16 2026 03:18:18 GMT: INFO (info): (ticker.c:340)    fds: proto (512,4635,4123) heartbeat (0,0,0) fabric (0,0,0) admin (0,0,0)
Sep 16 2026 03:18:18 GMT: INFO (info): (ticker.c:352)    heartbeat-received: self 0 foreign 0
Sep 16 2026 03:18:18 GMT: INFO (info): (ticker.c:378)    fabric-bytes-per-second: bulk (0,0) ctrl (0,0) meta (0,0) rw (0,0)
Sep 16 2026 03:18:18 GMT: INFO (info): (ticker.c:426) {ycsb} objects: all 100000000 master 100000000 prole 0 non-replica 0
Sep 16 2026 03:18:18 GMT: INFO (info): (ticker.c:481) {ycsb} migrations: complete
Sep 16 2026 03:18:18 GMT: INFO (info): (ticker.c:506) {ycsb} index-usage: used-bytes 6400000000
Sep 16 2026 03:18:18 GMT: INFO (info): (ticker.c:559) {ycsb} data-usage: used-bytes 145600000000 avail-pct 85 cache-read-pct 0.18
Sep 16 2026 03:18:18 GMT: INFO (info): (ticker.c:618) {ycsb} client: tsvc (0,0) proxy (0,0,0) read (171877355,0,0,0,0) write (6176276,0,0,0) delete (0,0,0,0,0) udf (0,0,0,0) lang (0,0,0,0)
Sep 16 2026 03:18:18 GMT: INFO (info): (hist.c:319) histogram dump: {ycsb}-read (171877356 total) msec
Sep 16 2026 03:18:18 GMT: INFO (info): (hist.c:330)  (00: 0171752475) (01: 0000123898) (02: 0000000459) (03: 0000000237)
Sep 16 2026 03:18:18 GMT: INFO (info): (hist.c:339)  (04: 0000000020) (05: 0000000095) (06: 0000000172)
Sep 16 2026 03:18:18 GMT: INFO (info): (hist.c:319) histogram dump: {ycsb}-write (6176277 total) msec
Sep 16 2026 03:18:18 GMT: INFO (info): (hist.c:339)  (00: 0006176276) (05: 0000000001)
Sep 16 2026 03:18:18 GMT: INFO (deprecation): (thr_info.c:888) (repeated:2560) 'services' info command is deprecated - use 'peers-clear-std' instead
Sep 16 2026 03:18:28 GMT: INFO (info): (ticker.c:169) NODE-ID bb9f1b2523a0d00 CLUSTER-SIZE 1 CLUSTER-NAME ycsb-default-20260916
Sep 16 2026 03:18:28 GMT: INFO (info): (ticker.c:241)    cluster-clock: skew-ms 0
Sep 16 2026 03:18:28 GMT: INFO (info): (ticker.c:265)    system: total-cpu-pct 285 user-cpu-pct 76 kernel-cpu-pct 209 free-mem-kbytes 122176396 free-mem-pct 92 thp-mem-kbytes 7137280 host-free-mem-kbytes 122176396 host-free-mem-pct 92
Sep 16 2026 03:18:28 GMT: INFO (info): (ticker.c:287)    process: cpu-pct 333 threads (9,61,113,113) heap-kbytes (6769077,6791076,6997504) heap-efficiency-pct 99.7
Sep 16 2026 03:18:28 GMT: INFO (info): (ticker.c:297)    in-progress: info-q 0 rw-hash 0 proxy-hash 0 tree-gc-q 0 long-queries 0
Sep 16 2026 03:18:28 GMT: INFO (info): (ticker.c:340)    fds: proto (512,4635,4123) heartbeat (0,0,0) fabric (0,0,0) admin (0,0,0)
Sep 16 2026 03:18:28 GMT: INFO (info): (ticker.c:352)    heartbeat-received: self 0 foreign 0
Sep 16 2026 03:18:28 GMT: INFO (info): (ticker.c:378)    fabric-bytes-per-second: bulk (0,0) ctrl (0,0) meta (0,0) rw (0,0)
Sep 16 2026 03:18:28 GMT: INFO (info): (ticker.c:426) {ycsb} objects: all 100000000 master 100000000 prole 0 non-replica 0
Sep 16 2026 03:18:28 GMT: INFO (info): (ticker.c:481) {ycsb} migrations: complete
Sep 16 2026 03:18:28 GMT: INFO (info): (ticker.c:506) {ycsb} index-usage: used-bytes 6400000000
Sep 16 2026 03:18:28 GMT: INFO (info): (ticker.c:559) {ycsb} data-usage: used-bytes 145600000000 avail-pct 85 cache-read-pct 0.19
Sep 16 2026 03:18:28 GMT: INFO (info): (ticker.c:618) {ycsb} client: tsvc (0,0) proxy (0,0,0) read (172376854,0,0,0,0) write (6676917,0,0,0) delete (0,0,0,0,0) udf (0,0,0,0) lang (0,0,0,0)
Sep 16 2026 03:18:28 GMT: INFO (info): (hist.c:319) histogram dump: {ycsb}-read (172376854 total) msec
Sep 16 2026 03:18:28 GMT: INFO (info): (hist.c:330)  (00: 0172251973) (01: 0000123898) (02: 0000000459) (03: 0000000237)
Sep 16 2026 03:18:28 GMT: INFO (info): (hist.c:339)  (04: 0000000020) (05: 0000000095) (06: 0000000172)
Sep 16 2026 03:18:28 GMT: INFO (info): (hist.c:319) histogram dump: {ycsb}-write (6676919 total) msec
Sep 16 2026 03:18:28 GMT: INFO (info): (hist.c:339)  (00: 0006676918) (05: 0000000001)
Sep 16 2026 03:18:28 GMT: INFO (deprecation): (thr_info.c:888) (repeated:2560) 'services' info command is deprecated - use 'peers-clear-std' instead
Sep 16 2026 03:18:38 GMT: INFO (drv_ssd): (drv_ssd.c:2133) {ycsb} /dev/md127p3: used-bytes 145600000000 free-wblocks 112464 write-q 0 write (1245,8.7) defrag-q 0 defrag-read (1,0.0) defrag-write (0,0.0)
Sep 16 2026 03:18:38 GMT: INFO (info): (ticker.c:169) NODE-ID bb9f1b2523a0d00 CLUSTER-SIZE 1 CLUSTER-NAME ycsb-default-20260916
Sep 16 2026 03:18:38 GMT: INFO (info): (ticker.c:241)    cluster-clock: skew-ms 0
Sep 16 2026 03:18:38 GMT: INFO (info): (ticker.c:265)    system: total-cpu-pct 292 user-cpu-pct 77 kernel-cpu-pct 215 free-mem-kbytes 122174632 free-mem-pct 92 thp-mem-kbytes 7139328 host-free-mem-kbytes 122174632 host-free-mem-pct 92
Sep 16 2026 03:18:38 GMT: INFO (info): (ticker.c:287)    process: cpu-pct 332 threads (9,61,113,113) heap-kbytes (6769074,6791076,6997504) heap-efficiency-pct 99.7
Sep 16 2026 03:18:38 GMT: INFO (info): (ticker.c:297)    in-progress: info-q 0 rw-hash 0 proxy-hash 0 tree-gc-q 0 long-queries 0
Sep 16 2026 03:18:38 GMT: INFO (info): (ticker.c:340)    fds: proto (512,4635,4123) heartbeat (0,0,0) fabric (0,0,0) admin (0,0,0)
Sep 16 2026 03:18:38 GMT: INFO (info): (ticker.c:352)    heartbeat-received: self 0 foreign 0
Sep 16 2026 03:18:38 GMT: INFO (info): (ticker.c:378)    fabric-bytes-per-second: bulk (0,0) ctrl (0,0) meta (0,0) rw (0,0)
Sep 16 2026 03:18:38 GMT: INFO (info): (ticker.c:426) {ycsb} objects: all 100000000 master 100000000 prole 0 non-replica 0
Sep 16 2026 03:18:38 GMT: INFO (info): (ticker.c:481) {ycsb} migrations: complete
Sep 16 2026 03:18:38 GMT: INFO (info): (ticker.c:506) {ycsb} index-usage: used-bytes 6400000000
Sep 16 2026 03:18:38 GMT: INFO (info): (ticker.c:559) {ycsb} data-usage: used-bytes 145600000000 avail-pct 85 cache-read-pct 0.19
Sep 16 2026 03:18:38 GMT: INFO (info): (ticker.c:618) {ycsb} client: tsvc (0,0) proxy (0,0,0) read (172876976,0,0,0,0) write (7176943,0,0,0) delete (0,0,0,0,0) udf (0,0,0,0) lang (0,0,0,0)
Sep 16 2026 03:18:38 GMT: INFO (info): (hist.c:319) histogram dump: {ycsb}-read (172876976 total) msec
Sep 16 2026 03:18:38 GMT: INFO (info): (hist.c:330)  (00: 0172752095) (01: 0000123898) (02: 0000000459) (03: 0000000237)
Sep 16 2026 03:18:38 GMT: INFO (info): (hist.c:339)  (04: 0000000020) (05: 0000000095) (06: 0000000172)
Sep 16 2026 03:18:38 GMT: INFO (info): (hist.c:319) histogram dump: {ycsb}-write (7176944 total) msec
Sep 16 2026 03:18:38 GMT: INFO (info): (hist.c:339)  (00: 0007176943) (05: 0000000001)
Sep 16 2026 03:18:38 GMT: INFO (deprecation): (thr_info.c:888) (repeated:2560) 'services' info command is deprecated - use 'peers-clear-std' instead
Sep 16 2026 03:18:48 GMT: INFO (info): (ticker.c:169) NODE-ID bb9f1b2523a0d00 CLUSTER-SIZE 1 CLUSTER-NAME ycsb-default-20260916
Sep 16 2026 03:18:48 GMT: INFO (info): (ticker.c:241)    cluster-clock: skew-ms 0
Sep 16 2026 03:18:48 GMT: INFO (info): (ticker.c:265)    system: total-cpu-pct 301 user-cpu-pct 80 kernel-cpu-pct 221 free-mem-kbytes 122174724 free-mem-pct 92 thp-mem-kbytes 7139328 host-free-mem-kbytes 122174724 host-free-mem-pct 92
Sep 16 2026 03:18:48 GMT: INFO (info): (ticker.c:287)    process: cpu-pct 332 threads (9,61,113,113) heap-kbytes (6769067,6791076,6997504) heap-efficiency-pct 99.7
Sep 16 2026 03:18:48 GMT: INFO (info): (ticker.c:297)    in-progress: info-q 0 rw-hash 0 proxy-hash 0 tree-gc-q 0 long-queries 0
Sep 16 2026 03:18:48 GMT: INFO (info): (ticker.c:340)    fds: proto (512,4635,4123) heartbeat (0,0,0) fabric (0,0,0) admin (0,0,0)
Sep 16 2026 03:18:48 GMT: INFO (info): (ticker.c:352)    heartbeat-received: self 0 foreign 0
Sep 16 2026 03:18:48 GMT: INFO (info): (ticker.c:378)    fabric-bytes-per-second: bulk (0,0) ctrl (0,0) meta (0,0) rw (0,0)
Sep 16 2026 03:18:48 GMT: INFO (info): (ticker.c:426) {ycsb} objects: all 100000000 master 100000000 prole 0 non-replica 0
Sep 16 2026 03:18:48 GMT: INFO (info): (ticker.c:481) {ycsb} migrations: complete
Sep 16 2026 03:18:48 GMT: INFO (info): (ticker.c:506) {ycsb} index-usage: used-bytes 6400000000
Sep 16 2026 03:18:48 GMT: INFO (info): (ticker.c:559) {ycsb} data-usage: used-bytes 145600000000 avail-pct 85 cache-read-pct 0.20
Sep 16 2026 03:18:48 GMT: INFO (info): (ticker.c:618) {ycsb} client: tsvc (0,0) proxy (0,0,0) read (173378227,0,0,0,0) write (7675855,0,0,0) delete (0,0,0,0,0) udf (0,0,0,0) lang (0,0,0,0)
Sep 16 2026 03:18:48 GMT: INFO (info): (hist.c:319) histogram dump: {ycsb}-read (173378227 total) msec
Sep 16 2026 03:18:48 GMT: INFO (info): (hist.c:330)  (00: 0173253346) (01: 0000123898) (02: 0000000459) (03: 0000000237)
Sep 16 2026 03:18:48 GMT: INFO (info): (hist.c:339)  (04: 0000000020) (05: 0000000095) (06: 0000000172)
Sep 16 2026 03:18:48 GMT: INFO (info): (hist.c:319) histogram dump: {ycsb}-write (7675855 total) msec
Sep 16 2026 03:18:48 GMT: INFO (info): (hist.c:339)  (00: 0007675854) (05: 0000000001)
Sep 16 2026 03:18:48 GMT: INFO (deprecation): (thr_info.c:888) (repeated:2560) 'services' info command is deprecated - use 'peers-clear-std' instead
Sep 16 2026 03:18:58 GMT: INFO (drv_ssd): (drv_ssd.c:2133) {ycsb} /dev/md127p3: used-bytes 145600000000 free-wblocks 112291 write-q 0 write (1418,8.6) defrag-q 0 defrag-read (1,0.0) defrag-write (0,0.0)
Sep 16 2026 03:18:58 GMT: INFO (info): (ticker.c:169) NODE-ID bb9f1b2523a0d00 CLUSTER-SIZE 1 CLUSTER-NAME ycsb-default-20260916
Sep 16 2026 03:18:58 GMT: INFO (info): (ticker.c:241)    cluster-clock: skew-ms 0
Sep 16 2026 03:18:58 GMT: INFO (info): (ticker.c:265)    system: total-cpu-pct 317 user-cpu-pct 83 kernel-cpu-pct 234 free-mem-kbytes 122176104 free-mem-pct 92 thp-mem-kbytes 7139328 host-free-mem-kbytes 122176104 host-free-mem-pct 92
Sep 16 2026 03:18:58 GMT: INFO (info): (ticker.c:287)    process: cpu-pct 332 threads (9,61,113,113) heap-kbytes (6769072,6791076,6997504) heap-efficiency-pct 99.7
Sep 16 2026 03:18:58 GMT: INFO (info): (ticker.c:297)    in-progress: info-q 0 rw-hash 1 proxy-hash 0 tree-gc-q 0 long-queries 0
Sep 16 2026 03:18:58 GMT: INFO (info): (ticker.c:340)    fds: proto (512,4635,4123) heartbeat (0,0,0) fabric (0,0,0) admin (0,0,0)
Sep 16 2026 03:18:58 GMT: INFO (info): (ticker.c:352)    heartbeat-received: self 0 foreign 0
Sep 16 2026 03:18:58 GMT: INFO (info): (ticker.c:378)    fabric-bytes-per-second: bulk (0,0) ctrl (0,0) meta (0,0) rw (0,0)
Sep 16 2026 03:18:58 GMT: INFO (info): (ticker.c:426) {ycsb} objects: all 100000000 master 100000000 prole 0 non-replica 0
Sep 16 2026 03:18:58 GMT: INFO (info): (ticker.c:481) {ycsb} migrations: complete
Sep 16 2026 03:18:58 GMT: INFO (info): (ticker.c:506) {ycsb} index-usage: used-bytes 6400000000
Sep 16 2026 03:18:58 GMT: INFO (info): (ticker.c:559) {ycsb} data-usage: used-bytes 145600000000 avail-pct 85 cache-read-pct 0.20
Sep 16 2026 03:18:58 GMT: INFO (info): (ticker.c:618) {ycsb} client: tsvc (0,0) proxy (0,0,0) read (173877575,0,0,0,0) write (8176669,0,0,0) delete (0,0,0,0,0) udf (0,0,0,0) lang (0,0,0,0)
Sep 16 2026 03:18:58 GMT: INFO (info): (hist.c:319) histogram dump: {ycsb}-read (173877575 total) msec
Sep 16 2026 03:18:58 GMT: INFO (info): (hist.c:330)  (00: 0173752694) (01: 0000123898) (02: 0000000459) (03: 0000000237)
Sep 16 2026 03:18:58 GMT: INFO (info): (hist.c:339)  (04: 0000000020) (05: 0000000095) (06: 0000000172)
Sep 16 2026 03:18:58 GMT: INFO (info): (hist.c:319) histogram dump: {ycsb}-write (8176670 total) msec
Sep 16 2026 03:18:58 GMT: INFO (info): (hist.c:339)  (00: 0008176669) (05: 0000000001)
Sep 16 2026 03:18:58 GMT: INFO (deprecation): (thr_info.c:888) (repeated:2560) 'services' info command is deprecated - use 'peers-clear-std' instead
Sep 16 2026 03:19:08 GMT: INFO (info): (ticker.c:169) NODE-ID bb9f1b2523a0d00 CLUSTER-SIZE 1 CLUSTER-NAME ycsb-default-20260916
Sep 16 2026 03:19:08 GMT: INFO (info): (ticker.c:241)    cluster-clock: skew-ms 0
Sep 16 2026 03:19:08 GMT: INFO (info): (ticker.c:265)    system: total-cpu-pct 332 user-cpu-pct 88 kernel-cpu-pct 244 free-mem-kbytes 122173596 free-mem-pct 92 thp-mem-kbytes 7139328 host-free-mem-kbytes 122173596 host-free-mem-pct 92
Sep 16 2026 03:19:08 GMT: INFO (info): (ticker.c:287)    process: cpu-pct 334 threads (9,61,113,113) heap-kbytes (6769077,6791076,6997504) heap-efficiency-pct 99.7
Sep 16 2026 03:19:08 GMT: INFO (info): (ticker.c:297)    in-progress: info-q 0 rw-hash 1 proxy-hash 0 tree-gc-q 0 long-queries 0
Sep 16 2026 03:19:08 GMT: INFO (info): (ticker.c:340)    fds: proto (512,4635,4123) heartbeat (0,0,0) fabric (0,0,0) admin (0,0,0)
Sep 16 2026 03:19:08 GMT: INFO (info): (ticker.c:352)    heartbeat-received: self 0 foreign 0
Sep 16 2026 03:19:08 GMT: INFO (info): (ticker.c:378)    fabric-bytes-per-second: bulk (0,0) ctrl (0,0) meta (0,0) rw (0,0)
Sep 16 2026 03:19:08 GMT: INFO (info): (ticker.c:426) {ycsb} objects: all 100000000 master 100000000 prole 0 non-replica 0
Sep 16 2026 03:19:08 GMT: INFO (info): (ticker.c:481) {ycsb} migrations: complete
Sep 16 2026 03:19:08 GMT: INFO (info): (ticker.c:506) {ycsb} index-usage: used-bytes 6400000000
Sep 16 2026 03:19:08 GMT: INFO (info): (ticker.c:559) {ycsb} data-usage: used-bytes 145600000000 avail-pct 85 cache-read-pct 0.19
Sep 16 2026 03:19:08 GMT: INFO (info): (ticker.c:618) {ycsb} client: tsvc (0,0) proxy (0,0,0) read (174377718,0,0,0,0) write (8676685,0,0,0) delete (0,0,0,0,0) udf (0,0,0,0) lang (0,0,0,0)
Sep 16 2026 03:19:08 GMT: INFO (info): (hist.c:319) histogram dump: {ycsb}-read (174377718 total) msec
Sep 16 2026 03:19:08 GMT: INFO (info): (hist.c:330)  (00: 0174252837) (01: 0000123898) (02: 0000000459) (03: 0000000237)
Sep 16 2026 03:19:08 GMT: INFO (info): (hist.c:339)  (04: 0000000020) (05: 0000000095) (06: 0000000172)
Sep 16 2026 03:19:08 GMT: INFO (info): (hist.c:319) histogram dump: {ycsb}-write (8676685 total) msec
Sep 16 2026 03:19:08 GMT: INFO (info): (hist.c:339)  (00: 0008676684) (05: 0000000001)
Sep 16 2026 03:19:08 GMT: INFO (deprecation): (thr_info.c:888) (repeated:2560) 'services' info command is deprecated - use 'peers-clear-std' instead
Sep 16 2026 03:19:18 GMT: INFO (drv_ssd): (drv_ssd.c:2133) {ycsb} /dev/md127p3: used-bytes 145600000000 free-wblocks 112117 write-q 0 write (1592,8.7) defrag-q 0 defrag-read (1,0.0) defrag-write (0,0.0)
Sep 16 2026 03:19:18 GMT: INFO (info): (ticker.c:169) NODE-ID bb9f1b2523a0d00 CLUSTER-SIZE 1 CLUSTER-NAME ycsb-default-20260916
Sep 16 2026 03:19:18 GMT: INFO (info): (ticker.c:241)    cluster-clock: skew-ms 0
Sep 16 2026 03:19:18 GMT: INFO (info): (ticker.c:265)    system: total-cpu-pct 349 user-cpu-pct 91 kernel-cpu-pct 258 free-mem-kbytes 122171284 free-mem-pct 92 thp-mem-kbytes 7141376 host-free-mem-kbytes 122171284 host-free-mem-pct 92
Sep 16 2026 03:19:18 GMT: INFO (info): (ticker.c:287)    process: cpu-pct 334 threads (9,61,113,113) heap-kbytes (6769068,6791044,6997504) heap-efficiency-pct 99.7
Sep 16 2026 03:19:18 GMT: INFO (info): (ticker.c:297)    in-progress: info-q 0 rw-hash 1 proxy-hash 0 tree-gc-q 0 long-queries 0
Sep 16 2026 03:19:18 GMT: INFO (info): (ticker.c:340)    fds: proto (512,4635,4123) heartbeat (0,0,0) fabric (0,0,0) admin (0,0,0)
Sep 16 2026 03:19:18 GMT: INFO (info): (ticker.c:352)    heartbeat-received: self 0 foreign 0
Sep 16 2026 03:19:18 GMT: INFO (info): (ticker.c:378)    fabric-bytes-per-second: bulk (0,0) ctrl (0,0) meta (0,0) rw (0,0)
Sep 16 2026 03:19:18 GMT: INFO (info): (ticker.c:426) {ycsb} objects: all 100000000 master 100000000 prole 0 non-replica 0
Sep 16 2026 03:19:18 GMT: INFO (info): (ticker.c:481) {ycsb} migrations: complete
Sep 16 2026 03:19:18 GMT: INFO (info): (ticker.c:506) {ycsb} index-usage: used-bytes 6400000000
Sep 16 2026 03:19:18 GMT: INFO (info): (ticker.c:559) {ycsb} data-usage: used-bytes 145600000000 avail-pct 85 cache-read-pct 0.19
Sep 16 2026 03:19:18 GMT: INFO (info): (ticker.c:618) {ycsb} client: tsvc (0,0) proxy (0,0,0) read (174878225,0,0,0,0) write (9176330,0,0,0) delete (0,0,0,0,0) udf (0,0,0,0) lang (0,0,0,0)
Sep 16 2026 03:19:18 GMT: INFO (info): (hist.c:319) histogram dump: {ycsb}-read (174878226 total) msec
Sep 16 2026 03:19:18 GMT: INFO (info): (hist.c:330)  (00: 0174753345) (01: 0000123898) (02: 0000000459) (03: 0000000237)
Sep 16 2026 03:19:18 GMT: INFO (info): (hist.c:339)  (04: 0000000020) (05: 0000000095) (06: 0000000172)
Sep 16 2026 03:19:18 GMT: INFO (info): (hist.c:319) histogram dump: {ycsb}-write (9176333 total) msec
Sep 16 2026 03:19:18 GMT: INFO (info): (hist.c:339)  (00: 0009176332) (05: 0000000001)
Sep 16 2026 03:19:18 GMT: INFO (deprecation): (thr_info.c:888) (repeated:2560) 'services' info command is deprecated - use 'peers-clear-std' instead
Sep 16 2026 03:19:28 GMT: INFO (info): (ticker.c:169) NODE-ID bb9f1b2523a0d00 CLUSTER-SIZE 1 CLUSTER-NAME ycsb-default-20260916
Sep 16 2026 03:19:28 GMT: INFO (info): (ticker.c:241)    cluster-clock: skew-ms 0
Sep 16 2026 03:19:28 GMT: INFO (info): (ticker.c:265)    system: total-cpu-pct 370 user-cpu-pct 95 kernel-cpu-pct 275 free-mem-kbytes 122174988 free-mem-pct 92 thp-mem-kbytes 7139328 host-free-mem-kbytes 122174988 host-free-mem-pct 92
Sep 16 2026 03:19:28 GMT: INFO (info): (ticker.c:287)    process: cpu-pct 337 threads (9,61,113,113) heap-kbytes (6769087,6791044,6997504) heap-efficiency-pct 99.7
Sep 16 2026 03:19:28 GMT: INFO (info): (ticker.c:297)    in-progress: info-q 0 rw-hash 0 proxy-hash 0 tree-gc-q 0 long-queries 0
Sep 16 2026 03:19:28 GMT: INFO (info): (ticker.c:340)    fds: proto (512,4635,4123) heartbeat (0,0,0) fabric (0,0,0) admin (0,0,0)
Sep 16 2026 03:19:28 GMT: INFO (info): (ticker.c:352)    heartbeat-received: self 0 foreign 0
Sep 16 2026 03:19:28 GMT: INFO (info): (ticker.c:378)    fabric-bytes-per-second: bulk (0,0) ctrl (0,0) meta (0,0) rw (0,0)
Sep 16 2026 03:19:28 GMT: INFO (info): (ticker.c:426) {ycsb} objects: all 100000000 master 100000000 prole 0 non-replica 0
Sep 16 2026 03:19:28 GMT: INFO (info): (ticker.c:481) {ycsb} migrations: complete
Sep 16 2026 03:19:28 GMT: INFO (info): (ticker.c:506) {ycsb} index-usage: used-bytes 6400000000
Sep 16 2026 03:19:28 GMT: INFO (info): (ticker.c:559) {ycsb} data-usage: used-bytes 145600000000 avail-pct 85 cache-read-pct 0.19
Sep 16 2026 03:19:28 GMT: INFO (info): (ticker.c:618) {ycsb} client: tsvc (0,0) proxy (0,0,0) read (175377956,0,0,0,0) write (9676719,0,0,0) delete (0,0,0,0,0) udf (0,0,0,0) lang (0,0,0,0)
Sep 16 2026 03:19:28 GMT: INFO (info): (hist.c:319) histogram dump: {ycsb}-read (175377956 total) msec
Sep 16 2026 03:19:28 GMT: INFO (info): (hist.c:330)  (00: 0175253061) (01: 0000123912) (02: 0000000459) (03: 0000000237)
Sep 16 2026 03:19:28 GMT: INFO (info): (hist.c:339)  (04: 0000000020) (05: 0000000095) (06: 0000000172)
Sep 16 2026 03:19:28 GMT: INFO (info): (hist.c:319) histogram dump: {ycsb}-write (9676720 total) msec
Sep 16 2026 03:19:28 GMT: INFO (info): (hist.c:339)  (00: 0009676719) (05: 0000000001)
Sep 16 2026 03:19:28 GMT: INFO (deprecation): (thr_info.c:888) (repeated:2560) 'services' info command is deprecated - use 'peers-clear-std' instead
Sep 16 2026 03:19:38 GMT: INFO (drv_ssd): (drv_ssd.c:2133) {ycsb} /dev/md127p3: used-bytes 145600000000 free-wblocks 111944 write-q 0 write (1765,8.6) defrag-q 0 defrag-read (1,0.0) defrag-write (0,0.0)
Sep 16 2026 03:19:38 GMT: INFO (info): (ticker.c:169) NODE-ID bb9f1b2523a0d00 CLUSTER-SIZE 1 CLUSTER-NAME ycsb-default-20260916
Sep 16 2026 03:19:38 GMT: INFO (info): (ticker.c:241)    cluster-clock: skew-ms 0
Sep 16 2026 03:19:38 GMT: INFO (info): (ticker.c:265)    system: total-cpu-pct 379 user-cpu-pct 98 kernel-cpu-pct 281 free-mem-kbytes 122174904 free-mem-pct 92 thp-mem-kbytes 7141376 host-free-mem-kbytes 122174904 host-free-mem-pct 92
Sep 16 2026 03:19:38 GMT: INFO (info): (ticker.c:287)    process: cpu-pct 333 threads (9,61,113,113) heap-kbytes (6769081,6791044,6997504) heap-efficiency-pct 99.7
Sep 16 2026 03:19:38 GMT: INFO (info): (ticker.c:297)    in-progress: info-q 0 rw-hash 0 proxy-hash 0 tree-gc-q 0 long-queries 0
Sep 16 2026 03:19:38 GMT: INFO (info): (ticker.c:340)    fds: proto (512,4635,4123) heartbeat (0,0,0) fabric (0,0,0) admin (0,0,0)
Sep 16 2026 03:19:38 GMT: INFO (info): (ticker.c:352)    heartbeat-received: self 0 foreign 0
Sep 16 2026 03:19:38 GMT: INFO (info): (ticker.c:378)    fabric-bytes-per-second: bulk (0,0) ctrl (0,0) meta (0,0) rw (0,0)
Sep 16 2026 03:19:38 GMT: INFO (info): (ticker.c:426) {ycsb} objects: all 100000000 master 100000000 prole 0 non-replica 0
Sep 16 2026 03:19:38 GMT: INFO (info): (ticker.c:481) {ycsb} migrations: complete
Sep 16 2026 03:19:38 GMT: INFO (info): (ticker.c:506) {ycsb} index-usage: used-bytes 6400000000
Sep 16 2026 03:19:38 GMT: INFO (info): (ticker.c:559) {ycsb} data-usage: used-bytes 145600000000 avail-pct 85 cache-read-pct 0.18
Sep 16 2026 03:19:38 GMT: INFO (info): (ticker.c:618) {ycsb} client: tsvc (0,0) proxy (0,0,0) read (175877728,0,0,0,0) write (10177094,0,0,0) delete (0,0,0,0,0) udf (0,0,0,0) lang (0,0,0,0)
Sep 16 2026 03:19:38 GMT: INFO (info): (hist.c:319) histogram dump: {ycsb}-read (175877728 total) msec
Sep 16 2026 03:19:38 GMT: INFO (info): (hist.c:330)  (00: 0175752833) (01: 0000123912) (02: 0000000459) (03: 0000000237)
Sep 16 2026 03:19:38 GMT: INFO (info): (hist.c:339)  (04: 0000000020) (05: 0000000095) (06: 0000000172)
Sep 16 2026 03:19:38 GMT: INFO (info): (hist.c:319) histogram dump: {ycsb}-write (10177095 total) msec
Sep 16 2026 03:19:38 GMT: INFO (info): (hist.c:339)  (00: 0010177094) (05: 0000000001)
Sep 16 2026 03:19:38 GMT: INFO (deprecation): (thr_info.c:888) (repeated:2560) 'services' info command is deprecated - use 'peers-clear-std' instead
Sep 16 2026 03:19:48 GMT: INFO (info): (ticker.c:169) NODE-ID bb9f1b2523a0d00 CLUSTER-SIZE 1 CLUSTER-NAME ycsb-default-20260916
Sep 16 2026 03:19:48 GMT: INFO (info): (ticker.c:241)    cluster-clock: skew-ms 0
Sep 16 2026 03:19:48 GMT: INFO (info): (ticker.c:265)    system: total-cpu-pct 377 user-cpu-pct 97 kernel-cpu-pct 280 free-mem-kbytes 122179408 free-mem-pct 92 thp-mem-kbytes 7139328 host-free-mem-kbytes 122179408 host-free-mem-pct 92
Sep 16 2026 03:19:48 GMT: INFO (info): (ticker.c:287)    process: cpu-pct 333 threads (9,61,113,113) heap-kbytes (6769064,6791044,6997504) heap-efficiency-pct 99.7
Sep 16 2026 03:19:48 GMT: INFO (info): (ticker.c:297)    in-progress: info-q 0 rw-hash 1 proxy-hash 0 tree-gc-q 0 long-queries 0
Sep 16 2026 03:19:48 GMT: INFO (info): (ticker.c:340)    fds: proto (512,4635,4123) heartbeat (0,0,0) fabric (0,0,0) admin (0,0,0)
Sep 16 2026 03:19:48 GMT: INFO (info): (ticker.c:352)    heartbeat-received: self 0 foreign 0
Sep 16 2026 03:19:48 GMT: INFO (info): (ticker.c:378)    fabric-bytes-per-second: bulk (0,0) ctrl (0,0) meta (0,0) rw (0,0)
Sep 16 2026 03:19:48 GMT: INFO (info): (ticker.c:426) {ycsb} objects: all 100000000 master 100000000 prole 0 non-replica 0
Sep 16 2026 03:19:48 GMT: INFO (info): (ticker.c:481) {ycsb} migrations: complete
Sep 16 2026 03:19:48 GMT: INFO (info): (ticker.c:506) {ycsb} index-usage: used-bytes 6400000000
Sep 16 2026 03:19:48 GMT: INFO (info): (ticker.c:559) {ycsb} data-usage: used-bytes 145600000000 avail-pct 85 cache-read-pct 0.19
Sep 16 2026 03:19:48 GMT: INFO (info): (ticker.c:618) {ycsb} client: tsvc (0,0) proxy (0,0,0) read (176378701,0,0,0,0) write (10676279,0,0,0) delete (0,0,0,0,0) udf (0,0,0,0) lang (0,0,0,0)
Sep 16 2026 03:19:48 GMT: INFO (info): (hist.c:319) histogram dump: {ycsb}-read (176378701 total) msec
Sep 16 2026 03:19:48 GMT: INFO (info): (hist.c:330)  (00: 0176253806) (01: 0000123912) (02: 0000000459) (03: 0000000237)
Sep 16 2026 03:19:48 GMT: INFO (info): (hist.c:339)  (04: 0000000020) (05: 0000000095) (06: 0000000172)
Sep 16 2026 03:19:48 GMT: INFO (info): (hist.c:319) histogram dump: {ycsb}-write (10676279 total) msec
Sep 16 2026 03:19:48 GMT: INFO (info): (hist.c:339)  (00: 0010676278) (05: 0000000001)
Sep 16 2026 03:19:48 GMT: INFO (deprecation): (thr_info.c:888) (repeated:2560) 'services' info command is deprecated - use 'peers-clear-std' instead
Sep 16 2026 03:19:58 GMT: INFO (drv_ssd): (drv_ssd.c:2133) {ycsb} /dev/md127p3: used-bytes 145600000000 free-wblocks 111770 write-q 0 write (1939,8.7) defrag-q 0 defrag-read (1,0.0) defrag-write (0,0.0)
Sep 16 2026 03:19:58 GMT: INFO (info): (ticker.c:169) NODE-ID bb9f1b2523a0d00 CLUSTER-SIZE 1 CLUSTER-NAME ycsb-default-20260916
Sep 16 2026 03:19:58 GMT: INFO (info): (ticker.c:241)    cluster-clock: skew-ms 0
Sep 16 2026 03:19:58 GMT: INFO (info): (ticker.c:265)    system: total-cpu-pct 378 user-cpu-pct 98 kernel-cpu-pct 280 free-mem-kbytes 122180500 free-mem-pct 92 thp-mem-kbytes 7139328 host-free-mem-kbytes 122180500 host-free-mem-pct 92
Sep 16 2026 03:19:58 GMT: INFO (info): (ticker.c:287)    process: cpu-pct 333 threads (9,61,113,113) heap-kbytes (6769075,6791044,6997504) heap-efficiency-pct 99.7
Sep 16 2026 03:19:58 GMT: INFO (info): (ticker.c:297)    in-progress: info-q 0 rw-hash 0 proxy-hash 0 tree-gc-q 0 long-queries 0
Sep 16 2026 03:19:58 GMT: INFO (info): (ticker.c:340)    fds: proto (512,4635,4123) heartbeat (0,0,0) fabric (0,0,0) admin (0,0,0)
Sep 16 2026 03:19:58 GMT: INFO (info): (ticker.c:352)    heartbeat-received: self 0 foreign 0
Sep 16 2026 03:19:58 GMT: INFO (info): (ticker.c:378)    fabric-bytes-per-second: bulk (0,0) ctrl (0,0) meta (0,0) rw (0,0)
Sep 16 2026 03:19:58 GMT: INFO (info): (ticker.c:426) {ycsb} objects: all 100000000 master 100000000 prole 0 non-replica 0
Sep 16 2026 03:19:58 GMT: INFO (info): (ticker.c:481) {ycsb} migrations: complete
Sep 16 2026 03:19:58 GMT: INFO (info): (ticker.c:506) {ycsb} index-usage: used-bytes 6400000000
Sep 16 2026 03:19:58 GMT: INFO (info): (ticker.c:559) {ycsb} data-usage: used-bytes 145600000000 avail-pct 85 cache-read-pct 0.19
Sep 16 2026 03:19:58 GMT: INFO (info): (ticker.c:618) {ycsb} client: tsvc (0,0) proxy (0,0,0) read (176878344,0,0,0,0) write (11176801,0,0,0) delete (0,0,0,0,0) udf (0,0,0,0) lang (0,0,0,0)
Sep 16 2026 03:19:58 GMT: INFO (info): (hist.c:319) histogram dump: {ycsb}-read (176878344 total) msec
Sep 16 2026 03:19:58 GMT: INFO (info): (hist.c:330)  (00: 0176753449) (01: 0000123912) (02: 0000000459) (03: 0000000237)
Sep 16 2026 03:19:58 GMT: INFO (info): (hist.c:339)  (04: 0000000020) (05: 0000000095) (06: 0000000172)
Sep 16 2026 03:19:58 GMT: INFO (info): (hist.c:319) histogram dump: {ycsb}-write (11176801 total) msec
Sep 16 2026 03:19:58 GMT: INFO (info): (hist.c:339)  (00: 0011176800) (05: 0000000001)
Sep 16 2026 03:19:58 GMT: INFO (deprecation): (thr_info.c:888) (repeated:2560) 'services' info command is deprecated - use 'peers-clear-std' instead
Sep 16 2026 03:20:08 GMT: INFO (info): (ticker.c:169) NODE-ID bb9f1b2523a0d00 CLUSTER-SIZE 1 CLUSTER-NAME ycsb-default-20260916
Sep 16 2026 03:20:08 GMT: INFO (info): (ticker.c:241)    cluster-clock: skew-ms 0
Sep 16 2026 03:20:08 GMT: INFO (info): (ticker.c:265)    system: total-cpu-pct 375 user-cpu-pct 101 kernel-cpu-pct 274 free-mem-kbytes 122178132 free-mem-pct 92 thp-mem-kbytes 7139328 host-free-mem-kbytes 122178132 host-free-mem-pct 92
Sep 16 2026 03:20:08 GMT: INFO (info): (ticker.c:287)    process: cpu-pct 332 threads (9,61,113,113) heap-kbytes (6769071,6791044,6997504) heap-efficiency-pct 99.7
Sep 16 2026 03:20:08 GMT: INFO (info): (ticker.c:297)    in-progress: info-q 0 rw-hash 0 proxy-hash 0 tree-gc-q 0 long-queries 0
Sep 16 2026 03:20:08 GMT: INFO (info): (ticker.c:340)    fds: proto (512,4635,4123) heartbeat (0,0,0) fabric (0,0,0) admin (0,0,0)
Sep 16 2026 03:20:08 GMT: INFO (info): (ticker.c:352)    heartbeat-received: self 0 foreign 0
Sep 16 2026 03:20:08 GMT: INFO (info): (ticker.c:378)    fabric-bytes-per-second: bulk (0,0) ctrl (0,0) meta (0,0) rw (0,0)
Sep 16 2026 03:20:08 GMT: INFO (info): (ticker.c:426) {ycsb} objects: all 100000000 master 100000000 prole 0 non-replica 0
Sep 16 2026 03:20:08 GMT: INFO (info): (ticker.c:481) {ycsb} migrations: complete
Sep 16 2026 03:20:08 GMT: INFO (info): (ticker.c:506) {ycsb} index-usage: used-bytes 6400000000
Sep 16 2026 03:20:08 GMT: INFO (info): (ticker.c:559) {ycsb} data-usage: used-bytes 145600000000 avail-pct 85 cache-read-pct 0.18
Sep 16 2026 03:20:08 GMT: INFO (info): (ticker.c:618) {ycsb} client: tsvc (0,0) proxy (0,0,0) read (177378466,0,0,0,0) write (11676842,0,0,0) delete (0,0,0,0,0) udf (0,0,0,0) lang (0,0,0,0)
Sep 16 2026 03:20:08 GMT: INFO (info): (hist.c:319) histogram dump: {ycsb}-read (177378466 total) msec
Sep 16 2026 03:20:08 GMT: INFO (info): (hist.c:330)  (00: 0177253571) (01: 0000123912) (02: 0000000459) (03: 0000000237)
Sep 16 2026 03:20:08 GMT: INFO (info): (hist.c:339)  (04: 0000000020) (05: 0000000095) (06: 0000000172)
Sep 16 2026 03:20:08 GMT: INFO (info): (hist.c:319) histogram dump: {ycsb}-write (11676842 total) msec
Sep 16 2026 03:20:08 GMT: INFO (info): (hist.c:339)  (00: 0011676841) (05: 0000000001)
Sep 16 2026 03:20:08 GMT: INFO (deprecation): (thr_info.c:888) (repeated:2560) 'services' info command is deprecated - use 'peers-clear-std' instead
Sep 16 2026 03:20:18 GMT: INFO (drv_ssd): (drv_ssd.c:2133) {ycsb} /dev/md127p3: used-bytes 145600000000 free-wblocks 111597 write-q 0 write (2112,8.6) defrag-q 0 defrag-read (1,0.0) defrag-write (0,0.0)
Sep 16 2026 03:20:18 GMT: INFO (info): (ticker.c:169) NODE-ID bb9f1b2523a0d00 CLUSTER-SIZE 1 CLUSTER-NAME ycsb-default-20260916
Sep 16 2026 03:20:18 GMT: INFO (info): (ticker.c:241)    cluster-clock: skew-ms 0
Sep 16 2026 03:20:18 GMT: INFO (info): (ticker.c:265)    system: total-cpu-pct 380 user-cpu-pct 103 kernel-cpu-pct 277 free-mem-kbytes 122181292 free-mem-pct 92 thp-mem-kbytes 7137280 host-free-mem-kbytes 122181292 host-free-mem-pct 92
Sep 16 2026 03:20:18 GMT: INFO (info): (ticker.c:287)    process: cpu-pct 331 threads (9,61,113,113) heap-kbytes (6769080,6791044,6997504) heap-efficiency-pct 99.7
Sep 16 2026 03:20:18 GMT: INFO (info): (ticker.c:297)    in-progress: info-q 0 rw-hash 0 proxy-hash 0 tree-gc-q 0 long-queries 0
Sep 16 2026 03:20:18 GMT: INFO (info): (ticker.c:340)    fds: proto (512,4635,4123) heartbeat (0,0,0) fabric (0,0,0) admin (0,0,0)
Sep 16 2026 03:20:18 GMT: INFO (info): (ticker.c:352)    heartbeat-received: self 0 foreign 0
Sep 16 2026 03:20:18 GMT: INFO (info): (ticker.c:378)    fabric-bytes-per-second: bulk (0,0) ctrl (0,0) meta (0,0) rw (0,0)
Sep 16 2026 03:20:18 GMT: INFO (info): (ticker.c:426) {ycsb} objects: all 100000000 master 100000000 prole 0 non-replica 0
Sep 16 2026 03:20:18 GMT: INFO (info): (ticker.c:481) {ycsb} migrations: complete
Sep 16 2026 03:20:18 GMT: INFO (info): (ticker.c:506) {ycsb} index-usage: used-bytes 6400000000
Sep 16 2026 03:20:18 GMT: INFO (info): (ticker.c:559) {ycsb} data-usage: used-bytes 145600000000 avail-pct 85 cache-read-pct 0.19
Sep 16 2026 03:20:18 GMT: INFO (info): (ticker.c:618) {ycsb} client: tsvc (0,0) proxy (0,0,0) read (177878912,0,0,0,0) write (12176551,0,0,0) delete (0,0,0,0,0) udf (0,0,0,0) lang (0,0,0,0)
Sep 16 2026 03:20:18 GMT: INFO (info): (hist.c:319) histogram dump: {ycsb}-read (177878913 total) msec
Sep 16 2026 03:20:18 GMT: INFO (info): (hist.c:330)  (00: 0177754018) (01: 0000123912) (02: 0000000459) (03: 0000000237)
Sep 16 2026 03:20:18 GMT: INFO (info): (hist.c:339)  (04: 0000000020) (05: 0000000095) (06: 0000000172)
Sep 16 2026 03:20:18 GMT: INFO (info): (hist.c:319) histogram dump: {ycsb}-write (12176558 total) msec
Sep 16 2026 03:20:18 GMT: INFO (info): (hist.c:339)  (00: 0012176557) (05: 0000000001)
Sep 16 2026 03:20:18 GMT: INFO (deprecation): (thr_info.c:888) (repeated:2560) 'services' info command is deprecated - use 'peers-clear-std' instead
Sep 16 2026 03:20:28 GMT: INFO (info): (ticker.c:169) NODE-ID bb9f1b2523a0d00 CLUSTER-SIZE 1 CLUSTER-NAME ycsb-default-20260916
Sep 16 2026 03:20:28 GMT: INFO (info): (ticker.c:241)    cluster-clock: skew-ms 0
Sep 16 2026 03:20:28 GMT: INFO (info): (ticker.c:265)    system: total-cpu-pct 389 user-cpu-pct 106 kernel-cpu-pct 283 free-mem-kbytes 122181440 free-mem-pct 92 thp-mem-kbytes 7137280 host-free-mem-kbytes 122181440 host-free-mem-pct 92
Sep 16 2026 03:20:28 GMT: INFO (info): (ticker.c:287)    process: cpu-pct 334 threads (9,61,113,113) heap-kbytes (6769076,6791044,6997504) heap-efficiency-pct 99.7
Sep 16 2026 03:20:28 GMT: INFO (info): (ticker.c:297)    in-progress: info-q 0 rw-hash 3 proxy-hash 0 tree-gc-q 0 long-queries 0
Sep 16 2026 03:20:28 GMT: INFO (info): (ticker.c:340)    fds: proto (512,4635,4123) heartbeat (0,0,0) fabric (0,0,0) admin (0,0,0)
Sep 16 2026 03:20:28 GMT: INFO (info): (ticker.c:352)    heartbeat-received: self 0 foreign 0
Sep 16 2026 03:20:28 GMT: INFO (info): (ticker.c:378)    fabric-bytes-per-second: bulk (0,0) ctrl (0,0) meta (0,0) rw (0,0)
Sep 16 2026 03:20:28 GMT: INFO (info): (ticker.c:426) {ycsb} objects: all 100000000 master 100000000 prole 0 non-replica 0
Sep 16 2026 03:20:28 GMT: INFO (info): (ticker.c:481) {ycsb} migrations: complete
Sep 16 2026 03:20:28 GMT: INFO (info): (ticker.c:506) {ycsb} index-usage: used-bytes 6400000000
Sep 16 2026 03:20:28 GMT: INFO (info): (ticker.c:559) {ycsb} data-usage: used-bytes 145600000000 avail-pct 85 cache-read-pct 0.19
Sep 16 2026 03:20:28 GMT: INFO (info): (ticker.c:618) {ycsb} client: tsvc (0,0) proxy (0,0,0) read (178379414,0,0,0,0) write (12676208,0,0,0) delete (0,0,0,0,0) udf (0,0,0,0) lang (0,0,0,0)
Sep 16 2026 03:20:28 GMT: INFO (info): (hist.c:319) histogram dump: {ycsb}-read (178379418 total) msec
Sep 16 2026 03:20:28 GMT: INFO (info): (hist.c:330)  (00: 0178254523) (01: 0000123912) (02: 0000000459) (03: 0000000237)
Sep 16 2026 03:20:28 GMT: INFO (info): (hist.c:339)  (04: 0000000020) (05: 0000000095) (06: 0000000172)
Sep 16 2026 03:20:28 GMT: INFO (info): (hist.c:319) histogram dump: {ycsb}-write (12676214 total) msec
Sep 16 2026 03:20:28 GMT: INFO (info): (hist.c:339)  (00: 0012676213) (05: 0000000001)
Sep 16 2026 03:20:28 GMT: INFO (deprecation): (thr_info.c:888) (repeated:2560) 'services' info command is deprecated - use 'peers-clear-std' instead
Sep 16 2026 03:20:38 GMT: INFO (drv_ssd): (drv_ssd.c:2133) {ycsb} /dev/md127p3: used-bytes 145600000000 free-wblocks 111423 write-q 0 write (2286,8.7) defrag-q 0 defrag-read (1,0.0) defrag-write (0,0.0)
Sep 16 2026 03:20:38 GMT: INFO (info): (ticker.c:169) NODE-ID bb9f1b2523a0d00 CLUSTER-SIZE 1 CLUSTER-NAME ycsb-default-20260916
Sep 16 2026 03:20:38 GMT: INFO (info): (ticker.c:241)    cluster-clock: skew-ms 0
Sep 16 2026 03:20:38 GMT: INFO (info): (ticker.c:265)    system: total-cpu-pct 385 user-cpu-pct 107 kernel-cpu-pct 278 free-mem-kbytes 122181112 free-mem-pct 92 thp-mem-kbytes 7137280 host-free-mem-kbytes 122181112 host-free-mem-pct 92
Sep 16 2026 03:20:38 GMT: INFO (info): (ticker.c:287)    process: cpu-pct 331 threads (9,61,113,113) heap-kbytes (6769069,6791044,6997504) heap-efficiency-pct 99.7
Sep 16 2026 03:20:38 GMT: INFO (info): (ticker.c:297)    in-progress: info-q 0 rw-hash 0 proxy-hash 0 tree-gc-q 0 long-queries 0
Sep 16 2026 03:20:38 GMT: INFO (info): (ticker.c:340)    fds: proto (512,4635,4123) heartbeat (0,0,0) fabric (0,0,0) admin (0,0,0)
Sep 16 2026 03:20:38 GMT: INFO (info): (ticker.c:352)    heartbeat-received: self 0 foreign 0
Sep 16 2026 03:20:38 GMT: INFO (info): (ticker.c:378)    fabric-bytes-per-second: bulk (0,0) ctrl (0,0) meta (0,0) rw (0,0)
Sep 16 2026 03:20:38 GMT: INFO (info): (ticker.c:426) {ycsb} objects: all 100000000 master 100000000 prole 0 non-replica 0
Sep 16 2026 03:20:38 GMT: INFO (info): (ticker.c:481) {ycsb} migrations: complete
Sep 16 2026 03:20:38 GMT: INFO (info): (ticker.c:506) {ycsb} index-usage: used-bytes 6400000000
Sep 16 2026 03:20:38 GMT: INFO (info): (ticker.c:559) {ycsb} data-usage: used-bytes 145600000000 avail-pct 85 cache-read-pct 0.18
Sep 16 2026 03:20:38 GMT: INFO (info): (ticker.c:618) {ycsb} client: tsvc (0,0) proxy (0,0,0) read (178880305,0,0,0,0) write (13175446,0,0,0) delete (0,0,0,0,0) udf (0,0,0,0) lang (0,0,0,0)
Sep 16 2026 03:20:38 GMT: INFO (info): (hist.c:319) histogram dump: {ycsb}-read (178880305 total) msec
Sep 16 2026 03:20:38 GMT: INFO (info): (hist.c:330)  (00: 0178755304) (01: 0000124018) (02: 0000000459) (03: 0000000237)
Sep 16 2026 03:20:38 GMT: INFO (info): (hist.c:339)  (04: 0000000020) (05: 0000000095) (06: 0000000172)
Sep 16 2026 03:20:38 GMT: INFO (info): (hist.c:319) histogram dump: {ycsb}-write (13175446 total) msec
Sep 16 2026 03:20:38 GMT: INFO (info): (hist.c:339)  (00: 0013175408) (01: 0000000037) (05: 0000000001)
Sep 16 2026 03:20:38 GMT: INFO (deprecation): (thr_info.c:888) (repeated:2560) 'services' info command is deprecated - use 'peers-clear-std' instead
Sep 16 2026 03:20:48 GMT: INFO (info): (ticker.c:169) NODE-ID bb9f1b2523a0d00 CLUSTER-SIZE 1 CLUSTER-NAME ycsb-default-20260916
Sep 16 2026 03:20:48 GMT: INFO (info): (ticker.c:241)    cluster-clock: skew-ms 0
Sep 16 2026 03:20:48 GMT: INFO (info): (ticker.c:265)    system: total-cpu-pct 407 user-cpu-pct 112 kernel-cpu-pct 295 free-mem-kbytes 122181244 free-mem-pct 92 thp-mem-kbytes 7137280 host-free-mem-kbytes 122181244 host-free-mem-pct 92
Sep 16 2026 03:20:48 GMT: INFO (info): (ticker.c:287)    process: cpu-pct 334 threads (9,61,113,113) heap-kbytes (6769078,6791044,6997504) heap-efficiency-pct 99.7
Sep 16 2026 03:20:48 GMT: INFO (info): (ticker.c:297)    in-progress: info-q 0 rw-hash 0 proxy-hash 0 tree-gc-q 0 long-queries 0
Sep 16 2026 03:20:48 GMT: INFO (info): (ticker.c:340)    fds: proto (512,4635,4123) heartbeat (0,0,0) fabric (0,0,0) admin (0,0,0)
Sep 16 2026 03:20:48 GMT: INFO (info): (ticker.c:352)    heartbeat-received: self 0 foreign 0
Sep 16 2026 03:20:48 GMT: INFO (info): (ticker.c:378)    fabric-bytes-per-second: bulk (0,0) ctrl (0,0) meta (0,0) rw (0,0)
Sep 16 2026 03:20:48 GMT: INFO (info): (ticker.c:426) {ycsb} objects: all 100000000 master 100000000 prole 0 non-replica 0
Sep 16 2026 03:20:48 GMT: INFO (info): (ticker.c:481) {ycsb} migrations: complete
Sep 16 2026 03:20:48 GMT: INFO (info): (ticker.c:506) {ycsb} index-usage: used-bytes 6400000000
Sep 16 2026 03:20:48 GMT: INFO (info): (ticker.c:559) {ycsb} data-usage: used-bytes 145600000000 avail-pct 84 cache-read-pct 0.19
Sep 16 2026 03:20:48 GMT: INFO (info): (ticker.c:618) {ycsb} client: tsvc (0,0) proxy (0,0,0) read (179380496,0,0,0,0) write (13675393,0,0,0) delete (0,0,0,0,0) udf (0,0,0,0) lang (0,0,0,0)
Sep 16 2026 03:20:48 GMT: INFO (info): (hist.c:319) histogram dump: {ycsb}-read (179380496 total) msec
Sep 16 2026 03:20:48 GMT: INFO (info): (hist.c:330)  (00: 0179255495) (01: 0000124018) (02: 0000000459) (03: 0000000237)
Sep 16 2026 03:20:48 GMT: INFO (info): (hist.c:339)  (04: 0000000020) (05: 0000000095) (06: 0000000172)
Sep 16 2026 03:20:48 GMT: INFO (info): (hist.c:319) histogram dump: {ycsb}-write (13675397 total) msec
Sep 16 2026 03:20:48 GMT: INFO (info): (hist.c:339)  (00: 0013675359) (01: 0000000037) (05: 0000000001)
Sep 16 2026 03:20:48 GMT: INFO (deprecation): (thr_info.c:888) (repeated:2560) 'services' info command is deprecated - use 'peers-clear-std' instead
Sep 16 2026 03:20:58 GMT: INFO (drv_ssd): (drv_ssd.c:2133) {ycsb} /dev/md127p3: used-bytes 145600000000 free-wblocks 111250 write-q 0 write (2459,8.6) defrag-q 0 defrag-read (1,0.0) defrag-write (0,0.0)
Sep 16 2026 03:20:58 GMT: INFO (info): (ticker.c:169) NODE-ID bb9f1b2523a0d00 CLUSTER-SIZE 1 CLUSTER-NAME ycsb-default-20260916
Sep 16 2026 03:20:58 GMT: INFO (info): (ticker.c:241)    cluster-clock: skew-ms 0
Sep 16 2026 03:20:58 GMT: INFO (info): (ticker.c:265)    system: total-cpu-pct 413 user-cpu-pct 113 kernel-cpu-pct 300 free-mem-kbytes 122180516 free-mem-pct 92 thp-mem-kbytes 7137280 host-free-mem-kbytes 122180516 host-free-mem-pct 92
Sep 16 2026 03:20:58 GMT: INFO (info): (ticker.c:287)    process: cpu-pct 332 threads (9,61,113,113) heap-kbytes (6769082,6791044,6997504) heap-efficiency-pct 99.7
Sep 16 2026 03:20:58 GMT: INFO (info): (ticker.c:297)    in-progress: info-q 0 rw-hash 0 proxy-hash 0 tree-gc-q 0 long-queries 0
Sep 16 2026 03:20:58 GMT: INFO (info): (ticker.c:340)    fds: proto (512,4635,4123) heartbeat (0,0,0) fabric (0,0,0) admin (0,0,0)
Sep 16 2026 03:20:58 GMT: INFO (info): (ticker.c:352)    heartbeat-received: self 0 foreign 0
Sep 16 2026 03:20:58 GMT: INFO (info): (ticker.c:378)    fabric-bytes-per-second: bulk (0,0) ctrl (0,0) meta (0,0) rw (0,0)
Sep 16 2026 03:20:58 GMT: INFO (info): (ticker.c:426) {ycsb} objects: all 100000000 master 100000000 prole 0 non-replica 0
Sep 16 2026 03:20:58 GMT: INFO (info): (ticker.c:481) {ycsb} migrations: complete
Sep 16 2026 03:20:58 GMT: INFO (info): (ticker.c:506) {ycsb} index-usage: used-bytes 6400000000
Sep 16 2026 03:20:58 GMT: INFO (info): (ticker.c:559) {ycsb} data-usage: used-bytes 145600000000 avail-pct 84 cache-read-pct 0.20
Sep 16 2026 03:20:58 GMT: INFO (info): (ticker.c:618) {ycsb} client: tsvc (0,0) proxy (0,0,0) read (179880878,0,0,0,0) write (14175190,0,0,0) delete (0,0,0,0,0) udf (0,0,0,0) lang (0,0,0,0)
Sep 16 2026 03:20:58 GMT: INFO (info): (hist.c:319) histogram dump: {ycsb}-read (179880878 total) msec
Sep 16 2026 03:20:58 GMT: INFO (info): (hist.c:330)  (00: 0179755877) (01: 0000124018) (02: 0000000459) (03: 0000000237)
Sep 16 2026 03:20:58 GMT: INFO (info): (hist.c:339)  (04: 0000000020) (05: 0000000095) (06: 0000000172)
Sep 16 2026 03:20:58 GMT: INFO (info): (hist.c:319) histogram dump: {ycsb}-write (14175192 total) msec
Sep 16 2026 03:20:58 GMT: INFO (info): (hist.c:339)  (00: 0014175154) (01: 0000000037) (05: 0000000001)
Sep 16 2026 03:20:58 GMT: INFO (deprecation): (thr_info.c:888) (repeated:2560) 'services' info command is deprecated - use 'peers-clear-std' instead
Sep 16 2026 03:21:08 GMT: INFO (info): (ticker.c:169) NODE-ID bb9f1b2523a0d00 CLUSTER-SIZE 1 CLUSTER-NAME ycsb-default-20260916
Sep 16 2026 03:21:08 GMT: INFO (info): (ticker.c:241)    cluster-clock: skew-ms 0
Sep 16 2026 03:21:08 GMT: INFO (info): (ticker.c:265)    system: total-cpu-pct 414 user-cpu-pct 112 kernel-cpu-pct 302 free-mem-kbytes 122181896 free-mem-pct 92 thp-mem-kbytes 7137280 host-free-mem-kbytes 122181896 host-free-mem-pct 92
Sep 16 2026 03:21:08 GMT: INFO (info): (ticker.c:287)    process: cpu-pct 332 threads (9,61,113,113) heap-kbytes (6769049,6791044,6997504) heap-efficiency-pct 99.7
Sep 16 2026 03:21:08 GMT: INFO (info): (ticker.c:297)    in-progress: info-q 0 rw-hash 0 proxy-hash 0 tree-gc-q 0 long-queries 0
Sep 16 2026 03:21:08 GMT: INFO (info): (ticker.c:340)    fds: proto (512,4635,4123) heartbeat (0,0,0) fabric (0,0,0) admin (0,0,0)
Sep 16 2026 03:21:08 GMT: INFO (info): (ticker.c:352)    heartbeat-received: self 0 foreign 0
Sep 16 2026 03:21:08 GMT: INFO (info): (ticker.c:378)    fabric-bytes-per-second: bulk (0,0) ctrl (0,0) meta (0,0) rw (0,0)
Sep 16 2026 03:21:08 GMT: INFO (info): (ticker.c:426) {ycsb} objects: all 100000000 master 100000000 prole 0 non-replica 0
Sep 16 2026 03:21:08 GMT: INFO (info): (ticker.c:481) {ycsb} migrations: complete
Sep 16 2026 03:21:08 GMT: INFO (info): (ticker.c:506) {ycsb} index-usage: used-bytes 6400000000
Sep 16 2026 03:21:08 GMT: INFO (info): (ticker.c:559) {ycsb} data-usage: used-bytes 145600000000 avail-pct 84 cache-read-pct 0.18
Sep 16 2026 03:21:08 GMT: INFO (info): (ticker.c:618) {ycsb} client: tsvc (0,0) proxy (0,0,0) read (180381360,0,0,0,0) write (14674869,0,0,0) delete (0,0,0,0,0) udf (0,0,0,0) lang (0,0,0,0)
Sep 16 2026 03:21:08 GMT: INFO (info): (hist.c:319) histogram dump: {ycsb}-read (180381360 total) msec
Sep 16 2026 03:21:08 GMT: INFO (info): (hist.c:330)  (00: 0180256359) (01: 0000124018) (02: 0000000459) (03: 0000000237)
Sep 16 2026 03:21:08 GMT: INFO (info): (hist.c:339)  (04: 0000000020) (05: 0000000095) (06: 0000000172)
Sep 16 2026 03:21:08 GMT: INFO (info): (hist.c:319) histogram dump: {ycsb}-write (14674869 total) msec
Sep 16 2026 03:21:08 GMT: INFO (info): (hist.c:339)  (00: 0014674831) (01: 0000000037) (05: 0000000001)
Sep 16 2026 03:21:08 GMT: INFO (deprecation): (thr_info.c:888) (repeated:2560) 'services' info command is deprecated - use 'peers-clear-std' instead
Sep 16 2026 03:21:18 GMT: INFO (drv_ssd): (drv_ssd.c:2133) {ycsb} /dev/md127p3: used-bytes 145600000000 free-wblocks 111076 write-q 0 write (2633,8.7) defrag-q 0 defrag-read (1,0.0) defrag-write (0,0.0)
Sep 16 2026 03:21:18 GMT: INFO (info): (ticker.c:169) NODE-ID bb9f1b2523a0d00 CLUSTER-SIZE 1 CLUSTER-NAME ycsb-default-20260916
Sep 16 2026 03:21:18 GMT: INFO (info): (ticker.c:241)    cluster-clock: skew-ms 0
Sep 16 2026 03:21:18 GMT: INFO (info): (ticker.c:265)    system: total-cpu-pct 420 user-cpu-pct 113 kernel-cpu-pct 307 free-mem-kbytes 122182076 free-mem-pct 92 thp-mem-kbytes 7139328 host-free-mem-kbytes 122182076 host-free-mem-pct 92
Sep 16 2026 03:21:18 GMT: INFO (info): (ticker.c:287)    process: cpu-pct 334 threads (9,61,113,113) heap-kbytes (6769056,6791044,6997504) heap-efficiency-pct 99.7
Sep 16 2026 03:21:18 GMT: INFO (info): (ticker.c:297)    in-progress: info-q 0 rw-hash 0 proxy-hash 0 tree-gc-q 0 long-queries 0
Sep 16 2026 03:21:18 GMT: INFO (info): (ticker.c:340)    fds: proto (512,4635,4123) heartbeat (0,0,0) fabric (0,0,0) admin (0,0,0)
Sep 16 2026 03:21:18 GMT: INFO (info): (ticker.c:352)    heartbeat-received: self 0 foreign 0
Sep 16 2026 03:21:18 GMT: INFO (info): (ticker.c:378)    fabric-bytes-per-second: bulk (0,0) ctrl (0,0) meta (0,0) rw (0,0)
Sep 16 2026 03:21:18 GMT: INFO (info): (ticker.c:426) {ycsb} objects: all 100000000 master 100000000 prole 0 non-replica 0
Sep 16 2026 03:21:18 GMT: INFO (info): (ticker.c:481) {ycsb} migrations: complete
Sep 16 2026 03:21:18 GMT: INFO (info): (ticker.c:506) {ycsb} index-usage: used-bytes 6400000000
Sep 16 2026 03:21:18 GMT: INFO (info): (ticker.c:559) {ycsb} data-usage: used-bytes 145600000000 avail-pct 84 cache-read-pct 0.19
Sep 16 2026 03:21:18 GMT: INFO (info): (ticker.c:618) {ycsb} client: tsvc (0,0) proxy (0,0,0) read (180881587,0,0,0,0) write (15174799,0,0,0) delete (0,0,0,0,0) udf (0,0,0,0) lang (0,0,0,0)
Sep 16 2026 03:21:18 GMT: INFO (info): (hist.c:319) histogram dump: {ycsb}-read (180881587 total) msec
Sep 16 2026 03:21:18 GMT: INFO (info): (hist.c:330)  (00: 0180756586) (01: 0000124018) (02: 0000000459) (03: 0000000237)
Sep 16 2026 03:21:18 GMT: INFO (info): (hist.c:339)  (04: 0000000020) (05: 0000000095) (06: 0000000172)
Sep 16 2026 03:21:18 GMT: INFO (info): (hist.c:319) histogram dump: {ycsb}-write (15174801 total) msec
Sep 16 2026 03:21:18 GMT: INFO (info): (hist.c:339)  (00: 0015174763) (01: 0000000037) (05: 0000000001)
Sep 16 2026 03:21:18 GMT: INFO (deprecation): (thr_info.c:888) (repeated:2560) 'services' info command is deprecated - use 'peers-clear-std' instead
Sep 16 2026 03:21:28 GMT: INFO (info): (ticker.c:169) NODE-ID bb9f1b2523a0d00 CLUSTER-SIZE 1 CLUSTER-NAME ycsb-default-20260916
Sep 16 2026 03:21:28 GMT: INFO (info): (ticker.c:241)    cluster-clock: skew-ms 0
Sep 16 2026 03:21:28 GMT: INFO (info): (ticker.c:265)    system: total-cpu-pct 269 user-cpu-pct 94 kernel-cpu-pct 175 free-mem-kbytes 122054880 free-mem-pct 92 thp-mem-kbytes 7137280 host-free-mem-kbytes 122054880 host-free-mem-pct 92
Sep 16 2026 03:21:28 GMT: INFO (info): (ticker.c:287)    process: cpu-pct 208 threads (9,61,113,113) heap-kbytes (6768920,6790924,6997504) heap-efficiency-pct 99.7
Sep 16 2026 03:21:28 GMT: INFO (info): (ticker.c:297)    in-progress: info-q 0 rw-hash 0 proxy-hash 0 tree-gc-q 0 long-queries 0
Sep 16 2026 03:21:28 GMT: INFO (info): (ticker.c:340)    fds: proto (0,4641,4641) heartbeat (0,0,0) fabric (0,0,0) admin (0,0,0)
Sep 16 2026 03:21:28 GMT: INFO (info): (ticker.c:352)    heartbeat-received: self 0 foreign 0
Sep 16 2026 03:21:28 GMT: INFO (info): (ticker.c:378)    fabric-bytes-per-second: bulk (0,0) ctrl (0,0) meta (0,0) rw (0,0)
Sep 16 2026 03:21:28 GMT: INFO (info): (ticker.c:426) {ycsb} objects: all 100000000 master 100000000 prole 0 non-replica 0
Sep 16 2026 03:21:28 GMT: INFO (info): (ticker.c:481) {ycsb} migrations: complete
Sep 16 2026 03:21:28 GMT: INFO (info): (ticker.c:506) {ycsb} index-usage: used-bytes 6400000000
Sep 16 2026 03:21:28 GMT: INFO (info): (ticker.c:559) {ycsb} data-usage: used-bytes 145600000000 avail-pct 84 cache-read-pct 0.20
Sep 16 2026 03:21:28 GMT: INFO (info): (ticker.c:618) {ycsb} client: tsvc (0,0) proxy (0,0,0) read (181193008,0,0,0,0) write (15486087,0,0,0) delete (0,0,0,0,0) udf (0,0,0,0) lang (0,0,0,0)
Sep 16 2026 03:21:28 GMT: INFO (info): (hist.c:319) histogram dump: {ycsb}-read (181193008 total) msec
Sep 16 2026 03:21:28 GMT: INFO (info): (hist.c:330)  (00: 0181068007) (01: 0000124018) (02: 0000000459) (03: 0000000237)
Sep 16 2026 03:21:28 GMT: INFO (info): (hist.c:339)  (04: 0000000020) (05: 0000000095) (06: 0000000172)
Sep 16 2026 03:21:28 GMT: INFO (info): (hist.c:319) histogram dump: {ycsb}-write (15486087 total) msec
Sep 16 2026 03:21:28 GMT: INFO (info): (hist.c:339)  (00: 0015486049) (01: 0000000037) (05: 0000000001)
Sep 16 2026 03:21:28 GMT: INFO (deprecation): (thr_info.c:888) (repeated:1536) 'services' info command is deprecated - use 'peers-clear-std' instead
Sep 16 2026 03:21:29 GMT: INFO (deprecation): (thr_info.c:888) 'features' info command is deprecated - see https://aerospike.com/docs/database/release/8-1/
Sep 16 2026 03:21:29 GMT: INFO (deprecation): (thr_info.c:888) 'replicas-master' info command is deprecated - use 'replicas' instead or upgrade your client
Sep 16 2026 03:21:38 GMT: INFO (drv_ssd): (drv_ssd.c:2133) {ycsb} /dev/md127p3: used-bytes 145600000000 free-wblocks 110819 write-q 0 write (2890,12.9) defrag-q 0 defrag-read (1,0.0) defrag-write (0,0.0)
Sep 16 2026 03:21:38 GMT: INFO (info): (ticker.c:169) NODE-ID bb9f1b2523a0d00 CLUSTER-SIZE 1 CLUSTER-NAME ycsb-default-20260916
Sep 16 2026 03:21:38 GMT: INFO (info): (ticker.c:241)    cluster-clock: skew-ms 0
Sep 16 2026 03:21:38 GMT: INFO (info): (ticker.c:265)    system: total-cpu-pct 702 user-cpu-pct 203 kernel-cpu-pct 499 free-mem-kbytes 122084580 free-mem-pct 92 thp-mem-kbytes 7141376 host-free-mem-kbytes 122084580 host-free-mem-pct 92
Sep 16 2026 03:21:38 GMT: INFO (info): (ticker.c:287)    process: cpu-pct 729 threads (9,61,113,113) heap-kbytes (6769075,6791096,6999552) heap-efficiency-pct 99.7
Sep 16 2026 03:21:38 GMT: INFO (info): (ticker.c:297)    in-progress: info-q 0 rw-hash 5 proxy-hash 0 tree-gc-q 0 long-queries 0
Sep 16 2026 03:21:38 GMT: INFO (info): (ticker.c:340)    fds: proto (512,6183,5671) heartbeat (0,0,0) fabric (0,0,0) admin (0,0,0)
Sep 16 2026 03:21:38 GMT: INFO (info): (ticker.c:352)    heartbeat-received: self 0 foreign 0
Sep 16 2026 03:21:38 GMT: INFO (info): (ticker.c:378)    fabric-bytes-per-second: bulk (0,0) ctrl (0,0) meta (0,0) rw (0,0)
Sep 16 2026 03:21:38 GMT: INFO (info): (ticker.c:426) {ycsb} objects: all 100000000 master 100000000 prole 0 non-replica 0
Sep 16 2026 03:21:38 GMT: INFO (info): (ticker.c:481) {ycsb} migrations: complete
Sep 16 2026 03:21:38 GMT: INFO (info): (ticker.c:506) {ycsb} index-usage: used-bytes 6400000000
Sep 16 2026 03:21:38 GMT: INFO (info): (ticker.c:559) {ycsb} data-usage: used-bytes 145600000000 avail-pct 84 cache-read-pct 0.19
Sep 16 2026 03:21:38 GMT: INFO (info): (ticker.c:618) {ycsb} client: tsvc (0,0) proxy (0,0,0) read (182383716,0,0,0,0) write (16677345,0,0,0) delete (0,0,0,0,0) udf (0,0,0,0) lang (0,0,0,0)
Sep 16 2026 03:21:38 GMT: INFO (info): (hist.c:319) histogram dump: {ycsb}-read (182383815 total) msec
Sep 16 2026 03:21:38 GMT: INFO (info): (hist.c:330)  (00: 0182258110) (01: 0000124717) (02: 0000000464) (03: 0000000237)
Sep 16 2026 03:21:38 GMT: INFO (info): (hist.c:339)  (04: 0000000020) (05: 0000000095) (06: 0000000172)
Sep 16 2026 03:21:38 GMT: INFO (info): (hist.c:319) histogram dump: {ycsb}-write (16677470 total) msec
Sep 16 2026 03:21:38 GMT: INFO (info): (hist.c:330)  (00: 0016677156) (01: 0000000311) (02: 0000000002) (05: 0000000001)
Sep 16 2026 03:21:38 GMT: INFO (deprecation): (thr_info.c:888) (repeated:2816) 'services' info command is deprecated - use 'peers-clear-std' instead
Sep 16 2026 03:21:38 GMT: INFO (deprecation): (thr_info.c:888) (repeated:512) 'replicas-master' info command is deprecated - use 'replicas' instead or upgrade your client
Sep 16 2026 03:21:38 GMT: INFO (deprecation): (thr_info.c:888) (repeated:512) 'features' info command is deprecated - see https://aerospike.com/docs/database/release/8-1/
Sep 16 2026 03:21:48 GMT: INFO (info): (ticker.c:169) NODE-ID bb9f1b2523a0d00 CLUSTER-SIZE 1 CLUSTER-NAME ycsb-default-20260916
Sep 16 2026 03:21:48 GMT: INFO (info): (ticker.c:241)    cluster-clock: skew-ms 0
Sep 16 2026 03:21:48 GMT: INFO (info): (ticker.c:265)    system: total-cpu-pct 1565 user-cpu-pct 400 kernel-cpu-pct 1165 free-mem-kbytes 122164620 free-mem-pct 92 thp-mem-kbytes 7139328 host-free-mem-kbytes 122164620 host-free-mem-pct 92
Sep 16 2026 03:21:48 GMT: INFO (info): (ticker.c:287)    process: cpu-pct 1428 threads (9,61,113,113) heap-kbytes (6769067,6791096,6999552) heap-efficiency-pct 99.7
Sep 16 2026 03:21:48 GMT: INFO (info): (ticker.c:297)    in-progress: info-q 0 rw-hash 3 proxy-hash 0 tree-gc-q 0 long-queries 0
Sep 16 2026 03:21:48 GMT: INFO (info): (ticker.c:340)    fds: proto (512,6183,5671) heartbeat (0,0,0) fabric (0,0,0) admin (0,0,0)
Sep 16 2026 03:21:48 GMT: INFO (info): (ticker.c:352)    heartbeat-received: self 0 foreign 0
Sep 16 2026 03:21:48 GMT: INFO (info): (ticker.c:378)    fabric-bytes-per-second: bulk (0,0) ctrl (0,0) meta (0,0) rw (0,0)
Sep 16 2026 03:21:48 GMT: INFO (info): (ticker.c:426) {ycsb} objects: all 100000000 master 100000000 prole 0 non-replica 0
Sep 16 2026 03:21:48 GMT: INFO (info): (ticker.c:481) {ycsb} migrations: complete
Sep 16 2026 03:21:48 GMT: INFO (info): (ticker.c:506) {ycsb} index-usage: used-bytes 6400000000
Sep 16 2026 03:21:48 GMT: INFO (info): (ticker.c:559) {ycsb} data-usage: used-bytes 145600000000 avail-pct 84 cache-read-pct 0.19
Sep 16 2026 03:21:48 GMT: INFO (info): (ticker.c:618) {ycsb} client: tsvc (0,0) proxy (0,0,0) read (184875487,0,0,0,0) write (19169136,0,0,0) delete (0,0,0,0,0) udf (0,0,0,0) lang (0,0,0,0)
Sep 16 2026 03:21:48 GMT: INFO (info): (hist.c:319) histogram dump: {ycsb}-read (184875491 total) msec
Sep 16 2026 03:21:48 GMT: INFO (info): (hist.c:330)  (00: 0184747252) (01: 0000127250) (02: 0000000465) (03: 0000000237)
Sep 16 2026 03:21:48 GMT: INFO (info): (hist.c:339)  (04: 0000000020) (05: 0000000095) (06: 0000000172)
Sep 16 2026 03:21:48 GMT: INFO (info): (hist.c:319) histogram dump: {ycsb}-write (19169150 total) msec
Sep 16 2026 03:21:48 GMT: INFO (info): (hist.c:330)  (00: 0019168071) (01: 0000001076) (02: 0000000002) (05: 0000000001)
Sep 16 2026 03:21:48 GMT: INFO (deprecation): (thr_info.c:888) (repeated:2560) 'services' info command is deprecated - use 'peers-clear-std' instead
Sep 16 2026 03:21:58 GMT: INFO (drv_ssd): (drv_ssd.c:2133) {ycsb} /dev/md127p3: used-bytes 145600000000 free-wblocks 109957 write-q 0 write (3752,43.1) defrag-q 0 defrag-read (1,0.0) defrag-write (0,0.0)
Sep 16 2026 03:21:58 GMT: INFO (info): (ticker.c:169) NODE-ID bb9f1b2523a0d00 CLUSTER-SIZE 1 CLUSTER-NAME ycsb-default-20260916
Sep 16 2026 03:21:58 GMT: INFO (info): (ticker.c:241)    cluster-clock: skew-ms 0
Sep 16 2026 03:21:58 GMT: INFO (info): (ticker.c:265)    system: total-cpu-pct 1559 user-cpu-pct 399 kernel-cpu-pct 1160 free-mem-kbytes 122167684 free-mem-pct 92 thp-mem-kbytes 7139328 host-free-mem-kbytes 122167684 host-free-mem-pct 92
Sep 16 2026 03:21:58 GMT: INFO (info): (ticker.c:287)    process: cpu-pct 1409 threads (9,61,113,113) heap-kbytes (6769063,6791064,6999552) heap-efficiency-pct 99.7
Sep 16 2026 03:21:58 GMT: INFO (info): (ticker.c:297)    in-progress: info-q 0 rw-hash 2 proxy-hash 0 tree-gc-q 0 long-queries 0
Sep 16 2026 03:21:58 GMT: INFO (info): (ticker.c:340)    fds: proto (512,6183,5671) heartbeat (0,0,0) fabric (0,0,0) admin (0,0,0)
Sep 16 2026 03:21:58 GMT: INFO (info): (ticker.c:352)    heartbeat-received: self 0 foreign 0
Sep 16 2026 03:21:58 GMT: INFO (info): (ticker.c:378)    fabric-bytes-per-second: bulk (0,0) ctrl (0,0) meta (0,0) rw (0,0)
Sep 16 2026 03:21:58 GMT: INFO (info): (ticker.c:426) {ycsb} objects: all 100000000 master 100000000 prole 0 non-replica 0
Sep 16 2026 03:21:58 GMT: INFO (info): (ticker.c:481) {ycsb} migrations: complete
Sep 16 2026 03:21:58 GMT: INFO (info): (ticker.c:506) {ycsb} index-usage: used-bytes 6400000000
Sep 16 2026 03:21:58 GMT: INFO (info): (ticker.c:559) {ycsb} data-usage: used-bytes 145600000000 avail-pct 83 cache-read-pct 0.19
Sep 16 2026 03:21:58 GMT: INFO (info): (ticker.c:618) {ycsb} client: tsvc (0,0) proxy (0,0,0) read (187347458,0,0,0,0) write (21640104,0,0,0) delete (0,0,0,0,0) udf (0,0,0,0) lang (0,0,0,0)
Sep 16 2026 03:21:58 GMT: INFO (info): (hist.c:319) histogram dump: {ycsb}-read (187347460 total) msec
Sep 16 2026 03:21:58 GMT: INFO (info): (hist.c:330)  (00: 0187214871) (01: 0000131559) (02: 0000000505) (03: 0000000238)
Sep 16 2026 03:21:58 GMT: INFO (info): (hist.c:339)  (04: 0000000020) (05: 0000000095) (06: 0000000172)
Sep 16 2026 03:21:58 GMT: INFO (info): (hist.c:319) histogram dump: {ycsb}-write (21640108 total) msec
Sep 16 2026 03:21:58 GMT: INFO (info): (hist.c:330)  (00: 0021637711) (01: 0000002387) (02: 0000000009) (05: 0000000001)
Sep 16 2026 03:21:58 GMT: INFO (deprecation): (thr_info.c:888) (repeated:2560) 'services' info command is deprecated - use 'peers-clear-std' instead
Sep 16 2026 03:22:08 GMT: INFO (info): (ticker.c:169) NODE-ID bb9f1b2523a0d00 CLUSTER-SIZE 1 CLUSTER-NAME ycsb-default-20260916
Sep 16 2026 03:22:08 GMT: INFO (info): (ticker.c:241)    cluster-clock: skew-ms 0
Sep 16 2026 03:22:08 GMT: INFO (info): (ticker.c:265)    system: total-cpu-pct 1562 user-cpu-pct 401 kernel-cpu-pct 1161 free-mem-kbytes 122167568 free-mem-pct 92 thp-mem-kbytes 7139328 host-free-mem-kbytes 122167568 host-free-mem-pct 92
Sep 16 2026 03:22:08 GMT: INFO (info): (ticker.c:287)    process: cpu-pct 1411 threads (9,61,113,113) heap-kbytes (6769056,6791064,6999552) heap-efficiency-pct 99.7
Sep 16 2026 03:22:08 GMT: INFO (info): (ticker.c:297)    in-progress: info-q 0 rw-hash 5 proxy-hash 0 tree-gc-q 0 long-queries 0
Sep 16 2026 03:22:08 GMT: INFO (info): (ticker.c:340)    fds: proto (512,6183,5671) heartbeat (0,0,0) fabric (0,0,0) admin (0,0,0)
Sep 16 2026 03:22:08 GMT: INFO (info): (ticker.c:352)    heartbeat-received: self 0 foreign 0
Sep 16 2026 03:22:08 GMT: INFO (info): (ticker.c:378)    fabric-bytes-per-second: bulk (0,0) ctrl (0,0) meta (0,0) rw (0,0)
Sep 16 2026 03:22:08 GMT: INFO (info): (ticker.c:426) {ycsb} objects: all 100000000 master 100000000 prole 0 non-replica 0
Sep 16 2026 03:22:08 GMT: INFO (info): (ticker.c:481) {ycsb} migrations: complete
Sep 16 2026 03:22:08 GMT: INFO (info): (ticker.c:506) {ycsb} index-usage: used-bytes 6400000000
Sep 16 2026 03:22:08 GMT: INFO (info): (ticker.c:559) {ycsb} data-usage: used-bytes 145600000000 avail-pct 83 cache-read-pct 0.19
Sep 16 2026 03:22:08 GMT: INFO (info): (ticker.c:618) {ycsb} client: tsvc (0,0) proxy (0,0,0) read (189820921,0,0,0,0) write (24115776,0,0,0) delete (0,0,0,0,0) udf (0,0,0,0) lang (0,0,0,0)
Sep 16 2026 03:22:08 GMT: INFO (info): (hist.c:319) histogram dump: {ycsb}-read (189820922 total) msec
Sep 16 2026 03:22:08 GMT: INFO (info): (hist.c:330)  (00: 0189684677) (01: 0000135189) (02: 0000000523) (03: 0000000246)
Sep 16 2026 03:22:08 GMT: INFO (info): (hist.c:339)  (04: 0000000020) (05: 0000000095) (06: 0000000172)
Sep 16 2026 03:22:08 GMT: INFO (info): (hist.c:319) histogram dump: {ycsb}-write (24115786 total) msec
Sep 16 2026 03:22:08 GMT: INFO (info): (hist.c:330)  (00: 0024112363) (01: 0000003399) (02: 0000000019) (03: 0000000004)
Sep 16 2026 03:22:08 GMT: INFO (info): (hist.c:339)  (05: 0000000001)
Sep 16 2026 03:22:08 GMT: INFO (deprecation): (thr_info.c:888) (repeated:2560) 'services' info command is deprecated - use 'peers-clear-std' instead
Sep 16 2026 03:22:18 GMT: INFO (drv_ssd): (drv_ssd.c:2133) {ycsb} /dev/md127p3: used-bytes 145600000000 free-wblocks 109098 write-q 0 write (4611,43.0) defrag-q 0 defrag-read (1,0.0) defrag-write (0,0.0)
Sep 16 2026 03:22:18 GMT: INFO (info): (ticker.c:169) NODE-ID bb9f1b2523a0d00 CLUSTER-SIZE 1 CLUSTER-NAME ycsb-default-20260916
Sep 16 2026 03:22:18 GMT: INFO (info): (ticker.c:241)    cluster-clock: skew-ms 0
Sep 16 2026 03:22:18 GMT: INFO (info): (ticker.c:265)    system: total-cpu-pct 1561 user-cpu-pct 399 kernel-cpu-pct 1162 free-mem-kbytes 122159828 free-mem-pct 92 thp-mem-kbytes 7143424 host-free-mem-kbytes 122159828 host-free-mem-pct 92
Sep 16 2026 03:22:18 GMT: INFO (info): (ticker.c:287)    process: cpu-pct 1411 threads (9,61,113,113) heap-kbytes (6769039,6791064,6999552) heap-efficiency-pct 99.7
Sep 16 2026 03:22:18 GMT: INFO (info): (ticker.c:297)    in-progress: info-q 0 rw-hash 3 proxy-hash 0 tree-gc-q 0 long-queries 0
Sep 16 2026 03:22:18 GMT: INFO (info): (ticker.c:340)    fds: proto (512,6183,5671) heartbeat (0,0,0) fabric (0,0,0) admin (0,0,0)
Sep 16 2026 03:22:18 GMT: INFO (info): (ticker.c:352)    heartbeat-received: self 0 foreign 0
Sep 16 2026 03:22:18 GMT: INFO (info): (ticker.c:378)    fabric-bytes-per-second: bulk (0,0) ctrl (0,0) meta (0,0) rw (0,0)
Sep 16 2026 03:22:18 GMT: INFO (info): (ticker.c:426) {ycsb} objects: all 100000000 master 100000000 prole 0 non-replica 0
Sep 16 2026 03:22:18 GMT: INFO (info): (ticker.c:481) {ycsb} migrations: complete
Sep 16 2026 03:22:18 GMT: INFO (info): (ticker.c:506) {ycsb} index-usage: used-bytes 6400000000
Sep 16 2026 03:22:18 GMT: INFO (info): (ticker.c:559) {ycsb} data-usage: used-bytes 145600000000 avail-pct 83 cache-read-pct 0.19
Sep 16 2026 03:22:18 GMT: INFO (info): (ticker.c:618) {ycsb} client: tsvc (0,0) proxy (0,0,0) read (192291801,0,0,0,0) write (26592524,0,0,0) delete (0,0,0,0,0) udf (0,0,0,0) lang (0,0,0,0)
Sep 16 2026 03:22:18 GMT: INFO (info): (hist.c:319) histogram dump: {ycsb}-read (192291804 total) msec
Sep 16 2026 03:22:18 GMT: INFO (info): (hist.c:330)  (00: 0192151547) (01: 0000139189) (02: 0000000535) (03: 0000000246)
Sep 16 2026 03:22:18 GMT: INFO (info): (hist.c:339)  (04: 0000000020) (05: 0000000095) (06: 0000000172)
Sep 16 2026 03:22:18 GMT: INFO (info): (hist.c:319) histogram dump: {ycsb}-write (26592528 total) msec
Sep 16 2026 03:22:18 GMT: INFO (info): (hist.c:330)  (00: 0026587864) (01: 0000004635) (02: 0000000024) (03: 0000000004)
Sep 16 2026 03:22:18 GMT: INFO (info): (hist.c:339)  (05: 0000000001)
Sep 16 2026 03:22:18 GMT: INFO (deprecation): (thr_info.c:888) (repeated:2560) 'services' info command is deprecated - use 'peers-clear-std' instead
Sep 16 2026 03:22:28 GMT: INFO (info): (ticker.c:169) NODE-ID bb9f1b2523a0d00 CLUSTER-SIZE 1 CLUSTER-NAME ycsb-default-20260916
Sep 16 2026 03:22:28 GMT: INFO (info): (ticker.c:241)    cluster-clock: skew-ms 0
Sep 16 2026 03:22:28 GMT: INFO (info): (ticker.c:265)    system: total-cpu-pct 1562 user-cpu-pct 398 kernel-cpu-pct 1164 free-mem-kbytes 122164808 free-mem-pct 92 thp-mem-kbytes 7145472 host-free-mem-kbytes 122164808 host-free-mem-pct 92
Sep 16 2026 03:22:28 GMT: INFO (info): (ticker.c:287)    process: cpu-pct 1410 threads (9,61,113,113) heap-kbytes (6769042,6791064,6999552) heap-efficiency-pct 99.7
Sep 16 2026 03:22:28 GMT: INFO (info): (ticker.c:297)    in-progress: info-q 0 rw-hash 15 proxy-hash 0 tree-gc-q 0 long-queries 0
Sep 16 2026 03:22:28 GMT: INFO (info): (ticker.c:340)    fds: proto (512,6183,5671) heartbeat (0,0,0) fabric (0,0,0) admin (0,0,0)
Sep 16 2026 03:22:28 GMT: INFO (info): (ticker.c:352)    heartbeat-received: self 0 foreign 0
Sep 16 2026 03:22:28 GMT: INFO (info): (ticker.c:378)    fabric-bytes-per-second: bulk (0,0) ctrl (0,0) meta (0,0) rw (0,0)
Sep 16 2026 03:22:28 GMT: INFO (info): (ticker.c:426) {ycsb} objects: all 100000000 master 100000000 prole 0 non-replica 0
Sep 16 2026 03:22:28 GMT: INFO (info): (ticker.c:481) {ycsb} migrations: complete
Sep 16 2026 03:22:28 GMT: INFO (info): (ticker.c:506) {ycsb} index-usage: used-bytes 6400000000
Sep 16 2026 03:22:28 GMT: INFO (info): (ticker.c:559) {ycsb} data-usage: used-bytes 145600000000 avail-pct 82 cache-read-pct 0.19
Sep 16 2026 03:22:28 GMT: INFO (info): (ticker.c:618) {ycsb} client: tsvc (0,0) proxy (0,0,0) read (194765331,0,0,0,0) write (29062957,0,0,0) delete (0,0,0,0,0) udf (0,0,0,0) lang (0,0,0,0)
Sep 16 2026 03:22:28 GMT: INFO (info): (hist.c:319) histogram dump: {ycsb}-read (194765332 total) msec
Sep 16 2026 03:22:28 GMT: INFO (info): (hist.c:330)  (00: 0194620811) (01: 0000143410) (02: 0000000576) (03: 0000000248)
Sep 16 2026 03:22:28 GMT: INFO (info): (hist.c:339)  (04: 0000000020) (05: 0000000095) (06: 0000000172)
Sep 16 2026 03:22:28 GMT: INFO (info): (hist.c:319) histogram dump: {ycsb}-write (29062963 total) msec
Sep 16 2026 03:22:28 GMT: INFO (info): (hist.c:330)  (00: 0029057011) (01: 0000005907) (02: 0000000039) (03: 0000000005)
Sep 16 2026 03:22:28 GMT: INFO (info): (hist.c:339)  (05: 0000000001)
Sep 16 2026 03:22:28 GMT: INFO (deprecation): (thr_info.c:888) (repeated:2560) 'services' info command is deprecated - use 'peers-clear-std' instead
Sep 16 2026 03:22:38 GMT: INFO (drv_ssd): (drv_ssd.c:2133) {ycsb} /dev/md127p3: used-bytes 145600000000 free-wblocks 108239 write-q 0 write (5470,43.0) defrag-q 0 defrag-read (1,0.0) defrag-write (0,0.0)
Sep 16 2026 03:22:38 GMT: INFO (info): (ticker.c:169) NODE-ID bb9f1b2523a0d00 CLUSTER-SIZE 1 CLUSTER-NAME ycsb-default-20260916
Sep 16 2026 03:22:38 GMT: INFO (info): (ticker.c:241)    cluster-clock: skew-ms 0
Sep 16 2026 03:22:38 GMT: INFO (info): (ticker.c:265)    system: total-cpu-pct 1563 user-cpu-pct 405 kernel-cpu-pct 1158 free-mem-kbytes 122168716 free-mem-pct 92 thp-mem-kbytes 7141376 host-free-mem-kbytes 122168716 host-free-mem-pct 92
Sep 16 2026 03:22:38 GMT: INFO (info): (ticker.c:287)    process: cpu-pct 1415 threads (9,61,113,113) heap-kbytes (6769042,6791064,6999552) heap-efficiency-pct 99.7
Sep 16 2026 03:22:38 GMT: INFO (info): (ticker.c:297)    in-progress: info-q 0 rw-hash 1 proxy-hash 0 tree-gc-q 0 long-queries 0
Sep 16 2026 03:22:38 GMT: INFO (info): (ticker.c:340)    fds: proto (512,6183,5671) heartbeat (0,0,0) fabric (0,0,0) admin (0,0,0)
Sep 16 2026 03:22:38 GMT: INFO (info): (ticker.c:352)    heartbeat-received: self 0 foreign 0
Sep 16 2026 03:22:38 GMT: INFO (info): (ticker.c:378)    fabric-bytes-per-second: bulk (0,0) ctrl (0,0) meta (0,0) rw (0,0)
Sep 16 2026 03:22:38 GMT: INFO (info): (ticker.c:426) {ycsb} objects: all 100000000 master 100000000 prole 0 non-replica 0
Sep 16 2026 03:22:38 GMT: INFO (info): (ticker.c:481) {ycsb} migrations: complete
Sep 16 2026 03:22:38 GMT: INFO (info): (ticker.c:506) {ycsb} index-usage: used-bytes 6400000000
Sep 16 2026 03:22:38 GMT: INFO (info): (ticker.c:559) {ycsb} data-usage: used-bytes 145600000000 avail-pct 82 cache-read-pct 0.19
Sep 16 2026 03:22:38 GMT: INFO (info): (ticker.c:618) {ycsb} client: tsvc (0,0) proxy (0,0,0) read (197244921,0,0,0,0) write (31543676,0,0,0) delete (0,0,0,0,0) udf (0,0,0,0) lang (0,0,0,0)
Sep 16 2026 03:22:38 GMT: INFO (info): (hist.c:319) histogram dump: {ycsb}-read (197244921 total) msec
Sep 16 2026 03:22:38 GMT: INFO (info): (hist.c:330)  (00: 0197096947) (01: 0000146848) (02: 0000000591) (03: 0000000248)
Sep 16 2026 03:22:38 GMT: INFO (info): (hist.c:339)  (04: 0000000020) (05: 0000000095) (06: 0000000172)
Sep 16 2026 03:22:38 GMT: INFO (info): (hist.c:319) histogram dump: {ycsb}-write (31543676 total) msec
Sep 16 2026 03:22:38 GMT: INFO (info): (hist.c:330)  (00: 0031536682) (01: 0000006942) (02: 0000000046) (03: 0000000005)
Sep 16 2026 03:22:38 GMT: INFO (info): (hist.c:339)  (05: 0000000001)
Sep 16 2026 03:22:38 GMT: INFO (deprecation): (thr_info.c:888) (repeated:2560) 'services' info command is deprecated - use 'peers-clear-std' instead
Sep 16 2026 03:22:48 GMT: INFO (info): (ticker.c:169) NODE-ID bb9f1b2523a0d00 CLUSTER-SIZE 1 CLUSTER-NAME ycsb-default-20260916
Sep 16 2026 03:22:48 GMT: INFO (info): (ticker.c:241)    cluster-clock: skew-ms 0
Sep 16 2026 03:22:48 GMT: INFO (info): (ticker.c:265)    system: total-cpu-pct 1564 user-cpu-pct 401 kernel-cpu-pct 1163 free-mem-kbytes 122172324 free-mem-pct 92 thp-mem-kbytes 7139328 host-free-mem-kbytes 122172324 host-free-mem-pct 92
Sep 16 2026 03:22:48 GMT: INFO (info): (ticker.c:287)    process: cpu-pct 1415 threads (9,61,113,113) heap-kbytes (6769035,6791064,6999552) heap-efficiency-pct 99.7
Sep 16 2026 03:22:48 GMT: INFO (info): (ticker.c:297)    in-progress: info-q 0 rw-hash 4 proxy-hash 0 tree-gc-q 0 long-queries 0
Sep 16 2026 03:22:48 GMT: INFO (info): (ticker.c:340)    fds: proto (512,6183,5671) heartbeat (0,0,0) fabric (0,0,0) admin (0,0,0)
Sep 16 2026 03:22:48 GMT: INFO (info): (ticker.c:352)    heartbeat-received: self 0 foreign 0
Sep 16 2026 03:22:48 GMT: INFO (info): (ticker.c:378)    fabric-bytes-per-second: bulk (0,0) ctrl (0,0) meta (0,0) rw (0,0)
Sep 16 2026 03:22:48 GMT: INFO (info): (ticker.c:426) {ycsb} objects: all 100000000 master 100000000 prole 0 non-replica 0
Sep 16 2026 03:22:48 GMT: INFO (info): (ticker.c:481) {ycsb} migrations: complete
Sep 16 2026 03:22:48 GMT: INFO (info): (ticker.c:506) {ycsb} index-usage: used-bytes 6400000000
Sep 16 2026 03:22:48 GMT: INFO (info): (ticker.c:559) {ycsb} data-usage: used-bytes 145600000000 avail-pct 82 cache-read-pct 0.19
Sep 16 2026 03:22:48 GMT: INFO (info): (ticker.c:618) {ycsb} client: tsvc (0,0) proxy (0,0,0) read (199725761,0,0,0,0) write (34024567,0,0,0) delete (0,0,0,0,0) udf (0,0,0,0) lang (0,0,0,0)
Sep 16 2026 03:22:48 GMT: INFO (info): (hist.c:319) histogram dump: {ycsb}-read (199725765 total) msec
Sep 16 2026 03:22:48 GMT: INFO (info): (hist.c:330)  (00: 0199574803) (01: 0000149836) (02: 0000000591) (03: 0000000248)
Sep 16 2026 03:22:48 GMT: INFO (info): (hist.c:339)  (04: 0000000020) (05: 0000000095) (06: 0000000172)
Sep 16 2026 03:22:48 GMT: INFO (info): (hist.c:319) histogram dump: {ycsb}-write (34024572 total) msec
Sep 16 2026 03:22:48 GMT: INFO (info): (hist.c:330)  (00: 0034016653) (01: 0000007867) (02: 0000000046) (03: 0000000005)
Sep 16 2026 03:22:48 GMT: INFO (info): (hist.c:339)  (05: 0000000001)
Sep 16 2026 03:22:48 GMT: INFO (deprecation): (thr_info.c:888) (repeated:2560) 'services' info command is deprecated - use 'peers-clear-std' instead
Sep 16 2026 03:22:58 GMT: INFO (drv_ssd): (drv_ssd.c:2133) {ycsb} /dev/md127p3: used-bytes 145600000000 free-wblocks 107377 write-q 0 write (6332,43.1) defrag-q 0 defrag-read (1,0.0) defrag-write (0,0.0)
Sep 16 2026 03:22:58 GMT: INFO (info): (ticker.c:169) NODE-ID bb9f1b2523a0d00 CLUSTER-SIZE 1 CLUSTER-NAME ycsb-default-20260916
Sep 16 2026 03:22:58 GMT: INFO (info): (ticker.c:241)    cluster-clock: skew-ms 0
Sep 16 2026 03:22:58 GMT: INFO (info): (ticker.c:265)    system: total-cpu-pct 1564 user-cpu-pct 398 kernel-cpu-pct 1166 free-mem-kbytes 122171164 free-mem-pct 92 thp-mem-kbytes 7139328 host-free-mem-kbytes 122171164 host-free-mem-pct 92
Sep 16 2026 03:22:58 GMT: INFO (info): (ticker.c:287)    process: cpu-pct 1415 threads (9,61,113,113) heap-kbytes (6769053,6791032,6999552) heap-efficiency-pct 99.7
Sep 16 2026 03:22:58 GMT: INFO (info): (ticker.c:297)    in-progress: info-q 0 rw-hash 0 proxy-hash 0 tree-gc-q 0 long-queries 0
Sep 16 2026 03:22:58 GMT: INFO (info): (ticker.c:340)    fds: proto (512,6183,5671) heartbeat (0,0,0) fabric (0,0,0) admin (0,0,0)
Sep 16 2026 03:22:58 GMT: INFO (info): (ticker.c:352)    heartbeat-received: self 0 foreign 0
Sep 16 2026 03:22:58 GMT: INFO (info): (ticker.c:378)    fabric-bytes-per-second: bulk (0,0) ctrl (0,0) meta (0,0) rw (0,0)
Sep 16 2026 03:22:58 GMT: INFO (info): (ticker.c:426) {ycsb} objects: all 100000000 master 100000000 prole 0 non-replica 0
Sep 16 2026 03:22:58 GMT: INFO (info): (ticker.c:481) {ycsb} migrations: complete
Sep 16 2026 03:22:58 GMT: INFO (info): (ticker.c:506) {ycsb} index-usage: used-bytes 6400000000
Sep 16 2026 03:22:58 GMT: INFO (info): (ticker.c:559) {ycsb} data-usage: used-bytes 145600000000 avail-pct 81 cache-read-pct 0.19
Sep 16 2026 03:22:58 GMT: INFO (info): (ticker.c:618) {ycsb} client: tsvc (0,0) proxy (0,0,0) read (202208488,0,0,0,0) write (36506956,0,0,0) delete (0,0,0,0,0) udf (0,0,0,0) lang (0,0,0,0)
Sep 16 2026 03:22:58 GMT: INFO (info): (hist.c:319) histogram dump: {ycsb}-read (202208488 total) msec
Sep 16 2026 03:22:58 GMT: INFO (info): (hist.c:330)  (00: 0202054403) (01: 0000152959) (02: 0000000591) (03: 0000000248)
Sep 16 2026 03:22:58 GMT: INFO (info): (hist.c:339)  (04: 0000000020) (05: 0000000095) (06: 0000000172)
Sep 16 2026 03:22:58 GMT: INFO (info): (hist.c:319) histogram dump: {ycsb}-write (36506956 total) msec
Sep 16 2026 03:22:58 GMT: INFO (info): (hist.c:330)  (00: 0036498168) (01: 0000008736) (02: 0000000046) (03: 0000000005)
Sep 16 2026 03:22:58 GMT: INFO (info): (hist.c:339)  (05: 0000000001)
Sep 16 2026 03:22:58 GMT: INFO (deprecation): (thr_info.c:888) (repeated:2560) 'services' info command is deprecated - use 'peers-clear-std' instead
Sep 16 2026 03:23:08 GMT: INFO (info): (ticker.c:169) NODE-ID bb9f1b2523a0d00 CLUSTER-SIZE 1 CLUSTER-NAME ycsb-default-20260916
Sep 16 2026 03:23:08 GMT: INFO (info): (ticker.c:241)    cluster-clock: skew-ms 0
Sep 16 2026 03:23:08 GMT: INFO (info): (ticker.c:265)    system: total-cpu-pct 1564 user-cpu-pct 404 kernel-cpu-pct 1160 free-mem-kbytes 122173816 free-mem-pct 92 thp-mem-kbytes 7139328 host-free-mem-kbytes 122173816 host-free-mem-pct 92
Sep 16 2026 03:23:08 GMT: INFO (info): (ticker.c:287)    process: cpu-pct 1413 threads (9,61,113,113) heap-kbytes (6769043,6791044,6999552) heap-efficiency-pct 99.7
Sep 16 2026 03:23:08 GMT: INFO (info): (ticker.c:297)    in-progress: info-q 0 rw-hash 2 proxy-hash 0 tree-gc-q 0 long-queries 0
Sep 16 2026 03:23:08 GMT: INFO (info): (ticker.c:340)    fds: proto (512,6183,5671) heartbeat (0,0,0) fabric (0,0,0) admin (0,0,0)
Sep 16 2026 03:23:08 GMT: INFO (info): (ticker.c:352)    heartbeat-received: self 0 foreign 0
Sep 16 2026 03:23:08 GMT: INFO (info): (ticker.c:378)    fabric-bytes-per-second: bulk (0,0) ctrl (0,0) meta (0,0) rw (0,0)
Sep 16 2026 03:23:08 GMT: INFO (info): (ticker.c:426) {ycsb} objects: all 100000000 master 100000000 prole 0 non-replica 0
Sep 16 2026 03:23:08 GMT: INFO (info): (ticker.c:481) {ycsb} migrations: complete
Sep 16 2026 03:23:08 GMT: INFO (info): (ticker.c:506) {ycsb} index-usage: used-bytes 6400000000
Sep 16 2026 03:23:08 GMT: INFO (info): (ticker.c:559) {ycsb} data-usage: used-bytes 145600000000 avail-pct 81 cache-read-pct 0.19
Sep 16 2026 03:23:08 GMT: INFO (info): (ticker.c:618) {ycsb} client: tsvc (0,0) proxy (0,0,0) read (204682680,0,0,0,0) write (38982488,0,0,0) delete (0,0,0,0,0) udf (0,0,0,0) lang (0,0,0,0)
Sep 16 2026 03:23:08 GMT: INFO (info): (hist.c:319) histogram dump: {ycsb}-read (204682683 total) msec
Sep 16 2026 03:23:08 GMT: INFO (info): (hist.c:330)  (00: 0204524928) (01: 0000156612) (02: 0000000608) (03: 0000000248)
Sep 16 2026 03:23:08 GMT: INFO (info): (hist.c:339)  (04: 0000000020) (05: 0000000095) (06: 0000000172)
Sep 16 2026 03:23:08 GMT: INFO (info): (hist.c:319) histogram dump: {ycsb}-write (38982494 total) msec
Sep 16 2026 03:23:08 GMT: INFO (info): (hist.c:330)  (00: 0038972618) (01: 0000009815) (02: 0000000055) (03: 0000000005)
Sep 16 2026 03:23:08 GMT: INFO (info): (hist.c:339)  (05: 0000000001)
Sep 16 2026 03:23:08 GMT: INFO (deprecation): (thr_info.c:888) (repeated:2559) 'services' info command is deprecated - use 'peers-clear-std' instead
Sep 16 2026 03:23:18 GMT: INFO (drv_ssd): (drv_ssd.c:2133) {ycsb} /dev/md127p3: used-bytes 145600000000 free-wblocks 106518 write-q 0 write (7191,43.0) defrag-q 0 defrag-read (1,0.0) defrag-write (0,0.0)
Sep 16 2026 03:23:19 GMT: INFO (info): (ticker.c:169) NODE-ID bb9f1b2523a0d00 CLUSTER-SIZE 1 CLUSTER-NAME ycsb-default-20260916
Sep 16 2026 03:23:19 GMT: INFO (info): (ticker.c:241)    cluster-clock: skew-ms 0
Sep 16 2026 03:23:19 GMT: INFO (info): (ticker.c:265)    system: total-cpu-pct 1564 user-cpu-pct 405 kernel-cpu-pct 1159 free-mem-kbytes 122170372 free-mem-pct 92 thp-mem-kbytes 7141376 host-free-mem-kbytes 122170372 host-free-mem-pct 92
Sep 16 2026 03:23:19 GMT: INFO (info): (ticker.c:287)    process: cpu-pct 1414 threads (9,61,113,113) heap-kbytes (6768964,6790976,6999552) heap-efficiency-pct 99.7
Sep 16 2026 03:23:19 GMT: INFO (info): (ticker.c:297)    in-progress: info-q 0 rw-hash 5 proxy-hash 0 tree-gc-q 0 long-queries 0
Sep 16 2026 03:23:19 GMT: INFO (info): (ticker.c:340)    fds: proto (512,6183,5671) heartbeat (0,0,0) fabric (0,0,0) admin (0,0,0)
Sep 16 2026 03:23:19 GMT: INFO (info): (ticker.c:352)    heartbeat-received: self 0 foreign 0
Sep 16 2026 03:23:19 GMT: INFO (info): (ticker.c:378)    fabric-bytes-per-second: bulk (0,0) ctrl (0,0) meta (0,0) rw (0,0)
Sep 16 2026 03:23:19 GMT: INFO (info): (ticker.c:426) {ycsb} objects: all 100000000 master 100000000 prole 0 non-replica 0
Sep 16 2026 03:23:19 GMT: INFO (info): (ticker.c:481) {ycsb} migrations: complete
Sep 16 2026 03:23:19 GMT: INFO (info): (ticker.c:506) {ycsb} index-usage: used-bytes 6400000000
Sep 16 2026 03:23:19 GMT: INFO (info): (ticker.c:559) {ycsb} data-usage: used-bytes 145600000000 avail-pct 81 cache-read-pct 0.18
Sep 16 2026 03:23:19 GMT: INFO (info): (ticker.c:618) {ycsb} client: tsvc (0,0) proxy (0,0,0) read (207160345,0,0,0,0) write (41458028,0,0,0) delete (0,0,0,0,0) udf (0,0,0,0) lang (0,0,0,0)
Sep 16 2026 03:23:19 GMT: INFO (info): (hist.c:319) histogram dump: {ycsb}-read (207160346 total) msec
Sep 16 2026 03:23:19 GMT: INFO (info): (hist.c:330)  (00: 0206998679) (01: 0000160490) (02: 0000000642) (03: 0000000248)
Sep 16 2026 03:23:19 GMT: INFO (info): (hist.c:339)  (04: 0000000020) (05: 0000000095) (06: 0000000172)
Sep 16 2026 03:23:19 GMT: INFO (info): (hist.c:319) histogram dump: {ycsb}-write (41458032 total) msec
Sep 16 2026 03:23:19 GMT: INFO (info): (hist.c:330)  (00: 0041446988) (01: 0000010967) (02: 0000000071) (03: 0000000005)
Sep 16 2026 03:23:19 GMT: INFO (info): (hist.c:339)  (05: 0000000001)
Sep 16 2026 03:23:19 GMT: INFO (deprecation): (thr_info.c:888) (repeated:2560) 'services' info command is deprecated - use 'peers-clear-std' instead
Sep 16 2026 03:23:29 GMT: INFO (info): (ticker.c:169) NODE-ID bb9f1b2523a0d00 CLUSTER-SIZE 1 CLUSTER-NAME ycsb-default-20260916
Sep 16 2026 03:23:29 GMT: INFO (info): (ticker.c:241)    cluster-clock: skew-ms 0
Sep 16 2026 03:23:29 GMT: INFO (info): (ticker.c:265)    system: total-cpu-pct 1563 user-cpu-pct 405 kernel-cpu-pct 1158 free-mem-kbytes 122171160 free-mem-pct 92 thp-mem-kbytes 7141376 host-free-mem-kbytes 122171160 host-free-mem-pct 92
Sep 16 2026 03:23:29 GMT: INFO (info): (ticker.c:287)    process: cpu-pct 1413 threads (9,61,113,113) heap-kbytes (6768974,6790976,6999552) heap-efficiency-pct 99.7
Sep 16 2026 03:23:29 GMT: INFO (info): (ticker.c:297)    in-progress: info-q 0 rw-hash 5 proxy-hash 0 tree-gc-q 0 long-queries 0
Sep 16 2026 03:23:29 GMT: INFO (info): (ticker.c:340)    fds: proto (512,6183,5671) heartbeat (0,0,0) fabric (0,0,0) admin (0,0,0)
Sep 16 2026 03:23:29 GMT: INFO (info): (ticker.c:352)    heartbeat-received: self 0 foreign 0
Sep 16 2026 03:23:29 GMT: INFO (info): (ticker.c:378)    fabric-bytes-per-second: bulk (0,0) ctrl (0,0) meta (0,0) rw (0,0)
Sep 16 2026 03:23:29 GMT: INFO (info): (ticker.c:426) {ycsb} objects: all 100000000 master 100000000 prole 0 non-replica 0
Sep 16 2026 03:23:29 GMT: INFO (info): (ticker.c:481) {ycsb} migrations: complete
Sep 16 2026 03:23:29 GMT: INFO (info): (ticker.c:506) {ycsb} index-usage: used-bytes 6400000000
Sep 16 2026 03:23:29 GMT: INFO (info): (ticker.c:559) {ycsb} data-usage: used-bytes 145600000000 avail-pct 80 cache-read-pct 0.19
Sep 16 2026 03:23:29 GMT: INFO (info): (ticker.c:618) {ycsb} client: tsvc (0,0) proxy (0,0,0) read (209633949,0,0,0,0) write (43933099,0,0,0) delete (0,0,0,0,0) udf (0,0,0,0) lang (0,0,0,0)
Sep 16 2026 03:23:29 GMT: INFO (info): (hist.c:319) histogram dump: {ycsb}-read (209633953 total) msec
Sep 16 2026 03:23:29 GMT: INFO (info): (hist.c:330)  (00: 0209468475) (01: 0000164280) (02: 0000000660) (03: 0000000251)
Sep 16 2026 03:23:29 GMT: INFO (info): (hist.c:339)  (04: 0000000020) (05: 0000000095) (06: 0000000172)
Sep 16 2026 03:23:29 GMT: INFO (info): (hist.c:319) histogram dump: {ycsb}-write (43933103 total) msec
Sep 16 2026 03:23:29 GMT: INFO (info): (hist.c:330)  (00: 0043920848) (01: 0000012169) (02: 0000000079) (03: 0000000006)
Sep 16 2026 03:23:29 GMT: INFO (info): (hist.c:339)  (05: 0000000001)
Sep 16 2026 03:23:29 GMT: INFO (deprecation): (thr_info.c:888) (repeated:2556) 'services' info command is deprecated - use 'peers-clear-std' instead
Sep 16 2026 03:23:38 GMT: INFO (drv_ssd): (drv_ssd.c:2133) {ycsb} /dev/md127p3: used-bytes 145600000000 free-wblocks 105657 write-q 0 write (8052,43.0) defrag-q 0 defrag-read (1,0.0) defrag-write (0,0.0)
Sep 16 2026 03:23:39 GMT: INFO (info): (ticker.c:169) NODE-ID bb9f1b2523a0d00 CLUSTER-SIZE 1 CLUSTER-NAME ycsb-default-20260916
Sep 16 2026 03:23:39 GMT: INFO (info): (ticker.c:241)    cluster-clock: skew-ms 0
Sep 16 2026 03:23:39 GMT: INFO (info): (ticker.c:265)    system: total-cpu-pct 1565 user-cpu-pct 405 kernel-cpu-pct 1160 free-mem-kbytes 122170196 free-mem-pct 92 thp-mem-kbytes 7141376 host-free-mem-kbytes 122170196 host-free-mem-pct 92
Sep 16 2026 03:23:39 GMT: INFO (info): (ticker.c:287)    process: cpu-pct 1417 threads (9,61,113,113) heap-kbytes (6768964,6790988,6999552) heap-efficiency-pct 99.7
Sep 16 2026 03:23:39 GMT: INFO (info): (ticker.c:297)    in-progress: info-q 0 rw-hash 3 proxy-hash 0 tree-gc-q 0 long-queries 0
Sep 16 2026 03:23:39 GMT: INFO (info): (ticker.c:340)    fds: proto (512,6183,5671) heartbeat (0,0,0) fabric (0,0,0) admin (0,0,0)
Sep 16 2026 03:23:39 GMT: INFO (info): (ticker.c:352)    heartbeat-received: self 0 foreign 0
Sep 16 2026 03:23:39 GMT: INFO (info): (ticker.c:378)    fabric-bytes-per-second: bulk (0,0) ctrl (0,0) meta (0,0) rw (0,0)
Sep 16 2026 03:23:39 GMT: INFO (info): (ticker.c:426) {ycsb} objects: all 100000000 master 100000000 prole 0 non-replica 0
Sep 16 2026 03:23:39 GMT: INFO (info): (ticker.c:481) {ycsb} migrations: complete
Sep 16 2026 03:23:39 GMT: INFO (info): (ticker.c:506) {ycsb} index-usage: used-bytes 6400000000
Sep 16 2026 03:23:39 GMT: INFO (info): (ticker.c:559) {ycsb} data-usage: used-bytes 145600000000 avail-pct 80 cache-read-pct 0.19
Sep 16 2026 03:23:39 GMT: INFO (info): (ticker.c:618) {ycsb} client: tsvc (0,0) proxy (0,0,0) read (212115206,0,0,0,0) write (46416384,0,0,0) delete (0,0,0,0,0) udf (0,0,0,0) lang (0,0,0,0)
Sep 16 2026 03:23:39 GMT: INFO (info): (hist.c:319) histogram dump: {ycsb}-read (212115210 total) msec
Sep 16 2026 03:23:39 GMT: INFO (info): (hist.c:330)  (00: 0211946295) (01: 0000167707) (02: 0000000670) (03: 0000000251)
Sep 16 2026 03:23:39 GMT: INFO (info): (hist.c:339)  (04: 0000000020) (05: 0000000095) (06: 0000000172)
Sep 16 2026 03:23:39 GMT: INFO (info): (hist.c:319) histogram dump: {ycsb}-write (46416392 total) msec
Sep 16 2026 03:23:39 GMT: INFO (info): (hist.c:330)  (00: 0046403008) (01: 0000013292) (02: 0000000085) (03: 0000000006)
Sep 16 2026 03:23:39 GMT: INFO (info): (hist.c:339)  (05: 0000000001)
Sep 16 2026 03:23:39 GMT: INFO (deprecation): (thr_info.c:888) (repeated:2556) 'services' info command is deprecated - use 'peers-clear-std' instead
Sep 16 2026 03:23:49 GMT: INFO (info): (ticker.c:169) NODE-ID bb9f1b2523a0d00 CLUSTER-SIZE 1 CLUSTER-NAME ycsb-default-20260916
Sep 16 2026 03:23:49 GMT: INFO (info): (ticker.c:241)    cluster-clock: skew-ms 0
Sep 16 2026 03:23:49 GMT: INFO (info): (ticker.c:265)    system: total-cpu-pct 1561 user-cpu-pct 400 kernel-cpu-pct 1161 free-mem-kbytes 122172040 free-mem-pct 92 thp-mem-kbytes 7139328 host-free-mem-kbytes 122172040 host-free-mem-pct 92
Sep 16 2026 03:23:49 GMT: INFO (info): (ticker.c:287)    process: cpu-pct 1414 threads (9,61,113,113) heap-kbytes (6768962,6790976,6999552) heap-efficiency-pct 99.7
Sep 16 2026 03:23:49 GMT: INFO (info): (ticker.c:297)    in-progress: info-q 0 rw-hash 5 proxy-hash 0 tree-gc-q 0 long-queries 0
Sep 16 2026 03:23:49 GMT: INFO (info): (ticker.c:340)    fds: proto (512,6183,5671) heartbeat (0,0,0) fabric (0,0,0) admin (0,0,0)
Sep 16 2026 03:23:49 GMT: INFO (info): (ticker.c:352)    heartbeat-received: self 0 foreign 0
Sep 16 2026 03:23:49 GMT: INFO (info): (ticker.c:378)    fabric-bytes-per-second: bulk (0,0) ctrl (0,0) meta (0,0) rw (0,0)
Sep 16 2026 03:23:49 GMT: INFO (info): (ticker.c:426) {ycsb} objects: all 100000000 master 100000000 prole 0 non-replica 0
Sep 16 2026 03:23:49 GMT: INFO (info): (ticker.c:481) {ycsb} migrations: complete
Sep 16 2026 03:23:49 GMT: INFO (info): (ticker.c:506) {ycsb} index-usage: used-bytes 6400000000
Sep 16 2026 03:23:49 GMT: INFO (info): (ticker.c:559) {ycsb} data-usage: used-bytes 145600000000 avail-pct 80 cache-read-pct 0.19
Sep 16 2026 03:23:49 GMT: INFO (info): (ticker.c:618) {ycsb} client: tsvc (0,0) proxy (0,0,0) read (214585319,0,0,0,0) write (48891826,0,0,0) delete (0,0,0,0,0) udf (0,0,0,0) lang (0,0,0,0)
Sep 16 2026 03:23:49 GMT: INFO (info): (hist.c:319) histogram dump: {ycsb}-read (214585320 total) msec
Sep 16 2026 03:23:49 GMT: INFO (info): (hist.c:330)  (00: 0214413177) (01: 0000170930) (02: 0000000675) (03: 0000000251)
Sep 16 2026 03:23:49 GMT: INFO (info): (hist.c:339)  (04: 0000000020) (05: 0000000095) (06: 0000000172)
Sep 16 2026 03:23:49 GMT: INFO (info): (hist.c:319) histogram dump: {ycsb}-write (48891833 total) msec
Sep 16 2026 03:23:49 GMT: INFO (info): (hist.c:330)  (00: 0048877417) (01: 0000014321) (02: 0000000088) (03: 0000000006)
Sep 16 2026 03:23:49 GMT: INFO (info): (hist.c:339)  (05: 0000000001)
Sep 16 2026 03:23:49 GMT: INFO (deprecation): (thr_info.c:888) (repeated:2559) 'services' info command is deprecated - use 'peers-clear-std' instead
Sep 16 2026 03:23:58 GMT: INFO (drv_ssd): (drv_ssd.c:2133) {ycsb} /dev/md127p3: used-bytes 145600000000 free-wblocks 104798 write-q 0 write (8911,43.0) defrag-q 0 defrag-read (1,0.0) defrag-write (0,0.0)
Sep 16 2026 03:23:59 GMT: INFO (info): (ticker.c:169) NODE-ID bb9f1b2523a0d00 CLUSTER-SIZE 1 CLUSTER-NAME ycsb-default-20260916
Sep 16 2026 03:23:59 GMT: INFO (info): (ticker.c:241)    cluster-clock: skew-ms 0
Sep 16 2026 03:23:59 GMT: INFO (info): (ticker.c:265)    system: total-cpu-pct 1561 user-cpu-pct 398 kernel-cpu-pct 1163 free-mem-kbytes 122170132 free-mem-pct 92 thp-mem-kbytes 7139328 host-free-mem-kbytes 122170132 host-free-mem-pct 92
Sep 16 2026 03:23:59 GMT: INFO (info): (ticker.c:287)    process: cpu-pct 1413 threads (9,61,113,113) heap-kbytes (6768959,6790976,6999552) heap-efficiency-pct 99.7
Sep 16 2026 03:23:59 GMT: INFO (info): (ticker.c:297)    in-progress: info-q 0 rw-hash 2 proxy-hash 0 tree-gc-q 0 long-queries 0
Sep 16 2026 03:23:59 GMT: INFO (info): (ticker.c:340)    fds: proto (512,6183,5671) heartbeat (0,0,0) fabric (0,0,0) admin (0,0,0)
Sep 16 2026 03:23:59 GMT: INFO (info): (ticker.c:352)    heartbeat-received: self 0 foreign 0
Sep 16 2026 03:23:59 GMT: INFO (info): (ticker.c:378)    fabric-bytes-per-second: bulk (0,0) ctrl (0,0) meta (0,0) rw (0,0)
Sep 16 2026 03:23:59 GMT: INFO (info): (ticker.c:426) {ycsb} objects: all 100000000 master 100000000 prole 0 non-replica 0
Sep 16 2026 03:23:59 GMT: INFO (info): (ticker.c:481) {ycsb} migrations: complete
Sep 16 2026 03:23:59 GMT: INFO (info): (ticker.c:506) {ycsb} index-usage: used-bytes 6400000000
Sep 16 2026 03:23:59 GMT: INFO (info): (ticker.c:559) {ycsb} data-usage: used-bytes 145600000000 avail-pct 79 cache-read-pct 0.19
Sep 16 2026 03:23:59 GMT: INFO (info): (ticker.c:618) {ycsb} client: tsvc (0,0) proxy (0,0,0) read (217063627,0,0,0,0) write (51367948,0,0,0) delete (0,0,0,0,0) udf (0,0,0,0) lang (0,0,0,0)
Sep 16 2026 03:23:59 GMT: INFO (info): (hist.c:319) histogram dump: {ycsb}-read (217063629 total) msec
Sep 16 2026 03:23:59 GMT: INFO (info): (hist.c:330)  (00: 0216887913) (01: 0000174499) (02: 0000000679) (03: 0000000251)
Sep 16 2026 03:23:59 GMT: INFO (info): (hist.c:339)  (04: 0000000020) (05: 0000000095) (06: 0000000172)
Sep 16 2026 03:23:59 GMT: INFO (info): (hist.c:319) histogram dump: {ycsb}-write (51367974 total) msec
Sep 16 2026 03:23:59 GMT: INFO (info): (hist.c:330)  (00: 0051352484) (01: 0000015393) (02: 0000000090) (03: 0000000006)
Sep 16 2026 03:23:59 GMT: INFO (info): (hist.c:339)  (05: 0000000001)
Sep 16 2026 03:23:59 GMT: INFO (deprecation): (thr_info.c:888) (repeated:2557) 'services' info command is deprecated - use 'peers-clear-std' instead
Sep 16 2026 03:24:09 GMT: INFO (info): (ticker.c:169) NODE-ID bb9f1b2523a0d00 CLUSTER-SIZE 1 CLUSTER-NAME ycsb-default-20260916
Sep 16 2026 03:24:09 GMT: INFO (info): (ticker.c:241)    cluster-clock: skew-ms 0
Sep 16 2026 03:24:09 GMT: INFO (info): (ticker.c:265)    system: total-cpu-pct 1562 user-cpu-pct 400 kernel-cpu-pct 1162 free-mem-kbytes 122176388 free-mem-pct 92 thp-mem-kbytes 7141376 host-free-mem-kbytes 122176388 host-free-mem-pct 92
Sep 16 2026 03:24:09 GMT: INFO (info): (ticker.c:287)    process: cpu-pct 1417 threads (9,61,113,113) heap-kbytes (6768947,6790988,6999552) heap-efficiency-pct 99.7
Sep 16 2026 03:24:09 GMT: INFO (info): (ticker.c:297)    in-progress: info-q 0 rw-hash 1 proxy-hash 0 tree-gc-q 0 long-queries 0
Sep 16 2026 03:24:09 GMT: INFO (info): (ticker.c:340)    fds: proto (512,6183,5671) heartbeat (0,0,0) fabric (0,0,0) admin (0,0,0)
Sep 16 2026 03:24:09 GMT: INFO (info): (ticker.c:352)    heartbeat-received: self 0 foreign 0
Sep 16 2026 03:24:09 GMT: INFO (info): (ticker.c:378)    fabric-bytes-per-second: bulk (0,0) ctrl (0,0) meta (0,0) rw (0,0)
Sep 16 2026 03:24:09 GMT: INFO (info): (ticker.c:426) {ycsb} objects: all 100000000 master 100000000 prole 0 non-replica 0
Sep 16 2026 03:24:09 GMT: INFO (info): (ticker.c:481) {ycsb} migrations: complete
Sep 16 2026 03:24:09 GMT: INFO (info): (ticker.c:506) {ycsb} index-usage: used-bytes 6400000000
Sep 16 2026 03:24:09 GMT: INFO (info): (ticker.c:559) {ycsb} data-usage: used-bytes 145600000000 avail-pct 79 cache-read-pct 0.19
Sep 16 2026 03:24:09 GMT: INFO (info): (ticker.c:618) {ycsb} client: tsvc (0,0) proxy (0,0,0) read (219538480,0,0,0,0) write (53846231,0,0,0) delete (0,0,0,0,0) udf (0,0,0,0) lang (0,0,0,0)
Sep 16 2026 03:24:09 GMT: INFO (info): (hist.c:319) histogram dump: {ycsb}-read (219538482 total) msec
Sep 16 2026 03:24:09 GMT: INFO (info): (hist.c:330)  (00: 0219359511) (01: 0000177735) (02: 0000000693) (03: 0000000256)
Sep 16 2026 03:24:09 GMT: INFO (info): (hist.c:339)  (04: 0000000020) (05: 0000000095) (06: 0000000172)
Sep 16 2026 03:24:09 GMT: INFO (info): (hist.c:319) histogram dump: {ycsb}-write (53846236 total) msec
Sep 16 2026 03:24:09 GMT: INFO (info): (hist.c:330)  (00: 0053829721) (01: 0000016412) (02: 0000000095) (03: 0000000007)
Sep 16 2026 03:24:09 GMT: INFO (info): (hist.c:339)  (05: 0000000001)
Sep 16 2026 03:24:09 GMT: INFO (deprecation): (thr_info.c:888) (repeated:2560) 'services' info command is deprecated - use 'peers-clear-std' instead
Sep 16 2026 03:24:18 GMT: INFO (drv_ssd): (drv_ssd.c:2133) {ycsb} /dev/md127p3: used-bytes 145600000000 free-wblocks 103938 write-q 0 write (9771,43.0) defrag-q 0 defrag-read (1,0.0) defrag-write (0,0.0)
Sep 16 2026 03:24:19 GMT: INFO (info): (ticker.c:169) NODE-ID bb9f1b2523a0d00 CLUSTER-SIZE 1 CLUSTER-NAME ycsb-default-20260916
Sep 16 2026 03:24:19 GMT: INFO (info): (ticker.c:241)    cluster-clock: skew-ms 0
Sep 16 2026 03:24:19 GMT: INFO (info): (ticker.c:265)    system: total-cpu-pct 1565 user-cpu-pct 400 kernel-cpu-pct 1165 free-mem-kbytes 122168932 free-mem-pct 92 thp-mem-kbytes 7141376 host-free-mem-kbytes 122168932 host-free-mem-pct 92
Sep 16 2026 03:24:19 GMT: INFO (info): (ticker.c:287)    process: cpu-pct 1421 threads (9,61,113,113) heap-kbytes (6768948,6790956,6999552) heap-efficiency-pct 99.7
Sep 16 2026 03:24:19 GMT: INFO (info): (ticker.c:297)    in-progress: info-q 0 rw-hash 4 proxy-hash 0 tree-gc-q 0 long-queries 0
Sep 16 2026 03:24:19 GMT: INFO (info): (ticker.c:340)    fds: proto (512,6183,5671) heartbeat (0,0,0) fabric (0,0,0) admin (0,0,0)
Sep 16 2026 03:24:19 GMT: INFO (info): (ticker.c:352)    heartbeat-received: self 0 foreign 0
Sep 16 2026 03:24:19 GMT: INFO (info): (ticker.c:378)    fabric-bytes-per-second: bulk (0,0) ctrl (0,0) meta (0,0) rw (0,0)
Sep 16 2026 03:24:19 GMT: INFO (info): (ticker.c:426) {ycsb} objects: all 100000000 master 100000000 prole 0 non-replica 0
Sep 16 2026 03:24:19 GMT: INFO (info): (ticker.c:481) {ycsb} migrations: complete
Sep 16 2026 03:24:19 GMT: INFO (info): (ticker.c:506) {ycsb} index-usage: used-bytes 6400000000
Sep 16 2026 03:24:19 GMT: INFO (info): (ticker.c:559) {ycsb} data-usage: used-bytes 145600000000 avail-pct 79 cache-read-pct 0.19
Sep 16 2026 03:24:19 GMT: INFO (info): (ticker.c:618) {ycsb} client: tsvc (0,0) proxy (0,0,0) read (222018882,0,0,0,0) write (56323540,0,0,0) delete (0,0,0,0,0) udf (0,0,0,0) lang (0,0,0,0)
Sep 16 2026 03:24:19 GMT: INFO (info): (hist.c:319) histogram dump: {ycsb}-read (222018957 total) msec
Sep 16 2026 03:24:19 GMT: INFO (info): (hist.c:330)  (00: 0221836072) (01: 0000181602) (02: 0000000737) (03: 0000000259)
Sep 16 2026 03:24:19 GMT: INFO (info): (hist.c:339)  (04: 0000000020) (05: 0000000095) (06: 0000000172)
Sep 16 2026 03:24:19 GMT: INFO (info): (hist.c:319) histogram dump: {ycsb}-write (56323668 total) msec
Sep 16 2026 03:24:19 GMT: INFO (info): (hist.c:330)  (00: 0056305944) (01: 0000017612) (02: 0000000104) (03: 0000000007)
Sep 16 2026 03:24:19 GMT: INFO (info): (hist.c:339)  (05: 0000000001)
Sep 16 2026 03:24:19 GMT: INFO (deprecation): (thr_info.c:888) (repeated:2560) 'services' info command is deprecated - use 'peers-clear-std' instead
Sep 16 2026 03:24:29 GMT: INFO (info): (ticker.c:169) NODE-ID bb9f1b2523a0d00 CLUSTER-SIZE 1 CLUSTER-NAME ycsb-default-20260916
Sep 16 2026 03:24:29 GMT: INFO (info): (ticker.c:241)    cluster-clock: skew-ms 0
Sep 16 2026 03:24:29 GMT: INFO (info): (ticker.c:265)    system: total-cpu-pct 1567 user-cpu-pct 399 kernel-cpu-pct 1168 free-mem-kbytes 122166812 free-mem-pct 92 thp-mem-kbytes 7137280 host-free-mem-kbytes 122166812 host-free-mem-pct 92
Sep 16 2026 03:24:29 GMT: INFO (info): (ticker.c:287)    process: cpu-pct 1429 threads (9,61,113,113) heap-kbytes (6768928,6790956,6999552) heap-efficiency-pct 99.7
Sep 16 2026 03:24:29 GMT: INFO (info): (ticker.c:297)    in-progress: info-q 0 rw-hash 3 proxy-hash 0 tree-gc-q 0 long-queries 0
Sep 16 2026 03:24:29 GMT: INFO (info): (ticker.c:340)    fds: proto (512,6183,5671) heartbeat (0,0,0) fabric (0,0,0) admin (0,0,0)
Sep 16 2026 03:24:29 GMT: INFO (info): (ticker.c:352)    heartbeat-received: self 0 foreign 0
Sep 16 2026 03:24:29 GMT: INFO (info): (ticker.c:378)    fabric-bytes-per-second: bulk (0,0) ctrl (0,0) meta (0,0) rw (0,0)
Sep 16 2026 03:24:29 GMT: INFO (info): (ticker.c:426) {ycsb} objects: all 100000000 master 100000000 prole 0 non-replica 0
Sep 16 2026 03:24:29 GMT: INFO (info): (ticker.c:481) {ycsb} migrations: complete
Sep 16 2026 03:24:29 GMT: INFO (info): (ticker.c:506) {ycsb} index-usage: used-bytes 6400000000
Sep 16 2026 03:24:29 GMT: INFO (info): (ticker.c:559) {ycsb} data-usage: used-bytes 145600000000 avail-pct 78 cache-read-pct 0.19
Sep 16 2026 03:24:29 GMT: INFO (info): (ticker.c:618) {ycsb} client: tsvc (0,0) proxy (0,0,0) read (224510766,0,0,0,0) write (58814982,0,0,0) delete (0,0,0,0,0) udf (0,0,0,0) lang (0,0,0,0)
Sep 16 2026 03:24:29 GMT: INFO (info): (hist.c:319) histogram dump: {ycsb}-read (224510768 total) msec
Sep 16 2026 03:24:29 GMT: INFO (info): (hist.c:330)  (00: 0224325354) (01: 0000184127) (02: 0000000741) (03: 0000000259)
Sep 16 2026 03:24:29 GMT: INFO (info): (hist.c:339)  (04: 0000000020) (05: 0000000095) (06: 0000000172)
Sep 16 2026 03:24:29 GMT: INFO (info): (hist.c:319) histogram dump: {ycsb}-write (58814989 total) msec
Sep 16 2026 03:24:29 GMT: INFO (info): (hist.c:330)  (00: 0058796444) (01: 0000018431) (02: 0000000106) (03: 0000000007)
Sep 16 2026 03:24:29 GMT: INFO (info): (hist.c:339)  (05: 0000000001)
Sep 16 2026 03:24:29 GMT: INFO (deprecation): (thr_info.c:888) (repeated:2557) 'services' info command is deprecated - use 'peers-clear-std' instead
Sep 16 2026 03:24:38 GMT: INFO (drv_ssd): (drv_ssd.c:2133) {ycsb} /dev/md127p3: used-bytes 145600000000 free-wblocks 103074 write-q 0 write (10635,43.2) defrag-q 0 defrag-read (1,0.0) defrag-write (0,0.0)
Sep 16 2026 03:24:39 GMT: INFO (info): (ticker.c:169) NODE-ID bb9f1b2523a0d00 CLUSTER-SIZE 1 CLUSTER-NAME ycsb-default-20260916
Sep 16 2026 03:24:39 GMT: INFO (info): (ticker.c:241)    cluster-clock: skew-ms 0
Sep 16 2026 03:24:39 GMT: INFO (info): (ticker.c:265)    system: total-cpu-pct 1567 user-cpu-pct 399 kernel-cpu-pct 1168 free-mem-kbytes 122158624 free-mem-pct 92 thp-mem-kbytes 7143424 host-free-mem-kbytes 122158624 host-free-mem-pct 92
Sep 16 2026 03:24:39 GMT: INFO (info): (ticker.c:287)    process: cpu-pct 1428 threads (9,61,113,113) heap-kbytes (6768947,6790956,6999552) heap-efficiency-pct 99.7
Sep 16 2026 03:24:39 GMT: INFO (info): (ticker.c:297)    in-progress: info-q 0 rw-hash 3 proxy-hash 0 tree-gc-q 0 long-queries 0
Sep 16 2026 03:24:39 GMT: INFO (info): (ticker.c:340)    fds: proto (512,6183,5671) heartbeat (0,0,0) fabric (0,0,0) admin (0,0,0)
Sep 16 2026 03:24:39 GMT: INFO (info): (ticker.c:352)    heartbeat-received: self 0 foreign 0
Sep 16 2026 03:24:39 GMT: INFO (info): (ticker.c:378)    fabric-bytes-per-second: bulk (0,0) ctrl (0,0) meta (0,0) rw (0,0)
Sep 16 2026 03:24:39 GMT: INFO (info): (ticker.c:426) {ycsb} objects: all 100000000 master 100000000 prole 0 non-replica 0
Sep 16 2026 03:24:39 GMT: INFO (info): (ticker.c:481) {ycsb} migrations: complete
Sep 16 2026 03:24:39 GMT: INFO (info): (ticker.c:506) {ycsb} index-usage: used-bytes 6400000000
Sep 16 2026 03:24:39 GMT: INFO (info): (ticker.c:559) {ycsb} data-usage: used-bytes 145600000000 avail-pct 78 cache-read-pct 0.19
Sep 16 2026 03:24:39 GMT: INFO (info): (ticker.c:618) {ycsb} client: tsvc (0,0) proxy (0,0,0) read (226999744,0,0,0,0) write (61303418,0,0,0) delete (0,0,0,0,0) udf (0,0,0,0) lang (0,0,0,0)
Sep 16 2026 03:24:39 GMT: INFO (info): (hist.c:319) histogram dump: {ycsb}-read (226999745 total) msec
Sep 16 2026 03:24:39 GMT: INFO (info): (hist.c:330)  (00: 0226811626) (01: 0000186821) (02: 0000000752) (03: 0000000259)
Sep 16 2026 03:24:39 GMT: INFO (info): (hist.c:339)  (04: 0000000020) (05: 0000000095) (06: 0000000172)
Sep 16 2026 03:24:39 GMT: INFO (info): (hist.c:319) histogram dump: {ycsb}-write (61303443 total) msec
Sep 16 2026 03:24:39 GMT: INFO (info): (hist.c:330)  (00: 0061283997) (01: 0000019331) (02: 0000000107) (03: 0000000007)
Sep 16 2026 03:24:39 GMT: INFO (info): (hist.c:339)  (05: 0000000001)
Sep 16 2026 03:24:39 GMT: INFO (deprecation): (thr_info.c:888) (repeated:2560) 'services' info command is deprecated - use 'peers-clear-std' instead
Sep 16 2026 03:24:49 GMT: INFO (info): (ticker.c:169) NODE-ID bb9f1b2523a0d00 CLUSTER-SIZE 1 CLUSTER-NAME ycsb-default-20260916
Sep 16 2026 03:24:49 GMT: INFO (info): (ticker.c:241)    cluster-clock: skew-ms 0
Sep 16 2026 03:24:49 GMT: INFO (info): (ticker.c:265)    system: total-cpu-pct 1565 user-cpu-pct 401 kernel-cpu-pct 1164 free-mem-kbytes 122162852 free-mem-pct 92 thp-mem-kbytes 7139328 host-free-mem-kbytes 122162852 host-free-mem-pct 92
Sep 16 2026 03:24:49 GMT: INFO (info): (ticker.c:287)    process: cpu-pct 1426 threads (9,61,113,113) heap-kbytes (6768933,6790956,6999552) heap-efficiency-pct 99.7
Sep 16 2026 03:24:49 GMT: INFO (info): (ticker.c:297)    in-progress: info-q 0 rw-hash 4 proxy-hash 0 tree-gc-q 0 long-queries 0
Sep 16 2026 03:24:49 GMT: INFO (info): (ticker.c:340)    fds: proto (512,6183,5671) heartbeat (0,0,0) fabric (0,0,0) admin (0,0,0)
Sep 16 2026 03:24:49 GMT: INFO (info): (ticker.c:352)    heartbeat-received: self 0 foreign 0
Sep 16 2026 03:24:49 GMT: INFO (info): (ticker.c:378)    fabric-bytes-per-second: bulk (0,0) ctrl (0,0) meta (0,0) rw (0,0)
Sep 16 2026 03:24:49 GMT: INFO (info): (ticker.c:426) {ycsb} objects: all 100000000 master 100000000 prole 0 non-replica 0
Sep 16 2026 03:24:49 GMT: INFO (info): (ticker.c:481) {ycsb} migrations: complete
Sep 16 2026 03:24:49 GMT: INFO (info): (ticker.c:506) {ycsb} index-usage: used-bytes 6400000000
Sep 16 2026 03:24:49 GMT: INFO (info): (ticker.c:559) {ycsb} data-usage: used-bytes 145600001456 avail-pct 78 cache-read-pct 0.18
Sep 16 2026 03:24:49 GMT: INFO (info): (ticker.c:618) {ycsb} client: tsvc (0,0) proxy (0,0,0) read (229486036,0,0,0,0) write (63791058,0,0,0) delete (0,0,0,0,0) udf (0,0,0,0) lang (0,0,0,0)
Sep 16 2026 03:24:49 GMT: INFO (info): (hist.c:319) histogram dump: {ycsb}-read (229486039 total) msec
Sep 16 2026 03:24:49 GMT: INFO (info): (hist.c:330)  (00: 0229295217) (01: 0000189516) (02: 0000000760) (03: 0000000259)
Sep 16 2026 03:24:49 GMT: INFO (info): (hist.c:339)  (04: 0000000020) (05: 0000000095) (06: 0000000172)
Sep 16 2026 03:24:49 GMT: INFO (info): (hist.c:319) histogram dump: {ycsb}-write (63791065 total) msec
Sep 16 2026 03:24:49 GMT: INFO (info): (hist.c:330)  (00: 0063770805) (01: 0000020142) (02: 0000000110) (03: 0000000007)
Sep 16 2026 03:24:49 GMT: INFO (info): (hist.c:339)  (05: 0000000001)
Sep 16 2026 03:24:49 GMT: INFO (deprecation): (thr_info.c:888) (repeated:2556) 'services' info command is deprecated - use 'peers-clear-std' instead
Sep 16 2026 03:24:58 GMT: INFO (drv_ssd): (drv_ssd.c:2133) {ycsb} /dev/md127p3: used-bytes 145600000000 free-wblocks 102275 write-q 0 write (11559,46.2) defrag-q 55 defrag-read (184,9.1) defrag-write (63,3.2)
Sep 16 2026 03:24:59 GMT: INFO (info): (ticker.c:169) NODE-ID bb9f1b2523a0d00 CLUSTER-SIZE 1 CLUSTER-NAME ycsb-default-20260916
Sep 16 2026 03:24:59 GMT: INFO (info): (ticker.c:241)    cluster-clock: skew-ms 0
Sep 16 2026 03:24:59 GMT: INFO (info): (ticker.c:265)    system: total-cpu-pct 1568 user-cpu-pct 415 kernel-cpu-pct 1153 free-mem-kbytes 122150044 free-mem-pct 92 thp-mem-kbytes 7153664 host-free-mem-kbytes 122150044 host-free-mem-pct 92
Sep 16 2026 03:24:59 GMT: INFO (info): (ticker.c:287)    process: cpu-pct 1433 threads (9,61,113,113) heap-kbytes (6777126,6799148,7007744) heap-efficiency-pct 99.7
Sep 16 2026 03:24:59 GMT: INFO (info): (ticker.c:297)    in-progress: info-q 0 rw-hash 7 proxy-hash 0 tree-gc-q 0 long-queries 0
Sep 16 2026 03:24:59 GMT: INFO (info): (ticker.c:340)    fds: proto (512,6183,5671) heartbeat (0,0,0) fabric (0,0,0) admin (0,0,0)
Sep 16 2026 03:24:59 GMT: INFO (info): (ticker.c:352)    heartbeat-received: self 0 foreign 0
Sep 16 2026 03:24:59 GMT: INFO (info): (ticker.c:378)    fabric-bytes-per-second: bulk (0,0) ctrl (0,0) meta (0,0) rw (0,0)
Sep 16 2026 03:24:59 GMT: INFO (info): (ticker.c:426) {ycsb} objects: all 100000000 master 100000000 prole 0 non-replica 0
Sep 16 2026 03:24:59 GMT: INFO (info): (ticker.c:481) {ycsb} migrations: complete
Sep 16 2026 03:24:59 GMT: INFO (info): (ticker.c:506) {ycsb} index-usage: used-bytes 6400000000
Sep 16 2026 03:24:59 GMT: INFO (info): (ticker.c:559) {ycsb} data-usage: used-bytes 145600000000 avail-pct 78 cache-read-pct 0.19
Sep 16 2026 03:24:59 GMT: INFO (info): (ticker.c:618) {ycsb} client: tsvc (0,0) proxy (0,0,0) read (231955385,0,0,0,0) write (66260979,0,0,0) delete (0,0,0,0,0) udf (0,0,0,0) lang (0,0,0,0)
Sep 16 2026 03:24:59 GMT: INFO (info): (hist.c:319) histogram dump: {ycsb}-read (231955387 total) msec
Sep 16 2026 03:24:59 GMT: INFO (info): (hist.c:330)  (00: 0231760107) (01: 0000193674) (02: 0000001058) (03: 0000000261)
Sep 16 2026 03:24:59 GMT: INFO (info): (hist.c:339)  (04: 0000000020) (05: 0000000095) (06: 0000000172)
Sep 16 2026 03:24:59 GMT: INFO (info): (hist.c:319) histogram dump: {ycsb}-write (66260984 total) msec
Sep 16 2026 03:24:59 GMT: INFO (info): (hist.c:330)  (00: 0066239359) (01: 0000021417) (02: 0000000198) (03: 0000000008)
Sep 16 2026 03:24:59 GMT: INFO (info): (hist.c:339)  (05: 0000000001) (06: 0000000001)
Sep 16 2026 03:24:59 GMT: INFO (deprecation): (thr_info.c:888) (repeated:2560) 'services' info command is deprecated - use 'peers-clear-std' instead
Sep 16 2026 03:25:09 GMT: INFO (info): (ticker.c:169) NODE-ID bb9f1b2523a0d00 CLUSTER-SIZE 1 CLUSTER-NAME ycsb-default-20260916
Sep 16 2026 03:25:09 GMT: INFO (info): (ticker.c:241)    cluster-clock: skew-ms 0
Sep 16 2026 03:25:09 GMT: INFO (info): (ticker.c:265)    system: total-cpu-pct 1568 user-cpu-pct 438 kernel-cpu-pct 1130 free-mem-kbytes 122149452 free-mem-pct 92 thp-mem-kbytes 7155712 host-free-mem-kbytes 122149452 host-free-mem-pct 92
Sep 16 2026 03:25:09 GMT: INFO (info): (ticker.c:287)    process: cpu-pct 1430 threads (9,61,113,113) heap-kbytes (6777179,6799196,7007744) heap-efficiency-pct 99.7
Sep 16 2026 03:25:09 GMT: INFO (info): (ticker.c:297)    in-progress: info-q 0 rw-hash 3 proxy-hash 0 tree-gc-q 0 long-queries 0
Sep 16 2026 03:25:09 GMT: INFO (info): (ticker.c:340)    fds: proto (512,6183,5671) heartbeat (0,0,0) fabric (0,0,0) admin (0,0,0)
Sep 16 2026 03:25:09 GMT: INFO (info): (ticker.c:352)    heartbeat-received: self 0 foreign 0
Sep 16 2026 03:25:09 GMT: INFO (info): (ticker.c:378)    fabric-bytes-per-second: bulk (0,0) ctrl (0,0) meta (0,0) rw (0,0)
Sep 16 2026 03:25:09 GMT: INFO (info): (ticker.c:426) {ycsb} objects: all 100000000 master 100000000 prole 0 non-replica 0
Sep 16 2026 03:25:09 GMT: INFO (info): (ticker.c:481) {ycsb} migrations: complete
Sep 16 2026 03:25:09 GMT: INFO (info): (ticker.c:506) {ycsb} index-usage: used-bytes 6400000000
Sep 16 2026 03:25:09 GMT: INFO (info): (ticker.c:559) {ycsb} data-usage: used-bytes 145600000000 avail-pct 77 cache-read-pct 0.19
Sep 16 2026 03:25:09 GMT: INFO (info): (ticker.c:618) {ycsb} client: tsvc (0,0) proxy (0,0,0) read (234366875,0,0,0,0) write (68670993,0,0,0) delete (0,0,0,0,0) udf (0,0,0,0) lang (0,0,0,0)
Sep 16 2026 03:25:09 GMT: INFO (info): (hist.c:319) histogram dump: {ycsb}-read (234366881 total) msec
Sep 16 2026 03:25:09 GMT: INFO (info): (hist.c:330)  (00: 0234162520) (01: 0000201811) (02: 0000001993) (03: 0000000270)
Sep 16 2026 03:25:09 GMT: INFO (info): (hist.c:339)  (04: 0000000020) (05: 0000000095) (06: 0000000172)
Sep 16 2026 03:25:09 GMT: INFO (info): (hist.c:319) histogram dump: {ycsb}-write (68670999 total) msec
Sep 16 2026 03:25:09 GMT: INFO (info): (hist.c:330)  (00: 0068646565) (01: 0000023962) (02: 0000000455) (03: 0000000015)
Sep 16 2026 03:25:09 GMT: INFO (info): (hist.c:339)  (05: 0000000001) (06: 0000000001)
Sep 16 2026 03:25:09 GMT: INFO (deprecation): (thr_info.c:888) (repeated:2560) 'services' info command is deprecated - use 'peers-clear-std' instead
Sep 16 2026 03:25:18 GMT: INFO (drv_ssd): (drv_ssd.c:2133) {ycsb} /dev/md127p3: used-bytes 145600000000 free-wblocks 101816 write-q 0 write (12758,60.0) defrag-q 15037 defrag-read (15906,786.1) defrag-write (427,18.2)
Sep 16 2026 03:25:19 GMT: INFO (info): (ticker.c:169) NODE-ID bb9f1b2523a0d00 CLUSTER-SIZE 1 CLUSTER-NAME ycsb-default-20260916
Sep 16 2026 03:25:19 GMT: INFO (info): (ticker.c:241)    cluster-clock: skew-ms 0
Sep 16 2026 03:25:19 GMT: INFO (info): (ticker.c:265)    system: total-cpu-pct 1565 user-cpu-pct 437 kernel-cpu-pct 1128 free-mem-kbytes 122142312 free-mem-pct 92 thp-mem-kbytes 7155712 host-free-mem-kbytes 122142312 host-free-mem-pct 92
Sep 16 2026 03:25:19 GMT: INFO (info): (ticker.c:287)    process: cpu-pct 1421 threads (9,61,113,113) heap-kbytes (6777184,6799184,7007744) heap-efficiency-pct 99.7
Sep 16 2026 03:25:19 GMT: INFO (info): (ticker.c:297)    in-progress: info-q 0 rw-hash 12 proxy-hash 0 tree-gc-q 0 long-queries 0
Sep 16 2026 03:25:19 GMT: INFO (info): (ticker.c:340)    fds: proto (512,6183,5671) heartbeat (0,0,0) fabric (0,0,0) admin (0,0,0)
Sep 16 2026 03:25:19 GMT: INFO (info): (ticker.c:352)    heartbeat-received: self 0 foreign 0
Sep 16 2026 03:25:19 GMT: INFO (info): (ticker.c:378)    fabric-bytes-per-second: bulk (0,0) ctrl (0,0) meta (0,0) rw (0,0)
Sep 16 2026 03:25:19 GMT: INFO (info): (ticker.c:426) {ycsb} objects: all 100000000 master 100000000 prole 0 non-replica 0
Sep 16 2026 03:25:19 GMT: INFO (info): (ticker.c:481) {ycsb} migrations: complete
Sep 16 2026 03:25:19 GMT: INFO (info): (ticker.c:506) {ycsb} index-usage: used-bytes 6400000000
Sep 16 2026 03:25:19 GMT: INFO (info): (ticker.c:559) {ycsb} data-usage: used-bytes 145600000000 avail-pct 77 cache-read-pct 0.19
Sep 16 2026 03:25:19 GMT: INFO (info): (ticker.c:618) {ycsb} client: tsvc (0,0) proxy (0,0,0) read (236769696,0,0,0,0) write (71071203,0,0,0) delete (0,0,0,0,0) udf (0,0,0,0) lang (0,0,0,0)
Sep 16 2026 03:25:19 GMT: INFO (info): (hist.c:319) histogram dump: {ycsb}-read (236769698 total) msec
Sep 16 2026 03:25:19 GMT: INFO (info): (hist.c:330)  (00: 0236556023) (01: 0000209990) (02: 0000003121) (03: 0000000277)
Sep 16 2026 03:25:19 GMT: INFO (info): (hist.c:339)  (04: 0000000020) (05: 0000000095) (06: 0000000172)
Sep 16 2026 03:25:19 GMT: INFO (info): (hist.c:319) histogram dump: {ycsb}-write (71071217 total) msec
Sep 16 2026 03:25:19 GMT: INFO (info): (hist.c:330)  (00: 0071044010) (01: 0000026438) (02: 0000000749) (03: 0000000018)
Sep 16 2026 03:25:19 GMT: INFO (info): (hist.c:339)  (05: 0000000001) (06: 0000000001)
Sep 16 2026 03:25:19 GMT: INFO (deprecation): (thr_info.c:888) (repeated:2558) 'services' info command is deprecated - use 'peers-clear-std' instead
Sep 16 2026 03:25:29 GMT: INFO (info): (ticker.c:169) NODE-ID bb9f1b2523a0d00 CLUSTER-SIZE 1 CLUSTER-NAME ycsb-default-20260916
Sep 16 2026 03:25:29 GMT: INFO (info): (ticker.c:241)    cluster-clock: skew-ms 0
Sep 16 2026 03:25:29 GMT: INFO (info): (ticker.c:265)    system: total-cpu-pct 1567 user-cpu-pct 440 kernel-cpu-pct 1127 free-mem-kbytes 122143664 free-mem-pct 92 thp-mem-kbytes 7155712 host-free-mem-kbytes 122143664 host-free-mem-pct 92
Sep 16 2026 03:25:29 GMT: INFO (info): (ticker.c:287)    process: cpu-pct 1421 threads (9,61,113,113) heap-kbytes (6777259,6799228,7007744) heap-efficiency-pct 99.7
Sep 16 2026 03:25:29 GMT: INFO (info): (ticker.c:297)    in-progress: info-q 0 rw-hash 5 proxy-hash 0 tree-gc-q 0 long-queries 0
Sep 16 2026 03:25:29 GMT: INFO (info): (ticker.c:340)    fds: proto (512,6183,5671) heartbeat (0,0,0) fabric (0,0,0) admin (0,0,0)
Sep 16 2026 03:25:29 GMT: INFO (info): (ticker.c:352)    heartbeat-received: self 0 foreign 0
Sep 16 2026 03:25:29 GMT: INFO (info): (ticker.c:378)    fabric-bytes-per-second: bulk (0,0) ctrl (0,0) meta (0,0) rw (0,0)
Sep 16 2026 03:25:29 GMT: INFO (info): (ticker.c:426) {ycsb} objects: all 100000000 master 100000000 prole 0 non-replica 0
Sep 16 2026 03:25:29 GMT: INFO (info): (ticker.c:481) {ycsb} migrations: complete
Sep 16 2026 03:25:29 GMT: INFO (info): (ticker.c:506) {ycsb} index-usage: used-bytes 6400000000
Sep 16 2026 03:25:29 GMT: INFO (info): (ticker.c:559) {ycsb} data-usage: used-bytes 145600000000 avail-pct 77 cache-read-pct 0.19
Sep 16 2026 03:25:29 GMT: INFO (info): (ticker.c:618) {ycsb} client: tsvc (0,0) proxy (0,0,0) read (239168850,0,0,0,0) write (73470371,0,0,0) delete (0,0,0,0,0) udf (0,0,0,0) lang (0,0,0,0)
Sep 16 2026 03:25:29 GMT: INFO (info): (hist.c:319) histogram dump: {ycsb}-read (239168850 total) msec
Sep 16 2026 03:25:29 GMT: INFO (info): (hist.c:330)  (00: 0238945479) (01: 0000218489) (02: 0000004308) (03: 0000000287)
Sep 16 2026 03:25:29 GMT: INFO (info): (hist.c:339)  (04: 0000000020) (05: 0000000095) (06: 0000000172)
Sep 16 2026 03:25:29 GMT: INFO (info): (hist.c:319) histogram dump: {ycsb}-write (73470377 total) msec
Sep 16 2026 03:25:29 GMT: INFO (info): (hist.c:330)  (00: 0073440127) (01: 0000029131) (02: 0000001096) (03: 0000000021)
Sep 16 2026 03:25:29 GMT: INFO (info): (hist.c:339)  (05: 0000000001) (06: 0000000001)
Sep 16 2026 03:25:29 GMT: INFO (deprecation): (thr_info.c:888) (repeated:2558) 'services' info command is deprecated - use 'peers-clear-std' instead
Sep 16 2026 03:25:38 GMT: INFO (drv_ssd): (drv_ssd.c:2133) {ycsb} /dev/md127p3: used-bytes 145600000000 free-wblocks 101378 write-q 0 write (13942,59.2) defrag-q 16878 defrag-read (18491,129.2) defrag-write (777,17.5)
Sep 16 2026 03:25:39 GMT: INFO (info): (ticker.c:169) NODE-ID bb9f1b2523a0d00 CLUSTER-SIZE 1 CLUSTER-NAME ycsb-default-20260916
Sep 16 2026 03:25:39 GMT: INFO (info): (ticker.c:241)    cluster-clock: skew-ms 0
Sep 16 2026 03:25:39 GMT: INFO (info): (ticker.c:265)    system: total-cpu-pct 1568 user-cpu-pct 437 kernel-cpu-pct 1131 free-mem-kbytes 122147536 free-mem-pct 92 thp-mem-kbytes 7153664 host-free-mem-kbytes 122147536 host-free-mem-pct 92
Sep 16 2026 03:25:39 GMT: INFO (info): (ticker.c:287)    process: cpu-pct 1425 threads (9,61,113,113) heap-kbytes (6777259,6799216,7007744) heap-efficiency-pct 99.7
Sep 16 2026 03:25:39 GMT: INFO (info): (ticker.c:297)    in-progress: info-q 0 rw-hash 15 proxy-hash 0 tree-gc-q 0 long-queries 0
Sep 16 2026 03:25:39 GMT: INFO (info): (ticker.c:340)    fds: proto (512,6183,5671) heartbeat (0,0,0) fabric (0,0,0) admin (0,0,0)
Sep 16 2026 03:25:39 GMT: INFO (info): (ticker.c:352)    heartbeat-received: self 0 foreign 0
Sep 16 2026 03:25:39 GMT: INFO (info): (ticker.c:378)    fabric-bytes-per-second: bulk (0,0) ctrl (0,0) meta (0,0) rw (0,0)
Sep 16 2026 03:25:39 GMT: INFO (info): (ticker.c:426) {ycsb} objects: all 100000000 master 100000000 prole 0 non-replica 0
Sep 16 2026 03:25:39 GMT: INFO (info): (ticker.c:481) {ycsb} migrations: complete
Sep 16 2026 03:25:39 GMT: INFO (info): (ticker.c:506) {ycsb} index-usage: used-bytes 6400000000
Sep 16 2026 03:25:39 GMT: INFO (info): (ticker.c:559) {ycsb} data-usage: used-bytes 145600000000 avail-pct 77 cache-read-pct 0.19
Sep 16 2026 03:25:39 GMT: INFO (info): (ticker.c:618) {ycsb} client: tsvc (0,0) proxy (0,0,0) read (241583320,0,0,0,0) write (75879594,0,0,0) delete (0,0,0,0,0) udf (0,0,0,0) lang (0,0,0,0)
Sep 16 2026 03:25:39 GMT: INFO (info): (hist.c:319) histogram dump: {ycsb}-read (241583323 total) msec
Sep 16 2026 03:25:39 GMT: INFO (info): (hist.c:330)  (00: 0241351318) (01: 0000226185) (02: 0000005235) (03: 0000000298)
Sep 16 2026 03:25:39 GMT: INFO (info): (hist.c:339)  (04: 0000000020) (05: 0000000095) (06: 0000000172)
Sep 16 2026 03:25:39 GMT: INFO (info): (hist.c:319) histogram dump: {ycsb}-write (75879602 total) msec
Sep 16 2026 03:25:39 GMT: INFO (info): (hist.c:330)  (00: 0075846761) (01: 0000031429) (02: 0000001387) (03: 0000000023)
Sep 16 2026 03:25:39 GMT: INFO (info): (hist.c:339)  (05: 0000000001) (06: 0000000001)
Sep 16 2026 03:25:39 GMT: INFO (deprecation): (thr_info.c:888) (repeated:2557) 'services' info command is deprecated - use 'peers-clear-std' instead
Sep 16 2026 03:25:49 GMT: INFO (info): (ticker.c:169) NODE-ID bb9f1b2523a0d00 CLUSTER-SIZE 1 CLUSTER-NAME ycsb-default-20260916
Sep 16 2026 03:25:49 GMT: INFO (info): (ticker.c:241)    cluster-clock: skew-ms 0
Sep 16 2026 03:25:49 GMT: INFO (info): (ticker.c:265)    system: total-cpu-pct 1568 user-cpu-pct 438 kernel-cpu-pct 1130 free-mem-kbytes 122148860 free-mem-pct 92 thp-mem-kbytes 7153664 host-free-mem-kbytes 122148860 host-free-mem-pct 92
Sep 16 2026 03:25:49 GMT: INFO (info): (ticker.c:287)    process: cpu-pct 1426 threads (9,61,113,113) heap-kbytes (6777257,6799216,7007744) heap-efficiency-pct 99.7
Sep 16 2026 03:25:49 GMT: INFO (info): (ticker.c:297)    in-progress: info-q 0 rw-hash 6 proxy-hash 0 tree-gc-q 0 long-queries 0
Sep 16 2026 03:25:49 GMT: INFO (info): (ticker.c:340)    fds: proto (512,6183,5671) heartbeat (0,0,0) fabric (0,0,0) admin (0,0,0)
Sep 16 2026 03:25:49 GMT: INFO (info): (ticker.c:352)    heartbeat-received: self 0 foreign 0
Sep 16 2026 03:25:49 GMT: INFO (info): (ticker.c:378)    fabric-bytes-per-second: bulk (0,0) ctrl (0,0) meta (0,0) rw (0,0)
Sep 16 2026 03:25:49 GMT: INFO (info): (ticker.c:426) {ycsb} objects: all 100000000 master 100000000 prole 0 non-replica 0
Sep 16 2026 03:25:49 GMT: INFO (info): (ticker.c:481) {ycsb} migrations: complete
Sep 16 2026 03:25:49 GMT: INFO (info): (ticker.c:506) {ycsb} index-usage: used-bytes 6400000000
Sep 16 2026 03:25:49 GMT: INFO (info): (ticker.c:559) {ycsb} data-usage: used-bytes 145600000000 avail-pct 77 cache-read-pct 0.19
Sep 16 2026 03:25:49 GMT: INFO (info): (ticker.c:618) {ycsb} client: tsvc (0,0) proxy (0,0,0) read (243998408,0,0,0,0) write (78290480,0,0,0) delete (0,0,0,0,0) udf (0,0,0,0) lang (0,0,0,0)
Sep 16 2026 03:25:49 GMT: INFO (info): (hist.c:319) histogram dump: {ycsb}-read (243998410 total) msec
Sep 16 2026 03:25:49 GMT: INFO (info): (hist.c:330)  (00: 0243757687) (01: 0000233917) (02: 0000006212) (03: 0000000307)
Sep 16 2026 03:25:49 GMT: INFO (info): (hist.c:339)  (04: 0000000020) (05: 0000000095) (06: 0000000172)
Sep 16 2026 03:25:49 GMT: INFO (info): (hist.c:319) histogram dump: {ycsb}-write (78290486 total) msec
Sep 16 2026 03:25:49 GMT: INFO (info): (hist.c:330)  (00: 0078254963) (01: 0000033840) (02: 0000001653) (03: 0000000028)
Sep 16 2026 03:25:49 GMT: INFO (info): (hist.c:339)  (05: 0000000001) (06: 0000000001)
Sep 16 2026 03:25:49 GMT: INFO (deprecation): (thr_info.c:888) (repeated:2558) 'services' info command is deprecated - use 'peers-clear-std' instead
Sep 16 2026 03:25:58 GMT: INFO (drv_ssd): (drv_ssd.c:2133) {ycsb} /dev/md127p3: used-bytes 145600000000 free-wblocks 100958 write-q 0 write (15120,58.9) defrag-q 16956 defrag-read (19328,41.8) defrag-write (1118,17.0)
Sep 16 2026 03:25:59 GMT: INFO (info): (ticker.c:169) NODE-ID bb9f1b2523a0d00 CLUSTER-SIZE 1 CLUSTER-NAME ycsb-default-20260916
Sep 16 2026 03:25:59 GMT: INFO (info): (ticker.c:241)    cluster-clock: skew-ms 0
Sep 16 2026 03:25:59 GMT: INFO (info): (ticker.c:265)    system: total-cpu-pct 1569 user-cpu-pct 438 kernel-cpu-pct 1131 free-mem-kbytes 122145736 free-mem-pct 92 thp-mem-kbytes 7153664 host-free-mem-kbytes 122145736 host-free-mem-pct 92
Sep 16 2026 03:25:59 GMT: INFO (info): (ticker.c:287)    process: cpu-pct 1430 threads (9,61,113,113) heap-kbytes (6777255,6799216,7007744) heap-efficiency-pct 99.7
Sep 16 2026 03:25:59 GMT: INFO (info): (ticker.c:297)    in-progress: info-q 0 rw-hash 3 proxy-hash 0 tree-gc-q 0 long-queries 0
Sep 16 2026 03:25:59 GMT: INFO (info): (ticker.c:340)    fds: proto (512,6183,5671) heartbeat (0,0,0) fabric (0,0,0) admin (0,0,0)
Sep 16 2026 03:25:59 GMT: INFO (info): (ticker.c:352)    heartbeat-received: self 0 foreign 0
Sep 16 2026 03:25:59 GMT: INFO (info): (ticker.c:378)    fabric-bytes-per-second: bulk (0,0) ctrl (0,0) meta (0,0) rw (0,0)
Sep 16 2026 03:25:59 GMT: INFO (info): (ticker.c:426) {ycsb} objects: all 100000000 master 100000000 prole 0 non-replica 0
Sep 16 2026 03:25:59 GMT: INFO (info): (ticker.c:481) {ycsb} migrations: complete
Sep 16 2026 03:25:59 GMT: INFO (info): (ticker.c:506) {ycsb} index-usage: used-bytes 6400000000
Sep 16 2026 03:25:59 GMT: INFO (info): (ticker.c:559) {ycsb} data-usage: used-bytes 145600001456 avail-pct 77 cache-read-pct 0.20
Sep 16 2026 03:25:59 GMT: INFO (info): (ticker.c:618) {ycsb} client: tsvc (0,0) proxy (0,0,0) read (246412101,0,0,0,0) write (80703572,0,0,0) delete (0,0,0,0,0) udf (0,0,0,0) lang (0,0,0,0)
Sep 16 2026 03:25:59 GMT: INFO (info): (hist.c:319) histogram dump: {ycsb}-read (246412104 total) msec
Sep 16 2026 03:25:59 GMT: INFO (info): (hist.c:330)  (00: 0246162374) (01: 0000241969) (02: 0000007161) (03: 0000000313)
Sep 16 2026 03:25:59 GMT: INFO (info): (hist.c:339)  (04: 0000000020) (05: 0000000095) (06: 0000000172)
Sep 16 2026 03:25:59 GMT: INFO (info): (hist.c:319) histogram dump: {ycsb}-write (80703578 total) msec
Sep 16 2026 03:25:59 GMT: INFO (info): (hist.c:330)  (00: 0080665386) (01: 0000036270) (02: 0000001891) (03: 0000000029)
Sep 16 2026 03:25:59 GMT: INFO (info): (hist.c:339)  (05: 0000000001) (06: 0000000001)
Sep 16 2026 03:25:59 GMT: INFO (deprecation): (thr_info.c:888) (repeated:2555) 'services' info command is deprecated - use 'peers-clear-std' instead
Sep 16 2026 03:26:09 GMT: INFO (info): (ticker.c:169) NODE-ID bb9f1b2523a0d00 CLUSTER-SIZE 1 CLUSTER-NAME ycsb-default-20260916
Sep 16 2026 03:26:09 GMT: INFO (info): (ticker.c:241)    cluster-clock: skew-ms 0
Sep 16 2026 03:26:09 GMT: INFO (info): (ticker.c:265)    system: total-cpu-pct 1566 user-cpu-pct 437 kernel-cpu-pct 1129 free-mem-kbytes 122141584 free-mem-pct 92 thp-mem-kbytes 7155712 host-free-mem-kbytes 122141584 host-free-mem-pct 92
Sep 16 2026 03:26:09 GMT: INFO (info): (ticker.c:287)    process: cpu-pct 1424 threads (9,61,113,113) heap-kbytes (6777254,6799240,7007744) heap-efficiency-pct 99.7
Sep 16 2026 03:26:09 GMT: INFO (info): (ticker.c:297)    in-progress: info-q 0 rw-hash 0 proxy-hash 0 tree-gc-q 0 long-queries 0
Sep 16 2026 03:26:09 GMT: INFO (info): (ticker.c:340)    fds: proto (512,6183,5671) heartbeat (0,0,0) fabric (0,0,0) admin (0,0,0)
Sep 16 2026 03:26:09 GMT: INFO (info): (ticker.c:352)    heartbeat-received: self 0 foreign 0
Sep 16 2026 03:26:09 GMT: INFO (info): (ticker.c:378)    fabric-bytes-per-second: bulk (0,0) ctrl (0,0) meta (0,0) rw (0,0)
Sep 16 2026 03:26:09 GMT: INFO (info): (ticker.c:426) {ycsb} objects: all 100000000 master 100000000 prole 0 non-replica 0
Sep 16 2026 03:26:09 GMT: INFO (info): (ticker.c:481) {ycsb} migrations: complete
Sep 16 2026 03:26:09 GMT: INFO (info): (ticker.c:506) {ycsb} index-usage: used-bytes 6400000000
Sep 16 2026 03:26:09 GMT: INFO (info): (ticker.c:559) {ycsb} data-usage: used-bytes 145600000000 avail-pct 76 cache-read-pct 0.19
Sep 16 2026 03:26:09 GMT: INFO (info): (ticker.c:618) {ycsb} client: tsvc (0,0) proxy (0,0,0) read (248817364,0,0,0,0) write (83105549,0,0,0) delete (0,0,0,0,0) udf (0,0,0,0) lang (0,0,0,0)
Sep 16 2026 03:26:09 GMT: INFO (info): (hist.c:319) histogram dump: {ycsb}-read (248817368 total) msec
Sep 16 2026 03:26:09 GMT: INFO (info): (hist.c:330)  (00: 0248558717) (01: 0000249959) (02: 0000008075) (03: 0000000330)
Sep 16 2026 03:26:09 GMT: INFO (info): (hist.c:339)  (04: 0000000020) (05: 0000000095) (06: 0000000172)
Sep 16 2026 03:26:09 GMT: INFO (info): (hist.c:319) histogram dump: {ycsb}-write (83105554 total) msec
Sep 16 2026 03:26:09 GMT: INFO (info): (hist.c:330)  (00: 0083064489) (01: 0000038855) (02: 0000002174) (03: 0000000034)
Sep 16 2026 03:26:09 GMT: INFO (info): (hist.c:339)  (05: 0000000001) (06: 0000000001)
Sep 16 2026 03:26:09 GMT: INFO (deprecation): (thr_info.c:888) (repeated:2557) 'services' info command is deprecated - use 'peers-clear-std' instead
Sep 16 2026 03:26:18 GMT: INFO (drv_ssd): (drv_ssd.c:2133) {ycsb} /dev/md127p3: used-bytes 145600000000 free-wblocks 100553 write-q 0 write (16283,58.2) defrag-q 17033 defrag-read (20163,41.8) defrag-write (1444,16.3)
Sep 16 2026 03:26:19 GMT: INFO (info): (ticker.c:169) NODE-ID bb9f1b2523a0d00 CLUSTER-SIZE 1 CLUSTER-NAME ycsb-default-20260916
Sep 16 2026 03:26:19 GMT: INFO (info): (ticker.c:241)    cluster-clock: skew-ms 0
Sep 16 2026 03:26:19 GMT: INFO (info): (ticker.c:265)    system: total-cpu-pct 1570 user-cpu-pct 438 kernel-cpu-pct 1132 free-mem-kbytes 122151120 free-mem-pct 92 thp-mem-kbytes 7153664 host-free-mem-kbytes 122151120 host-free-mem-pct 92
Sep 16 2026 03:26:19 GMT: INFO (info): (ticker.c:287)    process: cpu-pct 1431 threads (9,61,113,113) heap-kbytes (6777259,6799216,7007744) heap-efficiency-pct 99.7
Sep 16 2026 03:26:19 GMT: INFO (info): (ticker.c:297)    in-progress: info-q 0 rw-hash 1 proxy-hash 0 tree-gc-q 0 long-queries 0
Sep 16 2026 03:26:19 GMT: INFO (info): (ticker.c:340)    fds: proto (512,6183,5671) heartbeat (0,0,0) fabric (0,0,0) admin (0,0,0)
Sep 16 2026 03:26:19 GMT: INFO (info): (ticker.c:352)    heartbeat-received: self 0 foreign 0
Sep 16 2026 03:26:19 GMT: INFO (info): (ticker.c:378)    fabric-bytes-per-second: bulk (0,0) ctrl (0,0) meta (0,0) rw (0,0)
Sep 16 2026 03:26:19 GMT: INFO (info): (ticker.c:426) {ycsb} objects: all 100000000 master 100000000 prole 0 non-replica 0
Sep 16 2026 03:26:19 GMT: INFO (info): (ticker.c:481) {ycsb} migrations: complete
Sep 16 2026 03:26:19 GMT: INFO (info): (ticker.c:506) {ycsb} index-usage: used-bytes 6400000000
Sep 16 2026 03:26:19 GMT: INFO (info): (ticker.c:559) {ycsb} data-usage: used-bytes 145600000000 avail-pct 76 cache-read-pct 0.20
Sep 16 2026 03:26:19 GMT: INFO (info): (ticker.c:618) {ycsb} client: tsvc (0,0) proxy (0,0,0) read (251232968,0,0,0,0) write (85522373,0,0,0) delete (0,0,0,0,0) udf (0,0,0,0) lang (0,0,0,0)
Sep 16 2026 03:26:19 GMT: INFO (info): (hist.c:319) histogram dump: {ycsb}-read (251232969 total) msec
Sep 16 2026 03:26:19 GMT: INFO (info): (hist.c:330)  (00: 0250965242) (01: 0000258080) (02: 0000009025) (03: 0000000335)
Sep 16 2026 03:26:19 GMT: INFO (info): (hist.c:339)  (04: 0000000020) (05: 0000000095) (06: 0000000172)
Sep 16 2026 03:26:19 GMT: INFO (info): (hist.c:319) histogram dump: {ycsb}-write (85522381 total) msec
Sep 16 2026 03:26:19 GMT: INFO (info): (hist.c:330)  (00: 0085478514) (01: 0000041369) (02: 0000002462) (03: 0000000034)
Sep 16 2026 03:26:19 GMT: INFO (info): (hist.c:339)  (05: 0000000001) (06: 0000000001)
Sep 16 2026 03:26:19 GMT: INFO (deprecation): (thr_info.c:888) (repeated:2560) 'services' info command is deprecated - use 'peers-clear-std' instead
Sep 16 2026 03:26:29 GMT: INFO (info): (ticker.c:169) NODE-ID bb9f1b2523a0d00 CLUSTER-SIZE 1 CLUSTER-NAME ycsb-default-20260916
Sep 16 2026 03:26:29 GMT: INFO (info): (ticker.c:241)    cluster-clock: skew-ms 0
Sep 16 2026 03:26:29 GMT: INFO (info): (ticker.c:265)    system: total-cpu-pct 1568 user-cpu-pct 439 kernel-cpu-pct 1129 free-mem-kbytes 122153236 free-mem-pct 92 thp-mem-kbytes 7153664 host-free-mem-kbytes 122153236 host-free-mem-pct 92
Sep 16 2026 03:26:29 GMT: INFO (info): (ticker.c:287)    process: cpu-pct 1427 threads (9,61,113,113) heap-kbytes (6777252,6799228,7007744) heap-efficiency-pct 99.7
Sep 16 2026 03:26:29 GMT: INFO (info): (ticker.c:297)    in-progress: info-q 0 rw-hash 6 proxy-hash 0 tree-gc-q 0 long-queries 0
Sep 16 2026 03:26:29 GMT: INFO (info): (ticker.c:340)    fds: proto (512,6183,5671) heartbeat (0,0,0) fabric (0,0,0) admin (0,0,0)
Sep 16 2026 03:26:29 GMT: INFO (info): (ticker.c:352)    heartbeat-received: self 0 foreign 0
Sep 16 2026 03:26:29 GMT: INFO (info): (ticker.c:378)    fabric-bytes-per-second: bulk (0,0) ctrl (0,0) meta (0,0) rw (0,0)
Sep 16 2026 03:26:29 GMT: INFO (info): (ticker.c:426) {ycsb} objects: all 100000000 master 100000000 prole 0 non-replica 0
Sep 16 2026 03:26:29 GMT: INFO (info): (ticker.c:481) {ycsb} migrations: complete
Sep 16 2026 03:26:29 GMT: INFO (info): (ticker.c:506) {ycsb} index-usage: used-bytes 6400000000
Sep 16 2026 03:26:29 GMT: INFO (info): (ticker.c:559) {ycsb} data-usage: used-bytes 145600000000 avail-pct 76 cache-read-pct 0.19
Sep 16 2026 03:26:29 GMT: INFO (info): (ticker.c:618) {ycsb} client: tsvc (0,0) proxy (0,0,0) read (253642197,0,0,0,0) write (87932323,0,0,0) delete (0,0,0,0,0) udf (0,0,0,0) lang (0,0,0,0)
Sep 16 2026 03:26:29 GMT: INFO (info): (hist.c:319) histogram dump: {ycsb}-read (253642197 total) msec
Sep 16 2026 03:26:29 GMT: INFO (info): (hist.c:330)  (00: 0253365606) (01: 0000266058) (02: 0000009906) (03: 0000000340)
Sep 16 2026 03:26:29 GMT: INFO (info): (hist.c:339)  (04: 0000000020) (05: 0000000095) (06: 0000000172)
Sep 16 2026 03:26:29 GMT: INFO (info): (hist.c:319) histogram dump: {ycsb}-write (87932332 total) msec
Sep 16 2026 03:26:29 GMT: INFO (info): (hist.c:330)  (00: 0087885743) (01: 0000043848) (02: 0000002704) (03: 0000000035)
Sep 16 2026 03:26:29 GMT: INFO (info): (hist.c:339)  (05: 0000000001) (06: 0000000001)
Sep 16 2026 03:26:29 GMT: INFO (deprecation): (thr_info.c:888) (repeated:2556) 'services' info command is deprecated - use 'peers-clear-std' instead
Sep 16 2026 03:26:38 GMT: INFO (drv_ssd): (drv_ssd.c:2133) {ycsb} /dev/md127p3: used-bytes 145600000000 free-wblocks 100355 write-q 0 write (17317,51.7) defrag-q 16888 defrag-read (20856,34.7) defrag-write (1788,17.2)
Sep 16 2026 03:26:39 GMT: INFO (info): (ticker.c:169) NODE-ID bb9f1b2523a0d00 CLUSTER-SIZE 1 CLUSTER-NAME ycsb-default-20260916
Sep 16 2026 03:26:39 GMT: INFO (info): (ticker.c:241)    cluster-clock: skew-ms 0
Sep 16 2026 03:26:39 GMT: INFO (info): (ticker.c:265)    system: total-cpu-pct 907 user-cpu-pct 291 kernel-cpu-pct 616 free-mem-kbytes 122072632 free-mem-pct 92 thp-mem-kbytes 7157760 host-free-mem-kbytes 122072632 host-free-mem-pct 92
Sep 16 2026 03:26:39 GMT: INFO (info): (ticker.c:287)    process: cpu-pct 917 threads (9,61,113,113) heap-kbytes (6777166,6799144,7009792) heap-efficiency-pct 99.7
Sep 16 2026 03:26:39 GMT: INFO (info): (ticker.c:297)    in-progress: info-q 0 rw-hash 0 proxy-hash 0 tree-gc-q 0 long-queries 0
Sep 16 2026 03:26:39 GMT: INFO (info): (ticker.c:340)    fds: proto (0,6189,6189) heartbeat (0,0,0) fabric (0,0,0) admin (0,0,0)
Sep 16 2026 03:26:39 GMT: INFO (info): (ticker.c:352)    heartbeat-received: self 0 foreign 0
Sep 16 2026 03:26:39 GMT: INFO (info): (ticker.c:378)    fabric-bytes-per-second: bulk (0,0) ctrl (0,0) meta (0,0) rw (0,0)
Sep 16 2026 03:26:39 GMT: INFO (info): (ticker.c:426) {ycsb} objects: all 100000000 master 100000000 prole 0 non-replica 0
Sep 16 2026 03:26:39 GMT: INFO (info): (ticker.c:481) {ycsb} migrations: complete
Sep 16 2026 03:26:39 GMT: INFO (info): (ticker.c:506) {ycsb} index-usage: used-bytes 6400000000
Sep 16 2026 03:26:39 GMT: INFO (info): (ticker.c:559) {ycsb} data-usage: used-bytes 145600000000 avail-pct 76 cache-read-pct 0.19
Sep 16 2026 03:26:39 GMT: INFO (info): (ticker.c:618) {ycsb} client: tsvc (0,0) proxy (0,0,0) read (255174646,0,0,0,0) write (89466819,0,0,0) delete (0,0,0,0,0) udf (0,0,0,0) lang (0,0,0,0)
Sep 16 2026 03:26:39 GMT: INFO (info): (hist.c:319) histogram dump: {ycsb}-read (255174646 total) msec
Sep 16 2026 03:26:39 GMT: INFO (info): (hist.c:330)  (00: 0254892514) (01: 0000270832) (02: 0000010660) (03: 0000000353)
Sep 16 2026 03:26:39 GMT: INFO (info): (hist.c:339)  (04: 0000000020) (05: 0000000095) (06: 0000000172)
Sep 16 2026 03:26:39 GMT: INFO (info): (hist.c:319) histogram dump: {ycsb}-write (89466819 total) msec
Sep 16 2026 03:26:39 GMT: INFO (info): (hist.c:330)  (00: 0089418524) (01: 0000045355) (02: 0000002901) (03: 0000000037)
Sep 16 2026 03:26:39 GMT: INFO (info): (hist.c:339)  (05: 0000000001) (06: 0000000001)
Sep 16 2026 03:26:39 GMT: INFO (deprecation): (thr_info.c:888) (repeated:1577) 'services' info command is deprecated - use 'peers-clear-std' instead
Sep 16 2026 03:26:39 GMT: INFO (deprecation): (thr_info.c:888) 'features' info command is deprecated - see https://aerospike.com/docs/database/release/8-1/
Sep 16 2026 03:26:39 GMT: INFO (deprecation): (thr_info.c:888) 'replicas-master' info command is deprecated - use 'replicas' instead or upgrade your client
Sep 16 2026 03:26:49 GMT: INFO (info): (ticker.c:169) NODE-ID bb9f1b2523a0d00 CLUSTER-SIZE 1 CLUSTER-NAME ycsb-default-20260916
Sep 16 2026 03:26:49 GMT: INFO (info): (ticker.c:241)    cluster-clock: skew-ms 0
Sep 16 2026 03:26:49 GMT: INFO (info): (ticker.c:265)    system: total-cpu-pct 422 user-cpu-pct 156 kernel-cpu-pct 266 free-mem-kbytes 122151360 free-mem-pct 92 thp-mem-kbytes 7159808 host-free-mem-kbytes 122151360 host-free-mem-pct 92
Sep 16 2026 03:26:49 GMT: INFO (info): (ticker.c:287)    process: cpu-pct 354 threads (9,61,113,113) heap-kbytes (6777431,6799368,7013888) heap-efficiency-pct 99.7
Sep 16 2026 03:26:49 GMT: INFO (info): (ticker.c:297)    in-progress: info-q 0 rw-hash 0 proxy-hash 0 tree-gc-q 0 long-queries 0
Sep 16 2026 03:26:49 GMT: INFO (info): (ticker.c:340)    fds: proto (506,6951,6445) heartbeat (0,0,0) fabric (0,0,0) admin (0,0,0)
Sep 16 2026 03:26:49 GMT: INFO (info): (ticker.c:352)    heartbeat-received: self 0 foreign 0
Sep 16 2026 03:26:49 GMT: INFO (info): (ticker.c:378)    fabric-bytes-per-second: bulk (0,0) ctrl (0,0) meta (0,0) rw (0,0)
Sep 16 2026 03:26:49 GMT: INFO (info): (ticker.c:426) {ycsb} objects: all 100000000 master 100000000 prole 0 non-replica 0
Sep 16 2026 03:26:49 GMT: INFO (info): (ticker.c:481) {ycsb} migrations: complete
Sep 16 2026 03:26:49 GMT: INFO (info): (ticker.c:506) {ycsb} index-usage: used-bytes 6400000000
Sep 16 2026 03:26:49 GMT: INFO (info): (ticker.c:559) {ycsb} data-usage: used-bytes 145600000000 avail-pct 76 cache-read-pct 0.19
Sep 16 2026 03:26:49 GMT: INFO (info): (ticker.c:618) {ycsb} client: tsvc (0,0) proxy (0,0,0) read (256073180,0,0,0,0) write (89513964,0,0,0) delete (0,0,0,0,0) udf (0,0,0,0) lang (0,0,0,0)
Sep 16 2026 03:26:49 GMT: INFO (info): (hist.c:319) histogram dump: {ycsb}-read (256073181 total) msec
Sep 16 2026 03:26:49 GMT: INFO (info): (hist.c:330)  (00: 0255791049) (01: 0000270832) (02: 0000010660) (03: 0000000353)
Sep 16 2026 03:26:49 GMT: INFO (info): (hist.c:339)  (04: 0000000020) (05: 0000000095) (06: 0000000172)
Sep 16 2026 03:26:49 GMT: INFO (info): (hist.c:319) histogram dump: {ycsb}-write (89513964 total) msec
Sep 16 2026 03:26:49 GMT: INFO (info): (hist.c:330)  (00: 0089465669) (01: 0000045355) (02: 0000002901) (03: 0000000037)
Sep 16 2026 03:26:49 GMT: INFO (info): (hist.c:339)  (05: 0000000001) (06: 0000000001)
Sep 16 2026 03:26:49 GMT: INFO (deprecation): (thr_info.c:888) (repeated:3072) 'services' info command is deprecated - use 'peers-clear-std' instead
Sep 16 2026 03:26:49 GMT: INFO (deprecation): (thr_info.c:888) (repeated:256) 'replicas-master' info command is deprecated - use 'replicas' instead or upgrade your client
Sep 16 2026 03:26:49 GMT: INFO (deprecation): (thr_info.c:888) (repeated:256) 'features' info command is deprecated - see https://aerospike.com/docs/database/release/8-1/
Sep 16 2026 03:26:58 GMT: INFO (drv_ssd): (drv_ssd.c:2133) {ycsb} /dev/md127p3: used-bytes 145600000000 free-wblocks 101021 write-q 0 write (17791,23.7) defrag-q 15762 defrag-read (20868,0.6) defrag-write (2249,23.0)
Sep 16 2026 03:26:59 GMT: INFO (info): (ticker.c:169) NODE-ID bb9f1b2523a0d00 CLUSTER-SIZE 1 CLUSTER-NAME ycsb-default-20260916
Sep 16 2026 03:26:59 GMT: INFO (info): (ticker.c:241)    cluster-clock: skew-ms 0
Sep 16 2026 03:26:59 GMT: INFO (info): (ticker.c:265)    system: total-cpu-pct 279 user-cpu-pct 135 kernel-cpu-pct 144 free-mem-kbytes 122156284 free-mem-pct 92 thp-mem-kbytes 7159808 host-free-mem-kbytes 122156284 host-free-mem-pct 92
Sep 16 2026 03:26:59 GMT: INFO (info): (ticker.c:287)    process: cpu-pct 235 threads (9,61,113,113) heap-kbytes (6777492,6799408,7013888) heap-efficiency-pct 99.7
Sep 16 2026 03:26:59 GMT: INFO (info): (ticker.c:297)    in-progress: info-q 0 rw-hash 0 proxy-hash 0 tree-gc-q 0 long-queries 0
Sep 16 2026 03:26:59 GMT: INFO (info): (ticker.c:340)    fds: proto (486,7699,7213) heartbeat (0,0,0) fabric (0,0,0) admin (0,0,0)
Sep 16 2026 03:26:59 GMT: INFO (info): (ticker.c:352)    heartbeat-received: self 0 foreign 0
Sep 16 2026 03:26:59 GMT: INFO (info): (ticker.c:378)    fabric-bytes-per-second: bulk (0,0) ctrl (0,0) meta (0,0) rw (0,0)
Sep 16 2026 03:26:59 GMT: INFO (info): (ticker.c:426) {ycsb} objects: all 100000000 master 100000000 prole 0 non-replica 0
Sep 16 2026 03:26:59 GMT: INFO (info): (ticker.c:481) {ycsb} migrations: complete
Sep 16 2026 03:26:59 GMT: INFO (info): (ticker.c:506) {ycsb} index-usage: used-bytes 6400000000
Sep 16 2026 03:26:59 GMT: INFO (info): (ticker.c:559) {ycsb} data-usage: used-bytes 145600000000 avail-pct 77 cache-read-pct 0.19
Sep 16 2026 03:26:59 GMT: INFO (info): (ticker.c:618) {ycsb} client: tsvc (0,0) proxy (0,0,0) read (256632607,0,0,0,0) write (89543434,0,0,0) delete (0,0,0,0,0) udf (0,0,0,0) lang (0,0,0,0)
Sep 16 2026 03:26:59 GMT: INFO (info): (hist.c:319) histogram dump: {ycsb}-read (256632609 total) msec
Sep 16 2026 03:26:59 GMT: INFO (info): (hist.c:330)  (00: 0256350476) (01: 0000270833) (02: 0000010660) (03: 0000000353)
Sep 16 2026 03:26:59 GMT: INFO (info): (hist.c:339)  (04: 0000000020) (05: 0000000095) (06: 0000000172)
Sep 16 2026 03:26:59 GMT: INFO (info): (hist.c:319) histogram dump: {ycsb}-write (89543434 total) msec
Sep 16 2026 03:26:59 GMT: INFO (info): (hist.c:330)  (00: 0089495139) (01: 0000045355) (02: 0000002901) (03: 0000000037)
Sep 16 2026 03:26:59 GMT: INFO (info): (hist.c:339)  (05: 0000000001) (06: 0000000001)
Sep 16 2026 03:26:59 GMT: INFO (deprecation): (thr_info.c:888) (repeated:2059) 'services' info command is deprecated - use 'peers-clear-std' instead
Sep 16 2026 03:26:59 GMT: INFO (deprecation): (thr_info.c:888) (repeated:256) 'replicas-master' info command is deprecated - use 'replicas' instead or upgrade your client
Sep 16 2026 03:26:59 GMT: INFO (deprecation): (thr_info.c:888) (repeated:256) 'features' info command is deprecated - see https://aerospike.com/docs/database/release/8-1/
Sep 16 2026 03:27:09 GMT: INFO (info): (ticker.c:169) NODE-ID bb9f1b2523a0d00 CLUSTER-SIZE 1 CLUSTER-NAME ycsb-default-20260916
Sep 16 2026 03:27:09 GMT: INFO (info): (ticker.c:241)    cluster-clock: skew-ms 0
Sep 16 2026 03:27:09 GMT: INFO (info): (ticker.c:265)    system: total-cpu-pct 456 user-cpu-pct 169 kernel-cpu-pct 287 free-mem-kbytes 122156156 free-mem-pct 92 thp-mem-kbytes 7159808 host-free-mem-kbytes 122156156 host-free-mem-pct 92
Sep 16 2026 03:27:09 GMT: INFO (info): (ticker.c:287)    process: cpu-pct 367 threads (9,61,113,113) heap-kbytes (6777573,6799488,7013888) heap-efficiency-pct 99.7
Sep 16 2026 03:27:09 GMT: INFO (info): (ticker.c:297)    in-progress: info-q 0 rw-hash 1 proxy-hash 0 tree-gc-q 0 long-queries 0
Sep 16 2026 03:27:09 GMT: INFO (info): (ticker.c:340)    fds: proto (512,7725,7213) heartbeat (0,0,0) fabric (0,0,0) admin (0,0,0)
Sep 16 2026 03:27:09 GMT: INFO (info): (ticker.c:352)    heartbeat-received: self 0 foreign 0
Sep 16 2026 03:27:09 GMT: INFO (info): (ticker.c:378)    fabric-bytes-per-second: bulk (0,0) ctrl (0,0) meta (0,0) rw (0,0)
Sep 16 2026 03:27:09 GMT: INFO (info): (ticker.c:426) {ycsb} objects: all 100000000 master 100000000 prole 0 non-replica 0
Sep 16 2026 03:27:09 GMT: INFO (info): (ticker.c:481) {ycsb} migrations: complete
Sep 16 2026 03:27:09 GMT: INFO (info): (ticker.c:506) {ycsb} index-usage: used-bytes 6400000000
Sep 16 2026 03:27:09 GMT: INFO (info): (ticker.c:559) {ycsb} data-usage: used-bytes 145600000000 avail-pct 77 cache-read-pct 0.18
Sep 16 2026 03:27:09 GMT: INFO (info): (ticker.c:618) {ycsb} client: tsvc (0,0) proxy (0,0,0) read (257582918,0,0,0,0) write (89593290,0,0,0) delete (0,0,0,0,0) udf (0,0,0,0) lang (0,0,0,0)
Sep 16 2026 03:27:09 GMT: INFO (info): (hist.c:319) histogram dump: {ycsb}-read (257582918 total) msec
Sep 16 2026 03:27:09 GMT: INFO (info): (hist.c:330)  (00: 0257300785) (01: 0000270833) (02: 0000010660) (03: 0000000353)
Sep 16 2026 03:27:09 GMT: INFO (info): (hist.c:339)  (04: 0000000020) (05: 0000000095) (06: 0000000172)
Sep 16 2026 03:27:09 GMT: INFO (info): (hist.c:319) histogram dump: {ycsb}-write (89593290 total) msec
Sep 16 2026 03:27:09 GMT: INFO (info): (hist.c:330)  (00: 0089544995) (01: 0000045355) (02: 0000002901) (03: 0000000037)
Sep 16 2026 03:27:09 GMT: INFO (info): (hist.c:339)  (05: 0000000001) (06: 0000000001)
Sep 16 2026 03:27:09 GMT: INFO (deprecation): (thr_info.c:888) (repeated:2560) 'services' info command is deprecated - use 'peers-clear-std' instead
Sep 16 2026 03:27:18 GMT: INFO (drv_ssd): (drv_ssd.c:2133) {ycsb} /dev/md127p3: used-bytes 145600000000 free-wblocks 101665 write-q 0 write (18259,23.4) defrag-q 14669 defrag-read (20888,1.0) defrag-write (2700,22.5)
Sep 16 2026 03:27:19 GMT: INFO (info): (ticker.c:169) NODE-ID bb9f1b2523a0d00 CLUSTER-SIZE 1 CLUSTER-NAME ycsb-default-20260916
Sep 16 2026 03:27:19 GMT: INFO (info): (ticker.c:241)    cluster-clock: skew-ms 0
Sep 16 2026 03:27:19 GMT: INFO (info): (ticker.c:265)    system: total-cpu-pct 450 user-cpu-pct 164 kernel-cpu-pct 286 free-mem-kbytes 122164392 free-mem-pct 92 thp-mem-kbytes 7157760 host-free-mem-kbytes 122164392 host-free-mem-pct 92
Sep 16 2026 03:27:19 GMT: INFO (info): (ticker.c:287)    process: cpu-pct 365 threads (9,61,113,113) heap-kbytes (6777574,6799488,7013888) heap-efficiency-pct 99.7
Sep 16 2026 03:27:19 GMT: INFO (info): (ticker.c:297)    in-progress: info-q 0 rw-hash 0 proxy-hash 0 tree-gc-q 0 long-queries 0
Sep 16 2026 03:27:19 GMT: INFO (info): (ticker.c:340)    fds: proto (512,7725,7213) heartbeat (0,0,0) fabric (0,0,0) admin (0,0,0)
Sep 16 2026 03:27:19 GMT: INFO (info): (ticker.c:352)    heartbeat-received: self 0 foreign 0
Sep 16 2026 03:27:19 GMT: INFO (info): (ticker.c:378)    fabric-bytes-per-second: bulk (0,0) ctrl (0,0) meta (0,0) rw (0,0)
Sep 16 2026 03:27:19 GMT: INFO (info): (ticker.c:426) {ycsb} objects: all 100000000 master 100000000 prole 0 non-replica 0
Sep 16 2026 03:27:19 GMT: INFO (info): (ticker.c:481) {ycsb} migrations: complete
Sep 16 2026 03:27:19 GMT: INFO (info): (ticker.c:506) {ycsb} index-usage: used-bytes 6400000000
Sep 16 2026 03:27:19 GMT: INFO (info): (ticker.c:559) {ycsb} data-usage: used-bytes 145600000000 avail-pct 77 cache-read-pct 0.19
Sep 16 2026 03:27:19 GMT: INFO (info): (ticker.c:618) {ycsb} client: tsvc (0,0) proxy (0,0,0) read (258533294,0,0,0,0) write (89643061,0,0,0) delete (0,0,0,0,0) udf (0,0,0,0) lang (0,0,0,0)
Sep 16 2026 03:27:19 GMT: INFO (info): (hist.c:319) histogram dump: {ycsb}-read (258533294 total) msec
Sep 16 2026 03:27:19 GMT: INFO (info): (hist.c:330)  (00: 0258251160) (01: 0000270834) (02: 0000010660) (03: 0000000353)
Sep 16 2026 03:27:19 GMT: INFO (info): (hist.c:339)  (04: 0000000020) (05: 0000000095) (06: 0000000172)
Sep 16 2026 03:27:19 GMT: INFO (info): (hist.c:319) histogram dump: {ycsb}-write (89643061 total) msec
Sep 16 2026 03:27:19 GMT: INFO (info): (hist.c:330)  (00: 0089594766) (01: 0000045355) (02: 0000002901) (03: 0000000037)
Sep 16 2026 03:27:19 GMT: INFO (info): (hist.c:339)  (05: 0000000001) (06: 0000000001)
Sep 16 2026 03:27:19 GMT: INFO (deprecation): (thr_info.c:888) (repeated:2560) 'services' info command is deprecated - use 'peers-clear-std' instead
Sep 16 2026 03:27:29 GMT: INFO (info): (ticker.c:169) NODE-ID bb9f1b2523a0d00 CLUSTER-SIZE 1 CLUSTER-NAME ycsb-default-20260916
Sep 16 2026 03:27:29 GMT: INFO (info): (ticker.c:241)    cluster-clock: skew-ms 0
Sep 16 2026 03:27:29 GMT: INFO (info): (ticker.c:265)    system: total-cpu-pct 449 user-cpu-pct 163 kernel-cpu-pct 286 free-mem-kbytes 122164708 free-mem-pct 92 thp-mem-kbytes 7157760 host-free-mem-kbytes 122164708 host-free-mem-pct 92
Sep 16 2026 03:27:29 GMT: INFO (info): (ticker.c:287)    process: cpu-pct 365 threads (9,61,113,113) heap-kbytes (6777579,6799488,7013888) heap-efficiency-pct 99.7
Sep 16 2026 03:27:29 GMT: INFO (info): (ticker.c:297)    in-progress: info-q 0 rw-hash 0 proxy-hash 0 tree-gc-q 0 long-queries 0
Sep 16 2026 03:27:29 GMT: INFO (info): (ticker.c:340)    fds: proto (512,7725,7213) heartbeat (0,0,0) fabric (0,0,0) admin (0,0,0)
Sep 16 2026 03:27:29 GMT: INFO (info): (ticker.c:352)    heartbeat-received: self 0 foreign 0
Sep 16 2026 03:27:29 GMT: INFO (info): (ticker.c:378)    fabric-bytes-per-second: bulk (0,0) ctrl (0,0) meta (0,0) rw (0,0)
Sep 16 2026 03:27:29 GMT: INFO (info): (ticker.c:426) {ycsb} objects: all 100000000 master 100000000 prole 0 non-replica 0
Sep 16 2026 03:27:29 GMT: INFO (info): (ticker.c:481) {ycsb} migrations: complete
Sep 16 2026 03:27:29 GMT: INFO (info): (ticker.c:506) {ycsb} index-usage: used-bytes 6400000000
Sep 16 2026 03:27:29 GMT: INFO (info): (ticker.c:559) {ycsb} data-usage: used-bytes 145600000000 avail-pct 77 cache-read-pct 0.18
Sep 16 2026 03:27:29 GMT: INFO (info): (ticker.c:618) {ycsb} client: tsvc (0,0) proxy (0,0,0) read (259483496,0,0,0,0) write (89693006,0,0,0) delete (0,0,0,0,0) udf (0,0,0,0) lang (0,0,0,0)
Sep 16 2026 03:27:29 GMT: INFO (info): (hist.c:319) histogram dump: {ycsb}-read (259483498 total) msec
Sep 16 2026 03:27:29 GMT: INFO (info): (hist.c:330)  (00: 0259201363) (01: 0000270835) (02: 0000010660) (03: 0000000353)
Sep 16 2026 03:27:29 GMT: INFO (info): (hist.c:339)  (04: 0000000020) (05: 0000000095) (06: 0000000172)
Sep 16 2026 03:27:29 GMT: INFO (info): (hist.c:319) histogram dump: {ycsb}-write (89693006 total) msec
Sep 16 2026 03:27:29 GMT: INFO (info): (hist.c:330)  (00: 0089644711) (01: 0000045355) (02: 0000002901) (03: 0000000037)
Sep 16 2026 03:27:29 GMT: INFO (info): (hist.c:339)  (05: 0000000001) (06: 0000000001)
Sep 16 2026 03:27:29 GMT: INFO (deprecation): (thr_info.c:888) (repeated:2560) 'services' info command is deprecated - use 'peers-clear-std' instead
Sep 16 2026 03:27:38 GMT: INFO (drv_ssd): (drv_ssd.c:2133) {ycsb} /dev/md127p3: used-bytes 145600000000 free-wblocks 102308 write-q 0 write (18729,23.5) defrag-q 13574 defrag-read (20906,0.9) defrag-write (3152,22.6)
Sep 16 2026 03:27:39 GMT: INFO (info): (ticker.c:169) NODE-ID bb9f1b2523a0d00 CLUSTER-SIZE 1 CLUSTER-NAME ycsb-default-20260916
Sep 16 2026 03:27:39 GMT: INFO (info): (ticker.c:241)    cluster-clock: skew-ms 0
Sep 16 2026 03:27:39 GMT: INFO (info): (ticker.c:265)    system: total-cpu-pct 453 user-cpu-pct 167 kernel-cpu-pct 286 free-mem-kbytes 122160000 free-mem-pct 92 thp-mem-kbytes 7161856 host-free-mem-kbytes 122160000 host-free-mem-pct 92
Sep 16 2026 03:27:39 GMT: INFO (info): (ticker.c:287)    process: cpu-pct 367 threads (9,61,113,113) heap-kbytes (6777588,6799508,7013888) heap-efficiency-pct 99.7
Sep 16 2026 03:27:39 GMT: INFO (info): (ticker.c:297)    in-progress: info-q 0 rw-hash 0 proxy-hash 0 tree-gc-q 0 long-queries 0
Sep 16 2026 03:27:39 GMT: INFO (info): (ticker.c:340)    fds: proto (512,7725,7213) heartbeat (0,0,0) fabric (0,0,0) admin (0,0,0)
Sep 16 2026 03:27:39 GMT: INFO (info): (ticker.c:352)    heartbeat-received: self 0 foreign 0
Sep 16 2026 03:27:39 GMT: INFO (info): (ticker.c:378)    fabric-bytes-per-second: bulk (0,0) ctrl (0,0) meta (0,0) rw (0,0)
Sep 16 2026 03:27:39 GMT: INFO (info): (ticker.c:426) {ycsb} objects: all 100000000 master 100000000 prole 0 non-replica 0
Sep 16 2026 03:27:39 GMT: INFO (info): (ticker.c:481) {ycsb} migrations: complete
Sep 16 2026 03:27:39 GMT: INFO (info): (ticker.c:506) {ycsb} index-usage: used-bytes 6400000000
Sep 16 2026 03:27:39 GMT: INFO (info): (ticker.c:559) {ycsb} data-usage: used-bytes 145600000000 avail-pct 78 cache-read-pct 0.19
Sep 16 2026 03:27:39 GMT: INFO (info): (ticker.c:618) {ycsb} client: tsvc (0,0) proxy (0,0,0) read (260433594,0,0,0,0) write (89743058,0,0,0) delete (0,0,0,0,0) udf (0,0,0,0) lang (0,0,0,0)
Sep 16 2026 03:27:39 GMT: INFO (info): (hist.c:319) histogram dump: {ycsb}-read (260433595 total) msec
Sep 16 2026 03:27:39 GMT: INFO (info): (hist.c:330)  (00: 0260151460) (01: 0000270835) (02: 0000010660) (03: 0000000353)
Sep 16 2026 03:27:39 GMT: INFO (info): (hist.c:339)  (04: 0000000020) (05: 0000000095) (06: 0000000172)
Sep 16 2026 03:27:39 GMT: INFO (info): (hist.c:319) histogram dump: {ycsb}-write (89743058 total) msec
Sep 16 2026 03:27:39 GMT: INFO (info): (hist.c:330)  (00: 0089694763) (01: 0000045355) (02: 0000002901) (03: 0000000037)
Sep 16 2026 03:27:39 GMT: INFO (info): (hist.c:339)  (05: 0000000001) (06: 0000000001)
Sep 16 2026 03:27:39 GMT: INFO (deprecation): (thr_info.c:888) (repeated:2560) 'services' info command is deprecated - use 'peers-clear-std' instead
Sep 16 2026 03:27:49 GMT: INFO (info): (ticker.c:169) NODE-ID bb9f1b2523a0d00 CLUSTER-SIZE 1 CLUSTER-NAME ycsb-default-20260916
Sep 16 2026 03:27:49 GMT: INFO (info): (ticker.c:241)    cluster-clock: skew-ms 0
Sep 16 2026 03:27:49 GMT: INFO (info): (ticker.c:265)    system: total-cpu-pct 458 user-cpu-pct 167 kernel-cpu-pct 291 free-mem-kbytes 122160204 free-mem-pct 92 thp-mem-kbytes 7159808 host-free-mem-kbytes 122160204 host-free-mem-pct 92
Sep 16 2026 03:27:49 GMT: INFO (info): (ticker.c:287)    process: cpu-pct 367 threads (9,61,113,113) heap-kbytes (6777580,6799508,7013888) heap-efficiency-pct 99.7
Sep 16 2026 03:27:49 GMT: INFO (info): (ticker.c:297)    in-progress: info-q 0 rw-hash 0 proxy-hash 0 tree-gc-q 0 long-queries 0
Sep 16 2026 03:27:49 GMT: INFO (info): (ticker.c:340)    fds: proto (512,7725,7213) heartbeat (0,0,0) fabric (0,0,0) admin (0,0,0)
Sep 16 2026 03:27:49 GMT: INFO (info): (ticker.c:352)    heartbeat-received: self 0 foreign 0
Sep 16 2026 03:27:49 GMT: INFO (info): (ticker.c:378)    fabric-bytes-per-second: bulk (0,0) ctrl (0,0) meta (0,0) rw (0,0)
Sep 16 2026 03:27:49 GMT: INFO (info): (ticker.c:426) {ycsb} objects: all 100000000 master 100000000 prole 0 non-replica 0
Sep 16 2026 03:27:49 GMT: INFO (info): (ticker.c:481) {ycsb} migrations: complete
Sep 16 2026 03:27:49 GMT: INFO (info): (ticker.c:506) {ycsb} index-usage: used-bytes 6400000000
Sep 16 2026 03:27:49 GMT: INFO (info): (ticker.c:559) {ycsb} data-usage: used-bytes 145600000000 avail-pct 78 cache-read-pct 0.19
Sep 16 2026 03:27:49 GMT: INFO (info): (ticker.c:618) {ycsb} client: tsvc (0,0) proxy (0,0,0) read (261383770,0,0,0,0) write (89793041,0,0,0) delete (0,0,0,0,0) udf (0,0,0,0) lang (0,0,0,0)
Sep 16 2026 03:27:49 GMT: INFO (info): (hist.c:319) histogram dump: {ycsb}-read (261383770 total) msec
Sep 16 2026 03:27:49 GMT: INFO (info): (hist.c:330)  (00: 0261101635) (01: 0000270835) (02: 0000010660) (03: 0000000353)
Sep 16 2026 03:27:49 GMT: INFO (info): (hist.c:339)  (04: 0000000020) (05: 0000000095) (06: 0000000172)
Sep 16 2026 03:27:49 GMT: INFO (info): (hist.c:319) histogram dump: {ycsb}-write (89793041 total) msec
Sep 16 2026 03:27:49 GMT: INFO (info): (hist.c:330)  (00: 0089744746) (01: 0000045355) (02: 0000002901) (03: 0000000037)
Sep 16 2026 03:27:49 GMT: INFO (info): (hist.c:339)  (05: 0000000001) (06: 0000000001)
Sep 16 2026 03:27:49 GMT: INFO (deprecation): (thr_info.c:888) (repeated:2560) 'services' info command is deprecated - use 'peers-clear-std' instead
Sep 16 2026 03:27:58 GMT: INFO (drv_ssd): (drv_ssd.c:2133) {ycsb} /dev/md127p3: used-bytes 145600000000 free-wblocks 102953 write-q 0 write (19200,23.5) defrag-q 12482 defrag-read (20929,1.1) defrag-write (3606,22.7)
Sep 16 2026 03:27:59 GMT: INFO (info): (ticker.c:169) NODE-ID bb9f1b2523a0d00 CLUSTER-SIZE 1 CLUSTER-NAME ycsb-default-20260916
Sep 16 2026 03:27:59 GMT: INFO (info): (ticker.c:241)    cluster-clock: skew-ms 0
Sep 16 2026 03:27:59 GMT: INFO (info): (ticker.c:265)    system: total-cpu-pct 458 user-cpu-pct 166 kernel-cpu-pct 292 free-mem-kbytes 122160244 free-mem-pct 92 thp-mem-kbytes 7159808 host-free-mem-kbytes 122160244 host-free-mem-pct 92
Sep 16 2026 03:27:59 GMT: INFO (info): (ticker.c:287)    process: cpu-pct 367 threads (9,61,113,113) heap-kbytes (6777574,6799508,7013888) heap-efficiency-pct 99.7
Sep 16 2026 03:27:59 GMT: INFO (info): (ticker.c:297)    in-progress: info-q 0 rw-hash 0 proxy-hash 0 tree-gc-q 0 long-queries 0
Sep 16 2026 03:27:59 GMT: INFO (info): (ticker.c:340)    fds: proto (512,7725,7213) heartbeat (0,0,0) fabric (0,0,0) admin (0,0,0)
Sep 16 2026 03:27:59 GMT: INFO (info): (ticker.c:352)    heartbeat-received: self 0 foreign 0
Sep 16 2026 03:27:59 GMT: INFO (info): (ticker.c:378)    fabric-bytes-per-second: bulk (0,0) ctrl (0,0) meta (0,0) rw (0,0)
Sep 16 2026 03:27:59 GMT: INFO (info): (ticker.c:426) {ycsb} objects: all 100000000 master 100000000 prole 0 non-replica 0
Sep 16 2026 03:27:59 GMT: INFO (info): (ticker.c:481) {ycsb} migrations: complete
Sep 16 2026 03:27:59 GMT: INFO (info): (ticker.c:506) {ycsb} index-usage: used-bytes 6400000000
Sep 16 2026 03:27:59 GMT: INFO (info): (ticker.c:559) {ycsb} data-usage: used-bytes 145600000000 avail-pct 78 cache-read-pct 0.20
Sep 16 2026 03:27:59 GMT: INFO (info): (ticker.c:618) {ycsb} client: tsvc (0,0) proxy (0,0,0) read (262333711,0,0,0,0) write (89843251,0,0,0) delete (0,0,0,0,0) udf (0,0,0,0) lang (0,0,0,0)
Sep 16 2026 03:27:59 GMT: INFO (info): (hist.c:319) histogram dump: {ycsb}-read (262333711 total) msec
Sep 16 2026 03:27:59 GMT: INFO (info): (hist.c:330)  (00: 0262051576) (01: 0000270835) (02: 0000010660) (03: 0000000353)
Sep 16 2026 03:27:59 GMT: INFO (info): (hist.c:339)  (04: 0000000020) (05: 0000000095) (06: 0000000172)
Sep 16 2026 03:27:59 GMT: INFO (info): (hist.c:319) histogram dump: {ycsb}-write (89843251 total) msec
Sep 16 2026 03:27:59 GMT: INFO (info): (hist.c:330)  (00: 0089794956) (01: 0000045355) (02: 0000002901) (03: 0000000037)
Sep 16 2026 03:27:59 GMT: INFO (info): (hist.c:339)  (05: 0000000001) (06: 0000000001)
Sep 16 2026 03:27:59 GMT: INFO (deprecation): (thr_info.c:888) (repeated:2560) 'services' info command is deprecated - use 'peers-clear-std' instead
Sep 16 2026 03:28:09 GMT: INFO (info): (ticker.c:169) NODE-ID bb9f1b2523a0d00 CLUSTER-SIZE 1 CLUSTER-NAME ycsb-default-20260916
Sep 16 2026 03:28:09 GMT: INFO (info): (ticker.c:241)    cluster-clock: skew-ms 0
Sep 16 2026 03:28:09 GMT: INFO (info): (ticker.c:265)    system: total-cpu-pct 457 user-cpu-pct 167 kernel-cpu-pct 290 free-mem-kbytes 122160288 free-mem-pct 92 thp-mem-kbytes 7159808 host-free-mem-kbytes 122160288 host-free-mem-pct 92
Sep 16 2026 03:28:09 GMT: INFO (info): (ticker.c:287)    process: cpu-pct 367 threads (9,61,113,113) heap-kbytes (6777577,6799508,7013888) heap-efficiency-pct 99.7
Sep 16 2026 03:28:09 GMT: INFO (info): (ticker.c:297)    in-progress: info-q 0 rw-hash 0 proxy-hash 0 tree-gc-q 0 long-queries 0
Sep 16 2026 03:28:09 GMT: INFO (info): (ticker.c:340)    fds: proto (512,7725,7213) heartbeat (0,0,0) fabric (0,0,0) admin (0,0,0)
Sep 16 2026 03:28:09 GMT: INFO (info): (ticker.c:352)    heartbeat-received: self 0 foreign 0
Sep 16 2026 03:28:09 GMT: INFO (info): (ticker.c:378)    fabric-bytes-per-second: bulk (0,0) ctrl (0,0) meta (0,0) rw (0,0)
Sep 16 2026 03:28:09 GMT: INFO (info): (ticker.c:426) {ycsb} objects: all 100000000 master 100000000 prole 0 non-replica 0
Sep 16 2026 03:28:09 GMT: INFO (info): (ticker.c:481) {ycsb} migrations: complete
Sep 16 2026 03:28:09 GMT: INFO (info): (ticker.c:506) {ycsb} index-usage: used-bytes 6400000000
Sep 16 2026 03:28:09 GMT: INFO (info): (ticker.c:559) {ycsb} data-usage: used-bytes 145600000000 avail-pct 78 cache-read-pct 0.19
Sep 16 2026 03:28:09 GMT: INFO (info): (ticker.c:618) {ycsb} client: tsvc (0,0) proxy (0,0,0) read (263283665,0,0,0,0) write (89893442,0,0,0) delete (0,0,0,0,0) udf (0,0,0,0) lang (0,0,0,0)
Sep 16 2026 03:28:09 GMT: INFO (info): (hist.c:319) histogram dump: {ycsb}-read (263283668 total) msec
Sep 16 2026 03:28:09 GMT: INFO (info): (hist.c:330)  (00: 0263001533) (01: 0000270835) (02: 0000010660) (03: 0000000353)
Sep 16 2026 03:28:09 GMT: INFO (info): (hist.c:339)  (04: 0000000020) (05: 0000000095) (06: 0000000172)
Sep 16 2026 03:28:09 GMT: INFO (info): (hist.c:319) histogram dump: {ycsb}-write (89893442 total) msec
Sep 16 2026 03:28:09 GMT: INFO (info): (hist.c:330)  (00: 0089845147) (01: 0000045355) (02: 0000002901) (03: 0000000037)
Sep 16 2026 03:28:09 GMT: INFO (info): (hist.c:339)  (05: 0000000001) (06: 0000000001)
Sep 16 2026 03:28:09 GMT: INFO (deprecation): (thr_info.c:888) (repeated:2560) 'services' info command is deprecated - use 'peers-clear-std' instead
Sep 16 2026 03:28:18 GMT: INFO (drv_ssd): (drv_ssd.c:2133) {ycsb} /dev/md127p3: used-bytes 145600000000 free-wblocks 103594 write-q 0 write (19669,23.5) defrag-q 11385 defrag-read (20942,0.6) defrag-write (4058,22.6)
Sep 16 2026 03:28:19 GMT: INFO (info): (ticker.c:169) NODE-ID bb9f1b2523a0d00 CLUSTER-SIZE 1 CLUSTER-NAME ycsb-default-20260916
Sep 16 2026 03:28:19 GMT: INFO (info): (ticker.c:241)    cluster-clock: skew-ms 0
Sep 16 2026 03:28:19 GMT: INFO (info): (ticker.c:265)    system: total-cpu-pct 461 user-cpu-pct 169 kernel-cpu-pct 292 free-mem-kbytes 122158552 free-mem-pct 92 thp-mem-kbytes 7161856 host-free-mem-kbytes 122158552 host-free-mem-pct 92
Sep 16 2026 03:28:19 GMT: INFO (info): (ticker.c:287)    process: cpu-pct 367 threads (9,61,113,113) heap-kbytes (6777570,6799508,7013888) heap-efficiency-pct 99.7
Sep 16 2026 03:28:19 GMT: INFO (info): (ticker.c:297)    in-progress: info-q 0 rw-hash 0 proxy-hash 0 tree-gc-q 0 long-queries 0
Sep 16 2026 03:28:19 GMT: INFO (info): (ticker.c:340)    fds: proto (512,7725,7213) heartbeat (0,0,0) fabric (0,0,0) admin (0,0,0)
Sep 16 2026 03:28:19 GMT: INFO (info): (ticker.c:352)    heartbeat-received: self 0 foreign 0
Sep 16 2026 03:28:19 GMT: INFO (info): (ticker.c:378)    fabric-bytes-per-second: bulk (0,0) ctrl (0,0) meta (0,0) rw (0,0)
Sep 16 2026 03:28:19 GMT: INFO (info): (ticker.c:426) {ycsb} objects: all 100000000 master 100000000 prole 0 non-replica 0
Sep 16 2026 03:28:19 GMT: INFO (info): (ticker.c:481) {ycsb} migrations: complete
Sep 16 2026 03:28:19 GMT: INFO (info): (ticker.c:506) {ycsb} index-usage: used-bytes 6400000000
Sep 16 2026 03:28:19 GMT: INFO (info): (ticker.c:559) {ycsb} data-usage: used-bytes 145600000000 avail-pct 79 cache-read-pct 0.18
Sep 16 2026 03:28:19 GMT: INFO (info): (ticker.c:618) {ycsb} client: tsvc (0,0) proxy (0,0,0) read (264233912,0,0,0,0) write (89943346,0,0,0) delete (0,0,0,0,0) udf (0,0,0,0) lang (0,0,0,0)
Sep 16 2026 03:28:19 GMT: INFO (info): (hist.c:319) histogram dump: {ycsb}-read (264233913 total) msec
Sep 16 2026 03:28:19 GMT: INFO (info): (hist.c:330)  (00: 0263951778) (01: 0000270835) (02: 0000010660) (03: 0000000353)
Sep 16 2026 03:28:19 GMT: INFO (info): (hist.c:339)  (04: 0000000020) (05: 0000000095) (06: 0000000172)
Sep 16 2026 03:28:19 GMT: INFO (info): (hist.c:319) histogram dump: {ycsb}-write (89943346 total) msec
Sep 16 2026 03:28:19 GMT: INFO (info): (hist.c:330)  (00: 0089895051) (01: 0000045355) (02: 0000002901) (03: 0000000037)
Sep 16 2026 03:28:19 GMT: INFO (info): (hist.c:339)  (05: 0000000001) (06: 0000000001)
Sep 16 2026 03:28:19 GMT: INFO (deprecation): (thr_info.c:888) (repeated:2560) 'services' info command is deprecated - use 'peers-clear-std' instead
Sep 16 2026 03:28:29 GMT: INFO (info): (ticker.c:169) NODE-ID bb9f1b2523a0d00 CLUSTER-SIZE 1 CLUSTER-NAME ycsb-default-20260916
Sep 16 2026 03:28:29 GMT: INFO (info): (ticker.c:241)    cluster-clock: skew-ms 0
Sep 16 2026 03:28:29 GMT: INFO (info): (ticker.c:265)    system: total-cpu-pct 460 user-cpu-pct 168 kernel-cpu-pct 292 free-mem-kbytes 122160860 free-mem-pct 92 thp-mem-kbytes 7159808 host-free-mem-kbytes 122160860 host-free-mem-pct 92
Sep 16 2026 03:28:29 GMT: INFO (info): (ticker.c:287)    process: cpu-pct 366 threads (9,61,113,113) heap-kbytes (6777571,6799508,7013888) heap-efficiency-pct 99.7
Sep 16 2026 03:28:29 GMT: INFO (info): (ticker.c:297)    in-progress: info-q 0 rw-hash 0 proxy-hash 0 tree-gc-q 0 long-queries 0
Sep 16 2026 03:28:29 GMT: INFO (info): (ticker.c:340)    fds: proto (512,7725,7213) heartbeat (0,0,0) fabric (0,0,0) admin (0,0,0)
Sep 16 2026 03:28:29 GMT: INFO (info): (ticker.c:352)    heartbeat-received: self 0 foreign 0
Sep 16 2026 03:28:29 GMT: INFO (info): (ticker.c:378)    fabric-bytes-per-second: bulk (0,0) ctrl (0,0) meta (0,0) rw (0,0)
Sep 16 2026 03:28:29 GMT: INFO (info): (ticker.c:426) {ycsb} objects: all 100000000 master 100000000 prole 0 non-replica 0
Sep 16 2026 03:28:29 GMT: INFO (info): (ticker.c:481) {ycsb} migrations: complete
Sep 16 2026 03:28:29 GMT: INFO (info): (ticker.c:506) {ycsb} index-usage: used-bytes 6400000000
Sep 16 2026 03:28:29 GMT: INFO (info): (ticker.c:559) {ycsb} data-usage: used-bytes 145600000000 avail-pct 79 cache-read-pct 0.19
Sep 16 2026 03:28:29 GMT: INFO (info): (ticker.c:618) {ycsb} client: tsvc (0,0) proxy (0,0,0) read (265183562,0,0,0,0) write (89993845,0,0,0) delete (0,0,0,0,0) udf (0,0,0,0) lang (0,0,0,0)
Sep 16 2026 03:28:29 GMT: INFO (info): (hist.c:319) histogram dump: {ycsb}-read (265183563 total) msec
Sep 16 2026 03:28:29 GMT: INFO (info): (hist.c:330)  (00: 0264901426) (01: 0000270837) (02: 0000010660) (03: 0000000353)
Sep 16 2026 03:28:29 GMT: INFO (info): (hist.c:339)  (04: 0000000020) (05: 0000000095) (06: 0000000172)
Sep 16 2026 03:28:29 GMT: INFO (info): (hist.c:319) histogram dump: {ycsb}-write (89993845 total) msec
Sep 16 2026 03:28:29 GMT: INFO (info): (hist.c:330)  (00: 0089945550) (01: 0000045355) (02: 0000002901) (03: 0000000037)
Sep 16 2026 03:28:29 GMT: INFO (info): (hist.c:339)  (05: 0000000001) (06: 0000000001)
Sep 16 2026 03:28:29 GMT: INFO (deprecation): (thr_info.c:888) (repeated:2560) 'services' info command is deprecated - use 'peers-clear-std' instead
Sep 16 2026 03:28:38 GMT: INFO (drv_ssd): (drv_ssd.c:2133) {ycsb} /dev/md127p3: used-bytes 145600000000 free-wblocks 104235 write-q 0 write (20140,23.5) defrag-q 10290 defrag-read (20960,0.9) defrag-write (4511,22.6)
Sep 16 2026 03:28:39 GMT: INFO (info): (ticker.c:169) NODE-ID bb9f1b2523a0d00 CLUSTER-SIZE 1 CLUSTER-NAME ycsb-default-20260916
Sep 16 2026 03:28:39 GMT: INFO (info): (ticker.c:241)    cluster-clock: skew-ms 0
Sep 16 2026 03:28:39 GMT: INFO (info): (ticker.c:265)    system: total-cpu-pct 458 user-cpu-pct 166 kernel-cpu-pct 292 free-mem-kbytes 122160676 free-mem-pct 92 thp-mem-kbytes 7159808 host-free-mem-kbytes 122160676 host-free-mem-pct 92
Sep 16 2026 03:28:39 GMT: INFO (info): (ticker.c:287)    process: cpu-pct 368 threads (9,61,113,113) heap-kbytes (6777569,6799508,7013888) heap-efficiency-pct 99.7
Sep 16 2026 03:28:39 GMT: INFO (info): (ticker.c:297)    in-progress: info-q 0 rw-hash 0 proxy-hash 0 tree-gc-q 0 long-queries 0
Sep 16 2026 03:28:39 GMT: INFO (info): (ticker.c:340)    fds: proto (512,7725,7213) heartbeat (0,0,0) fabric (0,0,0) admin (0,0,0)
Sep 16 2026 03:28:39 GMT: INFO (info): (ticker.c:352)    heartbeat-received: self 0 foreign 0
Sep 16 2026 03:28:39 GMT: INFO (info): (ticker.c:378)    fabric-bytes-per-second: bulk (0,0) ctrl (0,0) meta (0,0) rw (0,0)
Sep 16 2026 03:28:39 GMT: INFO (info): (ticker.c:426) {ycsb} objects: all 100000000 master 100000000 prole 0 non-replica 0
Sep 16 2026 03:28:39 GMT: INFO (info): (ticker.c:481) {ycsb} migrations: complete
Sep 16 2026 03:28:39 GMT: INFO (info): (ticker.c:506) {ycsb} index-usage: used-bytes 6400000000
Sep 16 2026 03:28:39 GMT: INFO (info): (ticker.c:559) {ycsb} data-usage: used-bytes 145600000000 avail-pct 79 cache-read-pct 0.20
Sep 16 2026 03:28:39 GMT: INFO (info): (ticker.c:618) {ycsb} client: tsvc (0,0) proxy (0,0,0) read (266133722,0,0,0,0) write (90043847,0,0,0) delete (0,0,0,0,0) udf (0,0,0,0) lang (0,0,0,0)
Sep 16 2026 03:28:39 GMT: INFO (info): (hist.c:319) histogram dump: {ycsb}-read (266133722 total) msec
Sep 16 2026 03:28:39 GMT: INFO (info): (hist.c:330)  (00: 0265851585) (01: 0000270837) (02: 0000010660) (03: 0000000353)
Sep 16 2026 03:28:39 GMT: INFO (info): (hist.c:339)  (04: 0000000020) (05: 0000000095) (06: 0000000172)
Sep 16 2026 03:28:39 GMT: INFO (info): (hist.c:319) histogram dump: {ycsb}-write (90043849 total) msec
Sep 16 2026 03:28:39 GMT: INFO (info): (hist.c:330)  (00: 0089995554) (01: 0000045355) (02: 0000002901) (03: 0000000037)
Sep 16 2026 03:28:39 GMT: INFO (info): (hist.c:339)  (05: 0000000001) (06: 0000000001)
Sep 16 2026 03:28:39 GMT: INFO (deprecation): (thr_info.c:888) (repeated:2560) 'services' info command is deprecated - use 'peers-clear-std' instead
Sep 16 2026 03:28:49 GMT: INFO (info): (ticker.c:169) NODE-ID bb9f1b2523a0d00 CLUSTER-SIZE 1 CLUSTER-NAME ycsb-default-20260916
Sep 16 2026 03:28:49 GMT: INFO (info): (ticker.c:241)    cluster-clock: skew-ms 0
Sep 16 2026 03:28:49 GMT: INFO (info): (ticker.c:265)    system: total-cpu-pct 453 user-cpu-pct 164 kernel-cpu-pct 289 free-mem-kbytes 122160696 free-mem-pct 92 thp-mem-kbytes 7159808 host-free-mem-kbytes 122160696 host-free-mem-pct 92
Sep 16 2026 03:28:49 GMT: INFO (info): (ticker.c:287)    process: cpu-pct 368 threads (9,61,113,113) heap-kbytes (6777592,6799544,7013888) heap-efficiency-pct 99.7
Sep 16 2026 03:28:49 GMT: INFO (info): (ticker.c:297)    in-progress: info-q 0 rw-hash 0 proxy-hash 0 tree-gc-q 0 long-queries 0
Sep 16 2026 03:28:49 GMT: INFO (info): (ticker.c:340)    fds: proto (512,7725,7213) heartbeat (0,0,0) fabric (0,0,0) admin (0,0,0)
Sep 16 2026 03:28:49 GMT: INFO (info): (ticker.c:352)    heartbeat-received: self 0 foreign 0
Sep 16 2026 03:28:49 GMT: INFO (info): (ticker.c:378)    fabric-bytes-per-second: bulk (0,0) ctrl (0,0) meta (0,0) rw (0,0)
Sep 16 2026 03:28:49 GMT: INFO (info): (ticker.c:426) {ycsb} objects: all 100000000 master 100000000 prole 0 non-replica 0
Sep 16 2026 03:28:49 GMT: INFO (info): (ticker.c:481) {ycsb} migrations: complete
Sep 16 2026 03:28:49 GMT: INFO (info): (ticker.c:506) {ycsb} index-usage: used-bytes 6400000000
Sep 16 2026 03:28:49 GMT: INFO (info): (ticker.c:559) {ycsb} data-usage: used-bytes 145600000000 avail-pct 79 cache-read-pct 0.19
Sep 16 2026 03:28:49 GMT: INFO (info): (ticker.c:618) {ycsb} client: tsvc (0,0) proxy (0,0,0) read (267083657,0,0,0,0) write (90094069,0,0,0) delete (0,0,0,0,0) udf (0,0,0,0) lang (0,0,0,0)
Sep 16 2026 03:28:49 GMT: INFO (info): (hist.c:319) histogram dump: {ycsb}-read (267083658 total) msec
Sep 16 2026 03:28:49 GMT: INFO (info): (hist.c:330)  (00: 0266801521) (01: 0000270837) (02: 0000010660) (03: 0000000353)
Sep 16 2026 03:28:49 GMT: INFO (info): (hist.c:339)  (04: 0000000020) (05: 0000000095) (06: 0000000172)
Sep 16 2026 03:28:49 GMT: INFO (info): (hist.c:319) histogram dump: {ycsb}-write (90094069 total) msec
Sep 16 2026 03:28:49 GMT: INFO (info): (hist.c:330)  (00: 0090045774) (01: 0000045355) (02: 0000002901) (03: 0000000037)
Sep 16 2026 03:28:49 GMT: INFO (info): (hist.c:339)  (05: 0000000001) (06: 0000000001)
Sep 16 2026 03:28:49 GMT: INFO (deprecation): (thr_info.c:888) (repeated:2560) 'services' info command is deprecated - use 'peers-clear-std' instead
Sep 16 2026 03:28:58 GMT: INFO (drv_ssd): (drv_ssd.c:2133) {ycsb} /dev/md127p3: used-bytes 145600000000 free-wblocks 104876 write-q 0 write (20612,23.6) defrag-q 9197 defrag-read (20980,1.0) defrag-write (4966,22.8)
Sep 16 2026 03:28:59 GMT: INFO (info): (ticker.c:169) NODE-ID bb9f1b2523a0d00 CLUSTER-SIZE 1 CLUSTER-NAME ycsb-default-20260916
Sep 16 2026 03:28:59 GMT: INFO (info): (ticker.c:241)    cluster-clock: skew-ms 0
Sep 16 2026 03:28:59 GMT: INFO (info): (ticker.c:265)    system: total-cpu-pct 455 user-cpu-pct 166 kernel-cpu-pct 289 free-mem-kbytes 122163612 free-mem-pct 92 thp-mem-kbytes 7157760 host-free-mem-kbytes 122163612 host-free-mem-pct 92
Sep 16 2026 03:28:59 GMT: INFO (info): (ticker.c:287)    process: cpu-pct 368 threads (9,61,113,113) heap-kbytes (6777596,6799544,7013888) heap-efficiency-pct 99.7
Sep 16 2026 03:28:59 GMT: INFO (info): (ticker.c:297)    in-progress: info-q 0 rw-hash 1 proxy-hash 0 tree-gc-q 0 long-queries 0
Sep 16 2026 03:28:59 GMT: INFO (info): (ticker.c:340)    fds: proto (512,7725,7213) heartbeat (0,0,0) fabric (0,0,0) admin (0,0,0)
Sep 16 2026 03:28:59 GMT: INFO (info): (ticker.c:352)    heartbeat-received: self 0 foreign 0
Sep 16 2026 03:28:59 GMT: INFO (info): (ticker.c:378)    fabric-bytes-per-second: bulk (0,0) ctrl (0,0) meta (0,0) rw (0,0)
Sep 16 2026 03:28:59 GMT: INFO (info): (ticker.c:426) {ycsb} objects: all 100000000 master 100000000 prole 0 non-replica 0
Sep 16 2026 03:28:59 GMT: INFO (info): (ticker.c:481) {ycsb} migrations: complete
Sep 16 2026 03:28:59 GMT: INFO (info): (ticker.c:506) {ycsb} index-usage: used-bytes 6400000000
Sep 16 2026 03:28:59 GMT: INFO (info): (ticker.c:559) {ycsb} data-usage: used-bytes 145600000000 avail-pct 80 cache-read-pct 0.20
Sep 16 2026 03:28:59 GMT: INFO (info): (ticker.c:618) {ycsb} client: tsvc (0,0) proxy (0,0,0) read (268033812,0,0,0,0) write (90144063,0,0,0) delete (0,0,0,0,0) udf (0,0,0,0) lang (0,0,0,0)
Sep 16 2026 03:28:59 GMT: INFO (info): (hist.c:319) histogram dump: {ycsb}-read (268033813 total) msec
Sep 16 2026 03:28:59 GMT: INFO (info): (hist.c:330)  (00: 0267751675) (01: 0000270837) (02: 0000010660) (03: 0000000354)
Sep 16 2026 03:28:59 GMT: INFO (info): (hist.c:339)  (04: 0000000020) (05: 0000000095) (06: 0000000172)
Sep 16 2026 03:28:59 GMT: INFO (info): (hist.c:319) histogram dump: {ycsb}-write (90144063 total) msec
Sep 16 2026 03:28:59 GMT: INFO (info): (hist.c:330)  (00: 0090095768) (01: 0000045355) (02: 0000002901) (03: 0000000037)
Sep 16 2026 03:28:59 GMT: INFO (info): (hist.c:339)  (05: 0000000001) (06: 0000000001)
Sep 16 2026 03:28:59 GMT: INFO (deprecation): (thr_info.c:888) (repeated:2560) 'services' info command is deprecated - use 'peers-clear-std' instead
Sep 16 2026 03:29:09 GMT: INFO (info): (ticker.c:169) NODE-ID bb9f1b2523a0d00 CLUSTER-SIZE 1 CLUSTER-NAME ycsb-default-20260916
Sep 16 2026 03:29:09 GMT: INFO (info): (ticker.c:241)    cluster-clock: skew-ms 0
Sep 16 2026 03:29:09 GMT: INFO (info): (ticker.c:265)    system: total-cpu-pct 453 user-cpu-pct 166 kernel-cpu-pct 287 free-mem-kbytes 122165428 free-mem-pct 92 thp-mem-kbytes 7159808 host-free-mem-kbytes 122165428 host-free-mem-pct 92
Sep 16 2026 03:29:09 GMT: INFO (info): (ticker.c:287)    process: cpu-pct 367 threads (9,61,113,113) heap-kbytes (6777595,6799544,7013888) heap-efficiency-pct 99.7
Sep 16 2026 03:29:09 GMT: INFO (info): (ticker.c:297)    in-progress: info-q 0 rw-hash 0 proxy-hash 0 tree-gc-q 0 long-queries 0
Sep 16 2026 03:29:09 GMT: INFO (info): (ticker.c:340)    fds: proto (512,7725,7213) heartbeat (0,0,0) fabric (0,0,0) admin (0,0,0)
Sep 16 2026 03:29:09 GMT: INFO (info): (ticker.c:352)    heartbeat-received: self 0 foreign 0
Sep 16 2026 03:29:09 GMT: INFO (info): (ticker.c:378)    fabric-bytes-per-second: bulk (0,0) ctrl (0,0) meta (0,0) rw (0,0)
Sep 16 2026 03:29:09 GMT: INFO (info): (ticker.c:426) {ycsb} objects: all 100000000 master 100000000 prole 0 non-replica 0
Sep 16 2026 03:29:09 GMT: INFO (info): (ticker.c:481) {ycsb} migrations: complete
Sep 16 2026 03:29:09 GMT: INFO (info): (ticker.c:506) {ycsb} index-usage: used-bytes 6400000000
Sep 16 2026 03:29:09 GMT: INFO (info): (ticker.c:559) {ycsb} data-usage: used-bytes 145600000000 avail-pct 80 cache-read-pct 0.19
Sep 16 2026 03:29:09 GMT: INFO (info): (ticker.c:618) {ycsb} client: tsvc (0,0) proxy (0,0,0) read (268984007,0,0,0,0) write (90194022,0,0,0) delete (0,0,0,0,0) udf (0,0,0,0) lang (0,0,0,0)
Sep 16 2026 03:29:09 GMT: INFO (info): (hist.c:319) histogram dump: {ycsb}-read (268984008 total) msec
Sep 16 2026 03:29:09 GMT: INFO (info): (hist.c:330)  (00: 0268701870) (01: 0000270837) (02: 0000010660) (03: 0000000354)
Sep 16 2026 03:29:09 GMT: INFO (info): (hist.c:339)  (04: 0000000020) (05: 0000000095) (06: 0000000172)
Sep 16 2026 03:29:09 GMT: INFO (info): (hist.c:319) histogram dump: {ycsb}-write (90194024 total) msec
Sep 16 2026 03:29:09 GMT: INFO (info): (hist.c:330)  (00: 0090145729) (01: 0000045355) (02: 0000002901) (03: 0000000037)
Sep 16 2026 03:29:09 GMT: INFO (info): (hist.c:339)  (05: 0000000001) (06: 0000000001)
Sep 16 2026 03:29:09 GMT: INFO (deprecation): (thr_info.c:888) (repeated:2560) 'services' info command is deprecated - use 'peers-clear-std' instead
Sep 16 2026 03:29:18 GMT: INFO (drv_ssd): (drv_ssd.c:2133) {ycsb} /dev/md127p3: used-bytes 145600000000 free-wblocks 105518 write-q 0 write (21084,23.6) defrag-q 8099 defrag-read (20995,0.8) defrag-write (5420,22.7)
Sep 16 2026 03:29:19 GMT: INFO (info): (ticker.c:169) NODE-ID bb9f1b2523a0d00 CLUSTER-SIZE 1 CLUSTER-NAME ycsb-default-20260916
Sep 16 2026 03:29:19 GMT: INFO (info): (ticker.c:241)    cluster-clock: skew-ms 0
Sep 16 2026 03:29:19 GMT: INFO (info): (ticker.c:265)    system: total-cpu-pct 450 user-cpu-pct 166 kernel-cpu-pct 284 free-mem-kbytes 122164708 free-mem-pct 92 thp-mem-kbytes 7159808 host-free-mem-kbytes 122164708 host-free-mem-pct 92
Sep 16 2026 03:29:19 GMT: INFO (info): (ticker.c:287)    process: cpu-pct 368 threads (9,61,113,113) heap-kbytes (6777608,6799544,7013888) heap-efficiency-pct 99.7
Sep 16 2026 03:29:19 GMT: INFO (info): (ticker.c:297)    in-progress: info-q 0 rw-hash 0 proxy-hash 0 tree-gc-q 0 long-queries 0
Sep 16 2026 03:29:19 GMT: INFO (info): (ticker.c:340)    fds: proto (512,7725,7213) heartbeat (0,0,0) fabric (0,0,0) admin (0,0,0)
Sep 16 2026 03:29:19 GMT: INFO (info): (ticker.c:352)    heartbeat-received: self 0 foreign 0
Sep 16 2026 03:29:19 GMT: INFO (info): (ticker.c:378)    fabric-bytes-per-second: bulk (0,0) ctrl (0,0) meta (0,0) rw (0,0)
Sep 16 2026 03:29:19 GMT: INFO (info): (ticker.c:426) {ycsb} objects: all 100000000 master 100000000 prole 0 non-replica 0
Sep 16 2026 03:29:19 GMT: INFO (info): (ticker.c:481) {ycsb} migrations: complete
Sep 16 2026 03:29:19 GMT: INFO (info): (ticker.c:506) {ycsb} index-usage: used-bytes 6400000000
Sep 16 2026 03:29:19 GMT: INFO (info): (ticker.c:559) {ycsb} data-usage: used-bytes 145600000000 avail-pct 80 cache-read-pct 0.20
Sep 16 2026 03:29:19 GMT: INFO (info): (ticker.c:618) {ycsb} client: tsvc (0,0) proxy (0,0,0) read (269933928,0,0,0,0) write (90244254,0,0,0) delete (0,0,0,0,0) udf (0,0,0,0) lang (0,0,0,0)
Sep 16 2026 03:29:19 GMT: INFO (info): (hist.c:319) histogram dump: {ycsb}-read (269933928 total) msec
Sep 16 2026 03:29:19 GMT: INFO (info): (hist.c:330)  (00: 0269651789) (01: 0000270838) (02: 0000010660) (03: 0000000354)
Sep 16 2026 03:29:19 GMT: INFO (info): (hist.c:339)  (04: 0000000020) (05: 0000000095) (06: 0000000172)
Sep 16 2026 03:29:19 GMT: INFO (info): (hist.c:319) histogram dump: {ycsb}-write (90244254 total) msec
Sep 16 2026 03:29:19 GMT: INFO (info): (hist.c:330)  (00: 0090195959) (01: 0000045355) (02: 0000002901) (03: 0000000037)
Sep 16 2026 03:29:19 GMT: INFO (info): (hist.c:339)  (05: 0000000001) (06: 0000000001)
Sep 16 2026 03:29:19 GMT: INFO (deprecation): (thr_info.c:888) (repeated:2560) 'services' info command is deprecated - use 'peers-clear-std' instead
Sep 16 2026 03:29:29 GMT: INFO (info): (ticker.c:169) NODE-ID bb9f1b2523a0d00 CLUSTER-SIZE 1 CLUSTER-NAME ycsb-default-20260916
Sep 16 2026 03:29:29 GMT: INFO (info): (ticker.c:241)    cluster-clock: skew-ms 0
Sep 16 2026 03:29:29 GMT: INFO (info): (ticker.c:265)    system: total-cpu-pct 446 user-cpu-pct 165 kernel-cpu-pct 281 free-mem-kbytes 122164552 free-mem-pct 92 thp-mem-kbytes 7159808 host-free-mem-kbytes 122164552 host-free-mem-pct 92
Sep 16 2026 03:29:29 GMT: INFO (info): (ticker.c:287)    process: cpu-pct 367 threads (9,61,113,113) heap-kbytes (6777595,6799544,7013888) heap-efficiency-pct 99.7
Sep 16 2026 03:29:29 GMT: INFO (info): (ticker.c:297)    in-progress: info-q 0 rw-hash 0 proxy-hash 0 tree-gc-q 0 long-queries 0
Sep 16 2026 03:29:29 GMT: INFO (info): (ticker.c:340)    fds: proto (512,7725,7213) heartbeat (0,0,0) fabric (0,0,0) admin (0,0,0)
Sep 16 2026 03:29:29 GMT: INFO (info): (ticker.c:352)    heartbeat-received: self 0 foreign 0
Sep 16 2026 03:29:29 GMT: INFO (info): (ticker.c:378)    fabric-bytes-per-second: bulk (0,0) ctrl (0,0) meta (0,0) rw (0,0)
Sep 16 2026 03:29:29 GMT: INFO (info): (ticker.c:426) {ycsb} objects: all 100000000 master 100000000 prole 0 non-replica 0
Sep 16 2026 03:29:29 GMT: INFO (info): (ticker.c:481) {ycsb} migrations: complete
Sep 16 2026 03:29:29 GMT: INFO (info): (ticker.c:506) {ycsb} index-usage: used-bytes 6400000000
Sep 16 2026 03:29:29 GMT: INFO (info): (ticker.c:559) {ycsb} data-usage: used-bytes 145600000000 avail-pct 80 cache-read-pct 0.19
Sep 16 2026 03:29:29 GMT: INFO (info): (ticker.c:618) {ycsb} client: tsvc (0,0) proxy (0,0,0) read (270884094,0,0,0,0) write (90294245,0,0,0) delete (0,0,0,0,0) udf (0,0,0,0) lang (0,0,0,0)
Sep 16 2026 03:29:29 GMT: INFO (info): (hist.c:319) histogram dump: {ycsb}-read (270884094 total) msec
Sep 16 2026 03:29:29 GMT: INFO (info): (hist.c:330)  (00: 0270601955) (01: 0000270838) (02: 0000010660) (03: 0000000354)
Sep 16 2026 03:29:29 GMT: INFO (info): (hist.c:339)  (04: 0000000020) (05: 0000000095) (06: 0000000172)
Sep 16 2026 03:29:29 GMT: INFO (info): (hist.c:319) histogram dump: {ycsb}-write (90294245 total) msec
Sep 16 2026 03:29:29 GMT: INFO (info): (hist.c:330)  (00: 0090245950) (01: 0000045355) (02: 0000002901) (03: 0000000037)
Sep 16 2026 03:29:29 GMT: INFO (info): (hist.c:339)  (05: 0000000001) (06: 0000000001)
Sep 16 2026 03:29:29 GMT: INFO (deprecation): (thr_info.c:888) (repeated:2560) 'services' info command is deprecated - use 'peers-clear-std' instead
Sep 16 2026 03:29:38 GMT: INFO (drv_ssd): (drv_ssd.c:2133) {ycsb} /dev/md127p3: used-bytes 145600000000 free-wblocks 106157 write-q 0 write (21556,23.6) defrag-q 7004 defrag-read (21012,0.9) defrag-write (5875,22.8)
Sep 16 2026 03:29:39 GMT: INFO (info): (ticker.c:169) NODE-ID bb9f1b2523a0d00 CLUSTER-SIZE 1 CLUSTER-NAME ycsb-default-20260916
Sep 16 2026 03:29:39 GMT: INFO (info): (ticker.c:241)    cluster-clock: skew-ms 0
Sep 16 2026 03:29:39 GMT: INFO (info): (ticker.c:265)    system: total-cpu-pct 449 user-cpu-pct 164 kernel-cpu-pct 285 free-mem-kbytes 122164564 free-mem-pct 92 thp-mem-kbytes 7159808 host-free-mem-kbytes 122164564 host-free-mem-pct 92
Sep 16 2026 03:29:39 GMT: INFO (info): (ticker.c:287)    process: cpu-pct 367 threads (9,61,113,113) heap-kbytes (6777596,6799544,7013888) heap-efficiency-pct 99.7
Sep 16 2026 03:29:39 GMT: INFO (info): (ticker.c:297)    in-progress: info-q 0 rw-hash 0 proxy-hash 0 tree-gc-q 0 long-queries 0
Sep 16 2026 03:29:39 GMT: INFO (info): (ticker.c:340)    fds: proto (512,7725,7213) heartbeat (0,0,0) fabric (0,0,0) admin (0,0,0)
Sep 16 2026 03:29:39 GMT: INFO (info): (ticker.c:352)    heartbeat-received: self 0 foreign 0
Sep 16 2026 03:29:39 GMT: INFO (info): (ticker.c:378)    fabric-bytes-per-second: bulk (0,0) ctrl (0,0) meta (0,0) rw (0,0)
Sep 16 2026 03:29:39 GMT: INFO (info): (ticker.c:426) {ycsb} objects: all 100000000 master 100000000 prole 0 non-replica 0
Sep 16 2026 03:29:39 GMT: INFO (info): (ticker.c:481) {ycsb} migrations: complete
Sep 16 2026 03:29:39 GMT: INFO (info): (ticker.c:506) {ycsb} index-usage: used-bytes 6400000000
Sep 16 2026 03:29:39 GMT: INFO (info): (ticker.c:559) {ycsb} data-usage: used-bytes 145600000000 avail-pct 80 cache-read-pct 0.20
Sep 16 2026 03:29:39 GMT: INFO (info): (ticker.c:618) {ycsb} client: tsvc (0,0) proxy (0,0,0) read (271834227,0,0,0,0) write (90344260,0,0,0) delete (0,0,0,0,0) udf (0,0,0,0) lang (0,0,0,0)
Sep 16 2026 03:29:39 GMT: INFO (info): (hist.c:319) histogram dump: {ycsb}-read (271834227 total) msec
Sep 16 2026 03:29:39 GMT: INFO (info): (hist.c:330)  (00: 0271552088) (01: 0000270838) (02: 0000010660) (03: 0000000354)
Sep 16 2026 03:29:39 GMT: INFO (info): (hist.c:339)  (04: 0000000020) (05: 0000000095) (06: 0000000172)
Sep 16 2026 03:29:39 GMT: INFO (info): (hist.c:319) histogram dump: {ycsb}-write (90344260 total) msec
Sep 16 2026 03:29:39 GMT: INFO (info): (hist.c:330)  (00: 0090295965) (01: 0000045355) (02: 0000002901) (03: 0000000037)
Sep 16 2026 03:29:39 GMT: INFO (info): (hist.c:339)  (05: 0000000001) (06: 0000000001)
Sep 16 2026 03:29:39 GMT: INFO (deprecation): (thr_info.c:888) (repeated:2560) 'services' info command is deprecated - use 'peers-clear-std' instead
Sep 16 2026 03:29:49 GMT: INFO (info): (ticker.c:169) NODE-ID bb9f1b2523a0d00 CLUSTER-SIZE 1 CLUSTER-NAME ycsb-default-20260916
Sep 16 2026 03:29:49 GMT: INFO (info): (ticker.c:241)    cluster-clock: skew-ms 0
Sep 16 2026 03:29:49 GMT: INFO (info): (ticker.c:265)    system: total-cpu-pct 452 user-cpu-pct 166 kernel-cpu-pct 286 free-mem-kbytes 122164656 free-mem-pct 92 thp-mem-kbytes 7159808 host-free-mem-kbytes 122164656 host-free-mem-pct 92
Sep 16 2026 03:29:49 GMT: INFO (info): (ticker.c:287)    process: cpu-pct 367 threads (9,61,113,113) heap-kbytes (6777598,6799544,7013888) heap-efficiency-pct 99.7
Sep 16 2026 03:29:49 GMT: INFO (info): (ticker.c:297)    in-progress: info-q 0 rw-hash 0 proxy-hash 0 tree-gc-q 0 long-queries 0
Sep 16 2026 03:29:49 GMT: INFO (info): (ticker.c:340)    fds: proto (512,7725,7213) heartbeat (0,0,0) fabric (0,0,0) admin (0,0,0)
Sep 16 2026 03:29:49 GMT: INFO (info): (ticker.c:352)    heartbeat-received: self 0 foreign 0
Sep 16 2026 03:29:49 GMT: INFO (info): (ticker.c:378)    fabric-bytes-per-second: bulk (0,0) ctrl (0,0) meta (0,0) rw (0,0)
Sep 16 2026 03:29:49 GMT: INFO (info): (ticker.c:426) {ycsb} objects: all 100000000 master 100000000 prole 0 non-replica 0
Sep 16 2026 03:29:49 GMT: INFO (info): (ticker.c:481) {ycsb} migrations: complete
Sep 16 2026 03:29:49 GMT: INFO (info): (ticker.c:506) {ycsb} index-usage: used-bytes 6400000000
Sep 16 2026 03:29:49 GMT: INFO (info): (ticker.c:559) {ycsb} data-usage: used-bytes 145600000000 avail-pct 81 cache-read-pct 0.19
Sep 16 2026 03:29:49 GMT: INFO (info): (ticker.c:618) {ycsb} client: tsvc (0,0) proxy (0,0,0) read (272784277,0,0,0,0) write (90394356,0,0,0) delete (0,0,0,0,0) udf (0,0,0,0) lang (0,0,0,0)
Sep 16 2026 03:29:49 GMT: INFO (info): (hist.c:319) histogram dump: {ycsb}-read (272784278 total) msec
Sep 16 2026 03:29:49 GMT: INFO (info): (hist.c:330)  (00: 0272502139) (01: 0000270838) (02: 0000010660) (03: 0000000354)
Sep 16 2026 03:29:49 GMT: INFO (info): (hist.c:339)  (04: 0000000020) (05: 0000000095) (06: 0000000172)
Sep 16 2026 03:29:49 GMT: INFO (info): (hist.c:319) histogram dump: {ycsb}-write (90394356 total) msec
Sep 16 2026 03:29:49 GMT: INFO (info): (hist.c:330)  (00: 0090346061) (01: 0000045355) (02: 0000002901) (03: 0000000037)
Sep 16 2026 03:29:49 GMT: INFO (info): (hist.c:339)  (05: 0000000001) (06: 0000000001)
Sep 16 2026 03:29:49 GMT: INFO (deprecation): (thr_info.c:888) (repeated:2560) 'services' info command is deprecated - use 'peers-clear-std' instead
Sep 16 2026 03:29:58 GMT: INFO (drv_ssd): (drv_ssd.c:2133) {ycsb} /dev/md127p3: used-bytes 145600000000 free-wblocks 106798 write-q 0 write (22030,23.7) defrag-q 5909 defrag-read (21031,0.9) defrag-write (6332,22.9)
Sep 16 2026 03:29:59 GMT: INFO (info): (ticker.c:169) NODE-ID bb9f1b2523a0d00 CLUSTER-SIZE 1 CLUSTER-NAME ycsb-default-20260916
Sep 16 2026 03:29:59 GMT: INFO (info): (ticker.c:241)    cluster-clock: skew-ms 0
Sep 16 2026 03:29:59 GMT: INFO (info): (ticker.c:265)    system: total-cpu-pct 452 user-cpu-pct 164 kernel-cpu-pct 288 free-mem-kbytes 122168316 free-mem-pct 92 thp-mem-kbytes 7157760 host-free-mem-kbytes 122168316 host-free-mem-pct 92
Sep 16 2026 03:29:59 GMT: INFO (info): (ticker.c:287)    process: cpu-pct 367 threads (9,61,113,113) heap-kbytes (6777593,6799544,7013888) heap-efficiency-pct 99.7
Sep 16 2026 03:29:59 GMT: INFO (info): (ticker.c:297)    in-progress: info-q 0 rw-hash 0 proxy-hash 0 tree-gc-q 0 long-queries 0
Sep 16 2026 03:29:59 GMT: INFO (info): (ticker.c:340)    fds: proto (512,7725,7213) heartbeat (0,0,0) fabric (0,0,0) admin (0,0,0)
Sep 16 2026 03:29:59 GMT: INFO (info): (ticker.c:352)    heartbeat-received: self 0 foreign 0
Sep 16 2026 03:29:59 GMT: INFO (info): (ticker.c:378)    fabric-bytes-per-second: bulk (0,0) ctrl (0,0) meta (0,0) rw (0,0)
Sep 16 2026 03:29:59 GMT: INFO (info): (ticker.c:426) {ycsb} objects: all 100000000 master 100000000 prole 0 non-replica 0
Sep 16 2026 03:29:59 GMT: INFO (info): (ticker.c:481) {ycsb} migrations: complete
Sep 16 2026 03:29:59 GMT: INFO (info): (ticker.c:506) {ycsb} index-usage: used-bytes 6400000000
Sep 16 2026 03:29:59 GMT: INFO (info): (ticker.c:559) {ycsb} data-usage: used-bytes 145600000000 avail-pct 81 cache-read-pct 0.18
Sep 16 2026 03:29:59 GMT: INFO (info): (ticker.c:618) {ycsb} client: tsvc (0,0) proxy (0,0,0) read (273734337,0,0,0,0) write (90444457,0,0,0) delete (0,0,0,0,0) udf (0,0,0,0) lang (0,0,0,0)
Sep 16 2026 03:29:59 GMT: INFO (info): (hist.c:319) histogram dump: {ycsb}-read (273734339 total) msec
Sep 16 2026 03:29:59 GMT: INFO (info): (hist.c:330)  (00: 0273452200) (01: 0000270838) (02: 0000010660) (03: 0000000354)
Sep 16 2026 03:29:59 GMT: INFO (info): (hist.c:339)  (04: 0000000020) (05: 0000000095) (06: 0000000172)
Sep 16 2026 03:29:59 GMT: INFO (info): (hist.c:319) histogram dump: {ycsb}-write (90444457 total) msec
Sep 16 2026 03:29:59 GMT: INFO (info): (hist.c:330)  (00: 0090396162) (01: 0000045355) (02: 0000002901) (03: 0000000037)
Sep 16 2026 03:29:59 GMT: INFO (info): (hist.c:339)  (05: 0000000001) (06: 0000000001)
Sep 16 2026 03:29:59 GMT: INFO (deprecation): (thr_info.c:888) (repeated:2560) 'services' info command is deprecated - use 'peers-clear-std' instead
Sep 16 2026 03:30:09 GMT: INFO (info): (ticker.c:169) NODE-ID bb9f1b2523a0d00 CLUSTER-SIZE 1 CLUSTER-NAME ycsb-default-20260916
Sep 16 2026 03:30:09 GMT: INFO (info): (ticker.c:241)    cluster-clock: skew-ms 0
Sep 16 2026 03:30:09 GMT: INFO (info): (ticker.c:265)    system: total-cpu-pct 453 user-cpu-pct 168 kernel-cpu-pct 285 free-mem-kbytes 122168340 free-mem-pct 92 thp-mem-kbytes 7157760 host-free-mem-kbytes 122168340 host-free-mem-pct 92
Sep 16 2026 03:30:09 GMT: INFO (info): (ticker.c:287)    process: cpu-pct 366 threads (9,61,113,113) heap-kbytes (6777601,6799544,7013888) heap-efficiency-pct 99.7
Sep 16 2026 03:30:09 GMT: INFO (info): (ticker.c:297)    in-progress: info-q 0 rw-hash 0 proxy-hash 0 tree-gc-q 0 long-queries 0
Sep 16 2026 03:30:09 GMT: INFO (info): (ticker.c:340)    fds: proto (512,7725,7213) heartbeat (0,0,0) fabric (0,0,0) admin (0,0,0)
Sep 16 2026 03:30:09 GMT: INFO (info): (ticker.c:352)    heartbeat-received: self 0 foreign 0
Sep 16 2026 03:30:09 GMT: INFO (info): (ticker.c:378)    fabric-bytes-per-second: bulk (0,0) ctrl (0,0) meta (0,0) rw (0,0)
Sep 16 2026 03:30:09 GMT: INFO (info): (ticker.c:426) {ycsb} objects: all 100000000 master 100000000 prole 0 non-replica 0
Sep 16 2026 03:30:09 GMT: INFO (info): (ticker.c:481) {ycsb} migrations: complete
Sep 16 2026 03:30:09 GMT: INFO (info): (ticker.c:506) {ycsb} index-usage: used-bytes 6400000000
Sep 16 2026 03:30:09 GMT: INFO (info): (ticker.c:559) {ycsb} data-usage: used-bytes 145600000000 avail-pct 81 cache-read-pct 0.19
Sep 16 2026 03:30:09 GMT: INFO (info): (ticker.c:618) {ycsb} client: tsvc (0,0) proxy (0,0,0) read (274684479,0,0,0,0) write (90494462,0,0,0) delete (0,0,0,0,0) udf (0,0,0,0) lang (0,0,0,0)
Sep 16 2026 03:30:09 GMT: INFO (info): (hist.c:319) histogram dump: {ycsb}-read (274684479 total) msec
Sep 16 2026 03:30:09 GMT: INFO (info): (hist.c:330)  (00: 0274402252) (01: 0000270926) (02: 0000010660) (03: 0000000354)
Sep 16 2026 03:30:09 GMT: INFO (info): (hist.c:339)  (04: 0000000020) (05: 0000000095) (06: 0000000172)
Sep 16 2026 03:30:09 GMT: INFO (info): (hist.c:319) histogram dump: {ycsb}-write (90494462 total) msec
Sep 16 2026 03:30:09 GMT: INFO (info): (hist.c:330)  (00: 0090446167) (01: 0000045355) (02: 0000002901) (03: 0000000037)
Sep 16 2026 03:30:09 GMT: INFO (info): (hist.c:339)  (05: 0000000001) (06: 0000000001)
Sep 16 2026 03:30:09 GMT: INFO (deprecation): (thr_info.c:888) (repeated:2560) 'services' info command is deprecated - use 'peers-clear-std' instead
Sep 16 2026 03:30:18 GMT: INFO (drv_ssd): (drv_ssd.c:2133) {ycsb} /dev/md127p3: used-bytes 145600000000 free-wblocks 107434 write-q 0 write (22505,23.8) defrag-q 4816 defrag-read (21050,0.9) defrag-write (6789,22.9)
Sep 16 2026 03:30:19 GMT: INFO (info): (ticker.c:169) NODE-ID bb9f1b2523a0d00 CLUSTER-SIZE 1 CLUSTER-NAME ycsb-default-20260916
Sep 16 2026 03:30:19 GMT: INFO (info): (ticker.c:241)    cluster-clock: skew-ms 0
Sep 16 2026 03:30:19 GMT: INFO (info): (ticker.c:265)    system: total-cpu-pct 459 user-cpu-pct 169 kernel-cpu-pct 290 free-mem-kbytes 122167428 free-mem-pct 92 thp-mem-kbytes 7159808 host-free-mem-kbytes 122167428 host-free-mem-pct 92
Sep 16 2026 03:30:19 GMT: INFO (info): (ticker.c:287)    process: cpu-pct 366 threads (9,61,113,113) heap-kbytes (6777590,6799544,7013888) heap-efficiency-pct 99.7
Sep 16 2026 03:30:19 GMT: INFO (info): (ticker.c:297)    in-progress: info-q 0 rw-hash 0 proxy-hash 0 tree-gc-q 0 long-queries 0
Sep 16 2026 03:30:19 GMT: INFO (info): (ticker.c:340)    fds: proto (512,7725,7213) heartbeat (0,0,0) fabric (0,0,0) admin (0,0,0)
Sep 16 2026 03:30:19 GMT: INFO (info): (ticker.c:352)    heartbeat-received: self 0 foreign 0
Sep 16 2026 03:30:19 GMT: INFO (info): (ticker.c:378)    fabric-bytes-per-second: bulk (0,0) ctrl (0,0) meta (0,0) rw (0,0)
Sep 16 2026 03:30:19 GMT: INFO (info): (ticker.c:426) {ycsb} objects: all 100000000 master 100000000 prole 0 non-replica 0
Sep 16 2026 03:30:19 GMT: INFO (info): (ticker.c:481) {ycsb} migrations: complete
Sep 16 2026 03:30:19 GMT: INFO (info): (ticker.c:506) {ycsb} index-usage: used-bytes 6400000000
Sep 16 2026 03:30:19 GMT: INFO (info): (ticker.c:559) {ycsb} data-usage: used-bytes 145600000000 avail-pct 81 cache-read-pct 0.19
Sep 16 2026 03:30:19 GMT: INFO (info): (ticker.c:618) {ycsb} client: tsvc (0,0) proxy (0,0,0) read (275634260,0,0,0,0) write (90544821,0,0,0) delete (0,0,0,0,0) udf (0,0,0,0) lang (0,0,0,0)
Sep 16 2026 03:30:19 GMT: INFO (info): (hist.c:319) histogram dump: {ycsb}-read (275634260 total) msec
Sep 16 2026 03:30:19 GMT: INFO (info): (hist.c:330)  (00: 0275352032) (01: 0000270927) (02: 0000010660) (03: 0000000354)
Sep 16 2026 03:30:19 GMT: INFO (info): (hist.c:339)  (04: 0000000020) (05: 0000000095) (06: 0000000172)
Sep 16 2026 03:30:19 GMT: INFO (info): (hist.c:319) histogram dump: {ycsb}-write (90544821 total) msec
Sep 16 2026 03:30:19 GMT: INFO (info): (hist.c:330)  (00: 0090496526) (01: 0000045355) (02: 0000002901) (03: 0000000037)
Sep 16 2026 03:30:19 GMT: INFO (info): (hist.c:339)  (05: 0000000001) (06: 0000000001)
Sep 16 2026 03:30:19 GMT: INFO (deprecation): (thr_info.c:888) (repeated:2560) 'services' info command is deprecated - use 'peers-clear-std' instead
Sep 16 2026 03:30:29 GMT: INFO (info): (ticker.c:169) NODE-ID bb9f1b2523a0d00 CLUSTER-SIZE 1 CLUSTER-NAME ycsb-default-20260916
Sep 16 2026 03:30:29 GMT: INFO (info): (ticker.c:241)    cluster-clock: skew-ms 0
Sep 16 2026 03:30:29 GMT: INFO (info): (ticker.c:265)    system: total-cpu-pct 457 user-cpu-pct 167 kernel-cpu-pct 290 free-mem-kbytes 122167448 free-mem-pct 92 thp-mem-kbytes 7159808 host-free-mem-kbytes 122167448 host-free-mem-pct 92
Sep 16 2026 03:30:29 GMT: INFO (info): (ticker.c:287)    process: cpu-pct 368 threads (9,61,113,113) heap-kbytes (6777597,6799544,7013888) heap-efficiency-pct 99.7
Sep 16 2026 03:30:29 GMT: INFO (info): (ticker.c:297)    in-progress: info-q 0 rw-hash 0 proxy-hash 0 tree-gc-q 0 long-queries 0
Sep 16 2026 03:30:29 GMT: INFO (info): (ticker.c:340)    fds: proto (512,7725,7213) heartbeat (0,0,0) fabric (0,0,0) admin (0,0,0)
Sep 16 2026 03:30:29 GMT: INFO (info): (ticker.c:352)    heartbeat-received: self 0 foreign 0
Sep 16 2026 03:30:29 GMT: INFO (info): (ticker.c:378)    fabric-bytes-per-second: bulk (0,0) ctrl (0,0) meta (0,0) rw (0,0)
Sep 16 2026 03:30:29 GMT: INFO (info): (ticker.c:426) {ycsb} objects: all 100000000 master 100000000 prole 0 non-replica 0
Sep 16 2026 03:30:29 GMT: INFO (info): (ticker.c:481) {ycsb} migrations: complete
Sep 16 2026 03:30:29 GMT: INFO (info): (ticker.c:506) {ycsb} index-usage: used-bytes 6400000000
Sep 16 2026 03:30:29 GMT: INFO (info): (ticker.c:559) {ycsb} data-usage: used-bytes 145600000000 avail-pct 82 cache-read-pct 0.19
Sep 16 2026 03:30:29 GMT: INFO (info): (ticker.c:618) {ycsb} client: tsvc (0,0) proxy (0,0,0) read (276584501,0,0,0,0) write (90594734,0,0,0) delete (0,0,0,0,0) udf (0,0,0,0) lang (0,0,0,0)
Sep 16 2026 03:30:29 GMT: INFO (info): (hist.c:319) histogram dump: {ycsb}-read (276584501 total) msec
Sep 16 2026 03:30:29 GMT: INFO (info): (hist.c:330)  (00: 0276302273) (01: 0000270927) (02: 0000010660) (03: 0000000354)
Sep 16 2026 03:30:29 GMT: INFO (info): (hist.c:339)  (04: 0000000020) (05: 0000000095) (06: 0000000172)
Sep 16 2026 03:30:29 GMT: INFO (info): (hist.c:319) histogram dump: {ycsb}-write (90594735 total) msec
Sep 16 2026 03:30:29 GMT: INFO (info): (hist.c:330)  (00: 0090546440) (01: 0000045355) (02: 0000002901) (03: 0000000037)
Sep 16 2026 03:30:29 GMT: INFO (info): (hist.c:339)  (05: 0000000001) (06: 0000000001)
Sep 16 2026 03:30:29 GMT: INFO (deprecation): (thr_info.c:888) (repeated:2560) 'services' info command is deprecated - use 'peers-clear-std' instead
Sep 16 2026 03:30:38 GMT: INFO (drv_ssd): (drv_ssd.c:2133) {ycsb} /dev/md127p3: used-bytes 145600000000 free-wblocks 108069 write-q 0 write (22981,23.8) defrag-q 3727 defrag-read (21073,1.1) defrag-write (7248,23.0)
Sep 16 2026 03:30:39 GMT: INFO (info): (ticker.c:169) NODE-ID bb9f1b2523a0d00 CLUSTER-SIZE 1 CLUSTER-NAME ycsb-default-20260916
Sep 16 2026 03:30:39 GMT: INFO (info): (ticker.c:241)    cluster-clock: skew-ms 0
Sep 16 2026 03:30:39 GMT: INFO (info): (ticker.c:265)    system: total-cpu-pct 459 user-cpu-pct 168 kernel-cpu-pct 291 free-mem-kbytes 122167792 free-mem-pct 92 thp-mem-kbytes 7159808 host-free-mem-kbytes 122167792 host-free-mem-pct 92
Sep 16 2026 03:30:39 GMT: INFO (info): (ticker.c:287)    process: cpu-pct 368 threads (9,61,113,113) heap-kbytes (6777594,6799544,7013888) heap-efficiency-pct 99.7
Sep 16 2026 03:30:39 GMT: INFO (info): (ticker.c:297)    in-progress: info-q 0 rw-hash 0 proxy-hash 0 tree-gc-q 0 long-queries 0
Sep 16 2026 03:30:39 GMT: INFO (info): (ticker.c:340)    fds: proto (512,7725,7213) heartbeat (0,0,0) fabric (0,0,0) admin (0,0,0)
Sep 16 2026 03:30:39 GMT: INFO (info): (ticker.c:352)    heartbeat-received: self 0 foreign 0
Sep 16 2026 03:30:39 GMT: INFO (info): (ticker.c:378)    fabric-bytes-per-second: bulk (0,0) ctrl (0,0) meta (0,0) rw (0,0)
Sep 16 2026 03:30:39 GMT: INFO (info): (ticker.c:426) {ycsb} objects: all 100000000 master 100000000 prole 0 non-replica 0
Sep 16 2026 03:30:39 GMT: INFO (info): (ticker.c:481) {ycsb} migrations: complete
Sep 16 2026 03:30:39 GMT: INFO (info): (ticker.c:506) {ycsb} index-usage: used-bytes 6400000000
Sep 16 2026 03:30:39 GMT: INFO (info): (ticker.c:559) {ycsb} data-usage: used-bytes 145600000000 avail-pct 82 cache-read-pct 0.19
Sep 16 2026 03:30:39 GMT: INFO (info): (ticker.c:618) {ycsb} client: tsvc (0,0) proxy (0,0,0) read (277534294,0,0,0,0) write (90645099,0,0,0) delete (0,0,0,0,0) udf (0,0,0,0) lang (0,0,0,0)
Sep 16 2026 03:30:39 GMT: INFO (info): (hist.c:319) histogram dump: {ycsb}-read (277534294 total) msec
Sep 16 2026 03:30:39 GMT: INFO (info): (hist.c:330)  (00: 0277252066) (01: 0000270927) (02: 0000010660) (03: 0000000354)
Sep 16 2026 03:30:39 GMT: INFO (info): (hist.c:339)  (04: 0000000020) (05: 0000000095) (06: 0000000172)
Sep 16 2026 03:30:39 GMT: INFO (info): (hist.c:319) histogram dump: {ycsb}-write (90645099 total) msec
Sep 16 2026 03:30:39 GMT: INFO (info): (hist.c:330)  (00: 0090596804) (01: 0000045355) (02: 0000002901) (03: 0000000037)
Sep 16 2026 03:30:39 GMT: INFO (info): (hist.c:339)  (05: 0000000001) (06: 0000000001)
Sep 16 2026 03:30:39 GMT: INFO (deprecation): (thr_info.c:888) (repeated:2560) 'services' info command is deprecated - use 'peers-clear-std' instead
Sep 16 2026 03:30:49 GMT: INFO (info): (ticker.c:169) NODE-ID bb9f1b2523a0d00 CLUSTER-SIZE 1 CLUSTER-NAME ycsb-default-20260916
Sep 16 2026 03:30:49 GMT: INFO (info): (ticker.c:241)    cluster-clock: skew-ms 0
Sep 16 2026 03:30:49 GMT: INFO (info): (ticker.c:265)    system: total-cpu-pct 460 user-cpu-pct 167 kernel-cpu-pct 293 free-mem-kbytes 122167356 free-mem-pct 92 thp-mem-kbytes 7159808 host-free-mem-kbytes 122167356 host-free-mem-pct 92
Sep 16 2026 03:30:49 GMT: INFO (info): (ticker.c:287)    process: cpu-pct 368 threads (9,61,113,113) heap-kbytes (6777595,6799544,7013888) heap-efficiency-pct 99.7
Sep 16 2026 03:30:49 GMT: INFO (info): (ticker.c:297)    in-progress: info-q 0 rw-hash 0 proxy-hash 0 tree-gc-q 0 long-queries 0
Sep 16 2026 03:30:49 GMT: INFO (info): (ticker.c:340)    fds: proto (512,7725,7213) heartbeat (0,0,0) fabric (0,0,0) admin (0,0,0)
Sep 16 2026 03:30:49 GMT: INFO (info): (ticker.c:352)    heartbeat-received: self 0 foreign 0
Sep 16 2026 03:30:49 GMT: INFO (info): (ticker.c:378)    fabric-bytes-per-second: bulk (0,0) ctrl (0,0) meta (0,0) rw (0,0)
Sep 16 2026 03:30:49 GMT: INFO (info): (ticker.c:426) {ycsb} objects: all 100000000 master 100000000 prole 0 non-replica 0
Sep 16 2026 03:30:49 GMT: INFO (info): (ticker.c:481) {ycsb} migrations: complete
Sep 16 2026 03:30:49 GMT: INFO (info): (ticker.c:506) {ycsb} index-usage: used-bytes 6400000000
Sep 16 2026 03:30:49 GMT: INFO (info): (ticker.c:559) {ycsb} data-usage: used-bytes 145600000000 avail-pct 82 cache-read-pct 0.19
Sep 16 2026 03:30:49 GMT: INFO (info): (ticker.c:618) {ycsb} client: tsvc (0,0) proxy (0,0,0) read (278484618,0,0,0,0) write (90694936,0,0,0) delete (0,0,0,0,0) udf (0,0,0,0) lang (0,0,0,0)
Sep 16 2026 03:30:49 GMT: INFO (info): (hist.c:319) histogram dump: {ycsb}-read (278484618 total) msec
Sep 16 2026 03:30:49 GMT: INFO (info): (hist.c:330)  (00: 0278202390) (01: 0000270927) (02: 0000010660) (03: 0000000354)
Sep 16 2026 03:30:49 GMT: INFO (info): (hist.c:339)  (04: 0000000020) (05: 0000000095) (06: 0000000172)
Sep 16 2026 03:30:49 GMT: INFO (info): (hist.c:319) histogram dump: {ycsb}-write (90694936 total) msec
Sep 16 2026 03:30:49 GMT: INFO (info): (hist.c:330)  (00: 0090646641) (01: 0000045355) (02: 0000002901) (03: 0000000037)
Sep 16 2026 03:30:49 GMT: INFO (info): (hist.c:339)  (05: 0000000001) (06: 0000000001)
Sep 16 2026 03:30:49 GMT: INFO (deprecation): (thr_info.c:888) (repeated:2560) 'services' info command is deprecated - use 'peers-clear-std' instead
Sep 16 2026 03:30:58 GMT: INFO (drv_ssd): (drv_ssd.c:2133) {ycsb} /dev/md127p3: used-bytes 145600000000 free-wblocks 108686 write-q 0 write (23458,23.9) defrag-q 2646 defrag-read (21085,0.6) defrag-write (7707,23.0)
Sep 16 2026 03:30:59 GMT: INFO (info): (ticker.c:169) NODE-ID bb9f1b2523a0d00 CLUSTER-SIZE 1 CLUSTER-NAME ycsb-default-20260916
Sep 16 2026 03:30:59 GMT: INFO (info): (ticker.c:241)    cluster-clock: skew-ms 0
Sep 16 2026 03:30:59 GMT: INFO (info): (ticker.c:265)    system: total-cpu-pct 457 user-cpu-pct 169 kernel-cpu-pct 288 free-mem-kbytes 122167624 free-mem-pct 92 thp-mem-kbytes 7157760 host-free-mem-kbytes 122167624 host-free-mem-pct 92
Sep 16 2026 03:30:59 GMT: INFO (info): (ticker.c:287)    process: cpu-pct 369 threads (9,61,113,113) heap-kbytes (6777662,6799612,7013888) heap-efficiency-pct 99.7
Sep 16 2026 03:30:59 GMT: INFO (info): (ticker.c:297)    in-progress: info-q 0 rw-hash 0 proxy-hash 0 tree-gc-q 0 long-queries 0
Sep 16 2026 03:30:59 GMT: INFO (info): (ticker.c:340)    fds: proto (512,7725,7213) heartbeat (0,0,0) fabric (0,0,0) admin (0,0,0)
Sep 16 2026 03:30:59 GMT: INFO (info): (ticker.c:352)    heartbeat-received: self 0 foreign 0
Sep 16 2026 03:30:59 GMT: INFO (info): (ticker.c:378)    fabric-bytes-per-second: bulk (0,0) ctrl (0,0) meta (0,0) rw (0,0)
Sep 16 2026 03:30:59 GMT: INFO (info): (ticker.c:426) {ycsb} objects: all 100000000 master 100000000 prole 0 non-replica 0
Sep 16 2026 03:30:59 GMT: INFO (info): (ticker.c:481) {ycsb} migrations: complete
Sep 16 2026 03:30:59 GMT: INFO (info): (ticker.c:506) {ycsb} index-usage: used-bytes 6400000000
Sep 16 2026 03:30:59 GMT: INFO (info): (ticker.c:559) {ycsb} data-usage: used-bytes 145600000000 avail-pct 82 cache-read-pct 0.18
Sep 16 2026 03:30:59 GMT: INFO (info): (ticker.c:618) {ycsb} client: tsvc (0,0) proxy (0,0,0) read (279434559,0,0,0,0) write (90745141,0,0,0) delete (0,0,0,0,0) udf (0,0,0,0) lang (0,0,0,0)
Sep 16 2026 03:30:59 GMT: INFO (info): (hist.c:319) histogram dump: {ycsb}-read (279434559 total) msec
Sep 16 2026 03:30:59 GMT: INFO (info): (hist.c:330)  (00: 0279152331) (01: 0000270927) (02: 0000010660) (03: 0000000354)
Sep 16 2026 03:30:59 GMT: INFO (info): (hist.c:339)  (04: 0000000020) (05: 0000000095) (06: 0000000172)
Sep 16 2026 03:30:59 GMT: INFO (info): (hist.c:319) histogram dump: {ycsb}-write (90745141 total) msec
Sep 16 2026 03:30:59 GMT: INFO (info): (hist.c:330)  (00: 0090696846) (01: 0000045355) (02: 0000002901) (03: 0000000037)
Sep 16 2026 03:30:59 GMT: INFO (info): (hist.c:339)  (05: 0000000001) (06: 0000000001)
Sep 16 2026 03:30:59 GMT: INFO (deprecation): (thr_info.c:888) (repeated:2560) 'services' info command is deprecated - use 'peers-clear-std' instead
Sep 16 2026 03:31:09 GMT: INFO (info): (ticker.c:169) NODE-ID bb9f1b2523a0d00 CLUSTER-SIZE 1 CLUSTER-NAME ycsb-default-20260916
Sep 16 2026 03:31:09 GMT: INFO (info): (ticker.c:241)    cluster-clock: skew-ms 0
Sep 16 2026 03:31:09 GMT: INFO (info): (ticker.c:265)    system: total-cpu-pct 454 user-cpu-pct 168 kernel-cpu-pct 286 free-mem-kbytes 122167892 free-mem-pct 92 thp-mem-kbytes 7157760 host-free-mem-kbytes 122167892 host-free-mem-pct 92
Sep 16 2026 03:31:09 GMT: INFO (info): (ticker.c:287)    process: cpu-pct 369 threads (9,61,113,113) heap-kbytes (6777657,6799612,7013888) heap-efficiency-pct 99.7
Sep 16 2026 03:31:09 GMT: INFO (info): (ticker.c:297)    in-progress: info-q 0 rw-hash 0 proxy-hash 0 tree-gc-q 0 long-queries 0
Sep 16 2026 03:31:09 GMT: INFO (info): (ticker.c:340)    fds: proto (512,7725,7213) heartbeat (0,0,0) fabric (0,0,0) admin (0,0,0)
Sep 16 2026 03:31:09 GMT: INFO (info): (ticker.c:352)    heartbeat-received: self 0 foreign 0
Sep 16 2026 03:31:09 GMT: INFO (info): (ticker.c:378)    fabric-bytes-per-second: bulk (0,0) ctrl (0,0) meta (0,0) rw (0,0)
Sep 16 2026 03:31:09 GMT: INFO (info): (ticker.c:426) {ycsb} objects: all 100000000 master 100000000 prole 0 non-replica 0
Sep 16 2026 03:31:09 GMT: INFO (info): (ticker.c:481) {ycsb} migrations: complete
Sep 16 2026 03:31:09 GMT: INFO (info): (ticker.c:506) {ycsb} index-usage: used-bytes 6400000000
Sep 16 2026 03:31:09 GMT: INFO (info): (ticker.c:559) {ycsb} data-usage: used-bytes 145600000000 avail-pct 83 cache-read-pct 0.19
Sep 16 2026 03:31:09 GMT: INFO (info): (ticker.c:618) {ycsb} client: tsvc (0,0) proxy (0,0,0) read (280384903,0,0,0,0) write (90794950,0,0,0) delete (0,0,0,0,0) udf (0,0,0,0) lang (0,0,0,0)
Sep 16 2026 03:31:09 GMT: INFO (info): (hist.c:319) histogram dump: {ycsb}-read (280384903 total) msec
Sep 16 2026 03:31:09 GMT: INFO (info): (hist.c:330)  (00: 0280102675) (01: 0000270927) (02: 0000010660) (03: 0000000354)
Sep 16 2026 03:31:09 GMT: INFO (info): (hist.c:339)  (04: 0000000020) (05: 0000000095) (06: 0000000172)
Sep 16 2026 03:31:09 GMT: INFO (info): (hist.c:319) histogram dump: {ycsb}-write (90794950 total) msec
Sep 16 2026 03:31:09 GMT: INFO (info): (hist.c:330)  (00: 0090746655) (01: 0000045355) (02: 0000002901) (03: 0000000037)
Sep 16 2026 03:31:09 GMT: INFO (info): (hist.c:339)  (05: 0000000001) (06: 0000000001)
Sep 16 2026 03:31:09 GMT: INFO (deprecation): (thr_info.c:888) (repeated:2560) 'services' info command is deprecated - use 'peers-clear-std' instead
Sep 16 2026 03:31:18 GMT: INFO (drv_ssd): (drv_ssd.c:2133) {ycsb} /dev/md127p3: used-bytes 145600000000 free-wblocks 109270 write-q 0 write (23952,24.7) defrag-q 1580 defrag-read (21096,0.6) defrag-write (8184,23.9)
Sep 16 2026 03:31:19 GMT: INFO (info): (ticker.c:169) NODE-ID bb9f1b2523a0d00 CLUSTER-SIZE 1 CLUSTER-NAME ycsb-default-20260916
Sep 16 2026 03:31:19 GMT: INFO (info): (ticker.c:241)    cluster-clock: skew-ms 0
Sep 16 2026 03:31:19 GMT: INFO (info): (ticker.c:265)    system: total-cpu-pct 452 user-cpu-pct 168 kernel-cpu-pct 284 free-mem-kbytes 122163844 free-mem-pct 92 thp-mem-kbytes 7159808 host-free-mem-kbytes 122163844 host-free-mem-pct 92
Sep 16 2026 03:31:19 GMT: INFO (info): (ticker.c:287)    process: cpu-pct 369 threads (9,61,113,113) heap-kbytes (6777659,6799612,7013888) heap-efficiency-pct 99.7
Sep 16 2026 03:31:19 GMT: INFO (info): (ticker.c:297)    in-progress: info-q 0 rw-hash 0 proxy-hash 0 tree-gc-q 0 long-queries 0
Sep 16 2026 03:31:19 GMT: INFO (info): (ticker.c:340)    fds: proto (512,7725,7213) heartbeat (0,0,0) fabric (0,0,0) admin (0,0,0)
Sep 16 2026 03:31:19 GMT: INFO (info): (ticker.c:352)    heartbeat-received: self 0 foreign 0
Sep 16 2026 03:31:19 GMT: INFO (info): (ticker.c:378)    fabric-bytes-per-second: bulk (0,0) ctrl (0,0) meta (0,0) rw (0,0)
Sep 16 2026 03:31:19 GMT: INFO (info): (ticker.c:426) {ycsb} objects: all 100000000 master 100000000 prole 0 non-replica 0
Sep 16 2026 03:31:19 GMT: INFO (info): (ticker.c:481) {ycsb} migrations: complete
Sep 16 2026 03:31:19 GMT: INFO (info): (ticker.c:506) {ycsb} index-usage: used-bytes 6400000000
Sep 16 2026 03:31:19 GMT: INFO (info): (ticker.c:559) {ycsb} data-usage: used-bytes 145600000000 avail-pct 83 cache-read-pct 0.19
Sep 16 2026 03:31:19 GMT: INFO (info): (ticker.c:618) {ycsb} client: tsvc (0,0) proxy (0,0,0) read (281335110,0,0,0,0) write (90844900,0,0,0) delete (0,0,0,0,0) udf (0,0,0,0) lang (0,0,0,0)
Sep 16 2026 03:31:19 GMT: INFO (info): (hist.c:319) histogram dump: {ycsb}-read (281335110 total) msec
Sep 16 2026 03:31:19 GMT: INFO (info): (hist.c:330)  (00: 0281052882) (01: 0000270927) (02: 0000010660) (03: 0000000354)
Sep 16 2026 03:31:19 GMT: INFO (info): (hist.c:339)  (04: 0000000020) (05: 0000000095) (06: 0000000172)
Sep 16 2026 03:31:19 GMT: INFO (info): (hist.c:319) histogram dump: {ycsb}-write (90844900 total) msec
Sep 16 2026 03:31:19 GMT: INFO (info): (hist.c:330)  (00: 0090796605) (01: 0000045355) (02: 0000002901) (03: 0000000037)
Sep 16 2026 03:31:19 GMT: INFO (info): (hist.c:339)  (05: 0000000001) (06: 0000000001)
Sep 16 2026 03:31:19 GMT: INFO (deprecation): (thr_info.c:888) (repeated:2560) 'services' info command is deprecated - use 'peers-clear-std' instead
Sep 16 2026 03:31:29 GMT: INFO (info): (ticker.c:169) NODE-ID bb9f1b2523a0d00 CLUSTER-SIZE 1 CLUSTER-NAME ycsb-default-20260916
Sep 16 2026 03:31:29 GMT: INFO (info): (ticker.c:241)    cluster-clock: skew-ms 0
Sep 16 2026 03:31:29 GMT: INFO (info): (ticker.c:265)    system: total-cpu-pct 444 user-cpu-pct 166 kernel-cpu-pct 278 free-mem-kbytes 122163412 free-mem-pct 92 thp-mem-kbytes 7157760 host-free-mem-kbytes 122163412 host-free-mem-pct 92
Sep 16 2026 03:31:29 GMT: INFO (info): (ticker.c:287)    process: cpu-pct 368 threads (9,61,113,113) heap-kbytes (6777646,6799612,7013888) heap-efficiency-pct 99.7
Sep 16 2026 03:31:29 GMT: INFO (info): (ticker.c:297)    in-progress: info-q 0 rw-hash 1 proxy-hash 0 tree-gc-q 0 long-queries 0
Sep 16 2026 03:31:29 GMT: INFO (info): (ticker.c:340)    fds: proto (512,7725,7213) heartbeat (0,0,0) fabric (0,0,0) admin (0,0,0)
Sep 16 2026 03:31:29 GMT: INFO (info): (ticker.c:352)    heartbeat-received: self 0 foreign 0
Sep 16 2026 03:31:29 GMT: INFO (info): (ticker.c:378)    fabric-bytes-per-second: bulk (0,0) ctrl (0,0) meta (0,0) rw (0,0)
Sep 16 2026 03:31:29 GMT: INFO (info): (ticker.c:426) {ycsb} objects: all 100000000 master 100000000 prole 0 non-replica 0
Sep 16 2026 03:31:29 GMT: INFO (info): (ticker.c:481) {ycsb} migrations: complete
Sep 16 2026 03:31:29 GMT: INFO (info): (ticker.c:506) {ycsb} index-usage: used-bytes 6400000000
Sep 16 2026 03:31:29 GMT: INFO (info): (ticker.c:559) {ycsb} data-usage: used-bytes 145600000000 avail-pct 83 cache-read-pct 0.19
Sep 16 2026 03:31:29 GMT: INFO (info): (ticker.c:618) {ycsb} client: tsvc (0,0) proxy (0,0,0) read (282285311,0,0,0,0) write (90894849,0,0,0) delete (0,0,0,0,0) udf (0,0,0,0) lang (0,0,0,0)
Sep 16 2026 03:31:29 GMT: INFO (info): (hist.c:319) histogram dump: {ycsb}-read (282285311 total) msec
Sep 16 2026 03:31:29 GMT: INFO (info): (hist.c:330)  (00: 0282003083) (01: 0000270927) (02: 0000010660) (03: 0000000354)
Sep 16 2026 03:31:29 GMT: INFO (info): (hist.c:339)  (04: 0000000020) (05: 0000000095) (06: 0000000172)
Sep 16 2026 03:31:29 GMT: INFO (info): (hist.c:319) histogram dump: {ycsb}-write (90894850 total) msec
Sep 16 2026 03:31:29 GMT: INFO (info): (hist.c:330)  (00: 0090846555) (01: 0000045355) (02: 0000002901) (03: 0000000037)
Sep 16 2026 03:31:29 GMT: INFO (info): (hist.c:339)  (05: 0000000001) (06: 0000000001)
Sep 16 2026 03:31:29 GMT: INFO (deprecation): (thr_info.c:888) (repeated:2560) 'services' info command is deprecated - use 'peers-clear-std' instead
Sep 16 2026 03:31:38 GMT: INFO (drv_ssd): (drv_ssd.c:2133) {ycsb} /dev/md127p3: used-bytes 145600000000 free-wblocks 109823 write-q 0 write (24475,26.1) defrag-q 521 defrag-read (21112,0.8) defrag-write (8690,25.3)
Sep 16 2026 03:31:39 GMT: INFO (info): (ticker.c:169) NODE-ID bb9f1b2523a0d00 CLUSTER-SIZE 1 CLUSTER-NAME ycsb-default-20260916
Sep 16 2026 03:31:39 GMT: INFO (info): (ticker.c:241)    cluster-clock: skew-ms 0
Sep 16 2026 03:31:39 GMT: INFO (info): (ticker.c:265)    system: total-cpu-pct 442 user-cpu-pct 166 kernel-cpu-pct 276 free-mem-kbytes 122161788 free-mem-pct 92 thp-mem-kbytes 7157760 host-free-mem-kbytes 122161788 host-free-mem-pct 92
Sep 16 2026 03:31:39 GMT: INFO (info): (ticker.c:287)    process: cpu-pct 369 threads (9,61,113,113) heap-kbytes (6777645,6799612,7013888) heap-efficiency-pct 99.7
Sep 16 2026 03:31:39 GMT: INFO (info): (ticker.c:297)    in-progress: info-q 0 rw-hash 0 proxy-hash 0 tree-gc-q 0 long-queries 0
Sep 16 2026 03:31:39 GMT: INFO (info): (ticker.c:340)    fds: proto (512,7725,7213) heartbeat (0,0,0) fabric (0,0,0) admin (0,0,0)
Sep 16 2026 03:31:39 GMT: INFO (info): (ticker.c:352)    heartbeat-received: self 0 foreign 0
Sep 16 2026 03:31:39 GMT: INFO (info): (ticker.c:378)    fabric-bytes-per-second: bulk (0,0) ctrl (0,0) meta (0,0) rw (0,0)
Sep 16 2026 03:31:39 GMT: INFO (info): (ticker.c:426) {ycsb} objects: all 100000000 master 100000000 prole 0 non-replica 0
Sep 16 2026 03:31:39 GMT: INFO (info): (ticker.c:481) {ycsb} migrations: complete
Sep 16 2026 03:31:39 GMT: INFO (info): (ticker.c:506) {ycsb} index-usage: used-bytes 6400000000
Sep 16 2026 03:31:39 GMT: INFO (info): (ticker.c:559) {ycsb} data-usage: used-bytes 145600000000 avail-pct 83 cache-read-pct 0.20
Sep 16 2026 03:31:39 GMT: INFO (info): (ticker.c:618) {ycsb} client: tsvc (0,0) proxy (0,0,0) read (283236043,0,0,0,0) write (90944267,0,0,0) delete (0,0,0,0,0) udf (0,0,0,0) lang (0,0,0,0)
Sep 16 2026 03:31:39 GMT: INFO (info): (hist.c:319) histogram dump: {ycsb}-read (283236044 total) msec
Sep 16 2026 03:31:39 GMT: INFO (info): (hist.c:330)  (00: 0282953816) (01: 0000270927) (02: 0000010660) (03: 0000000354)
Sep 16 2026 03:31:39 GMT: INFO (info): (hist.c:339)  (04: 0000000020) (05: 0000000095) (06: 0000000172)
Sep 16 2026 03:31:39 GMT: INFO (info): (hist.c:319) histogram dump: {ycsb}-write (90944267 total) msec
Sep 16 2026 03:31:39 GMT: INFO (info): (hist.c:330)  (00: 0090895972) (01: 0000045355) (02: 0000002901) (03: 0000000037)
Sep 16 2026 03:31:39 GMT: INFO (info): (hist.c:339)  (05: 0000000001) (06: 0000000001)
Sep 16 2026 03:31:39 GMT: INFO (deprecation): (thr_info.c:888) (repeated:2560) 'services' info command is deprecated - use 'peers-clear-std' instead
Sep 16 2026 03:31:49 GMT: INFO (info): (ticker.c:169) NODE-ID bb9f1b2523a0d00 CLUSTER-SIZE 1 CLUSTER-NAME ycsb-default-20260916
Sep 16 2026 03:31:49 GMT: INFO (info): (ticker.c:241)    cluster-clock: skew-ms 0
Sep 16 2026 03:31:49 GMT: INFO (info): (ticker.c:265)    system: total-cpu-pct 444 user-cpu-pct 166 kernel-cpu-pct 278 free-mem-kbytes 122162460 free-mem-pct 92 thp-mem-kbytes 7157760 host-free-mem-kbytes 122162460 host-free-mem-pct 92
Sep 16 2026 03:31:49 GMT: INFO (info): (ticker.c:287)    process: cpu-pct 368 threads (9,61,113,113) heap-kbytes (6777658,6799612,7013888) heap-efficiency-pct 99.7
Sep 16 2026 03:31:49 GMT: INFO (info): (ticker.c:297)    in-progress: info-q 0 rw-hash 0 proxy-hash 0 tree-gc-q 0 long-queries 0
Sep 16 2026 03:31:49 GMT: INFO (info): (ticker.c:340)    fds: proto (512,7725,7213) heartbeat (0,0,0) fabric (0,0,0) admin (0,0,0)
Sep 16 2026 03:31:49 GMT: INFO (info): (ticker.c:352)    heartbeat-received: self 0 foreign 0
Sep 16 2026 03:31:49 GMT: INFO (info): (ticker.c:378)    fabric-bytes-per-second: bulk (0,0) ctrl (0,0) meta (0,0) rw (0,0)
Sep 16 2026 03:31:49 GMT: INFO (info): (ticker.c:426) {ycsb} objects: all 100000000 master 100000000 prole 0 non-replica 0
Sep 16 2026 03:31:49 GMT: INFO (info): (ticker.c:481) {ycsb} migrations: complete
Sep 16 2026 03:31:49 GMT: INFO (info): (ticker.c:506) {ycsb} index-usage: used-bytes 6400000000
Sep 16 2026 03:31:49 GMT: INFO (info): (ticker.c:559) {ycsb} data-usage: used-bytes 145600000000 avail-pct 83 cache-read-pct 0.19
Sep 16 2026 03:31:49 GMT: INFO (info): (ticker.c:618) {ycsb} client: tsvc (0,0) proxy (0,0,0) read (284186072,0,0,0,0) write (90994393,0,0,0) delete (0,0,0,0,0) udf (0,0,0,0) lang (0,0,0,0)
Sep 16 2026 03:31:49 GMT: INFO (info): (hist.c:319) histogram dump: {ycsb}-read (284186073 total) msec
Sep 16 2026 03:31:49 GMT: INFO (info): (hist.c:330)  (00: 0283903845) (01: 0000270927) (02: 0000010660) (03: 0000000354)
Sep 16 2026 03:31:49 GMT: INFO (info): (hist.c:339)  (04: 0000000020) (05: 0000000095) (06: 0000000172)
Sep 16 2026 03:31:49 GMT: INFO (info): (hist.c:319) histogram dump: {ycsb}-write (90994393 total) msec
Sep 16 2026 03:31:49 GMT: INFO (info): (hist.c:330)  (00: 0090946098) (01: 0000045355) (02: 0000002901) (03: 0000000037)
Sep 16 2026 03:31:49 GMT: INFO (info): (hist.c:339)  (05: 0000000001) (06: 0000000001)
Sep 16 2026 03:31:49 GMT: INFO (deprecation): (thr_info.c:888) (repeated:2560) 'services' info command is deprecated - use 'peers-clear-std' instead
Sep 16 2026 03:31:57 GMT: INFO (deprecation): (thr_info.c:888) 'features' info command is deprecated - see https://aerospike.com/docs/database/release/8-1/
Sep 16 2026 03:31:57 GMT: INFO (deprecation): (thr_info.c:888) 'replicas-master' info command is deprecated - use 'replicas' instead or upgrade your client
Sep 16 2026 03:31:58 GMT: INFO (drv_ssd): (drv_ssd.c:2133) {ycsb} /dev/md127p3: used-bytes 145600000000 free-wblocks 110077 write-q 0 write (24755,14.0) defrag-q 0 defrag-read (21126,0.7) defrag-write (8953,13.1)
Sep 16 2026 03:31:59 GMT: INFO (info): (ticker.c:169) NODE-ID bb9f1b2523a0d00 CLUSTER-SIZE 1 CLUSTER-NAME ycsb-default-20260916
Sep 16 2026 03:31:59 GMT: INFO (info): (ticker.c:241)    cluster-clock: skew-ms 0
Sep 16 2026 03:31:59 GMT: INFO (info): (ticker.c:265)    system: total-cpu-pct 342 user-cpu-pct 111 kernel-cpu-pct 231 free-mem-kbytes 122045720 free-mem-pct 92 thp-mem-kbytes 7155712 host-free-mem-kbytes 122045720 host-free-mem-pct 92
Sep 16 2026 03:31:59 GMT: INFO (info): (ticker.c:287)    process: cpu-pct 326 threads (9,61,113,113) heap-kbytes (6777673,6799656,7015936) heap-efficiency-pct 99.7
Sep 16 2026 03:31:59 GMT: INFO (info): (ticker.c:297)    in-progress: info-q 0 rw-hash 0 proxy-hash 0 tree-gc-q 0 long-queries 0
Sep 16 2026 03:31:59 GMT: INFO (info): (ticker.c:340)    fds: proto (512,8499,7987) heartbeat (0,0,0) fabric (0,0,0) admin (0,0,0)
Sep 16 2026 03:31:59 GMT: INFO (info): (ticker.c:352)    heartbeat-received: self 0 foreign 0
Sep 16 2026 03:31:59 GMT: INFO (info): (ticker.c:378)    fabric-bytes-per-second: bulk (0,0) ctrl (0,0) meta (0,0) rw (0,0)
Sep 16 2026 03:31:59 GMT: INFO (info): (ticker.c:426) {ycsb} objects: all 100000000 master 100000000 prole 0 non-replica 0
Sep 16 2026 03:31:59 GMT: INFO (info): (ticker.c:481) {ycsb} migrations: complete
Sep 16 2026 03:31:59 GMT: INFO (info): (ticker.c:506) {ycsb} index-usage: used-bytes 6400000000
Sep 16 2026 03:31:59 GMT: INFO (info): (ticker.c:559) {ycsb} data-usage: used-bytes 145600000000 avail-pct 83 cache-read-pct 0.19
Sep 16 2026 03:31:59 GMT: INFO (info): (ticker.c:618) {ycsb} client: tsvc (0,0) proxy (0,0,0) read (285124171,0,0,0,0) write (91043894,0,0,0) delete (0,0,0,0,0) udf (0,0,0,0) lang (0,0,0,0)
Sep 16 2026 03:31:59 GMT: INFO (info): (hist.c:319) histogram dump: {ycsb}-read (285124174 total) msec
Sep 16 2026 03:31:59 GMT: INFO (info): (hist.c:330)  (00: 0284841811) (01: 0000271047) (02: 0000010670) (03: 0000000359)
Sep 16 2026 03:31:59 GMT: INFO (info): (hist.c:339)  (04: 0000000020) (05: 0000000095) (06: 0000000172)
Sep 16 2026 03:31:59 GMT: INFO (info): (hist.c:319) histogram dump: {ycsb}-write (91043894 total) msec
Sep 16 2026 03:31:59 GMT: INFO (info): (hist.c:330)  (00: 0090995597) (01: 0000045357) (02: 0000002901) (03: 0000000037)
Sep 16 2026 03:31:59 GMT: INFO (info): (hist.c:339)  (05: 0000000001) (06: 0000000001)
Sep 16 2026 03:31:59 GMT: INFO (deprecation): (thr_info.c:888) (repeated:2048) 'services' info command is deprecated - use 'peers-clear-std' instead
Sep 16 2026 03:31:59 GMT: INFO (deprecation): (thr_info.c:888) (repeated:256) 'replicas-master' info command is deprecated - use 'replicas' instead or upgrade your client
Sep 16 2026 03:31:59 GMT: INFO (deprecation): (thr_info.c:888) (repeated:256) 'features' info command is deprecated - see https://aerospike.com/docs/database/release/8-1/
Sep 16 2026 03:32:09 GMT: INFO (info): (ticker.c:169) NODE-ID bb9f1b2523a0d00 CLUSTER-SIZE 1 CLUSTER-NAME ycsb-default-20260916
Sep 16 2026 03:32:09 GMT: INFO (info): (ticker.c:241)    cluster-clock: skew-ms 0
Sep 16 2026 03:32:09 GMT: INFO (info): (ticker.c:265)    system: total-cpu-pct 775 user-cpu-pct 212 kernel-cpu-pct 563 free-mem-kbytes 122109704 free-mem-pct 92 thp-mem-kbytes 7147520 host-free-mem-kbytes 122109704 host-free-mem-pct 92
Sep 16 2026 03:32:09 GMT: INFO (info): (ticker.c:287)    process: cpu-pct 794 threads (9,61,113,113) heap-kbytes (6777663,6799628,7015936) heap-efficiency-pct 99.7
Sep 16 2026 03:32:09 GMT: INFO (info): (ticker.c:297)    in-progress: info-q 0 rw-hash 0 proxy-hash 0 tree-gc-q 0 long-queries 0
Sep 16 2026 03:32:09 GMT: INFO (info): (ticker.c:340)    fds: proto (512,9273,8761) heartbeat (0,0,0) fabric (0,0,0) admin (0,0,0)
Sep 16 2026 03:32:09 GMT: INFO (info): (ticker.c:352)    heartbeat-received: self 0 foreign 0
Sep 16 2026 03:32:09 GMT: INFO (info): (ticker.c:378)    fabric-bytes-per-second: bulk (0,0) ctrl (0,0) meta (0,0) rw (0,0)
Sep 16 2026 03:32:09 GMT: INFO (info): (ticker.c:426) {ycsb} objects: all 100000000 master 100000000 prole 0 non-replica 0
Sep 16 2026 03:32:09 GMT: INFO (info): (ticker.c:481) {ycsb} migrations: complete
Sep 16 2026 03:32:09 GMT: INFO (info): (ticker.c:506) {ycsb} index-usage: used-bytes 6400000000
Sep 16 2026 03:32:09 GMT: INFO (info): (ticker.c:559) {ycsb} data-usage: used-bytes 145600000000 avail-pct 83 cache-read-pct 0.19
Sep 16 2026 03:32:09 GMT: INFO (info): (ticker.c:618) {ycsb} client: tsvc (0,0) proxy (0,0,0) read (287453152,0,0,0,0) write (91166365,0,0,0) delete (0,0,0,0,0) udf (0,0,0,0) lang (0,0,0,0)
Sep 16 2026 03:32:09 GMT: INFO (info): (hist.c:319) histogram dump: {ycsb}-read (287453155 total) msec
Sep 16 2026 03:32:09 GMT: INFO (info): (hist.c:330)  (00: 0287168680) (01: 0000273063) (02: 0000010764) (03: 0000000361)
Sep 16 2026 03:32:09 GMT: INFO (info): (hist.c:339)  (04: 0000000020) (05: 0000000095) (06: 0000000172)
Sep 16 2026 03:32:09 GMT: INFO (info): (hist.c:319) histogram dump: {ycsb}-write (91166366 total) msec
Sep 16 2026 03:32:09 GMT: INFO (info): (hist.c:330)  (00: 0091118032) (01: 0000045391) (02: 0000002903) (03: 0000000038)
Sep 16 2026 03:32:09 GMT: INFO (info): (hist.c:339)  (05: 0000000001) (06: 0000000001)
Sep 16 2026 03:32:09 GMT: INFO (deprecation): (thr_info.c:888) (repeated:2061) 'services' info command is deprecated - use 'peers-clear-std' instead
Sep 16 2026 03:32:09 GMT: INFO (deprecation): (thr_info.c:888) (repeated:256) 'replicas-master' info command is deprecated - use 'replicas' instead or upgrade your client
Sep 16 2026 03:32:09 GMT: INFO (deprecation): (thr_info.c:888) (repeated:256) 'features' info command is deprecated - see https://aerospike.com/docs/database/release/8-1/
Sep 16 2026 03:32:18 GMT: INFO (drv_ssd): (drv_ssd.c:2133) {ycsb} /dev/md127p3: used-bytes 145600000000 free-wblocks 110047 write-q 0 write (24845,4.5) defrag-q 0 defrag-read (21186,3.0) defrag-write (8983,1.5)
Sep 16 2026 03:32:19 GMT: INFO (info): (ticker.c:169) NODE-ID bb9f1b2523a0d00 CLUSTER-SIZE 1 CLUSTER-NAME ycsb-default-20260916
Sep 16 2026 03:32:19 GMT: INFO (info): (ticker.c:241)    cluster-clock: skew-ms 0
Sep 16 2026 03:32:19 GMT: INFO (info): (ticker.c:265)    system: total-cpu-pct 1582 user-cpu-pct 381 kernel-cpu-pct 1201 free-mem-kbytes 122145776 free-mem-pct 92 thp-mem-kbytes 7151616 host-free-mem-kbytes 122145776 host-free-mem-pct 92
Sep 16 2026 03:32:19 GMT: INFO (info): (ticker.c:287)    process: cpu-pct 1403 threads (9,61,113,113) heap-kbytes (6777650,6799628,7015936) heap-efficiency-pct 99.7
Sep 16 2026 03:32:19 GMT: INFO (info): (ticker.c:297)    in-progress: info-q 0 rw-hash 0 proxy-hash 0 tree-gc-q 0 long-queries 0
Sep 16 2026 03:32:19 GMT: INFO (info): (ticker.c:340)    fds: proto (512,9273,8761) heartbeat (0,0,0) fabric (0,0,0) admin (0,0,0)
Sep 16 2026 03:32:19 GMT: INFO (info): (ticker.c:352)    heartbeat-received: self 0 foreign 0
Sep 16 2026 03:32:19 GMT: INFO (info): (ticker.c:378)    fabric-bytes-per-second: bulk (0,0) ctrl (0,0) meta (0,0) rw (0,0)
Sep 16 2026 03:32:19 GMT: INFO (info): (ticker.c:426) {ycsb} objects: all 100000000 master 100000000 prole 0 non-replica 0
Sep 16 2026 03:32:19 GMT: INFO (info): (ticker.c:481) {ycsb} migrations: complete
Sep 16 2026 03:32:19 GMT: INFO (info): (ticker.c:506) {ycsb} index-usage: used-bytes 6400000000
Sep 16 2026 03:32:19 GMT: INFO (info): (ticker.c:559) {ycsb} data-usage: used-bytes 145600000000 avail-pct 83 cache-read-pct 0.19
Sep 16 2026 03:32:19 GMT: INFO (info): (ticker.c:618) {ycsb} client: tsvc (0,0) proxy (0,0,0) read (291697918,0,0,0,0) write (91389690,0,0,0) delete (0,0,0,0,0) udf (0,0,0,0) lang (0,0,0,0)
Sep 16 2026 03:32:19 GMT: INFO (info): (hist.c:319) histogram dump: {ycsb}-read (291697921 total) msec
Sep 16 2026 03:32:19 GMT: INFO (info): (hist.c:330)  (00: 0291407027) (01: 0000279185) (02: 0000011043) (03: 0000000379)
Sep 16 2026 03:32:19 GMT: INFO (info): (hist.c:339)  (04: 0000000020) (05: 0000000095) (06: 0000000172)
Sep 16 2026 03:32:19 GMT: INFO (info): (hist.c:319) histogram dump: {ycsb}-write (91389690 total) msec
Sep 16 2026 03:32:19 GMT: INFO (info): (hist.c:330)  (00: 0091341271) (01: 0000045472) (02: 0000002907) (03: 0000000038)
Sep 16 2026 03:32:19 GMT: INFO (info): (hist.c:339)  (05: 0000000001) (06: 0000000001)
Sep 16 2026 03:32:19 GMT: INFO (deprecation): (thr_info.c:888) (repeated:2558) 'services' info command is deprecated - use 'peers-clear-std' instead
Sep 16 2026 03:32:29 GMT: INFO (info): (ticker.c:169) NODE-ID bb9f1b2523a0d00 CLUSTER-SIZE 1 CLUSTER-NAME ycsb-default-20260916
Sep 16 2026 03:32:29 GMT: INFO (info): (ticker.c:241)    cluster-clock: skew-ms 0
Sep 16 2026 03:32:29 GMT: INFO (info): (ticker.c:265)    system: total-cpu-pct 1578 user-cpu-pct 382 kernel-cpu-pct 1196 free-mem-kbytes 122154240 free-mem-pct 92 thp-mem-kbytes 7149568 host-free-mem-kbytes 122154240 host-free-mem-pct 92
Sep 16 2026 03:32:29 GMT: INFO (info): (ticker.c:287)    process: cpu-pct 1386 threads (9,61,113,113) heap-kbytes (6777649,6799628,7015936) heap-efficiency-pct 99.7
Sep 16 2026 03:32:29 GMT: INFO (info): (ticker.c:297)    in-progress: info-q 0 rw-hash 0 proxy-hash 0 tree-gc-q 0 long-queries 0
Sep 16 2026 03:32:29 GMT: INFO (info): (ticker.c:340)    fds: proto (512,9273,8761) heartbeat (0,0,0) fabric (0,0,0) admin (0,0,0)
Sep 16 2026 03:32:29 GMT: INFO (info): (ticker.c:352)    heartbeat-received: self 0 foreign 0
Sep 16 2026 03:32:29 GMT: INFO (info): (ticker.c:378)    fabric-bytes-per-second: bulk (0,0) ctrl (0,0) meta (0,0) rw (0,0)
Sep 16 2026 03:32:29 GMT: INFO (info): (ticker.c:426) {ycsb} objects: all 100000000 master 100000000 prole 0 non-replica 0
Sep 16 2026 03:32:29 GMT: INFO (info): (ticker.c:481) {ycsb} migrations: complete
Sep 16 2026 03:32:29 GMT: INFO (info): (ticker.c:506) {ycsb} index-usage: used-bytes 6400000000
Sep 16 2026 03:32:29 GMT: INFO (info): (ticker.c:559) {ycsb} data-usage: used-bytes 145600000000 avail-pct 83 cache-read-pct 0.20
Sep 16 2026 03:32:29 GMT: INFO (info): (ticker.c:618) {ycsb} client: tsvc (0,0) proxy (0,0,0) read (295904624,0,0,0,0) write (91610828,0,0,0) delete (0,0,0,0,0) udf (0,0,0,0) lang (0,0,0,0)
Sep 16 2026 03:32:29 GMT: INFO (info): (hist.c:319) histogram dump: {ycsb}-read (295904628 total) msec
Sep 16 2026 03:32:29 GMT: INFO (info): (hist.c:330)  (00: 0295604218) (01: 0000288448) (02: 0000011288) (03: 0000000387)
Sep 16 2026 03:32:29 GMT: INFO (info): (hist.c:339)  (04: 0000000020) (05: 0000000095) (06: 0000000172)
Sep 16 2026 03:32:29 GMT: INFO (info): (hist.c:319) histogram dump: {ycsb}-write (91610828 total) msec
Sep 16 2026 03:32:29 GMT: INFO (info): (hist.c:330)  (00: 0091562264) (01: 0000045612) (02: 0000002912) (03: 0000000038)
Sep 16 2026 03:32:29 GMT: INFO (info): (hist.c:339)  (05: 0000000001) (06: 0000000001)
Sep 16 2026 03:32:29 GMT: INFO (deprecation): (thr_info.c:888) (repeated:2560) 'services' info command is deprecated - use 'peers-clear-std' instead
Sep 16 2026 03:32:38 GMT: INFO (drv_ssd): (drv_ssd.c:2133) {ycsb} /dev/md127p3: used-bytes 145600000000 free-wblocks 110012 write-q 0 write (24964,5.9) defrag-q 0 defrag-read (21270,4.2) defrag-write (9025,2.1)
Sep 16 2026 03:32:39 GMT: INFO (info): (ticker.c:169) NODE-ID bb9f1b2523a0d00 CLUSTER-SIZE 1 CLUSTER-NAME ycsb-default-20260916
Sep 16 2026 03:32:39 GMT: INFO (info): (ticker.c:241)    cluster-clock: skew-ms 0
Sep 16 2026 03:32:39 GMT: INFO (info): (ticker.c:265)    system: total-cpu-pct 1581 user-cpu-pct 387 kernel-cpu-pct 1194 free-mem-kbytes 122154780 free-mem-pct 92 thp-mem-kbytes 7149568 host-free-mem-kbytes 122154780 host-free-mem-pct 92
Sep 16 2026 03:32:39 GMT: INFO (info): (ticker.c:287)    process: cpu-pct 1385 threads (9,61,113,113) heap-kbytes (6777657,6799628,7015936) heap-efficiency-pct 99.7
Sep 16 2026 03:32:39 GMT: INFO (info): (ticker.c:297)    in-progress: info-q 0 rw-hash 1 proxy-hash 0 tree-gc-q 0 long-queries 0
Sep 16 2026 03:32:39 GMT: INFO (info): (ticker.c:340)    fds: proto (512,9273,8761) heartbeat (0,0,0) fabric (0,0,0) admin (0,0,0)
Sep 16 2026 03:32:39 GMT: INFO (info): (ticker.c:352)    heartbeat-received: self 0 foreign 0
Sep 16 2026 03:32:39 GMT: INFO (info): (ticker.c:378)    fabric-bytes-per-second: bulk (0,0) ctrl (0,0) meta (0,0) rw (0,0)
Sep 16 2026 03:32:39 GMT: INFO (info): (ticker.c:426) {ycsb} objects: all 100000000 master 100000000 prole 0 non-replica 0
Sep 16 2026 03:32:39 GMT: INFO (info): (ticker.c:481) {ycsb} migrations: complete
Sep 16 2026 03:32:39 GMT: INFO (info): (ticker.c:506) {ycsb} index-usage: used-bytes 6400000000
Sep 16 2026 03:32:39 GMT: INFO (info): (ticker.c:559) {ycsb} data-usage: used-bytes 145600000000 avail-pct 83 cache-read-pct 0.19
Sep 16 2026 03:32:39 GMT: INFO (info): (ticker.c:618) {ycsb} client: tsvc (0,0) proxy (0,0,0) read (300124961,0,0,0,0) write (91832720,0,0,0) delete (0,0,0,0,0) udf (0,0,0,0) lang (0,0,0,0)
Sep 16 2026 03:32:39 GMT: INFO (info): (hist.c:319) histogram dump: {ycsb}-read (300124964 total) msec
Sep 16 2026 03:32:39 GMT: INFO (info): (hist.c:330)  (00: 0299815557) (01: 0000297119) (02: 0000011603) (03: 0000000398)
Sep 16 2026 03:32:39 GMT: INFO (info): (hist.c:339)  (04: 0000000020) (05: 0000000095) (06: 0000000172)
Sep 16 2026 03:32:39 GMT: INFO (info): (hist.c:319) histogram dump: {ycsb}-write (91832721 total) msec
Sep 16 2026 03:32:39 GMT: INFO (info): (hist.c:330)  (00: 0091784040) (01: 0000045723) (02: 0000002918) (03: 0000000038)
Sep 16 2026 03:32:39 GMT: INFO (info): (hist.c:339)  (05: 0000000001) (06: 0000000001)
Sep 16 2026 03:32:39 GMT: INFO (deprecation): (thr_info.c:888) (repeated:2560) 'services' info command is deprecated - use 'peers-clear-std' instead
Sep 16 2026 03:32:49 GMT: INFO (info): (ticker.c:169) NODE-ID bb9f1b2523a0d00 CLUSTER-SIZE 1 CLUSTER-NAME ycsb-default-20260916
Sep 16 2026 03:32:49 GMT: INFO (info): (ticker.c:241)    cluster-clock: skew-ms 0
Sep 16 2026 03:32:49 GMT: INFO (info): (ticker.c:265)    system: total-cpu-pct 1581 user-cpu-pct 387 kernel-cpu-pct 1194 free-mem-kbytes 122157580 free-mem-pct 92 thp-mem-kbytes 7153664 host-free-mem-kbytes 122157580 host-free-mem-pct 92
Sep 16 2026 03:32:49 GMT: INFO (info): (ticker.c:287)    process: cpu-pct 1377 threads (9,61,113,113) heap-kbytes (6777647,6799628,7015936) heap-efficiency-pct 99.7
Sep 16 2026 03:32:49 GMT: INFO (info): (ticker.c:297)    in-progress: info-q 0 rw-hash 1 proxy-hash 0 tree-gc-q 0 long-queries 0
Sep 16 2026 03:32:49 GMT: INFO (info): (ticker.c:340)    fds: proto (512,9273,8761) heartbeat (0,0,0) fabric (0,0,0) admin (0,0,0)
Sep 16 2026 03:32:49 GMT: INFO (info): (ticker.c:352)    heartbeat-received: self 0 foreign 0
Sep 16 2026 03:32:49 GMT: INFO (info): (ticker.c:378)    fabric-bytes-per-second: bulk (0,0) ctrl (0,0) meta (0,0) rw (0,0)
Sep 16 2026 03:32:49 GMT: INFO (info): (ticker.c:426) {ycsb} objects: all 100000000 master 100000000 prole 0 non-replica 0
Sep 16 2026 03:32:49 GMT: INFO (info): (ticker.c:481) {ycsb} migrations: complete
Sep 16 2026 03:32:49 GMT: INFO (info): (ticker.c:506) {ycsb} index-usage: used-bytes 6400000000
Sep 16 2026 03:32:49 GMT: INFO (info): (ticker.c:559) {ycsb} data-usage: used-bytes 145600000000 avail-pct 83 cache-read-pct 0.19
Sep 16 2026 03:32:49 GMT: INFO (info): (ticker.c:618) {ycsb} client: tsvc (0,0) proxy (0,0,0) read (304327140,0,0,0,0) write (92054976,0,0,0) delete (0,0,0,0,0) udf (0,0,0,0) lang (0,0,0,0)
Sep 16 2026 03:32:49 GMT: INFO (info): (hist.c:319) histogram dump: {ycsb}-read (304327143 total) msec
Sep 16 2026 03:32:49 GMT: INFO (info): (hist.c:330)  (00: 0304006361) (01: 0000308073) (02: 0000012000) (03: 0000000421)
Sep 16 2026 03:32:49 GMT: INFO (info): (hist.c:339)  (04: 0000000021) (05: 0000000095) (06: 0000000172)
Sep 16 2026 03:32:49 GMT: INFO (info): (hist.c:319) histogram dump: {ycsb}-write (92054977 total) msec
Sep 16 2026 03:32:49 GMT: INFO (info): (hist.c:330)  (00: 0092006078) (01: 0000045929) (02: 0000002929) (03: 0000000039)
Sep 16 2026 03:32:49 GMT: INFO (info): (hist.c:339)  (05: 0000000001) (06: 0000000001)
Sep 16 2026 03:32:49 GMT: INFO (deprecation): (thr_info.c:888) (repeated:2558) 'services' info command is deprecated - use 'peers-clear-std' instead
Sep 16 2026 03:32:58 GMT: INFO (drv_ssd): (drv_ssd.c:2133) {ycsb} /dev/md127p3: used-bytes 145600000000 free-wblocks 109973 write-q 0 write (25079,5.8) defrag-q 0 defrag-read (21346,3.8) defrag-write (9063,1.9)
Sep 16 2026 03:32:59 GMT: INFO (info): (ticker.c:169) NODE-ID bb9f1b2523a0d00 CLUSTER-SIZE 1 CLUSTER-NAME ycsb-default-20260916
Sep 16 2026 03:32:59 GMT: INFO (info): (ticker.c:241)    cluster-clock: skew-ms 0
Sep 16 2026 03:32:59 GMT: INFO (info): (ticker.c:265)    system: total-cpu-pct 1582 user-cpu-pct 380 kernel-cpu-pct 1202 free-mem-kbytes 122161008 free-mem-pct 92 thp-mem-kbytes 7145472 host-free-mem-kbytes 122161008 host-free-mem-pct 92
Sep 16 2026 03:32:59 GMT: INFO (info): (ticker.c:287)    process: cpu-pct 1386 threads (9,61,113,113) heap-kbytes (6777658,6799628,7015936) heap-efficiency-pct 99.7
Sep 16 2026 03:32:59 GMT: INFO (info): (ticker.c:297)    in-progress: info-q 0 rw-hash 0 proxy-hash 0 tree-gc-q 0 long-queries 0
Sep 16 2026 03:32:59 GMT: INFO (info): (ticker.c:340)    fds: proto (512,9273,8761) heartbeat (0,0,0) fabric (0,0,0) admin (0,0,0)
Sep 16 2026 03:32:59 GMT: INFO (info): (ticker.c:352)    heartbeat-received: self 0 foreign 0
Sep 16 2026 03:32:59 GMT: INFO (info): (ticker.c:378)    fabric-bytes-per-second: bulk (0,0) ctrl (0,0) meta (0,0) rw (0,0)
Sep 16 2026 03:32:59 GMT: INFO (info): (ticker.c:426) {ycsb} objects: all 100000000 master 100000000 prole 0 non-replica 0
Sep 16 2026 03:32:59 GMT: INFO (info): (ticker.c:481) {ycsb} migrations: complete
Sep 16 2026 03:32:59 GMT: INFO (info): (ticker.c:506) {ycsb} index-usage: used-bytes 6400000000
Sep 16 2026 03:32:59 GMT: INFO (info): (ticker.c:559) {ycsb} data-usage: used-bytes 145600000000 avail-pct 83 cache-read-pct 0.19
Sep 16 2026 03:32:59 GMT: INFO (info): (ticker.c:618) {ycsb} client: tsvc (0,0) proxy (0,0,0) read (308548367,0,0,0,0) write (92276008,0,0,0) delete (0,0,0,0,0) udf (0,0,0,0) lang (0,0,0,0)
Sep 16 2026 03:32:59 GMT: INFO (info): (hist.c:319) histogram dump: {ycsb}-read (308548372 total) msec
Sep 16 2026 03:32:59 GMT: INFO (info): (hist.c:330)  (00: 0308217205) (01: 0000318200) (02: 0000012231) (03: 0000000446)
Sep 16 2026 03:32:59 GMT: INFO (info): (hist.c:339)  (04: 0000000023) (05: 0000000095) (06: 0000000172)
Sep 16 2026 03:32:59 GMT: INFO (info): (hist.c:319) histogram dump: {ycsb}-write (92276008 total) msec
Sep 16 2026 03:32:59 GMT: INFO (info): (hist.c:330)  (00: 0092226950) (01: 0000046085) (02: 0000002931) (03: 0000000040)
Sep 16 2026 03:32:59 GMT: INFO (info): (hist.c:339)  (05: 0000000001) (06: 0000000001)
Sep 16 2026 03:32:59 GMT: INFO (deprecation): (thr_info.c:888) (repeated:2560) 'services' info command is deprecated - use 'peers-clear-std' instead
Sep 16 2026 03:33:09 GMT: INFO (info): (ticker.c:169) NODE-ID bb9f1b2523a0d00 CLUSTER-SIZE 1 CLUSTER-NAME ycsb-default-20260916
Sep 16 2026 03:33:09 GMT: INFO (info): (ticker.c:241)    cluster-clock: skew-ms 0
Sep 16 2026 03:33:09 GMT: INFO (info): (ticker.c:265)    system: total-cpu-pct 1581 user-cpu-pct 386 kernel-cpu-pct 1195 free-mem-kbytes 122155200 free-mem-pct 92 thp-mem-kbytes 7147520 host-free-mem-kbytes 122155200 host-free-mem-pct 92
Sep 16 2026 03:33:09 GMT: INFO (info): (ticker.c:287)    process: cpu-pct 1387 threads (9,61,113,113) heap-kbytes (6777648,6799628,7015936) heap-efficiency-pct 99.7
Sep 16 2026 03:33:09 GMT: INFO (info): (ticker.c:297)    in-progress: info-q 0 rw-hash 1 proxy-hash 0 tree-gc-q 0 long-queries 0
Sep 16 2026 03:33:09 GMT: INFO (info): (ticker.c:340)    fds: proto (512,9273,8761) heartbeat (0,0,0) fabric (0,0,0) admin (0,0,0)
Sep 16 2026 03:33:09 GMT: INFO (info): (ticker.c:352)    heartbeat-received: self 0 foreign 0
Sep 16 2026 03:33:09 GMT: INFO (info): (ticker.c:378)    fabric-bytes-per-second: bulk (0,0) ctrl (0,0) meta (0,0) rw (0,0)
Sep 16 2026 03:33:09 GMT: INFO (info): (ticker.c:426) {ycsb} objects: all 100000000 master 100000000 prole 0 non-replica 0
Sep 16 2026 03:33:09 GMT: INFO (info): (ticker.c:481) {ycsb} migrations: complete
Sep 16 2026 03:33:09 GMT: INFO (info): (ticker.c:506) {ycsb} index-usage: used-bytes 6400000000
Sep 16 2026 03:33:09 GMT: INFO (info): (ticker.c:559) {ycsb} data-usage: used-bytes 145600000000 avail-pct 83 cache-read-pct 0.19
Sep 16 2026 03:33:09 GMT: INFO (info): (ticker.c:618) {ycsb} client: tsvc (0,0) proxy (0,0,0) read (312779011,0,0,0,0) write (92497971,0,0,0) delete (0,0,0,0,0) udf (0,0,0,0) lang (0,0,0,0)
Sep 16 2026 03:33:09 GMT: INFO (info): (hist.c:319) histogram dump: {ycsb}-read (312779015 total) msec
Sep 16 2026 03:33:09 GMT: INFO (info): (hist.c:330)  (00: 0312439469) (01: 0000326284) (02: 0000012508) (03: 0000000464)
Sep 16 2026 03:33:09 GMT: INFO (info): (hist.c:339)  (04: 0000000023) (05: 0000000095) (06: 0000000172)
Sep 16 2026 03:33:09 GMT: INFO (info): (hist.c:319) histogram dump: {ycsb}-write (92497971 total) msec
Sep 16 2026 03:33:09 GMT: INFO (info): (hist.c:330)  (00: 0092448777) (01: 0000046213) (02: 0000002938) (03: 0000000041)
Sep 16 2026 03:33:09 GMT: INFO (info): (hist.c:339)  (05: 0000000001) (06: 0000000001)
Sep 16 2026 03:33:09 GMT: INFO (deprecation): (thr_info.c:888) (repeated:2560) 'services' info command is deprecated - use 'peers-clear-std' instead
Sep 16 2026 03:33:18 GMT: INFO (drv_ssd): (drv_ssd.c:2133) {ycsb} /dev/md127p3: used-bytes 145600000000 free-wblocks 109936 write-q 0 write (25196,5.8) defrag-q 0 defrag-read (21427,4.1) defrag-write (9103,2.0)
Sep 16 2026 03:33:19 GMT: INFO (info): (ticker.c:169) NODE-ID bb9f1b2523a0d00 CLUSTER-SIZE 1 CLUSTER-NAME ycsb-default-20260916
Sep 16 2026 03:33:19 GMT: INFO (info): (ticker.c:241)    cluster-clock: skew-ms 0
Sep 16 2026 03:33:19 GMT: INFO (info): (ticker.c:265)    system: total-cpu-pct 1581 user-cpu-pct 379 kernel-cpu-pct 1202 free-mem-kbytes 122162120 free-mem-pct 92 thp-mem-kbytes 7143424 host-free-mem-kbytes 122162120 host-free-mem-pct 92
Sep 16 2026 03:33:19 GMT: INFO (info): (ticker.c:287)    process: cpu-pct 1389 threads (9,61,113,113) heap-kbytes (6777631,6799612,7015936) heap-efficiency-pct 99.7
Sep 16 2026 03:33:19 GMT: INFO (info): (ticker.c:297)    in-progress: info-q 0 rw-hash 0 proxy-hash 0 tree-gc-q 0 long-queries 0
Sep 16 2026 03:33:19 GMT: INFO (info): (ticker.c:340)    fds: proto (512,9273,8761) heartbeat (0,0,0) fabric (0,0,0) admin (0,0,0)
Sep 16 2026 03:33:19 GMT: INFO (info): (ticker.c:352)    heartbeat-received: self 0 foreign 0
Sep 16 2026 03:33:19 GMT: INFO (info): (ticker.c:378)    fabric-bytes-per-second: bulk (0,0) ctrl (0,0) meta (0,0) rw (0,0)
Sep 16 2026 03:33:19 GMT: INFO (info): (ticker.c:426) {ycsb} objects: all 100000000 master 100000000 prole 0 non-replica 0
Sep 16 2026 03:33:19 GMT: INFO (info): (ticker.c:481) {ycsb} migrations: complete
Sep 16 2026 03:33:19 GMT: INFO (info): (ticker.c:506) {ycsb} index-usage: used-bytes 6400000000
Sep 16 2026 03:33:19 GMT: INFO (info): (ticker.c:559) {ycsb} data-usage: used-bytes 145600000000 avail-pct 83 cache-read-pct 0.19
Sep 16 2026 03:33:19 GMT: INFO (info): (ticker.c:618) {ycsb} client: tsvc (0,0) proxy (0,0,0) read (317017524,0,0,0,0) write (92719791,0,0,0) delete (0,0,0,0,0) udf (0,0,0,0) lang (0,0,0,0)
Sep 16 2026 03:33:19 GMT: INFO (info): (hist.c:319) histogram dump: {ycsb}-read (317017537 total) msec
Sep 16 2026 03:33:19 GMT: INFO (info): (hist.c:330)  (00: 0316669926) (01: 0000334213) (02: 0000012642) (03: 0000000466)
Sep 16 2026 03:33:19 GMT: INFO (info): (hist.c:339)  (04: 0000000023) (05: 0000000095) (06: 0000000172)
Sep 16 2026 03:33:19 GMT: INFO (info): (hist.c:319) histogram dump: {ycsb}-write (92719793 total) msec
Sep 16 2026 03:33:19 GMT: INFO (info): (hist.c:330)  (00: 0092670470) (01: 0000046342) (02: 0000002938) (03: 0000000041)
Sep 16 2026 03:33:19 GMT: INFO (info): (hist.c:339)  (05: 0000000001) (06: 0000000001)
Sep 16 2026 03:33:19 GMT: INFO (deprecation): (thr_info.c:888) (repeated:2559) 'services' info command is deprecated - use 'peers-clear-std' instead
Sep 16 2026 03:33:29 GMT: INFO (info): (ticker.c:169) NODE-ID bb9f1b2523a0d00 CLUSTER-SIZE 1 CLUSTER-NAME ycsb-default-20260916
Sep 16 2026 03:33:29 GMT: INFO (info): (ticker.c:241)    cluster-clock: skew-ms 0
Sep 16 2026 03:33:29 GMT: INFO (info): (ticker.c:265)    system: total-cpu-pct 1583 user-cpu-pct 381 kernel-cpu-pct 1202 free-mem-kbytes 122162268 free-mem-pct 92 thp-mem-kbytes 7143424 host-free-mem-kbytes 122162268 host-free-mem-pct 92
Sep 16 2026 03:33:29 GMT: INFO (info): (ticker.c:287)    process: cpu-pct 1394 threads (9,61,113,113) heap-kbytes (6777642,6799612,7015936) heap-efficiency-pct 99.7
Sep 16 2026 03:33:29 GMT: INFO (info): (ticker.c:297)    in-progress: info-q 0 rw-hash 0 proxy-hash 0 tree-gc-q 0 long-queries 0
Sep 16 2026 03:33:29 GMT: INFO (info): (ticker.c:340)    fds: proto (512,9273,8761) heartbeat (0,0,0) fabric (0,0,0) admin (0,0,0)
Sep 16 2026 03:33:29 GMT: INFO (info): (ticker.c:352)    heartbeat-received: self 0 foreign 0
Sep 16 2026 03:33:29 GMT: INFO (info): (ticker.c:378)    fabric-bytes-per-second: bulk (0,0) ctrl (0,0) meta (0,0) rw (0,0)
Sep 16 2026 03:33:29 GMT: INFO (info): (ticker.c:426) {ycsb} objects: all 100000000 master 100000000 prole 0 non-replica 0
Sep 16 2026 03:33:29 GMT: INFO (info): (ticker.c:481) {ycsb} migrations: complete
Sep 16 2026 03:33:29 GMT: INFO (info): (ticker.c:506) {ycsb} index-usage: used-bytes 6400000000
Sep 16 2026 03:33:29 GMT: INFO (info): (ticker.c:559) {ycsb} data-usage: used-bytes 145600000000 avail-pct 83 cache-read-pct 0.19
Sep 16 2026 03:33:29 GMT: INFO (info): (ticker.c:618) {ycsb} client: tsvc (0,0) proxy (0,0,0) read (321263648,0,0,0,0) write (92944289,0,0,0) delete (0,0,0,0,0) udf (0,0,0,0) lang (0,0,0,0)
Sep 16 2026 03:33:29 GMT: INFO (info): (hist.c:319) histogram dump: {ycsb}-read (321263651 total) msec
Sep 16 2026 03:33:29 GMT: INFO (info): (hist.c:330)  (00: 0320908939) (01: 0000341120) (02: 0000012834) (03: 0000000468)
Sep 16 2026 03:33:29 GMT: INFO (info): (hist.c:339)  (04: 0000000023) (05: 0000000095) (06: 0000000172)
Sep 16 2026 03:33:29 GMT: INFO (info): (hist.c:319) histogram dump: {ycsb}-write (92944292 total) msec
Sep 16 2026 03:33:29 GMT: INFO (info): (hist.c:330)  (00: 0092894859) (01: 0000046447) (02: 0000002943) (03: 0000000041)
Sep 16 2026 03:33:29 GMT: INFO (info): (hist.c:339)  (05: 0000000001) (06: 0000000001)
Sep 16 2026 03:33:29 GMT: INFO (deprecation): (thr_info.c:888) (repeated:2560) 'services' info command is deprecated - use 'peers-clear-std' instead
Sep 16 2026 03:33:38 GMT: INFO (drv_ssd): (drv_ssd.c:2133) {ycsb} /dev/md127p3: used-bytes 145600000000 free-wblocks 109902 write-q 0 write (25316,6.0) defrag-q 0 defrag-read (21511,4.2) defrag-write (9146,2.2)
Sep 16 2026 03:33:39 GMT: INFO (info): (ticker.c:169) NODE-ID bb9f1b2523a0d00 CLUSTER-SIZE 1 CLUSTER-NAME ycsb-default-20260916
Sep 16 2026 03:33:39 GMT: INFO (info): (ticker.c:241)    cluster-clock: skew-ms 0
Sep 16 2026 03:33:39 GMT: INFO (info): (ticker.c:265)    system: total-cpu-pct 1582 user-cpu-pct 381 kernel-cpu-pct 1201 free-mem-kbytes 122161392 free-mem-pct 92 thp-mem-kbytes 7143424 host-free-mem-kbytes 122161392 host-free-mem-pct 92
Sep 16 2026 03:33:39 GMT: INFO (info): (ticker.c:287)    process: cpu-pct 1387 threads (9,61,113,113) heap-kbytes (6777632,6799612,7015936) heap-efficiency-pct 99.7
Sep 16 2026 03:33:39 GMT: INFO (info): (ticker.c:297)    in-progress: info-q 0 rw-hash 0 proxy-hash 0 tree-gc-q 0 long-queries 0
Sep 16 2026 03:33:39 GMT: INFO (info): (ticker.c:340)    fds: proto (512,9273,8761) heartbeat (0,0,0) fabric (0,0,0) admin (0,0,0)
Sep 16 2026 03:33:39 GMT: INFO (info): (ticker.c:352)    heartbeat-received: self 0 foreign 0
Sep 16 2026 03:33:39 GMT: INFO (info): (ticker.c:378)    fabric-bytes-per-second: bulk (0,0) ctrl (0,0) meta (0,0) rw (0,0)
Sep 16 2026 03:33:39 GMT: INFO (info): (ticker.c:426) {ycsb} objects: all 100000000 master 100000000 prole 0 non-replica 0
Sep 16 2026 03:33:39 GMT: INFO (info): (ticker.c:481) {ycsb} migrations: complete
Sep 16 2026 03:33:39 GMT: INFO (info): (ticker.c:506) {ycsb} index-usage: used-bytes 6400000000
Sep 16 2026 03:33:39 GMT: INFO (info): (ticker.c:559) {ycsb} data-usage: used-bytes 145600000000 avail-pct 83 cache-read-pct 0.19
Sep 16 2026 03:33:39 GMT: INFO (info): (ticker.c:618) {ycsb} client: tsvc (0,0) proxy (0,0,0) read (325494883,0,0,0,0) write (93166919,0,0,0) delete (0,0,0,0,0) udf (0,0,0,0) lang (0,0,0,0)
Sep 16 2026 03:33:39 GMT: INFO (info): (hist.c:319) histogram dump: {ycsb}-read (325494887 total) msec
Sep 16 2026 03:33:39 GMT: INFO (info): (hist.c:330)  (00: 0325132773) (01: 0000348283) (02: 0000013069) (03: 0000000472)
Sep 16 2026 03:33:39 GMT: INFO (info): (hist.c:339)  (04: 0000000023) (05: 0000000095) (06: 0000000172)
Sep 16 2026 03:33:39 GMT: INFO (info): (hist.c:319) histogram dump: {ycsb}-write (93166919 total) msec
Sep 16 2026 03:33:39 GMT: INFO (info): (hist.c:330)  (00: 0093117376) (01: 0000046555) (02: 0000002945) (03: 0000000041)
Sep 16 2026 03:33:39 GMT: INFO (info): (hist.c:339)  (05: 0000000001) (06: 0000000001)
Sep 16 2026 03:33:39 GMT: INFO (deprecation): (thr_info.c:888) (repeated:2559) 'services' info command is deprecated - use 'peers-clear-std' instead
Sep 16 2026 03:33:49 GMT: INFO (info): (ticker.c:169) NODE-ID bb9f1b2523a0d00 CLUSTER-SIZE 1 CLUSTER-NAME ycsb-default-20260916
Sep 16 2026 03:33:49 GMT: INFO (info): (ticker.c:241)    cluster-clock: skew-ms 0
Sep 16 2026 03:33:49 GMT: INFO (info): (ticker.c:265)    system: total-cpu-pct 1581 user-cpu-pct 385 kernel-cpu-pct 1196 free-mem-kbytes 122157344 free-mem-pct 92 thp-mem-kbytes 7147520 host-free-mem-kbytes 122157344 host-free-mem-pct 92
Sep 16 2026 03:33:49 GMT: INFO (info): (ticker.c:287)    process: cpu-pct 1384 threads (9,61,113,113) heap-kbytes (6777627,6799612,7015936) heap-efficiency-pct 99.7
Sep 16 2026 03:33:49 GMT: INFO (info): (ticker.c:297)    in-progress: info-q 0 rw-hash 1 proxy-hash 0 tree-gc-q 0 long-queries 0
Sep 16 2026 03:33:49 GMT: INFO (info): (ticker.c:340)    fds: proto (512,9273,8761) heartbeat (0,0,0) fabric (0,0,0) admin (0,0,0)
Sep 16 2026 03:33:49 GMT: INFO (info): (ticker.c:352)    heartbeat-received: self 0 foreign 0
Sep 16 2026 03:33:49 GMT: INFO (info): (ticker.c:378)    fabric-bytes-per-second: bulk (0,0) ctrl (0,0) meta (0,0) rw (0,0)
Sep 16 2026 03:33:49 GMT: INFO (info): (ticker.c:426) {ycsb} objects: all 100000000 master 100000000 prole 0 non-replica 0
Sep 16 2026 03:33:49 GMT: INFO (info): (ticker.c:481) {ycsb} migrations: complete
Sep 16 2026 03:33:49 GMT: INFO (info): (ticker.c:506) {ycsb} index-usage: used-bytes 6400000000
Sep 16 2026 03:33:49 GMT: INFO (info): (ticker.c:559) {ycsb} data-usage: used-bytes 145600000000 avail-pct 83 cache-read-pct 0.19
Sep 16 2026 03:33:49 GMT: INFO (info): (ticker.c:618) {ycsb} client: tsvc (0,0) proxy (0,0,0) read (329726597,0,0,0,0) write (93389910,0,0,0) delete (0,0,0,0,0) udf (0,0,0,0) lang (0,0,0,0)
Sep 16 2026 03:33:49 GMT: INFO (info): (hist.c:319) histogram dump: {ycsb}-read (329726603 total) msec
Sep 16 2026 03:33:49 GMT: INFO (info): (hist.c:330)  (00: 0329357383) (01: 0000355119) (02: 0000013329) (03: 0000000480)
Sep 16 2026 03:33:49 GMT: INFO (info): (hist.c:339)  (04: 0000000025) (05: 0000000095) (06: 0000000172)
Sep 16 2026 03:33:49 GMT: INFO (info): (hist.c:319) histogram dump: {ycsb}-write (93389911 total) msec
Sep 16 2026 03:33:49 GMT: INFO (info): (hist.c:330)  (00: 0093340256) (01: 0000046664) (02: 0000002948) (03: 0000000041)
Sep 16 2026 03:33:49 GMT: INFO (info): (hist.c:339)  (05: 0000000001) (06: 0000000001)
Sep 16 2026 03:33:49 GMT: INFO (deprecation): (thr_info.c:888) (repeated:2559) 'services' info command is deprecated - use 'peers-clear-std' instead
Sep 16 2026 03:33:58 GMT: INFO (drv_ssd): (drv_ssd.c:2133) {ycsb} /dev/md127p3: used-bytes 145600000000 free-wblocks 109857 write-q 0 write (25427,5.6) defrag-q 0 defrag-read (21577,3.3) defrag-write (9179,1.6)
Sep 16 2026 03:33:59 GMT: INFO (info): (ticker.c:169) NODE-ID bb9f1b2523a0d00 CLUSTER-SIZE 1 CLUSTER-NAME ycsb-default-20260916
Sep 16 2026 03:33:59 GMT: INFO (info): (ticker.c:241)    cluster-clock: skew-ms 0
Sep 16 2026 03:33:59 GMT: INFO (info): (ticker.c:265)    system: total-cpu-pct 1583 user-cpu-pct 381 kernel-cpu-pct 1202 free-mem-kbytes 122159528 free-mem-pct 92 thp-mem-kbytes 7141376 host-free-mem-kbytes 122159528 host-free-mem-pct 92
Sep 16 2026 03:33:59 GMT: INFO (info): (ticker.c:287)    process: cpu-pct 1392 threads (9,61,113,113) heap-kbytes (6777629,6799612,7015936) heap-efficiency-pct 99.7
Sep 16 2026 03:33:59 GMT: INFO (info): (ticker.c:297)    in-progress: info-q 0 rw-hash 0 proxy-hash 0 tree-gc-q 0 long-queries 0
Sep 16 2026 03:33:59 GMT: INFO (info): (ticker.c:340)    fds: proto (512,9273,8761) heartbeat (0,0,0) fabric (0,0,0) admin (0,0,0)
Sep 16 2026 03:33:59 GMT: INFO (info): (ticker.c:352)    heartbeat-received: self 0 foreign 0
Sep 16 2026 03:33:59 GMT: INFO (info): (ticker.c:378)    fabric-bytes-per-second: bulk (0,0) ctrl (0,0) meta (0,0) rw (0,0)
Sep 16 2026 03:33:59 GMT: INFO (info): (ticker.c:426) {ycsb} objects: all 100000000 master 100000000 prole 0 non-replica 0
Sep 16 2026 03:33:59 GMT: INFO (info): (ticker.c:481) {ycsb} migrations: complete
Sep 16 2026 03:33:59 GMT: INFO (info): (ticker.c:506) {ycsb} index-usage: used-bytes 6400000000
Sep 16 2026 03:33:59 GMT: INFO (info): (ticker.c:559) {ycsb} data-usage: used-bytes 145600000000 avail-pct 83 cache-read-pct 0.19
Sep 16 2026 03:33:59 GMT: INFO (info): (ticker.c:618) {ycsb} client: tsvc (0,0) proxy (0,0,0) read (333980942,0,0,0,0) write (93614403,0,0,0) delete (0,0,0,0,0) udf (0,0,0,0) lang (0,0,0,0)
Sep 16 2026 03:33:59 GMT: INFO (info): (hist.c:319) histogram dump: {ycsb}-read (333980944 total) msec
Sep 16 2026 03:33:59 GMT: INFO (info): (hist.c:330)  (00: 0333606353) (01: 0000360348) (02: 0000013464) (03: 0000000487)
Sep 16 2026 03:33:59 GMT: INFO (info): (hist.c:339)  (04: 0000000025) (05: 0000000095) (06: 0000000172)
Sep 16 2026 03:33:59 GMT: INFO (info): (hist.c:319) histogram dump: {ycsb}-write (93614403 total) msec
Sep 16 2026 03:33:59 GMT: INFO (info): (hist.c:330)  (00: 0093564672) (01: 0000046738) (02: 0000002950) (03: 0000000041)
Sep 16 2026 03:33:59 GMT: INFO (info): (hist.c:339)  (05: 0000000001) (06: 0000000001)
Sep 16 2026 03:33:59 GMT: INFO (deprecation): (thr_info.c:888) (repeated:2557) 'services' info command is deprecated - use 'peers-clear-std' instead
Sep 16 2026 03:34:09 GMT: INFO (info): (ticker.c:169) NODE-ID bb9f1b2523a0d00 CLUSTER-SIZE 1 CLUSTER-NAME ycsb-default-20260916
Sep 16 2026 03:34:09 GMT: INFO (info): (ticker.c:241)    cluster-clock: skew-ms 0
Sep 16 2026 03:34:09 GMT: INFO (info): (ticker.c:265)    system: total-cpu-pct 1582 user-cpu-pct 384 kernel-cpu-pct 1198 free-mem-kbytes 122147360 free-mem-pct 92 thp-mem-kbytes 7145472 host-free-mem-kbytes 122147360 host-free-mem-pct 92
Sep 16 2026 03:34:09 GMT: INFO (info): (ticker.c:287)    process: cpu-pct 1395 threads (9,61,113,113) heap-kbytes (6777618,6799612,7015936) heap-efficiency-pct 99.7
Sep 16 2026 03:34:09 GMT: INFO (info): (ticker.c:297)    in-progress: info-q 0 rw-hash 1 proxy-hash 0 tree-gc-q 0 long-queries 0
Sep 16 2026 03:34:09 GMT: INFO (info): (ticker.c:340)    fds: proto (512,9273,8761) heartbeat (0,0,0) fabric (0,0,0) admin (0,0,0)
Sep 16 2026 03:34:09 GMT: INFO (info): (ticker.c:352)    heartbeat-received: self 0 foreign 0
Sep 16 2026 03:34:09 GMT: INFO (info): (ticker.c:378)    fabric-bytes-per-second: bulk (0,0) ctrl (0,0) meta (0,0) rw (0,0)
Sep 16 2026 03:34:09 GMT: INFO (info): (ticker.c:426) {ycsb} objects: all 100000000 master 100000000 prole 0 non-replica 0
Sep 16 2026 03:34:09 GMT: INFO (info): (ticker.c:481) {ycsb} migrations: complete
Sep 16 2026 03:34:09 GMT: INFO (info): (ticker.c:506) {ycsb} index-usage: used-bytes 6400000000
Sep 16 2026 03:34:09 GMT: INFO (info): (ticker.c:559) {ycsb} data-usage: used-bytes 145600000000 avail-pct 83 cache-read-pct 0.19
Sep 16 2026 03:34:09 GMT: INFO (info): (ticker.c:618) {ycsb} client: tsvc (0,0) proxy (0,0,0) read (338223307,0,0,0,0) write (93838130,0,0,0) delete (0,0,0,0,0) udf (0,0,0,0) lang (0,0,0,0)
Sep 16 2026 03:34:09 GMT: INFO (info): (hist.c:319) histogram dump: {ycsb}-read (338223311 total) msec
Sep 16 2026 03:34:09 GMT: INFO (info): (hist.c:330)  (00: 0337842413) (01: 0000366388) (02: 0000013694) (03: 0000000513)
Sep 16 2026 03:34:09 GMT: INFO (info): (hist.c:339)  (04: 0000000036) (05: 0000000095) (06: 0000000172)
Sep 16 2026 03:34:09 GMT: INFO (info): (hist.c:319) histogram dump: {ycsb}-write (93838131 total) msec
Sep 16 2026 03:34:09 GMT: INFO (info): (hist.c:330)  (00: 0093788293) (01: 0000046839) (02: 0000002955) (03: 0000000042)
Sep 16 2026 03:34:09 GMT: INFO (info): (hist.c:339)  (05: 0000000001) (06: 0000000001)
Sep 16 2026 03:34:09 GMT: INFO (deprecation): (thr_info.c:888) (repeated:2558) 'services' info command is deprecated - use 'peers-clear-std' instead
Sep 16 2026 03:34:18 GMT: INFO (drv_ssd): (drv_ssd.c:2133) {ycsb} /dev/md127p3: used-bytes 145600000000 free-wblocks 109815 write-q 0 write (25541,5.7) defrag-q 0 defrag-read (21650,3.7) defrag-write (9215,1.8)
Sep 16 2026 03:34:19 GMT: INFO (info): (ticker.c:169) NODE-ID bb9f1b2523a0d00 CLUSTER-SIZE 1 CLUSTER-NAME ycsb-default-20260916
Sep 16 2026 03:34:19 GMT: INFO (info): (ticker.c:241)    cluster-clock: skew-ms 0
Sep 16 2026 03:34:19 GMT: INFO (info): (ticker.c:265)    system: total-cpu-pct 1583 user-cpu-pct 383 kernel-cpu-pct 1200 free-mem-kbytes 122145904 free-mem-pct 92 thp-mem-kbytes 7149568 host-free-mem-kbytes 122145904 host-free-mem-pct 92
Sep 16 2026 03:34:19 GMT: INFO (info): (ticker.c:287)    process: cpu-pct 1398 threads (9,61,113,113) heap-kbytes (6777632,6799612,7015936) heap-efficiency-pct 99.7
Sep 16 2026 03:34:19 GMT: INFO (info): (ticker.c:297)    in-progress: info-q 0 rw-hash 1 proxy-hash 0 tree-gc-q 0 long-queries 0
Sep 16 2026 03:34:19 GMT: INFO (info): (ticker.c:340)    fds: proto (512,9273,8761) heartbeat (0,0,0) fabric (0,0,0) admin (0,0,0)
Sep 16 2026 03:34:19 GMT: INFO (info): (ticker.c:352)    heartbeat-received: self 0 foreign 0
Sep 16 2026 03:34:19 GMT: INFO (info): (ticker.c:378)    fabric-bytes-per-second: bulk (0,0) ctrl (0,0) meta (0,0) rw (0,0)
Sep 16 2026 03:34:19 GMT: INFO (info): (ticker.c:426) {ycsb} objects: all 100000000 master 100000000 prole 0 non-replica 0
Sep 16 2026 03:34:19 GMT: INFO (info): (ticker.c:481) {ycsb} migrations: complete
Sep 16 2026 03:34:19 GMT: INFO (info): (ticker.c:506) {ycsb} index-usage: used-bytes 6400000000
Sep 16 2026 03:34:19 GMT: INFO (info): (ticker.c:559) {ycsb} data-usage: used-bytes 145600000000 avail-pct 83 cache-read-pct 0.19
Sep 16 2026 03:34:19 GMT: INFO (info): (ticker.c:618) {ycsb} client: tsvc (0,0) proxy (0,0,0) read (342476243,0,0,0,0) write (94062041,0,0,0) delete (0,0,0,0,0) udf (0,0,0,0) lang (0,0,0,0)
Sep 16 2026 03:34:19 GMT: INFO (info): (hist.c:319) histogram dump: {ycsb}-read (342476246 total) msec
Sep 16 2026 03:34:19 GMT: INFO (info): (hist.c:330)  (00: 0342089424) (01: 0000372116) (02: 0000013870) (03: 0000000530)
Sep 16 2026 03:34:19 GMT: INFO (info): (hist.c:339)  (04: 0000000039) (05: 0000000095) (06: 0000000172)
Sep 16 2026 03:34:19 GMT: INFO (info): (hist.c:319) histogram dump: {ycsb}-write (94062041 total) msec
Sep 16 2026 03:34:19 GMT: INFO (info): (hist.c:330)  (00: 0094012130) (01: 0000046907) (02: 0000002960) (03: 0000000042)
Sep 16 2026 03:34:19 GMT: INFO (info): (hist.c:339)  (05: 0000000001) (06: 0000000001)
Sep 16 2026 03:34:19 GMT: INFO (deprecation): (thr_info.c:888) (repeated:2560) 'services' info command is deprecated - use 'peers-clear-std' instead
Sep 16 2026 03:34:29 GMT: INFO (info): (ticker.c:169) NODE-ID bb9f1b2523a0d00 CLUSTER-SIZE 1 CLUSTER-NAME ycsb-default-20260916
Sep 16 2026 03:34:29 GMT: INFO (info): (ticker.c:241)    cluster-clock: skew-ms 0
Sep 16 2026 03:34:29 GMT: INFO (info): (ticker.c:265)    system: total-cpu-pct 1579 user-cpu-pct 381 kernel-cpu-pct 1198 free-mem-kbytes 122153316 free-mem-pct 92 thp-mem-kbytes 7143424 host-free-mem-kbytes 122153316 host-free-mem-pct 92
Sep 16 2026 03:34:29 GMT: INFO (info): (ticker.c:287)    process: cpu-pct 1394 threads (9,61,113,113) heap-kbytes (6777617,6799612,7015936) heap-efficiency-pct 99.7
Sep 16 2026 03:34:29 GMT: INFO (info): (ticker.c:297)    in-progress: info-q 0 rw-hash 0 proxy-hash 0 tree-gc-q 0 long-queries 0
Sep 16 2026 03:34:29 GMT: INFO (info): (ticker.c:340)    fds: proto (512,9273,8761) heartbeat (0,0,0) fabric (0,0,0) admin (0,0,0)
Sep 16 2026 03:34:29 GMT: INFO (info): (ticker.c:352)    heartbeat-received: self 0 foreign 0
Sep 16 2026 03:34:29 GMT: INFO (info): (ticker.c:378)    fabric-bytes-per-second: bulk (0,0) ctrl (0,0) meta (0,0) rw (0,0)
Sep 16 2026 03:34:29 GMT: INFO (info): (ticker.c:426) {ycsb} objects: all 100000000 master 100000000 prole 0 non-replica 0
Sep 16 2026 03:34:29 GMT: INFO (info): (ticker.c:481) {ycsb} migrations: complete
Sep 16 2026 03:34:29 GMT: INFO (info): (ticker.c:506) {ycsb} index-usage: used-bytes 6400000000
Sep 16 2026 03:34:29 GMT: INFO (info): (ticker.c:559) {ycsb} data-usage: used-bytes 145600000000 avail-pct 83 cache-read-pct 0.19
Sep 16 2026 03:34:29 GMT: INFO (info): (ticker.c:618) {ycsb} client: tsvc (0,0) proxy (0,0,0) read (346725077,0,0,0,0) write (94285996,0,0,0) delete (0,0,0,0,0) udf (0,0,0,0) lang (0,0,0,0)
Sep 16 2026 03:34:29 GMT: INFO (info): (hist.c:319) histogram dump: {ycsb}-read (346725077 total) msec
Sep 16 2026 03:34:29 GMT: INFO (info): (hist.c:330)  (00: 0346332661) (01: 0000377508) (02: 0000014065) (03: 0000000537)
Sep 16 2026 03:34:29 GMT: INFO (info): (hist.c:339)  (04: 0000000039) (05: 0000000095) (06: 0000000172)
Sep 16 2026 03:34:29 GMT: INFO (info): (hist.c:319) histogram dump: {ycsb}-write (94285996 total) msec
Sep 16 2026 03:34:29 GMT: INFO (info): (hist.c:330)  (00: 0094236009) (01: 0000046978) (02: 0000002964) (03: 0000000043)
Sep 16 2026 03:34:29 GMT: INFO (info): (hist.c:339)  (05: 0000000001) (06: 0000000001)
Sep 16 2026 03:34:29 GMT: INFO (deprecation): (thr_info.c:888) (repeated:2559) 'services' info command is deprecated - use 'peers-clear-std' instead
Sep 16 2026 03:34:38 GMT: INFO (drv_ssd): (drv_ssd.c:2133) {ycsb} /dev/md127p3: used-bytes 145600000000 free-wblocks 109773 write-q 0 write (25653,5.6) defrag-q 0 defrag-read (21720,3.5) defrag-write (9250,1.8)
Sep 16 2026 03:34:39 GMT: INFO (info): (ticker.c:169) NODE-ID bb9f1b2523a0d00 CLUSTER-SIZE 1 CLUSTER-NAME ycsb-default-20260916
Sep 16 2026 03:34:39 GMT: INFO (info): (ticker.c:241)    cluster-clock: skew-ms 0
Sep 16 2026 03:34:39 GMT: INFO (info): (ticker.c:265)    system: total-cpu-pct 1582 user-cpu-pct 379 kernel-cpu-pct 1203 free-mem-kbytes 122152428 free-mem-pct 92 thp-mem-kbytes 7143424 host-free-mem-kbytes 122152428 host-free-mem-pct 92
Sep 16 2026 03:34:39 GMT: INFO (info): (ticker.c:287)    process: cpu-pct 1394 threads (9,61,113,113) heap-kbytes (6777635,6799612,7015936) heap-efficiency-pct 99.7
Sep 16 2026 03:34:39 GMT: INFO (info): (ticker.c:297)    in-progress: info-q 0 rw-hash 0 proxy-hash 0 tree-gc-q 0 long-queries 0
Sep 16 2026 03:34:39 GMT: INFO (info): (ticker.c:340)    fds: proto (512,9273,8761) heartbeat (0,0,0) fabric (0,0,0) admin (0,0,0)
Sep 16 2026 03:34:39 GMT: INFO (info): (ticker.c:352)    heartbeat-received: self 0 foreign 0
Sep 16 2026 03:34:39 GMT: INFO (info): (ticker.c:378)    fabric-bytes-per-second: bulk (0,0) ctrl (0,0) meta (0,0) rw (0,0)
Sep 16 2026 03:34:39 GMT: INFO (info): (ticker.c:426) {ycsb} objects: all 100000000 master 100000000 prole 0 non-replica 0
Sep 16 2026 03:34:39 GMT: INFO (info): (ticker.c:481) {ycsb} migrations: complete
Sep 16 2026 03:34:39 GMT: INFO (info): (ticker.c:506) {ycsb} index-usage: used-bytes 6400000000
Sep 16 2026 03:34:39 GMT: INFO (info): (ticker.c:559) {ycsb} data-usage: used-bytes 145600000000 avail-pct 83 cache-read-pct 0.19
Sep 16 2026 03:34:39 GMT: INFO (info): (ticker.c:618) {ycsb} client: tsvc (0,0) proxy (0,0,0) read (350983459,0,0,0,0) write (94509348,0,0,0) delete (0,0,0,0,0) udf (0,0,0,0) lang (0,0,0,0)
Sep 16 2026 03:34:39 GMT: INFO (info): (hist.c:319) histogram dump: {ycsb}-read (350983461 total) msec
Sep 16 2026 03:34:39 GMT: INFO (info): (hist.c:330)  (00: 0350585875) (01: 0000382515) (02: 0000014226) (03: 0000000539)
Sep 16 2026 03:34:39 GMT: INFO (info): (hist.c:339)  (04: 0000000039) (05: 0000000095) (06: 0000000172)
Sep 16 2026 03:34:39 GMT: INFO (info): (hist.c:319) histogram dump: {ycsb}-write (94509348 total) msec
Sep 16 2026 03:34:39 GMT: INFO (info): (hist.c:330)  (00: 0094459282) (01: 0000047056) (02: 0000002965) (03: 0000000043)
Sep 16 2026 03:34:39 GMT: INFO (info): (hist.c:339)  (05: 0000000001) (06: 0000000001)
Sep 16 2026 03:34:39 GMT: INFO (deprecation): (thr_info.c:888) (repeated:2560) 'services' info command is deprecated - use 'peers-clear-std' instead
Sep 16 2026 03:34:49 GMT: INFO (info): (ticker.c:169) NODE-ID bb9f1b2523a0d00 CLUSTER-SIZE 1 CLUSTER-NAME ycsb-default-20260916
Sep 16 2026 03:34:49 GMT: INFO (info): (ticker.c:241)    cluster-clock: skew-ms 0
Sep 16 2026 03:34:49 GMT: INFO (info): (ticker.c:265)    system: total-cpu-pct 1581 user-cpu-pct 380 kernel-cpu-pct 1201 free-mem-kbytes 122152868 free-mem-pct 92 thp-mem-kbytes 7145472 host-free-mem-kbytes 122152868 host-free-mem-pct 92
Sep 16 2026 03:34:49 GMT: INFO (info): (ticker.c:287)    process: cpu-pct 1393 threads (9,61,113,113) heap-kbytes (6777623,6799612,7015936) heap-efficiency-pct 99.7
Sep 16 2026 03:34:49 GMT: INFO (info): (ticker.c:297)    in-progress: info-q 0 rw-hash 0 proxy-hash 0 tree-gc-q 0 long-queries 0
Sep 16 2026 03:34:49 GMT: INFO (info): (ticker.c:340)    fds: proto (512,9273,8761) heartbeat (0,0,0) fabric (0,0,0) admin (0,0,0)
Sep 16 2026 03:34:49 GMT: INFO (info): (ticker.c:352)    heartbeat-received: self 0 foreign 0
Sep 16 2026 03:34:49 GMT: INFO (info): (ticker.c:378)    fabric-bytes-per-second: bulk (0,0) ctrl (0,0) meta (0,0) rw (0,0)
Sep 16 2026 03:34:49 GMT: INFO (info): (ticker.c:426) {ycsb} objects: all 100000000 master 100000000 prole 0 non-replica 0
Sep 16 2026 03:34:49 GMT: INFO (info): (ticker.c:481) {ycsb} migrations: complete
Sep 16 2026 03:34:49 GMT: INFO (info): (ticker.c:506) {ycsb} index-usage: used-bytes 6400000000
Sep 16 2026 03:34:49 GMT: INFO (info): (ticker.c:559) {ycsb} data-usage: used-bytes 145600000000 avail-pct 83 cache-read-pct 0.19
Sep 16 2026 03:34:49 GMT: INFO (info): (ticker.c:618) {ycsb} client: tsvc (0,0) proxy (0,0,0) read (355223932,0,0,0,0) write (94732762,0,0,0) delete (0,0,0,0,0) udf (0,0,0,0) lang (0,0,0,0)
Sep 16 2026 03:34:49 GMT: INFO (info): (hist.c:319) histogram dump: {ycsb}-read (355223933 total) msec
Sep 16 2026 03:34:49 GMT: INFO (info): (hist.c:330)  (00: 0354819066) (01: 0000389589) (02: 0000014423) (03: 0000000549)
Sep 16 2026 03:34:49 GMT: INFO (info): (hist.c:339)  (04: 0000000039) (05: 0000000095) (06: 0000000172)
Sep 16 2026 03:34:49 GMT: INFO (info): (hist.c:319) histogram dump: {ycsb}-write (94732762 total) msec
Sep 16 2026 03:34:49 GMT: INFO (info): (hist.c:330)  (00: 0094682577) (01: 0000047169) (02: 0000002969) (03: 0000000045)
Sep 16 2026 03:34:49 GMT: INFO (info): (hist.c:339)  (05: 0000000001) (06: 0000000001)
Sep 16 2026 03:34:49 GMT: INFO (deprecation): (thr_info.c:888) (repeated:2560) 'services' info command is deprecated - use 'peers-clear-std' instead
Sep 16 2026 03:34:58 GMT: INFO (drv_ssd): (drv_ssd.c:2133) {ycsb} /dev/md127p3: used-bytes 145600000000 free-wblocks 109736 write-q 0 write (25772,5.9) defrag-q 0 defrag-read (21802,4.1) defrag-write (9291,2.0)
Sep 16 2026 03:34:59 GMT: INFO (info): (ticker.c:169) NODE-ID bb9f1b2523a0d00 CLUSTER-SIZE 1 CLUSTER-NAME ycsb-default-20260916
Sep 16 2026 03:34:59 GMT: INFO (info): (ticker.c:241)    cluster-clock: skew-ms 0
Sep 16 2026 03:34:59 GMT: INFO (info): (ticker.c:265)    system: total-cpu-pct 1582 user-cpu-pct 381 kernel-cpu-pct 1201 free-mem-kbytes 122153700 free-mem-pct 92 thp-mem-kbytes 7143424 host-free-mem-kbytes 122153700 host-free-mem-pct 92
Sep 16 2026 03:34:59 GMT: INFO (info): (ticker.c:287)    process: cpu-pct 1397 threads (9,61,113,113) heap-kbytes (6777628,6799612,7015936) heap-efficiency-pct 99.7
Sep 16 2026 03:34:59 GMT: INFO (info): (ticker.c:297)    in-progress: info-q 0 rw-hash 0 proxy-hash 0 tree-gc-q 0 long-queries 0
Sep 16 2026 03:34:59 GMT: INFO (info): (ticker.c:340)    fds: proto (512,9273,8761) heartbeat (0,0,0) fabric (0,0,0) admin (0,0,0)
Sep 16 2026 03:34:59 GMT: INFO (info): (ticker.c:352)    heartbeat-received: self 0 foreign 0
Sep 16 2026 03:34:59 GMT: INFO (info): (ticker.c:378)    fabric-bytes-per-second: bulk (0,0) ctrl (0,0) meta (0,0) rw (0,0)
Sep 16 2026 03:34:59 GMT: INFO (info): (ticker.c:426) {ycsb} objects: all 100000000 master 100000000 prole 0 non-replica 0
Sep 16 2026 03:34:59 GMT: INFO (info): (ticker.c:481) {ycsb} migrations: complete
Sep 16 2026 03:34:59 GMT: INFO (info): (ticker.c:506) {ycsb} index-usage: used-bytes 6400000000
Sep 16 2026 03:34:59 GMT: INFO (info): (ticker.c:559) {ycsb} data-usage: used-bytes 145600000000 avail-pct 83 cache-read-pct 0.19
Sep 16 2026 03:34:59 GMT: INFO (info): (ticker.c:618) {ycsb} client: tsvc (0,0) proxy (0,0,0) read (359461351,0,0,0,0) write (94957039,0,0,0) delete (0,0,0,0,0) udf (0,0,0,0) lang (0,0,0,0)
Sep 16 2026 03:34:59 GMT: INFO (info): (hist.c:319) histogram dump: {ycsb}-read (359461356 total) msec
Sep 16 2026 03:34:59 GMT: INFO (info): (hist.c:330)  (00: 0359048652) (01: 0000397223) (02: 0000014620) (03: 0000000555)
Sep 16 2026 03:34:59 GMT: INFO (info): (hist.c:339)  (04: 0000000039) (05: 0000000095) (06: 0000000172)
Sep 16 2026 03:34:59 GMT: INFO (info): (hist.c:319) histogram dump: {ycsb}-write (94957042 total) msec
Sep 16 2026 03:34:59 GMT: INFO (info): (hist.c:330)  (00: 0094906732) (01: 0000047289) (02: 0000002973) (03: 0000000046)
Sep 16 2026 03:34:59 GMT: INFO (info): (hist.c:339)  (05: 0000000001) (06: 0000000001)
Sep 16 2026 03:34:59 GMT: INFO (deprecation): (thr_info.c:888) (repeated:2560) 'services' info command is deprecated - use 'peers-clear-std' instead
Sep 16 2026 03:35:09 GMT: INFO (info): (ticker.c:169) NODE-ID bb9f1b2523a0d00 CLUSTER-SIZE 1 CLUSTER-NAME ycsb-default-20260916
Sep 16 2026 03:35:09 GMT: INFO (info): (ticker.c:241)    cluster-clock: skew-ms 0
Sep 16 2026 03:35:09 GMT: INFO (info): (ticker.c:265)    system: total-cpu-pct 1582 user-cpu-pct 383 kernel-cpu-pct 1199 free-mem-kbytes 122150436 free-mem-pct 92 thp-mem-kbytes 7145472 host-free-mem-kbytes 122150436 host-free-mem-pct 92
Sep 16 2026 03:35:09 GMT: INFO (info): (ticker.c:287)    process: cpu-pct 1393 threads (9,61,113,113) heap-kbytes (6777628,6799612,7015936) heap-efficiency-pct 99.7
Sep 16 2026 03:35:09 GMT: INFO (info): (ticker.c:297)    in-progress: info-q 0 rw-hash 1 proxy-hash 0 tree-gc-q 0 long-queries 0
Sep 16 2026 03:35:09 GMT: INFO (info): (ticker.c:340)    fds: proto (512,9273,8761) heartbeat (0,0,0) fabric (0,0,0) admin (0,0,0)
Sep 16 2026 03:35:09 GMT: INFO (info): (ticker.c:352)    heartbeat-received: self 0 foreign 0
Sep 16 2026 03:35:09 GMT: INFO (info): (ticker.c:378)    fabric-bytes-per-second: bulk (0,0) ctrl (0,0) meta (0,0) rw (0,0)
Sep 16 2026 03:35:09 GMT: INFO (info): (ticker.c:426) {ycsb} objects: all 100000000 master 100000000 prole 0 non-replica 0
Sep 16 2026 03:35:09 GMT: INFO (info): (ticker.c:481) {ycsb} migrations: complete
Sep 16 2026 03:35:09 GMT: INFO (info): (ticker.c:506) {ycsb} index-usage: used-bytes 6400000000
Sep 16 2026 03:35:09 GMT: INFO (info): (ticker.c:559) {ycsb} data-usage: used-bytes 145600000000 avail-pct 83 cache-read-pct 0.19
Sep 16 2026 03:35:09 GMT: INFO (info): (ticker.c:618) {ycsb} client: tsvc (0,0) proxy (0,0,0) read (363698651,0,0,0,0) write (95180471,0,0,0) delete (0,0,0,0,0) udf (0,0,0,0) lang (0,0,0,0)
Sep 16 2026 03:35:09 GMT: INFO (info): (hist.c:319) histogram dump: {ycsb}-read (363698652 total) msec
Sep 16 2026 03:35:09 GMT: INFO (info): (hist.c:330)  (00: 0363278206) (01: 0000404769) (02: 0000014807) (03: 0000000564)
Sep 16 2026 03:35:09 GMT: INFO (info): (hist.c:339)  (04: 0000000039) (05: 0000000095) (06: 0000000172)
Sep 16 2026 03:35:09 GMT: INFO (info): (hist.c:319) histogram dump: {ycsb}-write (95180473 total) msec
Sep 16 2026 03:35:09 GMT: INFO (info): (hist.c:330)  (00: 0095130041) (01: 0000047408) (02: 0000002976) (03: 0000000046)
Sep 16 2026 03:35:09 GMT: INFO (info): (hist.c:339)  (05: 0000000001) (06: 0000000001)
Sep 16 2026 03:35:09 GMT: INFO (deprecation): (thr_info.c:888) (repeated:2560) 'services' info command is deprecated - use 'peers-clear-std' instead
Sep 16 2026 03:35:18 GMT: INFO (drv_ssd): (drv_ssd.c:2133) {ycsb} /dev/md127p3: used-bytes 145600000000 free-wblocks 109693 write-q 0 write (25885,5.7) defrag-q 0 defrag-read (21871,3.5) defrag-write (9326,1.8)
Sep 16 2026 03:35:19 GMT: INFO (info): (ticker.c:169) NODE-ID bb9f1b2523a0d00 CLUSTER-SIZE 1 CLUSTER-NAME ycsb-default-20260916
Sep 16 2026 03:35:19 GMT: INFO (info): (ticker.c:241)    cluster-clock: skew-ms 0
Sep 16 2026 03:35:19 GMT: INFO (info): (ticker.c:265)    system: total-cpu-pct 1582 user-cpu-pct 384 kernel-cpu-pct 1198 free-mem-kbytes 122169112 free-mem-pct 92 thp-mem-kbytes 7149568 host-free-mem-kbytes 122169112 host-free-mem-pct 92
Sep 16 2026 03:35:19 GMT: INFO (info): (ticker.c:287)    process: cpu-pct 1391 threads (9,61,113,113) heap-kbytes (6777617,6799612,7015936) heap-efficiency-pct 99.7
Sep 16 2026 03:35:19 GMT: INFO (info): (ticker.c:297)    in-progress: info-q 0 rw-hash 1 proxy-hash 0 tree-gc-q 0 long-queries 0
Sep 16 2026 03:35:19 GMT: INFO (info): (ticker.c:340)    fds: proto (512,9273,8761) heartbeat (0,0,0) fabric (0,0,0) admin (0,0,0)
Sep 16 2026 03:35:19 GMT: INFO (info): (ticker.c:352)    heartbeat-received: self 0 foreign 0
Sep 16 2026 03:35:19 GMT: INFO (info): (ticker.c:378)    fabric-bytes-per-second: bulk (0,0) ctrl (0,0) meta (0,0) rw (0,0)
Sep 16 2026 03:35:19 GMT: INFO (info): (ticker.c:426) {ycsb} objects: all 100000000 master 100000000 prole 0 non-replica 0
Sep 16 2026 03:35:19 GMT: INFO (info): (ticker.c:481) {ycsb} migrations: complete
Sep 16 2026 03:35:19 GMT: INFO (info): (ticker.c:506) {ycsb} index-usage: used-bytes 6400000000
Sep 16 2026 03:35:19 GMT: INFO (info): (ticker.c:559) {ycsb} data-usage: used-bytes 145600000000 avail-pct 83 cache-read-pct 0.19
Sep 16 2026 03:35:19 GMT: INFO (info): (ticker.c:618) {ycsb} client: tsvc (0,0) proxy (0,0,0) read (367934482,0,0,0,0) write (95403533,0,0,0) delete (0,0,0,0,0) udf (0,0,0,0) lang (0,0,0,0)
Sep 16 2026 03:35:19 GMT: INFO (info): (hist.c:319) histogram dump: {ycsb}-read (367934486 total) msec
Sep 16 2026 03:35:19 GMT: INFO (info): (hist.c:330)  (00: 0367506276) (01: 0000412207) (02: 0000015117) (03: 0000000580)
Sep 16 2026 03:35:19 GMT: INFO (info): (hist.c:339)  (04: 0000000039) (05: 0000000095) (06: 0000000172)
Sep 16 2026 03:35:19 GMT: INFO (info): (hist.c:319) histogram dump: {ycsb}-write (95403535 total) msec
Sep 16 2026 03:35:19 GMT: INFO (info): (hist.c:330)  (00: 0095352985) (01: 0000047516) (02: 0000002984) (03: 0000000048)
Sep 16 2026 03:35:19 GMT: INFO (info): (hist.c:339)  (05: 0000000001) (06: 0000000001)
Sep 16 2026 03:35:19 GMT: INFO (deprecation): (thr_info.c:888) (repeated:2560) 'services' info command is deprecated - use 'peers-clear-std' instead
Sep 16 2026 03:35:29 GMT: INFO (info): (ticker.c:169) NODE-ID bb9f1b2523a0d00 CLUSTER-SIZE 1 CLUSTER-NAME ycsb-default-20260916
Sep 16 2026 03:35:29 GMT: INFO (info): (ticker.c:241)    cluster-clock: skew-ms 0
Sep 16 2026 03:35:29 GMT: INFO (info): (ticker.c:265)    system: total-cpu-pct 1583 user-cpu-pct 382 kernel-cpu-pct 1201 free-mem-kbytes 122171628 free-mem-pct 92 thp-mem-kbytes 7143424 host-free-mem-kbytes 122171628 host-free-mem-pct 92
Sep 16 2026 03:35:29 GMT: INFO (info): (ticker.c:287)    process: cpu-pct 1401 threads (9,61,113,113) heap-kbytes (6777623,6799612,7015936) heap-efficiency-pct 99.7
Sep 16 2026 03:35:29 GMT: INFO (info): (ticker.c:297)    in-progress: info-q 0 rw-hash 0 proxy-hash 0 tree-gc-q 0 long-queries 0
Sep 16 2026 03:35:29 GMT: INFO (info): (ticker.c:340)    fds: proto (512,9273,8761) heartbeat (0,0,0) fabric (0,0,0) admin (0,0,0)
Sep 16 2026 03:35:29 GMT: INFO (info): (ticker.c:352)    heartbeat-received: self 0 foreign 0
Sep 16 2026 03:35:29 GMT: INFO (info): (ticker.c:378)    fabric-bytes-per-second: bulk (0,0) ctrl (0,0) meta (0,0) rw (0,0)
Sep 16 2026 03:35:29 GMT: INFO (info): (ticker.c:426) {ycsb} objects: all 100000000 master 100000000 prole 0 non-replica 0
Sep 16 2026 03:35:29 GMT: INFO (info): (ticker.c:481) {ycsb} migrations: complete
Sep 16 2026 03:35:29 GMT: INFO (info): (ticker.c:506) {ycsb} index-usage: used-bytes 6400000000
Sep 16 2026 03:35:29 GMT: INFO (info): (ticker.c:559) {ycsb} data-usage: used-bytes 145600000000 avail-pct 83 cache-read-pct 0.19
Sep 16 2026 03:35:29 GMT: INFO (info): (ticker.c:618) {ycsb} client: tsvc (0,0) proxy (0,0,0) read (372198179,0,0,0,0) write (95628264,0,0,0) delete (0,0,0,0,0) udf (0,0,0,0) lang (0,0,0,0)
Sep 16 2026 03:35:29 GMT: INFO (info): (hist.c:319) histogram dump: {ycsb}-read (372198184 total) msec
Sep 16 2026 03:35:29 GMT: INFO (info): (hist.c:330)  (00: 0371764262) (01: 0000417754) (02: 0000015281) (03: 0000000581)
Sep 16 2026 03:35:29 GMT: INFO (info): (hist.c:339)  (04: 0000000039) (05: 0000000095) (06: 0000000172)
Sep 16 2026 03:35:29 GMT: INFO (info): (hist.c:319) histogram dump: {ycsb}-write (95628264 total) msec
Sep 16 2026 03:35:29 GMT: INFO (info): (hist.c:330)  (00: 0095577621) (01: 0000047603) (02: 0000002990) (03: 0000000048)
Sep 16 2026 03:35:29 GMT: INFO (info): (hist.c:339)  (05: 0000000001) (06: 0000000001)
Sep 16 2026 03:35:29 GMT: INFO (deprecation): (thr_info.c:888) (repeated:2560) 'services' info command is deprecated - use 'peers-clear-std' instead
Sep 16 2026 03:35:38 GMT: INFO (drv_ssd): (drv_ssd.c:2133) {ycsb} /dev/md127p3: used-bytes 145600000000 free-wblocks 109661 write-q 0 write (26007,6.1) defrag-q 0 defrag-read (21961,4.5) defrag-write (9371,2.2)
Sep 16 2026 03:35:39 GMT: INFO (info): (ticker.c:169) NODE-ID bb9f1b2523a0d00 CLUSTER-SIZE 1 CLUSTER-NAME ycsb-default-20260916
Sep 16 2026 03:35:39 GMT: INFO (info): (ticker.c:241)    cluster-clock: skew-ms 0
Sep 16 2026 03:35:39 GMT: INFO (info): (ticker.c:265)    system: total-cpu-pct 1583 user-cpu-pct 377 kernel-cpu-pct 1206 free-mem-kbytes 122175936 free-mem-pct 92 thp-mem-kbytes 7145472 host-free-mem-kbytes 122175936 host-free-mem-pct 92
Sep 16 2026 03:35:39 GMT: INFO (info): (ticker.c:287)    process: cpu-pct 1407 threads (9,61,113,113) heap-kbytes (6777622,6799612,7015936) heap-efficiency-pct 99.7
Sep 16 2026 03:35:39 GMT: INFO (info): (ticker.c:297)    in-progress: info-q 0 rw-hash 1 proxy-hash 0 tree-gc-q 0 long-queries 0
Sep 16 2026 03:35:39 GMT: INFO (info): (ticker.c:340)    fds: proto (512,9273,8761) heartbeat (0,0,0) fabric (0,0,0) admin (0,0,0)
Sep 16 2026 03:35:39 GMT: INFO (info): (ticker.c:352)    heartbeat-received: self 0 foreign 0
Sep 16 2026 03:35:39 GMT: INFO (info): (ticker.c:378)    fabric-bytes-per-second: bulk (0,0) ctrl (0,0) meta (0,0) rw (0,0)
Sep 16 2026 03:35:39 GMT: INFO (info): (ticker.c:426) {ycsb} objects: all 100000000 master 100000000 prole 0 non-replica 0
Sep 16 2026 03:35:39 GMT: INFO (info): (ticker.c:481) {ycsb} migrations: complete
Sep 16 2026 03:35:39 GMT: INFO (info): (ticker.c:506) {ycsb} index-usage: used-bytes 6400000000
Sep 16 2026 03:35:39 GMT: INFO (info): (ticker.c:559) {ycsb} data-usage: used-bytes 145600000000 avail-pct 83 cache-read-pct 0.19
Sep 16 2026 03:35:39 GMT: INFO (info): (ticker.c:618) {ycsb} client: tsvc (0,0) proxy (0,0,0) read (376463487,0,0,0,0) write (95852692,0,0,0) delete (0,0,0,0,0) udf (0,0,0,0) lang (0,0,0,0)
Sep 16 2026 03:35:39 GMT: INFO (info): (hist.c:319) histogram dump: {ycsb}-read (376463491 total) msec
Sep 16 2026 03:35:39 GMT: INFO (info): (hist.c:330)  (00: 0376024139) (01: 0000422989) (02: 0000015474) (03: 0000000583)
Sep 16 2026 03:35:39 GMT: INFO (info): (hist.c:339)  (04: 0000000039) (05: 0000000095) (06: 0000000172)
Sep 16 2026 03:35:39 GMT: INFO (info): (hist.c:319) histogram dump: {ycsb}-write (95852692 total) msec
Sep 16 2026 03:35:39 GMT: INFO (info): (hist.c:330)  (00: 0095801955) (01: 0000047695) (02: 0000002992) (03: 0000000048)
Sep 16 2026 03:35:39 GMT: INFO (info): (hist.c:339)  (05: 0000000001) (06: 0000000001)
Sep 16 2026 03:35:39 GMT: INFO (deprecation): (thr_info.c:888) (repeated:2560) 'services' info command is deprecated - use 'peers-clear-std' instead
Sep 16 2026 03:35:49 GMT: INFO (info): (ticker.c:169) NODE-ID bb9f1b2523a0d00 CLUSTER-SIZE 1 CLUSTER-NAME ycsb-default-20260916
Sep 16 2026 03:35:49 GMT: INFO (info): (ticker.c:241)    cluster-clock: skew-ms 0
Sep 16 2026 03:35:49 GMT: INFO (info): (ticker.c:265)    system: total-cpu-pct 1584 user-cpu-pct 379 kernel-cpu-pct 1205 free-mem-kbytes 122165376 free-mem-pct 92 thp-mem-kbytes 7145472 host-free-mem-kbytes 122165376 host-free-mem-pct 92
Sep 16 2026 03:35:49 GMT: INFO (info): (ticker.c:287)    process: cpu-pct 1411 threads (9,61,113,113) heap-kbytes (6777612,6799612,7015936) heap-efficiency-pct 99.7
Sep 16 2026 03:35:49 GMT: INFO (info): (ticker.c:297)    in-progress: info-q 0 rw-hash 0 proxy-hash 0 tree-gc-q 0 long-queries 0
Sep 16 2026 03:35:49 GMT: INFO (info): (ticker.c:340)    fds: proto (512,9273,8761) heartbeat (0,0,0) fabric (0,0,0) admin (0,0,0)
Sep 16 2026 03:35:49 GMT: INFO (info): (ticker.c:352)    heartbeat-received: self 0 foreign 0
Sep 16 2026 03:35:49 GMT: INFO (info): (ticker.c:378)    fabric-bytes-per-second: bulk (0,0) ctrl (0,0) meta (0,0) rw (0,0)
Sep 16 2026 03:35:49 GMT: INFO (info): (ticker.c:426) {ycsb} objects: all 100000000 master 100000000 prole 0 non-replica 0
Sep 16 2026 03:35:49 GMT: INFO (info): (ticker.c:481) {ycsb} migrations: complete
Sep 16 2026 03:35:49 GMT: INFO (info): (ticker.c:506) {ycsb} index-usage: used-bytes 6400000000
Sep 16 2026 03:35:49 GMT: INFO (info): (ticker.c:559) {ycsb} data-usage: used-bytes 145600000000 avail-pct 83 cache-read-pct 0.19
Sep 16 2026 03:35:49 GMT: INFO (info): (ticker.c:618) {ycsb} client: tsvc (0,0) proxy (0,0,0) read (380742066,0,0,0,0) write (96077401,0,0,0) delete (0,0,0,0,0) udf (0,0,0,0) lang (0,0,0,0)
Sep 16 2026 03:35:49 GMT: INFO (info): (hist.c:319) histogram dump: {ycsb}-read (380742069 total) msec
Sep 16 2026 03:35:49 GMT: INFO (info): (hist.c:330)  (00: 0380298419) (01: 0000427166) (02: 0000015594) (03: 0000000584)
Sep 16 2026 03:35:49 GMT: INFO (info): (hist.c:339)  (04: 0000000039) (05: 0000000095) (06: 0000000172)
Sep 16 2026 03:35:49 GMT: INFO (info): (hist.c:319) histogram dump: {ycsb}-write (96077401 total) msec
Sep 16 2026 03:35:49 GMT: INFO (info): (hist.c:330)  (00: 0096026610) (01: 0000047746) (02: 0000002995) (03: 0000000048)
Sep 16 2026 03:35:49 GMT: INFO (info): (hist.c:339)  (05: 0000000001) (06: 0000000001)
Sep 16 2026 03:35:49 GMT: INFO (deprecation): (thr_info.c:888) (repeated:2560) 'services' info command is deprecated - use 'peers-clear-std' instead
Sep 16 2026 03:35:58 GMT: INFO (drv_ssd): (drv_ssd.c:2133) {ycsb} /dev/md127p3: used-bytes 145600000000 free-wblocks 109618 write-q 0 write (26120,5.7) defrag-q 0 defrag-read (22031,3.5) defrag-write (9406,1.8)
Sep 16 2026 03:35:59 GMT: INFO (info): (ticker.c:169) NODE-ID bb9f1b2523a0d00 CLUSTER-SIZE 1 CLUSTER-NAME ycsb-default-20260916
Sep 16 2026 03:35:59 GMT: INFO (info): (ticker.c:241)    cluster-clock: skew-ms 0
Sep 16 2026 03:35:59 GMT: INFO (info): (ticker.c:265)    system: total-cpu-pct 1584 user-cpu-pct 384 kernel-cpu-pct 1200 free-mem-kbytes 122164044 free-mem-pct 92 thp-mem-kbytes 7143424 host-free-mem-kbytes 122164044 host-free-mem-pct 92
Sep 16 2026 03:35:59 GMT: INFO (info): (ticker.c:287)    process: cpu-pct 1405 threads (9,61,113,113) heap-kbytes (6777616,6799612,7015936) heap-efficiency-pct 99.7
Sep 16 2026 03:35:59 GMT: INFO (info): (ticker.c:297)    in-progress: info-q 0 rw-hash 0 proxy-hash 0 tree-gc-q 0 long-queries 0
Sep 16 2026 03:35:59 GMT: INFO (info): (ticker.c:340)    fds: proto (512,9273,8761) heartbeat (0,0,0) fabric (0,0,0) admin (0,0,0)
Sep 16 2026 03:35:59 GMT: INFO (info): (ticker.c:352)    heartbeat-received: self 0 foreign 0
Sep 16 2026 03:35:59 GMT: INFO (info): (ticker.c:378)    fabric-bytes-per-second: bulk (0,0) ctrl (0,0) meta (0,0) rw (0,0)
Sep 16 2026 03:35:59 GMT: INFO (info): (ticker.c:426) {ycsb} objects: all 100000000 master 100000000 prole 0 non-replica 0
Sep 16 2026 03:35:59 GMT: INFO (info): (ticker.c:481) {ycsb} migrations: complete
Sep 16 2026 03:35:59 GMT: INFO (info): (ticker.c:506) {ycsb} index-usage: used-bytes 6400000000
Sep 16 2026 03:35:59 GMT: INFO (info): (ticker.c:559) {ycsb} data-usage: used-bytes 145600000000 avail-pct 83 cache-read-pct 0.19
Sep 16 2026 03:35:59 GMT: INFO (info): (ticker.c:618) {ycsb} client: tsvc (0,0) proxy (0,0,0) read (385016618,0,0,0,0) write (96302210,0,0,0) delete (0,0,0,0,0) udf (0,0,0,0) lang (0,0,0,0)
Sep 16 2026 03:35:59 GMT: INFO (info): (hist.c:319) histogram dump: {ycsb}-read (385016619 total) msec
Sep 16 2026 03:35:59 GMT: INFO (info): (hist.c:330)  (00: 0384568721) (01: 0000431269) (02: 0000015733) (03: 0000000590)
Sep 16 2026 03:35:59 GMT: INFO (info): (hist.c:339)  (04: 0000000039) (05: 0000000095) (06: 0000000172)
Sep 16 2026 03:35:59 GMT: INFO (info): (hist.c:319) histogram dump: {ycsb}-write (96302211 total) msec
Sep 16 2026 03:35:59 GMT: INFO (info): (hist.c:330)  (00: 0096251352) (01: 0000047813) (02: 0000002996) (03: 0000000048)
Sep 16 2026 03:35:59 GMT: INFO (info): (hist.c:339)  (05: 0000000001) (06: 0000000001)
Sep 16 2026 03:35:59 GMT: INFO (deprecation): (thr_info.c:888) (repeated:2560) 'services' info command is deprecated - use 'peers-clear-std' instead
Sep 16 2026 03:36:09 GMT: INFO (info): (ticker.c:169) NODE-ID bb9f1b2523a0d00 CLUSTER-SIZE 1 CLUSTER-NAME ycsb-default-20260916
Sep 16 2026 03:36:09 GMT: INFO (info): (ticker.c:241)    cluster-clock: skew-ms 0
Sep 16 2026 03:36:09 GMT: INFO (info): (ticker.c:265)    system: total-cpu-pct 1583 user-cpu-pct 383 kernel-cpu-pct 1200 free-mem-kbytes 122158616 free-mem-pct 92 thp-mem-kbytes 7143424 host-free-mem-kbytes 122158616 host-free-mem-pct 92
Sep 16 2026 03:36:09 GMT: INFO (info): (ticker.c:287)    process: cpu-pct 1399 threads (9,61,113,113) heap-kbytes (6777617,6799612,7015936) heap-efficiency-pct 99.7
Sep 16 2026 03:36:09 GMT: INFO (info): (ticker.c:297)    in-progress: info-q 0 rw-hash 1 proxy-hash 0 tree-gc-q 0 long-queries 0
Sep 16 2026 03:36:09 GMT: INFO (info): (ticker.c:340)    fds: proto (512,9273,8761) heartbeat (0,0,0) fabric (0,0,0) admin (0,0,0)
Sep 16 2026 03:36:09 GMT: INFO (info): (ticker.c:352)    heartbeat-received: self 0 foreign 0
Sep 16 2026 03:36:09 GMT: INFO (info): (ticker.c:378)    fabric-bytes-per-second: bulk (0,0) ctrl (0,0) meta (0,0) rw (0,0)
Sep 16 2026 03:36:09 GMT: INFO (info): (ticker.c:426) {ycsb} objects: all 100000000 master 100000000 prole 0 non-replica 0
Sep 16 2026 03:36:09 GMT: INFO (info): (ticker.c:481) {ycsb} migrations: complete
Sep 16 2026 03:36:09 GMT: INFO (info): (ticker.c:506) {ycsb} index-usage: used-bytes 6400000000
Sep 16 2026 03:36:09 GMT: INFO (info): (ticker.c:559) {ycsb} data-usage: used-bytes 145600000000 avail-pct 83 cache-read-pct 0.19
Sep 16 2026 03:36:09 GMT: INFO (info): (ticker.c:618) {ycsb} client: tsvc (0,0) proxy (0,0,0) read (389270497,0,0,0,0) write (96526495,0,0,0) delete (0,0,0,0,0) udf (0,0,0,0) lang (0,0,0,0)
Sep 16 2026 03:36:09 GMT: INFO (info): (hist.c:319) histogram dump: {ycsb}-read (389270500 total) msec
Sep 16 2026 03:36:09 GMT: INFO (info): (hist.c:330)  (00: 0388817520) (01: 0000436172) (02: 0000015907) (03: 0000000595)
Sep 16 2026 03:36:09 GMT: INFO (info): (hist.c:339)  (04: 0000000039) (05: 0000000095) (06: 0000000172)
Sep 16 2026 03:36:09 GMT: INFO (info): (hist.c:319) histogram dump: {ycsb}-write (96526495 total) msec
Sep 16 2026 03:36:09 GMT: INFO (info): (hist.c:330)  (00: 0096475568) (01: 0000047879) (02: 0000002998) (03: 0000000048)
Sep 16 2026 03:36:09 GMT: INFO (info): (hist.c:339)  (05: 0000000001) (06: 0000000001)
Sep 16 2026 03:36:09 GMT: INFO (deprecation): (thr_info.c:888) (repeated:2560) 'services' info command is deprecated - use 'peers-clear-std' instead
Sep 16 2026 03:36:18 GMT: INFO (drv_ssd): (drv_ssd.c:2133) {ycsb} /dev/md127p3: used-bytes 145600000000 free-wblocks 109577 write-q 0 write (26235,5.8) defrag-q 0 defrag-read (22105,3.7) defrag-write (9443,1.9)
Sep 16 2026 03:36:19 GMT: INFO (info): (ticker.c:169) NODE-ID bb9f1b2523a0d00 CLUSTER-SIZE 1 CLUSTER-NAME ycsb-default-20260916
Sep 16 2026 03:36:19 GMT: INFO (info): (ticker.c:241)    cluster-clock: skew-ms 0
Sep 16 2026 03:36:19 GMT: INFO (info): (ticker.c:265)    system: total-cpu-pct 1582 user-cpu-pct 379 kernel-cpu-pct 1203 free-mem-kbytes 122158916 free-mem-pct 92 thp-mem-kbytes 7143424 host-free-mem-kbytes 122158916 host-free-mem-pct 92
Sep 16 2026 03:36:19 GMT: INFO (info): (ticker.c:287)    process: cpu-pct 1390 threads (9,61,113,113) heap-kbytes (6777624,6799612,7015936) heap-efficiency-pct 99.7
Sep 16 2026 03:36:19 GMT: INFO (info): (ticker.c:297)    in-progress: info-q 0 rw-hash 0 proxy-hash 0 tree-gc-q 0 long-queries 0
Sep 16 2026 03:36:19 GMT: INFO (info): (ticker.c:340)    fds: proto (512,9273,8761) heartbeat (0,0,0) fabric (0,0,0) admin (0,0,0)
Sep 16 2026 03:36:19 GMT: INFO (info): (ticker.c:352)    heartbeat-received: self 0 foreign 0
Sep 16 2026 03:36:19 GMT: INFO (info): (ticker.c:378)    fabric-bytes-per-second: bulk (0,0) ctrl (0,0) meta (0,0) rw (0,0)
Sep 16 2026 03:36:19 GMT: INFO (info): (ticker.c:426) {ycsb} objects: all 100000000 master 100000000 prole 0 non-replica 0
Sep 16 2026 03:36:19 GMT: INFO (info): (ticker.c:481) {ycsb} migrations: complete
Sep 16 2026 03:36:19 GMT: INFO (info): (ticker.c:506) {ycsb} index-usage: used-bytes 6400000000
Sep 16 2026 03:36:19 GMT: INFO (info): (ticker.c:559) {ycsb} data-usage: used-bytes 145600000000 avail-pct 83 cache-read-pct 0.19
Sep 16 2026 03:36:19 GMT: INFO (info): (ticker.c:618) {ycsb} client: tsvc (0,0) proxy (0,0,0) read (393516550,0,0,0,0) write (96750379,0,0,0) delete (0,0,0,0,0) udf (0,0,0,0) lang (0,0,0,0)
Sep 16 2026 03:36:19 GMT: INFO (info): (hist.c:319) histogram dump: {ycsb}-read (393516552 total) msec
Sep 16 2026 03:36:19 GMT: INFO (info): (hist.c:330)  (00: 0393057411) (01: 0000442132) (02: 0000016105) (03: 0000000598)
Sep 16 2026 03:36:19 GMT: INFO (info): (hist.c:339)  (04: 0000000039) (05: 0000000095) (06: 0000000172)
Sep 16 2026 03:36:19 GMT: INFO (info): (hist.c:319) histogram dump: {ycsb}-write (96750380 total) msec
Sep 16 2026 03:36:19 GMT: INFO (info): (hist.c:330)  (00: 0096699351) (01: 0000047976) (02: 0000003003) (03: 0000000048)
Sep 16 2026 03:36:19 GMT: INFO (info): (hist.c:339)  (05: 0000000001) (06: 0000000001)
Sep 16 2026 03:36:19 GMT: INFO (deprecation): (thr_info.c:888) (repeated:2560) 'services' info command is deprecated - use 'peers-clear-std' instead
Sep 16 2026 03:36:29 GMT: INFO (info): (ticker.c:169) NODE-ID bb9f1b2523a0d00 CLUSTER-SIZE 1 CLUSTER-NAME ycsb-default-20260916
Sep 16 2026 03:36:29 GMT: INFO (info): (ticker.c:241)    cluster-clock: skew-ms 0
Sep 16 2026 03:36:29 GMT: INFO (info): (ticker.c:265)    system: total-cpu-pct 1581 user-cpu-pct 383 kernel-cpu-pct 1198 free-mem-kbytes 122163628 free-mem-pct 92 thp-mem-kbytes 7145472 host-free-mem-kbytes 122163628 host-free-mem-pct 92
Sep 16 2026 03:36:29 GMT: INFO (info): (ticker.c:287)    process: cpu-pct 1388 threads (9,61,113,113) heap-kbytes (6777615,6799612,7015936) heap-efficiency-pct 99.7
Sep 16 2026 03:36:29 GMT: INFO (info): (ticker.c:297)    in-progress: info-q 0 rw-hash 0 proxy-hash 0 tree-gc-q 0 long-queries 0
Sep 16 2026 03:36:29 GMT: INFO (info): (ticker.c:340)    fds: proto (512,9273,8761) heartbeat (0,0,0) fabric (0,0,0) admin (0,0,0)
Sep 16 2026 03:36:29 GMT: INFO (info): (ticker.c:352)    heartbeat-received: self 0 foreign 0
Sep 16 2026 03:36:29 GMT: INFO (info): (ticker.c:378)    fabric-bytes-per-second: bulk (0,0) ctrl (0,0) meta (0,0) rw (0,0)
Sep 16 2026 03:36:29 GMT: INFO (info): (ticker.c:426) {ycsb} objects: all 100000000 master 100000000 prole 0 non-replica 0
Sep 16 2026 03:36:29 GMT: INFO (info): (ticker.c:481) {ycsb} migrations: complete
Sep 16 2026 03:36:29 GMT: INFO (info): (ticker.c:506) {ycsb} index-usage: used-bytes 6400000000
Sep 16 2026 03:36:29 GMT: INFO (info): (ticker.c:559) {ycsb} data-usage: used-bytes 145600000000 avail-pct 83 cache-read-pct 0.19
Sep 16 2026 03:36:29 GMT: INFO (info): (ticker.c:618) {ycsb} client: tsvc (0,0) proxy (0,0,0) read (397761071,0,0,0,0) write (96972989,0,0,0) delete (0,0,0,0,0) udf (0,0,0,0) lang (0,0,0,0)
Sep 16 2026 03:36:29 GMT: INFO (info): (hist.c:319) histogram dump: {ycsb}-read (397761076 total) msec
Sep 16 2026 03:36:29 GMT: INFO (info): (hist.c:330)  (00: 0397294982) (01: 0000448787) (02: 0000016395) (03: 0000000604)
Sep 16 2026 03:36:29 GMT: INFO (info): (hist.c:339)  (04: 0000000041) (05: 0000000095) (06: 0000000172)
Sep 16 2026 03:36:29 GMT: INFO (info): (hist.c:319) histogram dump: {ycsb}-write (96972989 total) msec
Sep 16 2026 03:36:29 GMT: INFO (info): (hist.c:330)  (00: 0096921868) (01: 0000048062) (02: 0000003009) (03: 0000000048)
Sep 16 2026 03:36:29 GMT: INFO (info): (hist.c:339)  (05: 0000000001) (06: 0000000001)
Sep 16 2026 03:36:29 GMT: INFO (deprecation): (thr_info.c:888) (repeated:2560) 'services' info command is deprecated - use 'peers-clear-std' instead
Sep 16 2026 03:36:38 GMT: INFO (drv_ssd): (drv_ssd.c:2133) {ycsb} /dev/md127p3: used-bytes 145600000000 free-wblocks 109537 write-q 0 write (26351,5.8) defrag-q 0 defrag-read (22181,3.8) defrag-write (9481,1.9)
Sep 16 2026 03:36:39 GMT: INFO (info): (ticker.c:169) NODE-ID bb9f1b2523a0d00 CLUSTER-SIZE 1 CLUSTER-NAME ycsb-default-20260916
Sep 16 2026 03:36:39 GMT: INFO (info): (ticker.c:241)    cluster-clock: skew-ms 0
Sep 16 2026 03:36:39 GMT: INFO (info): (ticker.c:265)    system: total-cpu-pct 1581 user-cpu-pct 382 kernel-cpu-pct 1199 free-mem-kbytes 122156684 free-mem-pct 92 thp-mem-kbytes 7147520 host-free-mem-kbytes 122156684 host-free-mem-pct 92
Sep 16 2026 03:36:39 GMT: INFO (info): (ticker.c:287)    process: cpu-pct 1392 threads (9,61,113,113) heap-kbytes (6777618,6799612,7015936) heap-efficiency-pct 99.7
Sep 16 2026 03:36:39 GMT: INFO (info): (ticker.c:297)    in-progress: info-q 0 rw-hash 0 proxy-hash 0 tree-gc-q 0 long-queries 0
Sep 16 2026 03:36:39 GMT: INFO (info): (ticker.c:340)    fds: proto (512,9273,8761) heartbeat (0,0,0) fabric (0,0,0) admin (0,0,0)
Sep 16 2026 03:36:39 GMT: INFO (info): (ticker.c:352)    heartbeat-received: self 0 foreign 0
Sep 16 2026 03:36:39 GMT: INFO (info): (ticker.c:378)    fabric-bytes-per-second: bulk (0,0) ctrl (0,0) meta (0,0) rw (0,0)
Sep 16 2026 03:36:39 GMT: INFO (info): (ticker.c:426) {ycsb} objects: all 100000000 master 100000000 prole 0 non-replica 0
Sep 16 2026 03:36:39 GMT: INFO (info): (ticker.c:481) {ycsb} migrations: complete
Sep 16 2026 03:36:39 GMT: INFO (info): (ticker.c:506) {ycsb} index-usage: used-bytes 6400000000
Sep 16 2026 03:36:39 GMT: INFO (info): (ticker.c:559) {ycsb} data-usage: used-bytes 145600000000 avail-pct 83 cache-read-pct 0.19
Sep 16 2026 03:36:39 GMT: INFO (info): (ticker.c:618) {ycsb} client: tsvc (0,0) proxy (0,0,0) read (402002220,0,0,0,0) write (97196515,0,0,0) delete (0,0,0,0,0) udf (0,0,0,0) lang (0,0,0,0)
Sep 16 2026 03:36:39 GMT: INFO (info): (hist.c:319) histogram dump: {ycsb}-read (402002226 total) msec
Sep 16 2026 03:36:39 GMT: INFO (info): (hist.c:330)  (00: 0401529200) (01: 0000455449) (02: 0000016651) (03: 0000000618)
Sep 16 2026 03:36:39 GMT: INFO (info): (hist.c:339)  (04: 0000000041) (05: 0000000095) (06: 0000000172)
Sep 16 2026 03:36:39 GMT: INFO (info): (hist.c:319) histogram dump: {ycsb}-write (97196517 total) msec
Sep 16 2026 03:36:39 GMT: INFO (info): (hist.c:330)  (00: 0097145287) (01: 0000048167) (02: 0000003013) (03: 0000000048)
Sep 16 2026 03:36:39 GMT: INFO (info): (hist.c:339)  (05: 0000000001) (06: 0000000001)
Sep 16 2026 03:36:39 GMT: INFO (deprecation): (thr_info.c:888) (repeated:2560) 'services' info command is deprecated - use 'peers-clear-std' instead
Sep 16 2026 03:36:49 GMT: INFO (info): (ticker.c:169) NODE-ID bb9f1b2523a0d00 CLUSTER-SIZE 1 CLUSTER-NAME ycsb-default-20260916
Sep 16 2026 03:36:49 GMT: INFO (info): (ticker.c:241)    cluster-clock: skew-ms 0
Sep 16 2026 03:36:49 GMT: INFO (info): (ticker.c:265)    system: total-cpu-pct 1583 user-cpu-pct 380 kernel-cpu-pct 1203 free-mem-kbytes 122156760 free-mem-pct 92 thp-mem-kbytes 7143424 host-free-mem-kbytes 122156760 host-free-mem-pct 92
Sep 16 2026 03:36:49 GMT: INFO (info): (ticker.c:287)    process: cpu-pct 1397 threads (9,61,113,113) heap-kbytes (6777614,6799612,7015936) heap-efficiency-pct 99.7
Sep 16 2026 03:36:49 GMT: INFO (info): (ticker.c:297)    in-progress: info-q 0 rw-hash 0 proxy-hash 0 tree-gc-q 0 long-queries 0
Sep 16 2026 03:36:49 GMT: INFO (info): (ticker.c:340)    fds: proto (512,9273,8761) heartbeat (0,0,0) fabric (0,0,0) admin (0,0,0)
Sep 16 2026 03:36:49 GMT: INFO (info): (ticker.c:352)    heartbeat-received: self 0 foreign 0
Sep 16 2026 03:36:49 GMT: INFO (info): (ticker.c:378)    fabric-bytes-per-second: bulk (0,0) ctrl (0,0) meta (0,0) rw (0,0)
Sep 16 2026 03:36:49 GMT: INFO (info): (ticker.c:426) {ycsb} objects: all 100000000 master 100000000 prole 0 non-replica 0
Sep 16 2026 03:36:49 GMT: INFO (info): (ticker.c:481) {ycsb} migrations: complete
Sep 16 2026 03:36:49 GMT: INFO (info): (ticker.c:506) {ycsb} index-usage: used-bytes 6400000000
Sep 16 2026 03:36:49 GMT: INFO (info): (ticker.c:559) {ycsb} data-usage: used-bytes 145600000000 avail-pct 83 cache-read-pct 0.19
Sep 16 2026 03:36:49 GMT: INFO (info): (ticker.c:618) {ycsb} client: tsvc (0,0) proxy (0,0,0) read (406263384,0,0,0,0) write (97420985,0,0,0) delete (0,0,0,0,0) udf (0,0,0,0) lang (0,0,0,0)
Sep 16 2026 03:36:49 GMT: INFO (info): (hist.c:319) histogram dump: {ycsb}-read (406263385 total) msec
Sep 16 2026 03:36:49 GMT: INFO (info): (hist.c:330)  (00: 0405785326) (01: 0000460307) (02: 0000016821) (03: 0000000623)
Sep 16 2026 03:36:49 GMT: INFO (info): (hist.c:339)  (04: 0000000041) (05: 0000000095) (06: 0000000172)
Sep 16 2026 03:36:49 GMT: INFO (info): (hist.c:319) histogram dump: {ycsb}-write (97420985 total) msec
Sep 16 2026 03:36:49 GMT: INFO (info): (hist.c:330)  (00: 0097369678) (01: 0000048240) (02: 0000003017) (03: 0000000048)
Sep 16 2026 03:36:49 GMT: INFO (info): (hist.c:339)  (05: 0000000001) (06: 0000000001)
Sep 16 2026 03:36:49 GMT: INFO (deprecation): (thr_info.c:888) (repeated:2560) 'services' info command is deprecated - use 'peers-clear-std' instead
Sep 16 2026 03:36:58 GMT: INFO (drv_ssd): (drv_ssd.c:2133) {ycsb} /dev/md127p3: used-bytes 145600000000 free-wblocks 109495 write-q 0 write (26463,5.6) defrag-q 0 defrag-read (22252,3.5) defrag-write (9516,1.8)
Sep 16 2026 03:36:59 GMT: INFO (info): (ticker.c:169) NODE-ID bb9f1b2523a0d00 CLUSTER-SIZE 1 CLUSTER-NAME ycsb-default-20260916
Sep 16 2026 03:36:59 GMT: INFO (info): (ticker.c:241)    cluster-clock: skew-ms 0
Sep 16 2026 03:36:59 GMT: INFO (info): (ticker.c:265)    system: total-cpu-pct 1583 user-cpu-pct 383 kernel-cpu-pct 1200 free-mem-kbytes 122155232 free-mem-pct 92 thp-mem-kbytes 7145472 host-free-mem-kbytes 122155232 host-free-mem-pct 92
Sep 16 2026 03:36:59 GMT: INFO (info): (ticker.c:287)    process: cpu-pct 1398 threads (9,61,113,113) heap-kbytes (6777627,6799612,7015936) heap-efficiency-pct 99.7
Sep 16 2026 03:36:59 GMT: INFO (info): (ticker.c:297)    in-progress: info-q 0 rw-hash 0 proxy-hash 0 tree-gc-q 0 long-queries 0
Sep 16 2026 03:36:59 GMT: INFO (info): (ticker.c:340)    fds: proto (512,9273,8761) heartbeat (0,0,0) fabric (0,0,0) admin (0,0,0)
Sep 16 2026 03:36:59 GMT: INFO (info): (ticker.c:352)    heartbeat-received: self 0 foreign 0
Sep 16 2026 03:36:59 GMT: INFO (info): (ticker.c:378)    fabric-bytes-per-second: bulk (0,0) ctrl (0,0) meta (0,0) rw (0,0)
Sep 16 2026 03:36:59 GMT: INFO (info): (ticker.c:426) {ycsb} objects: all 100000000 master 100000000 prole 0 non-replica 0
Sep 16 2026 03:36:59 GMT: INFO (info): (ticker.c:481) {ycsb} migrations: complete
Sep 16 2026 03:36:59 GMT: INFO (info): (ticker.c:506) {ycsb} index-usage: used-bytes 6400000000
Sep 16 2026 03:36:59 GMT: INFO (info): (ticker.c:559) {ycsb} data-usage: used-bytes 145600000000 avail-pct 83 cache-read-pct 0.19
Sep 16 2026 03:36:59 GMT: INFO (info): (ticker.c:618) {ycsb} client: tsvc (0,0) proxy (0,0,0) read (410520336,0,0,0,0) write (97644555,0,0,0) delete (0,0,0,0,0) udf (0,0,0,0) lang (0,0,0,0)
Sep 16 2026 03:36:59 GMT: INFO (info): (hist.c:319) histogram dump: {ycsb}-read (410520348 total) msec
Sep 16 2026 03:36:59 GMT: INFO (info): (hist.c:330)  (00: 0410036714) (01: 0000465616) (02: 0000017071) (03: 0000000637)
Sep 16 2026 03:36:59 GMT: INFO (info): (hist.c:339)  (04: 0000000043) (05: 0000000095) (06: 0000000172)
Sep 16 2026 03:36:59 GMT: INFO (info): (hist.c:319) histogram dump: {ycsb}-write (97644555 total) msec
Sep 16 2026 03:36:59 GMT: INFO (info): (hist.c:330)  (00: 0097593169) (01: 0000048313) (02: 0000003023) (03: 0000000048)
Sep 16 2026 03:36:59 GMT: INFO (info): (hist.c:339)  (05: 0000000001) (06: 0000000001)
Sep 16 2026 03:36:59 GMT: INFO (deprecation): (thr_info.c:888) (repeated:2560) 'services' info command is deprecated - use 'peers-clear-std' instead
Sep 16 2026 03:37:07 GMT: INFO (deprecation): (thr_info.c:888) 'features' info command is deprecated - see https://aerospike.com/docs/database/release/8-1/
Sep 16 2026 03:37:07 GMT: INFO (deprecation): (thr_info.c:888) 'replicas-master' info command is deprecated - use 'replicas' instead or upgrade your client
Sep 16 2026 03:37:09 GMT: INFO (info): (ticker.c:169) NODE-ID bb9f1b2523a0d00 CLUSTER-SIZE 1 CLUSTER-NAME ycsb-default-20260916
Sep 16 2026 03:37:09 GMT: INFO (info): (ticker.c:241)    cluster-clock: skew-ms 0
Sep 16 2026 03:37:09 GMT: INFO (info): (ticker.c:265)    system: total-cpu-pct 706 user-cpu-pct 196 kernel-cpu-pct 510 free-mem-kbytes 122050764 free-mem-pct 92 thp-mem-kbytes 7145472 host-free-mem-kbytes 122050764 host-free-mem-pct 92
Sep 16 2026 03:37:09 GMT: INFO (info): (ticker.c:287)    process: cpu-pct 706 threads (9,61,113,113) heap-kbytes (6777619,6799600,7015936) heap-efficiency-pct 99.7
Sep 16 2026 03:37:09 GMT: INFO (info): (ticker.c:297)    in-progress: info-q 0 rw-hash 0 proxy-hash 0 tree-gc-q 0 long-queries 0
Sep 16 2026 03:37:09 GMT: INFO (info): (ticker.c:340)    fds: proto (401,9936,9535) heartbeat (0,0,0) fabric (0,0,0) admin (0,0,0)
Sep 16 2026 03:37:09 GMT: INFO (info): (ticker.c:352)    heartbeat-received: self 0 foreign 0
Sep 16 2026 03:37:09 GMT: INFO (info): (ticker.c:378)    fabric-bytes-per-second: bulk (0,0) ctrl (0,0) meta (0,0) rw (0,0)
Sep 16 2026 03:37:09 GMT: INFO (info): (ticker.c:426) {ycsb} objects: all 100006885 master 100006886 prole 0 non-replica 0
Sep 16 2026 03:37:09 GMT: INFO (info): (ticker.c:481) {ycsb} migrations: complete
Sep 16 2026 03:37:09 GMT: INFO (info): (ticker.c:506) {ycsb} index-usage: used-bytes 6400440640
Sep 16 2026 03:37:09 GMT: INFO (info): (ticker.c:559) {ycsb} data-usage: used-bytes 145610030384 avail-pct 83 cache-read-pct 0.19
Sep 16 2026 03:37:09 GMT: INFO (info): (ticker.c:618) {ycsb} client: tsvc (0,0) proxy (0,0,0) read (412661560,0,0,0,0) write (97756923,0,0,0) delete (0,0,0,0,0) udf (0,0,0,0) lang (0,0,0,0)
Sep 16 2026 03:37:09 GMT: INFO (info): (hist.c:319) histogram dump: {ycsb}-read (412661560 total) msec
Sep 16 2026 03:37:09 GMT: INFO (info): (hist.c:330)  (00: 0412175077) (01: 0000468322) (02: 0000017199) (03: 0000000652)
Sep 16 2026 03:37:09 GMT: INFO (info): (hist.c:339)  (04: 0000000043) (05: 0000000095) (06: 0000000172)
Sep 16 2026 03:37:09 GMT: INFO (info): (hist.c:319) histogram dump: {ycsb}-write (97756924 total) msec
Sep 16 2026 03:37:09 GMT: INFO (info): (hist.c:330)  (00: 0097705482) (01: 0000048363) (02: 0000003026) (03: 0000000051)
Sep 16 2026 03:37:09 GMT: INFO (info): (hist.c:339)  (05: 0000000001) (06: 0000000001)
Sep 16 2026 03:37:09 GMT: INFO (deprecation): (thr_info.c:888) (repeated:2304) 'services' info command is deprecated - use 'peers-clear-std' instead
Sep 16 2026 03:37:09 GMT: INFO (deprecation): (thr_info.c:888) (repeated:256) 'replicas-master' info command is deprecated - use 'replicas' instead or upgrade your client
Sep 16 2026 03:37:09 GMT: INFO (deprecation): (thr_info.c:888) (repeated:256) 'features' info command is deprecated - see https://aerospike.com/docs/database/release/8-1/
Sep 16 2026 03:37:18 GMT: INFO (drv_ssd): (drv_ssd.c:2133) {ycsb} /dev/md127p3: used-bytes 145673164000 free-wblocks 109481 write-q 0 write (26504,2.0) defrag-q 0 defrag-read (22277,1.2) defrag-write (9529,0.6)
Sep 16 2026 03:37:19 GMT: INFO (info): (ticker.c:169) NODE-ID bb9f1b2523a0d00 CLUSTER-SIZE 1 CLUSTER-NAME ycsb-default-20260916
Sep 16 2026 03:37:19 GMT: INFO (info): (ticker.c:241)    cluster-clock: skew-ms 0
Sep 16 2026 03:37:19 GMT: INFO (info): (ticker.c:265)    system: total-cpu-pct 301 user-cpu-pct 92 kernel-cpu-pct 209 free-mem-kbytes 122030940 free-mem-pct 92 thp-mem-kbytes 7145472 host-free-mem-kbytes 122030940 host-free-mem-pct 92
Sep 16 2026 03:37:19 GMT: INFO (info): (ticker.c:287)    process: cpu-pct 280 threads (9,61,113,113) heap-kbytes (6777527,6799500,7015936) heap-efficiency-pct 99.7
Sep 16 2026 03:37:19 GMT: INFO (info): (ticker.c:297)    in-progress: info-q 0 rw-hash 0 proxy-hash 0 tree-gc-q 0 long-queries 0
Sep 16 2026 03:37:19 GMT: INFO (info): (ticker.c:340)    fds: proto (0,10044,10044) heartbeat (0,0,0) fabric (0,0,0) admin (0,0,0)
Sep 16 2026 03:37:19 GMT: INFO (info): (ticker.c:352)    heartbeat-received: self 0 foreign 0
Sep 16 2026 03:37:19 GMT: INFO (info): (ticker.c:378)    fabric-bytes-per-second: bulk (0,0) ctrl (0,0) meta (0,0) rw (0,0)
Sep 16 2026 03:37:19 GMT: INFO (info): (ticker.c:426) {ycsb} objects: all 100050250 master 100050250 prole 0 non-replica 0
Sep 16 2026 03:37:19 GMT: INFO (info): (ticker.c:481) {ycsb} migrations: complete
Sep 16 2026 03:37:19 GMT: INFO (info): (ticker.c:506) {ycsb} index-usage: used-bytes 6403216000
Sep 16 2026 03:37:19 GMT: INFO (info): (ticker.c:559) {ycsb} data-usage: used-bytes 145673164000 avail-pct 83 cache-read-pct 0.16
Sep 16 2026 03:37:19 GMT: INFO (info): (ticker.c:618) {ycsb} client: tsvc (0,0) proxy (0,0,0) read (413480753,0,0,0,0) write (97800284,0,0,0) delete (0,0,0,0,0) udf (0,0,0,0) lang (0,0,0,0)
Sep 16 2026 03:37:19 GMT: INFO (info): (hist.c:319) histogram dump: {ycsb}-read (413480753 total) msec
Sep 16 2026 03:37:19 GMT: INFO (info): (hist.c:330)  (00: 0412994270) (01: 0000468322) (02: 0000017199) (03: 0000000652)
Sep 16 2026 03:37:19 GMT: INFO (info): (hist.c:339)  (04: 0000000043) (05: 0000000095) (06: 0000000172)
Sep 16 2026 03:37:19 GMT: INFO (info): (hist.c:319) histogram dump: {ycsb}-write (97800284 total) msec
Sep 16 2026 03:37:19 GMT: INFO (info): (hist.c:330)  (00: 0097748842) (01: 0000048363) (02: 0000003026) (03: 0000000051)
Sep 16 2026 03:37:19 GMT: INFO (info): (hist.c:339)  (05: 0000000001) (06: 0000000001)
Sep 16 2026 03:37:19 GMT: INFO (deprecation): (thr_info.c:888) (repeated:2057) 'services' info command is deprecated - use 'peers-clear-std' instead
Sep 16 2026 03:37:21 GMT: INFO (deprecation): (thr_info.c:888) 'features' info command is deprecated - see https://aerospike.com/docs/database/release/8-1/
Sep 16 2026 03:37:21 GMT: INFO (deprecation): (thr_info.c:888) 'replicas-master' info command is deprecated - use 'replicas' instead or upgrade your client
Sep 16 2026 03:37:29 GMT: INFO (info): (ticker.c:169) NODE-ID bb9f1b2523a0d00 CLUSTER-SIZE 1 CLUSTER-NAME ycsb-default-20260916
Sep 16 2026 03:37:29 GMT: INFO (info): (ticker.c:241)    cluster-clock: skew-ms 0
Sep 16 2026 03:37:29 GMT: INFO (info): (ticker.c:265)    system: total-cpu-pct 247 user-cpu-pct 80 kernel-cpu-pct 167 free-mem-kbytes 122127212 free-mem-pct 92 thp-mem-kbytes 7151616 host-free-mem-kbytes 122127212 host-free-mem-pct 92
Sep 16 2026 03:37:29 GMT: INFO (info): (ticker.c:287)    process: cpu-pct 241 threads (9,61,113,113) heap-kbytes (6777709,6799652,7017984) heap-efficiency-pct 99.7
Sep 16 2026 03:37:29 GMT: INFO (info): (ticker.c:297)    in-progress: info-q 0 rw-hash 0 proxy-hash 0 tree-gc-q 0 long-queries 0
Sep 16 2026 03:37:29 GMT: INFO (info): (ticker.c:340)    fds: proto (484,10788,10304) heartbeat (0,0,0) fabric (0,0,0) admin (0,0,0)
Sep 16 2026 03:37:29 GMT: INFO (info): (ticker.c:352)    heartbeat-received: self 0 foreign 0
Sep 16 2026 03:37:29 GMT: INFO (info): (ticker.c:378)    fabric-bytes-per-second: bulk (0,0) ctrl (0,0) meta (0,0) rw (0,0)
Sep 16 2026 03:37:29 GMT: INFO (info): (ticker.c:426) {ycsb} objects: all 100087198 master 100087198 prole 0 non-replica 0
Sep 16 2026 03:37:29 GMT: INFO (info): (ticker.c:481) {ycsb} migrations: complete
Sep 16 2026 03:37:29 GMT: INFO (info): (ticker.c:506) {ycsb} index-usage: used-bytes 6405580672
Sep 16 2026 03:37:29 GMT: INFO (info): (ticker.c:559) {ycsb} data-usage: used-bytes 145726963200 avail-pct 83 cache-read-pct 0.12
Sep 16 2026 03:37:29 GMT: INFO (info): (ticker.c:618) {ycsb} client: tsvc (0,0) proxy (0,0,0) read (414186641,0,0,0,0) write (97837234,0,0,0) delete (0,0,0,0,0) udf (0,0,0,0) lang (0,0,0,0)
Sep 16 2026 03:37:29 GMT: INFO (info): (hist.c:319) histogram dump: {ycsb}-read (414186644 total) msec
Sep 16 2026 03:37:29 GMT: INFO (info): (hist.c:330)  (00: 0413700161) (01: 0000468322) (02: 0000017199) (03: 0000000652)
Sep 16 2026 03:37:29 GMT: INFO (info): (hist.c:339)  (04: 0000000043) (05: 0000000095) (06: 0000000172)
Sep 16 2026 03:37:29 GMT: INFO (info): (hist.c:319) histogram dump: {ycsb}-write (97837234 total) msec
Sep 16 2026 03:37:29 GMT: INFO (info): (hist.c:330)  (00: 0097785792) (01: 0000048363) (02: 0000003026) (03: 0000000051)
Sep 16 2026 03:37:29 GMT: INFO (info): (hist.c:339)  (05: 0000000001) (06: 0000000001)
Sep 16 2026 03:37:29 GMT: INFO (deprecation): (thr_info.c:888) (repeated:2560) 'services' info command is deprecated - use 'peers-clear-std' instead
Sep 16 2026 03:37:29 GMT: INFO (deprecation): (thr_info.c:888) (repeated:256) 'replicas-master' info command is deprecated - use 'replicas' instead or upgrade your client
Sep 16 2026 03:37:29 GMT: INFO (deprecation): (thr_info.c:888) (repeated:256) 'features' info command is deprecated - see https://aerospike.com/docs/database/release/8-1/
Sep 16 2026 03:37:38 GMT: INFO (drv_ssd): (drv_ssd.c:2133) {ycsb} /dev/md127p3: used-bytes 145798024736 free-wblocks 109466 write-q 0 write (26519,0.8) defrag-q 0 defrag-read (22277,0.0) defrag-write (9529,0.0)
Sep 16 2026 03:37:39 GMT: INFO (info): (ticker.c:169) NODE-ID bb9f1b2523a0d00 CLUSTER-SIZE 1 CLUSTER-NAME ycsb-default-20260916
Sep 16 2026 03:37:39 GMT: INFO (info): (ticker.c:241)    cluster-clock: skew-ms 0
Sep 16 2026 03:37:39 GMT: INFO (info): (ticker.c:265)    system: total-cpu-pct 348 user-cpu-pct 92 kernel-cpu-pct 256 free-mem-kbytes 122132808 free-mem-pct 92 thp-mem-kbytes 7153664 host-free-mem-kbytes 122132808 host-free-mem-pct 92
Sep 16 2026 03:37:39 GMT: INFO (info): (ticker.c:287)    process: cpu-pct 320 threads (9,61,113,113) heap-kbytes (6777705,6799656,7017984) heap-efficiency-pct 99.7
Sep 16 2026 03:37:39 GMT: INFO (info): (ticker.c:297)    in-progress: info-q 0 rw-hash 0 proxy-hash 0 tree-gc-q 0 long-queries 0
Sep 16 2026 03:37:39 GMT: INFO (info): (ticker.c:340)    fds: proto (509,10813,10304) heartbeat (0,0,0) fabric (0,0,0) admin (0,0,0)
Sep 16 2026 03:37:39 GMT: INFO (info): (ticker.c:352)    heartbeat-received: self 0 foreign 0
Sep 16 2026 03:37:39 GMT: INFO (info): (ticker.c:378)    fabric-bytes-per-second: bulk (0,0) ctrl (0,0) meta (0,0) rw (0,0)
Sep 16 2026 03:37:39 GMT: INFO (info): (ticker.c:426) {ycsb} objects: all 100137055 master 100137056 prole 0 non-replica 0
Sep 16 2026 03:37:39 GMT: INFO (info): (ticker.c:481) {ycsb} migrations: complete
Sep 16 2026 03:37:39 GMT: INFO (info): (ticker.c:506) {ycsb} index-usage: used-bytes 6408771520
Sep 16 2026 03:37:39 GMT: INFO (info): (ticker.c:559) {ycsb} data-usage: used-bytes 145799553536 avail-pct 83 cache-read-pct 0.08
Sep 16 2026 03:37:39 GMT: INFO (info): (ticker.c:618) {ycsb} client: tsvc (0,0) proxy (0,0,0) read (415136957,0,0,0,0) write (97887090,0,0,0) delete (0,0,0,0,0) udf (0,0,0,0) lang (0,0,0,0)
Sep 16 2026 03:37:39 GMT: INFO (info): (hist.c:319) histogram dump: {ycsb}-read (415136957 total) msec
Sep 16 2026 03:37:39 GMT: INFO (info): (hist.c:330)  (00: 0414650474) (01: 0000468322) (02: 0000017199) (03: 0000000652)
Sep 16 2026 03:37:39 GMT: INFO (info): (hist.c:339)  (04: 0000000043) (05: 0000000095) (06: 0000000172)
Sep 16 2026 03:37:39 GMT: INFO (info): (hist.c:319) histogram dump: {ycsb}-write (97887090 total) msec
Sep 16 2026 03:37:39 GMT: INFO (info): (hist.c:330)  (00: 0097835648) (01: 0000048363) (02: 0000003026) (03: 0000000051)
Sep 16 2026 03:37:39 GMT: INFO (info): (hist.c:339)  (05: 0000000001) (06: 0000000001)
Sep 16 2026 03:37:39 GMT: INFO (deprecation): (thr_info.c:888) (repeated:2560) 'services' info command is deprecated - use 'peers-clear-std' instead
Sep 16 2026 03:37:49 GMT: INFO (info): (ticker.c:169) NODE-ID bb9f1b2523a0d00 CLUSTER-SIZE 1 CLUSTER-NAME ycsb-default-20260916
Sep 16 2026 03:37:49 GMT: INFO (info): (ticker.c:241)    cluster-clock: skew-ms 0
Sep 16 2026 03:37:49 GMT: INFO (info): (ticker.c:265)    system: total-cpu-pct 352 user-cpu-pct 92 kernel-cpu-pct 260 free-mem-kbytes 122129856 free-mem-pct 92 thp-mem-kbytes 7157760 host-free-mem-kbytes 122129856 host-free-mem-pct 92
Sep 16 2026 03:37:49 GMT: INFO (info): (ticker.c:287)    process: cpu-pct 320 threads (9,61,113,113) heap-kbytes (6777714,6799656,7017984) heap-efficiency-pct 99.7
Sep 16 2026 03:37:49 GMT: INFO (info): (ticker.c:297)    in-progress: info-q 0 rw-hash 0 proxy-hash 0 tree-gc-q 0 long-queries 0
Sep 16 2026 03:37:49 GMT: INFO (info): (ticker.c:340)    fds: proto (511,10815,10304) heartbeat (0,0,0) fabric (0,0,0) admin (0,0,0)
Sep 16 2026 03:37:49 GMT: INFO (info): (ticker.c:352)    heartbeat-received: self 0 foreign 0
Sep 16 2026 03:37:49 GMT: INFO (info): (ticker.c:378)    fabric-bytes-per-second: bulk (0,0) ctrl (0,0) meta (0,0) rw (0,0)
Sep 16 2026 03:37:49 GMT: INFO (info): (ticker.c:426) {ycsb} objects: all 100186934 master 100186934 prole 0 non-replica 0
Sep 16 2026 03:37:49 GMT: INFO (info): (ticker.c:481) {ycsb} migrations: complete
Sep 16 2026 03:37:49 GMT: INFO (info): (ticker.c:506) {ycsb} index-usage: used-bytes 6411963776
Sep 16 2026 03:37:49 GMT: INFO (info): (ticker.c:559) {ycsb} data-usage: used-bytes 145872175904 avail-pct 83 cache-read-pct 0.03
Sep 16 2026 03:37:49 GMT: INFO (info): (ticker.c:618) {ycsb} client: tsvc (0,0) proxy (0,0,0) read (416087215,0,0,0,0) write (97936968,0,0,0) delete (0,0,0,0,0) udf (0,0,0,0) lang (0,0,0,0)
Sep 16 2026 03:37:49 GMT: INFO (info): (hist.c:319) histogram dump: {ycsb}-read (416087216 total) msec
Sep 16 2026 03:37:49 GMT: INFO (info): (hist.c:330)  (00: 0415600733) (01: 0000468322) (02: 0000017199) (03: 0000000652)
Sep 16 2026 03:37:49 GMT: INFO (info): (hist.c:339)  (04: 0000000043) (05: 0000000095) (06: 0000000172)
Sep 16 2026 03:37:49 GMT: INFO (info): (hist.c:319) histogram dump: {ycsb}-write (97936968 total) msec
Sep 16 2026 03:37:49 GMT: INFO (info): (hist.c:330)  (00: 0097885526) (01: 0000048363) (02: 0000003026) (03: 0000000051)
Sep 16 2026 03:37:49 GMT: INFO (info): (hist.c:339)  (05: 0000000001) (06: 0000000001)
Sep 16 2026 03:37:49 GMT: INFO (deprecation): (thr_info.c:888) (repeated:2560) 'services' info command is deprecated - use 'peers-clear-std' instead
Sep 16 2026 03:37:58 GMT: INFO (drv_ssd): (drv_ssd.c:2133) {ycsb} /dev/md127p3: used-bytes 145943697536 free-wblocks 109448 write-q 0 write (26537,0.9) defrag-q 0 defrag-read (22277,0.0) defrag-write (9529,0.0)
Sep 16 2026 03:37:59 GMT: INFO (info): (ticker.c:169) NODE-ID bb9f1b2523a0d00 CLUSTER-SIZE 1 CLUSTER-NAME ycsb-default-20260916
Sep 16 2026 03:37:59 GMT: INFO (info): (ticker.c:241)    cluster-clock: skew-ms 0
Sep 16 2026 03:37:59 GMT: INFO (info): (ticker.c:265)    system: total-cpu-pct 352 user-cpu-pct 92 kernel-cpu-pct 260 free-mem-kbytes 122130660 free-mem-pct 92 thp-mem-kbytes 7159808 host-free-mem-kbytes 122130660 host-free-mem-pct 92
Sep 16 2026 03:37:59 GMT: INFO (info): (ticker.c:287)    process: cpu-pct 321 threads (9,61,113,113) heap-kbytes (6777705,6799656,7017984) heap-efficiency-pct 99.7
Sep 16 2026 03:37:59 GMT: INFO (info): (ticker.c:297)    in-progress: info-q 0 rw-hash 1 proxy-hash 0 tree-gc-q 0 long-queries 0
Sep 16 2026 03:37:59 GMT: INFO (info): (ticker.c:340)    fds: proto (512,10816,10304) heartbeat (0,0,0) fabric (0,0,0) admin (0,0,0)
Sep 16 2026 03:37:59 GMT: INFO (info): (ticker.c:352)    heartbeat-received: self 0 foreign 0
Sep 16 2026 03:37:59 GMT: INFO (info): (ticker.c:378)    fabric-bytes-per-second: bulk (0,0) ctrl (0,0) meta (0,0) rw (0,0)
Sep 16 2026 03:37:59 GMT: INFO (info): (ticker.c:426) {ycsb} objects: all 100237036 master 100237036 prole 0 non-replica 0
Sep 16 2026 03:37:59 GMT: INFO (info): (ticker.c:481) {ycsb} migrations: complete
Sep 16 2026 03:37:59 GMT: INFO (info): (ticker.c:506) {ycsb} index-usage: used-bytes 6415170304
Sep 16 2026 03:37:59 GMT: INFO (info): (ticker.c:559) {ycsb} data-usage: used-bytes 145945124416 avail-pct 83 cache-read-pct 0.00
Sep 16 2026 03:37:59 GMT: INFO (info): (ticker.c:618) {ycsb} client: tsvc (0,0) proxy (0,0,0) read (417037274,0,0,0,0) write (97987070,0,0,0) delete (0,0,0,0,0) udf (0,0,0,0) lang (0,0,0,0)
Sep 16 2026 03:37:59 GMT: INFO (info): (hist.c:319) histogram dump: {ycsb}-read (417037274 total) msec
Sep 16 2026 03:37:59 GMT: INFO (info): (hist.c:330)  (00: 0416550791) (01: 0000468322) (02: 0000017199) (03: 0000000652)
Sep 16 2026 03:37:59 GMT: INFO (info): (hist.c:339)  (04: 0000000043) (05: 0000000095) (06: 0000000172)
Sep 16 2026 03:37:59 GMT: INFO (info): (hist.c:319) histogram dump: {ycsb}-write (97987070 total) msec
Sep 16 2026 03:37:59 GMT: INFO (info): (hist.c:330)  (00: 0097935628) (01: 0000048363) (02: 0000003026) (03: 0000000051)
Sep 16 2026 03:37:59 GMT: INFO (info): (hist.c:339)  (05: 0000000001) (06: 0000000001)
Sep 16 2026 03:37:59 GMT: INFO (deprecation): (thr_info.c:888) (repeated:2560) 'services' info command is deprecated - use 'peers-clear-std' instead
Sep 16 2026 03:38:09 GMT: INFO (info): (ticker.c:169) NODE-ID bb9f1b2523a0d00 CLUSTER-SIZE 1 CLUSTER-NAME ycsb-default-20260916
Sep 16 2026 03:38:09 GMT: INFO (info): (ticker.c:241)    cluster-clock: skew-ms 0
Sep 16 2026 03:38:09 GMT: INFO (info): (ticker.c:265)    system: total-cpu-pct 351 user-cpu-pct 92 kernel-cpu-pct 259 free-mem-kbytes 122123352 free-mem-pct 92 thp-mem-kbytes 7161856 host-free-mem-kbytes 122123352 host-free-mem-pct 92
Sep 16 2026 03:38:09 GMT: INFO (info): (ticker.c:287)    process: cpu-pct 322 threads (9,61,113,113) heap-kbytes (6777708,6799656,7017984) heap-efficiency-pct 99.7
Sep 16 2026 03:38:09 GMT: INFO (info): (ticker.c:297)    in-progress: info-q 0 rw-hash 0 proxy-hash 0 tree-gc-q 0 long-queries 0
Sep 16 2026 03:38:09 GMT: INFO (info): (ticker.c:340)    fds: proto (512,10816,10304) heartbeat (0,0,0) fabric (0,0,0) admin (0,0,0)
Sep 16 2026 03:38:09 GMT: INFO (info): (ticker.c:352)    heartbeat-received: self 0 foreign 0
Sep 16 2026 03:38:09 GMT: INFO (info): (ticker.c:378)    fabric-bytes-per-second: bulk (0,0) ctrl (0,0) meta (0,0) rw (0,0)
Sep 16 2026 03:38:09 GMT: INFO (info): (ticker.c:426) {ycsb} objects: all 100287045 master 100287045 prole 0 non-replica 0
Sep 16 2026 03:38:09 GMT: INFO (info): (ticker.c:481) {ycsb} migrations: complete
Sep 16 2026 03:38:09 GMT: INFO (info): (ticker.c:506) {ycsb} index-usage: used-bytes 6418370880
Sep 16 2026 03:38:09 GMT: INFO (info): (ticker.c:559) {ycsb} data-usage: used-bytes 146017938976 avail-pct 83 cache-read-pct 0.00
Sep 16 2026 03:38:09 GMT: INFO (info): (ticker.c:618) {ycsb} client: tsvc (0,0) proxy (0,0,0) read (417987419,0,0,0,0) write (98037079,0,0,0) delete (0,0,0,0,0) udf (0,0,0,0) lang (0,0,0,0)
Sep 16 2026 03:38:09 GMT: INFO (info): (hist.c:319) histogram dump: {ycsb}-read (417987419 total) msec
Sep 16 2026 03:38:09 GMT: INFO (info): (hist.c:330)  (00: 0417500936) (01: 0000468322) (02: 0000017199) (03: 0000000652)
Sep 16 2026 03:38:09 GMT: INFO (info): (hist.c:339)  (04: 0000000043) (05: 0000000095) (06: 0000000172)
Sep 16 2026 03:38:09 GMT: INFO (info): (hist.c:319) histogram dump: {ycsb}-write (98037080 total) msec
Sep 16 2026 03:38:09 GMT: INFO (info): (hist.c:330)  (00: 0097985638) (01: 0000048363) (02: 0000003026) (03: 0000000051)
Sep 16 2026 03:38:09 GMT: INFO (info): (hist.c:339)  (05: 0000000001) (06: 0000000001)
Sep 16 2026 03:38:09 GMT: INFO (deprecation): (thr_info.c:888) (repeated:2560) 'services' info command is deprecated - use 'peers-clear-std' instead
Sep 16 2026 03:38:18 GMT: INFO (drv_ssd): (drv_ssd.c:2133) {ycsb} /dev/md127p3: used-bytes 146089160672 free-wblocks 109431 write-q 0 write (26554,0.9) defrag-q 0 defrag-read (22277,0.0) defrag-write (9529,0.0)
Sep 16 2026 03:38:19 GMT: INFO (info): (ticker.c:169) NODE-ID bb9f1b2523a0d00 CLUSTER-SIZE 1 CLUSTER-NAME ycsb-default-20260916
Sep 16 2026 03:38:19 GMT: INFO (info): (ticker.c:241)    cluster-clock: skew-ms 0
Sep 16 2026 03:38:19 GMT: INFO (info): (ticker.c:265)    system: total-cpu-pct 357 user-cpu-pct 95 kernel-cpu-pct 262 free-mem-kbytes 122116924 free-mem-pct 92 thp-mem-kbytes 7165952 host-free-mem-kbytes 122116924 host-free-mem-pct 92
Sep 16 2026 03:38:19 GMT: INFO (info): (ticker.c:287)    process: cpu-pct 322 threads (9,61,113,113) heap-kbytes (6777700,6799656,7017984) heap-efficiency-pct 99.7
Sep 16 2026 03:38:19 GMT: INFO (info): (ticker.c:297)    in-progress: info-q 0 rw-hash 0 proxy-hash 0 tree-gc-q 0 long-queries 0
Sep 16 2026 03:38:19 GMT: INFO (info): (ticker.c:340)    fds: proto (512,10816,10304) heartbeat (0,0,0) fabric (0,0,0) admin (0,0,0)
Sep 16 2026 03:38:19 GMT: INFO (info): (ticker.c:352)    heartbeat-received: self 0 foreign 0
Sep 16 2026 03:38:19 GMT: INFO (info): (ticker.c:378)    fabric-bytes-per-second: bulk (0,0) ctrl (0,0) meta (0,0) rw (0,0)
Sep 16 2026 03:38:19 GMT: INFO (info): (ticker.c:426) {ycsb} objects: all 100337013 master 100337013 prole 0 non-replica 0
Sep 16 2026 03:38:19 GMT: INFO (info): (ticker.c:481) {ycsb} migrations: complete
Sep 16 2026 03:38:19 GMT: INFO (info): (ticker.c:506) {ycsb} index-usage: used-bytes 6421568832
Sep 16 2026 03:38:19 GMT: INFO (info): (ticker.c:559) {ycsb} data-usage: used-bytes 146090692384 avail-pct 83 cache-read-pct 0.00
Sep 16 2026 03:38:19 GMT: INFO (info): (ticker.c:618) {ycsb} client: tsvc (0,0) proxy (0,0,0) read (418937608,0,0,0,0) write (98087048,0,0,0) delete (0,0,0,0,0) udf (0,0,0,0) lang (0,0,0,0)
Sep 16 2026 03:38:19 GMT: INFO (info): (hist.c:319) histogram dump: {ycsb}-read (418937608 total) msec
Sep 16 2026 03:38:19 GMT: INFO (info): (hist.c:330)  (00: 0418451125) (01: 0000468322) (02: 0000017199) (03: 0000000652)
Sep 16 2026 03:38:19 GMT: INFO (info): (hist.c:339)  (04: 0000000043) (05: 0000000095) (06: 0000000172)
Sep 16 2026 03:38:19 GMT: INFO (info): (hist.c:319) histogram dump: {ycsb}-write (98087048 total) msec
Sep 16 2026 03:38:19 GMT: INFO (info): (hist.c:330)  (00: 0098035606) (01: 0000048363) (02: 0000003026) (03: 0000000051)
Sep 16 2026 03:38:19 GMT: INFO (info): (hist.c:339)  (05: 0000000001) (06: 0000000001)
Sep 16 2026 03:38:19 GMT: INFO (deprecation): (thr_info.c:888) (repeated:2560) 'services' info command is deprecated - use 'peers-clear-std' instead
Sep 16 2026 03:38:29 GMT: INFO (info): (ticker.c:169) NODE-ID bb9f1b2523a0d00 CLUSTER-SIZE 1 CLUSTER-NAME ycsb-default-20260916
Sep 16 2026 03:38:29 GMT: INFO (info): (ticker.c:241)    cluster-clock: skew-ms 0
Sep 16 2026 03:38:29 GMT: INFO (info): (ticker.c:265)    system: total-cpu-pct 357 user-cpu-pct 94 kernel-cpu-pct 263 free-mem-kbytes 122115468 free-mem-pct 92 thp-mem-kbytes 7170048 host-free-mem-kbytes 122115468 host-free-mem-pct 92
Sep 16 2026 03:38:29 GMT: INFO (info): (ticker.c:287)    process: cpu-pct 322 threads (9,61,113,113) heap-kbytes (6777708,6799656,7017984) heap-efficiency-pct 99.7
Sep 16 2026 03:38:29 GMT: INFO (info): (ticker.c:297)    in-progress: info-q 0 rw-hash 0 proxy-hash 0 tree-gc-q 0 long-queries 0
Sep 16 2026 03:38:29 GMT: INFO (info): (ticker.c:340)    fds: proto (512,10816,10304) heartbeat (0,0,0) fabric (0,0,0) admin (0,0,0)
Sep 16 2026 03:38:29 GMT: INFO (info): (ticker.c:352)    heartbeat-received: self 0 foreign 0
Sep 16 2026 03:38:29 GMT: INFO (info): (ticker.c:378)    fabric-bytes-per-second: bulk (0,0) ctrl (0,0) meta (0,0) rw (0,0)
Sep 16 2026 03:38:29 GMT: INFO (info): (ticker.c:426) {ycsb} objects: all 100387145 master 100387145 prole 0 non-replica 0
Sep 16 2026 03:38:29 GMT: INFO (info): (ticker.c:481) {ycsb} migrations: complete
Sep 16 2026 03:38:29 GMT: INFO (info): (ticker.c:506) {ycsb} index-usage: used-bytes 6424777280
Sep 16 2026 03:38:29 GMT: INFO (info): (ticker.c:559) {ycsb} data-usage: used-bytes 146163686032 avail-pct 83 cache-read-pct 0.00
Sep 16 2026 03:38:29 GMT: INFO (info): (ticker.c:618) {ycsb} client: tsvc (0,0) proxy (0,0,0) read (419887642,0,0,0,0) write (98137181,0,0,0) delete (0,0,0,0,0) udf (0,0,0,0) lang (0,0,0,0)
Sep 16 2026 03:38:29 GMT: INFO (info): (hist.c:319) histogram dump: {ycsb}-read (419887642 total) msec
Sep 16 2026 03:38:29 GMT: INFO (info): (hist.c:330)  (00: 0419401159) (01: 0000468322) (02: 0000017199) (03: 0000000652)
Sep 16 2026 03:38:29 GMT: INFO (info): (hist.c:339)  (04: 0000000043) (05: 0000000095) (06: 0000000172)
Sep 16 2026 03:38:29 GMT: INFO (info): (hist.c:319) histogram dump: {ycsb}-write (98137181 total) msec
Sep 16 2026 03:38:29 GMT: INFO (info): (hist.c:330)  (00: 0098085739) (01: 0000048363) (02: 0000003026) (03: 0000000051)
Sep 16 2026 03:38:29 GMT: INFO (info): (hist.c:339)  (05: 0000000001) (06: 0000000001)
Sep 16 2026 03:38:29 GMT: INFO (deprecation): (thr_info.c:888) (repeated:2560) 'services' info command is deprecated - use 'peers-clear-std' instead
Sep 16 2026 03:38:38 GMT: INFO (drv_ssd): (drv_ssd.c:2133) {ycsb} /dev/md127p3: used-bytes 146234334064 free-wblocks 109414 write-q 0 write (26571,0.9) defrag-q 0 defrag-read (22277,0.0) defrag-write (9529,0.0)
Sep 16 2026 03:38:39 GMT: INFO (info): (ticker.c:169) NODE-ID bb9f1b2523a0d00 CLUSTER-SIZE 1 CLUSTER-NAME ycsb-default-20260916
Sep 16 2026 03:38:39 GMT: INFO (info): (ticker.c:241)    cluster-clock: skew-ms 0
Sep 16 2026 03:38:39 GMT: INFO (info): (ticker.c:265)    system: total-cpu-pct 365 user-cpu-pct 96 kernel-cpu-pct 269 free-mem-kbytes 122114728 free-mem-pct 92 thp-mem-kbytes 7176192 host-free-mem-kbytes 122114728 host-free-mem-pct 92
Sep 16 2026 03:38:39 GMT: INFO (info): (ticker.c:287)    process: cpu-pct 324 threads (9,61,113,113) heap-kbytes (6777708,6799656,7017984) heap-efficiency-pct 99.7
Sep 16 2026 03:38:39 GMT: INFO (info): (ticker.c:297)    in-progress: info-q 0 rw-hash 0 proxy-hash 0 tree-gc-q 0 long-queries 0
Sep 16 2026 03:38:39 GMT: INFO (info): (ticker.c:340)    fds: proto (512,10816,10304) heartbeat (0,0,0) fabric (0,0,0) admin (0,0,0)
Sep 16 2026 03:38:39 GMT: INFO (info): (ticker.c:352)    heartbeat-received: self 0 foreign 0
Sep 16 2026 03:38:39 GMT: INFO (info): (ticker.c:378)    fabric-bytes-per-second: bulk (0,0) ctrl (0,0) meta (0,0) rw (0,0)
Sep 16 2026 03:38:39 GMT: INFO (info): (ticker.c:426) {ycsb} objects: all 100436669 master 100436669 prole 0 non-replica 0
Sep 16 2026 03:38:39 GMT: INFO (info): (ticker.c:481) {ycsb} migrations: complete
Sep 16 2026 03:38:39 GMT: INFO (info): (ticker.c:506) {ycsb} index-usage: used-bytes 6427946816
Sep 16 2026 03:38:39 GMT: INFO (info): (ticker.c:559) {ycsb} data-usage: used-bytes 146235791520 avail-pct 83 cache-read-pct 0.00
Sep 16 2026 03:38:39 GMT: INFO (info): (ticker.c:618) {ycsb} client: tsvc (0,0) proxy (0,0,0) read (420838271,0,0,0,0) write (98186704,0,0,0) delete (0,0,0,0,0) udf (0,0,0,0) lang (0,0,0,0)
Sep 16 2026 03:38:39 GMT: INFO (info): (hist.c:319) histogram dump: {ycsb}-read (420838272 total) msec
Sep 16 2026 03:38:39 GMT: INFO (info): (hist.c:330)  (00: 0420351789) (01: 0000468322) (02: 0000017199) (03: 0000000652)
Sep 16 2026 03:38:39 GMT: INFO (info): (hist.c:339)  (04: 0000000043) (05: 0000000095) (06: 0000000172)
Sep 16 2026 03:38:39 GMT: INFO (info): (hist.c:319) histogram dump: {ycsb}-write (98186704 total) msec
Sep 16 2026 03:38:39 GMT: INFO (info): (hist.c:330)  (00: 0098135262) (01: 0000048363) (02: 0000003026) (03: 0000000051)
Sep 16 2026 03:38:39 GMT: INFO (info): (hist.c:339)  (05: 0000000001) (06: 0000000001)
Sep 16 2026 03:38:39 GMT: INFO (deprecation): (thr_info.c:888) (repeated:2560) 'services' info command is deprecated - use 'peers-clear-std' instead
Sep 16 2026 03:38:49 GMT: INFO (info): (ticker.c:169) NODE-ID bb9f1b2523a0d00 CLUSTER-SIZE 1 CLUSTER-NAME ycsb-default-20260916
Sep 16 2026 03:38:49 GMT: INFO (info): (ticker.c:241)    cluster-clock: skew-ms 0
Sep 16 2026 03:38:49 GMT: INFO (info): (ticker.c:265)    system: total-cpu-pct 367 user-cpu-pct 97 kernel-cpu-pct 270 free-mem-kbytes 122114324 free-mem-pct 92 thp-mem-kbytes 7172096 host-free-mem-kbytes 122114324 host-free-mem-pct 92
Sep 16 2026 03:38:49 GMT: INFO (info): (ticker.c:287)    process: cpu-pct 327 threads (9,61,113,113) heap-kbytes (6777703,6799656,7017984) heap-efficiency-pct 99.7
Sep 16 2026 03:38:49 GMT: INFO (info): (ticker.c:297)    in-progress: info-q 0 rw-hash 0 proxy-hash 0 tree-gc-q 0 long-queries 0
Sep 16 2026 03:38:49 GMT: INFO (info): (ticker.c:340)    fds: proto (512,10816,10304) heartbeat (0,0,0) fabric (0,0,0) admin (0,0,0)
Sep 16 2026 03:38:49 GMT: INFO (info): (ticker.c:352)    heartbeat-received: self 0 foreign 0
Sep 16 2026 03:38:49 GMT: INFO (info): (ticker.c:378)    fabric-bytes-per-second: bulk (0,0) ctrl (0,0) meta (0,0) rw (0,0)
Sep 16 2026 03:38:49 GMT: INFO (info): (ticker.c:426) {ycsb} objects: all 100486700 master 100486700 prole 0 non-replica 0
Sep 16 2026 03:38:49 GMT: INFO (info): (ticker.c:481) {ycsb} migrations: complete
Sep 16 2026 03:38:49 GMT: INFO (info): (ticker.c:506) {ycsb} index-usage: used-bytes 6431148800
Sep 16 2026 03:38:49 GMT: INFO (info): (ticker.c:559) {ycsb} data-usage: used-bytes 146308635200 avail-pct 83 cache-read-pct 0.00
Sep 16 2026 03:38:49 GMT: INFO (info): (ticker.c:618) {ycsb} client: tsvc (0,0) proxy (0,0,0) read (421788403,0,0,0,0) write (98236734,0,0,0) delete (0,0,0,0,0) udf (0,0,0,0) lang (0,0,0,0)
Sep 16 2026 03:38:49 GMT: INFO (info): (hist.c:319) histogram dump: {ycsb}-read (421788404 total) msec
Sep 16 2026 03:38:49 GMT: INFO (info): (hist.c:330)  (00: 0421301921) (01: 0000468322) (02: 0000017199) (03: 0000000652)
Sep 16 2026 03:38:49 GMT: INFO (info): (hist.c:339)  (04: 0000000043) (05: 0000000095) (06: 0000000172)
Sep 16 2026 03:38:49 GMT: INFO (info): (hist.c:319) histogram dump: {ycsb}-write (98236735 total) msec
Sep 16 2026 03:38:49 GMT: INFO (info): (hist.c:330)  (00: 0098185293) (01: 0000048363) (02: 0000003026) (03: 0000000051)
Sep 16 2026 03:38:49 GMT: INFO (info): (hist.c:339)  (05: 0000000001) (06: 0000000001)
Sep 16 2026 03:38:49 GMT: INFO (deprecation): (thr_info.c:888) (repeated:2560) 'services' info command is deprecated - use 'peers-clear-std' instead
Sep 16 2026 03:38:58 GMT: INFO (drv_ssd): (drv_ssd.c:2133) {ycsb} /dev/md127p3: used-bytes 146379383696 free-wblocks 109397 write-q 0 write (26588,0.9) defrag-q 0 defrag-read (22277,0.0) defrag-write (9529,0.0)
Sep 16 2026 03:38:59 GMT: INFO (info): (ticker.c:169) NODE-ID bb9f1b2523a0d00 CLUSTER-SIZE 1 CLUSTER-NAME ycsb-default-20260916
Sep 16 2026 03:38:59 GMT: INFO (info): (ticker.c:241)    cluster-clock: skew-ms 0
Sep 16 2026 03:38:59 GMT: INFO (info): (ticker.c:265)    system: total-cpu-pct 369 user-cpu-pct 97 kernel-cpu-pct 272 free-mem-kbytes 122113504 free-mem-pct 92 thp-mem-kbytes 7176192 host-free-mem-kbytes 122113504 host-free-mem-pct 92
Sep 16 2026 03:38:59 GMT: INFO (info): (ticker.c:287)    process: cpu-pct 323 threads (9,61,113,113) heap-kbytes (6777695,6799656,7017984) heap-efficiency-pct 99.7
Sep 16 2026 03:38:59 GMT: INFO (info): (ticker.c:297)    in-progress: info-q 0 rw-hash 0 proxy-hash 0 tree-gc-q 0 long-queries 0
Sep 16 2026 03:38:59 GMT: INFO (info): (ticker.c:340)    fds: proto (512,10816,10304) heartbeat (0,0,0) fabric (0,0,0) admin (0,0,0)
Sep 16 2026 03:38:59 GMT: INFO (info): (ticker.c:352)    heartbeat-received: self 0 foreign 0
Sep 16 2026 03:38:59 GMT: INFO (info): (ticker.c:378)    fabric-bytes-per-second: bulk (0,0) ctrl (0,0) meta (0,0) rw (0,0)
Sep 16 2026 03:38:59 GMT: INFO (info): (ticker.c:426) {ycsb} objects: all 100536363 master 100536363 prole 0 non-replica 0
Sep 16 2026 03:38:59 GMT: INFO (info): (ticker.c:481) {ycsb} migrations: complete
Sep 16 2026 03:38:59 GMT: INFO (info): (ticker.c:506) {ycsb} index-usage: used-bytes 6434327232
Sep 16 2026 03:38:59 GMT: INFO (info): (ticker.c:559) {ycsb} data-usage: used-bytes 146380947440 avail-pct 83 cache-read-pct 0.00
Sep 16 2026 03:38:59 GMT: INFO (info): (ticker.c:618) {ycsb} client: tsvc (0,0) proxy (0,0,0) read (422738878,0,0,0,0) write (98286399,0,0,0) delete (0,0,0,0,0) udf (0,0,0,0) lang (0,0,0,0)
Sep 16 2026 03:38:59 GMT: INFO (info): (hist.c:319) histogram dump: {ycsb}-read (422738878 total) msec
Sep 16 2026 03:38:59 GMT: INFO (info): (hist.c:330)  (00: 0422252395) (01: 0000468322) (02: 0000017199) (03: 0000000652)
Sep 16 2026 03:38:59 GMT: INFO (info): (hist.c:339)  (04: 0000000043) (05: 0000000095) (06: 0000000172)
Sep 16 2026 03:38:59 GMT: INFO (info): (hist.c:319) histogram dump: {ycsb}-write (98286399 total) msec
Sep 16 2026 03:38:59 GMT: INFO (info): (hist.c:330)  (00: 0098234957) (01: 0000048363) (02: 0000003026) (03: 0000000051)
Sep 16 2026 03:38:59 GMT: INFO (info): (hist.c:339)  (05: 0000000001) (06: 0000000001)
Sep 16 2026 03:38:59 GMT: INFO (deprecation): (thr_info.c:888) (repeated:2560) 'services' info command is deprecated - use 'peers-clear-std' instead
Sep 16 2026 03:39:09 GMT: INFO (info): (ticker.c:169) NODE-ID bb9f1b2523a0d00 CLUSTER-SIZE 1 CLUSTER-NAME ycsb-default-20260916
Sep 16 2026 03:39:09 GMT: INFO (info): (ticker.c:241)    cluster-clock: skew-ms 0
Sep 16 2026 03:39:09 GMT: INFO (info): (ticker.c:265)    system: total-cpu-pct 367 user-cpu-pct 94 kernel-cpu-pct 273 free-mem-kbytes 122117612 free-mem-pct 92 thp-mem-kbytes 7176192 host-free-mem-kbytes 122117612 host-free-mem-pct 92
Sep 16 2026 03:39:09 GMT: INFO (info): (ticker.c:287)    process: cpu-pct 323 threads (9,61,113,113) heap-kbytes (6777682,6799656,7017984) heap-efficiency-pct 99.7
Sep 16 2026 03:39:09 GMT: INFO (info): (ticker.c:297)    in-progress: info-q 0 rw-hash 0 proxy-hash 0 tree-gc-q 0 long-queries 0
Sep 16 2026 03:39:09 GMT: INFO (info): (ticker.c:340)    fds: proto (512,10816,10304) heartbeat (0,0,0) fabric (0,0,0) admin (0,0,0)
Sep 16 2026 03:39:09 GMT: INFO (info): (ticker.c:352)    heartbeat-received: self 0 foreign 0
Sep 16 2026 03:39:09 GMT: INFO (info): (ticker.c:378)    fabric-bytes-per-second: bulk (0,0) ctrl (0,0) meta (0,0) rw (0,0)
Sep 16 2026 03:39:09 GMT: INFO (info): (ticker.c:426) {ycsb} objects: all 100586645 master 100586646 prole 0 non-replica 0
Sep 16 2026 03:39:09 GMT: INFO (info): (ticker.c:481) {ycsb} migrations: complete
Sep 16 2026 03:39:09 GMT: INFO (info): (ticker.c:506) {ycsb} index-usage: used-bytes 6437545280
Sep 16 2026 03:39:09 GMT: INFO (info): (ticker.c:559) {ycsb} data-usage: used-bytes 146454158032 avail-pct 83 cache-read-pct 0.00
Sep 16 2026 03:39:09 GMT: INFO (info): (ticker.c:618) {ycsb} client: tsvc (0,0) proxy (0,0,0) read (423688753,0,0,0,0) write (98336681,0,0,0) delete (0,0,0,0,0) udf (0,0,0,0) lang (0,0,0,0)
Sep 16 2026 03:39:09 GMT: INFO (info): (hist.c:319) histogram dump: {ycsb}-read (423688753 total) msec
Sep 16 2026 03:39:09 GMT: INFO (info): (hist.c:330)  (00: 0423202270) (01: 0000468322) (02: 0000017199) (03: 0000000652)
Sep 16 2026 03:39:09 GMT: INFO (info): (hist.c:339)  (04: 0000000043) (05: 0000000095) (06: 0000000172)
Sep 16 2026 03:39:09 GMT: INFO (info): (hist.c:319) histogram dump: {ycsb}-write (98336681 total) msec
Sep 16 2026 03:39:09 GMT: INFO (info): (hist.c:330)  (00: 0098285239) (01: 0000048363) (02: 0000003026) (03: 0000000051)
Sep 16 2026 03:39:09 GMT: INFO (info): (hist.c:339)  (05: 0000000001) (06: 0000000001)
Sep 16 2026 03:39:09 GMT: INFO (deprecation): (thr_info.c:888) (repeated:2560) 'services' info command is deprecated - use 'peers-clear-std' instead
Sep 16 2026 03:39:18 GMT: INFO (drv_ssd): (drv_ssd.c:2133) {ycsb} /dev/md127p3: used-bytes 146525279264 free-wblocks 109379 write-q 0 write (26606,0.9) defrag-q 0 defrag-read (22277,0.0) defrag-write (9529,0.0)
Sep 16 2026 03:39:19 GMT: INFO (info): (ticker.c:169) NODE-ID bb9f1b2523a0d00 CLUSTER-SIZE 1 CLUSTER-NAME ycsb-default-20260916
Sep 16 2026 03:39:19 GMT: INFO (info): (ticker.c:241)    cluster-clock: skew-ms 0
Sep 16 2026 03:39:19 GMT: INFO (info): (ticker.c:265)    system: total-cpu-pct 372 user-cpu-pct 97 kernel-cpu-pct 275 free-mem-kbytes 122114016 free-mem-pct 92 thp-mem-kbytes 7180288 host-free-mem-kbytes 122114016 host-free-mem-pct 92
Sep 16 2026 03:39:19 GMT: INFO (info): (ticker.c:287)    process: cpu-pct 321 threads (9,61,113,113) heap-kbytes (6777692,6799656,7017984) heap-efficiency-pct 99.7
Sep 16 2026 03:39:19 GMT: INFO (info): (ticker.c:297)    in-progress: info-q 0 rw-hash 0 proxy-hash 0 tree-gc-q 0 long-queries 0
Sep 16 2026 03:39:19 GMT: INFO (info): (ticker.c:340)    fds: proto (512,10816,10304) heartbeat (0,0,0) fabric (0,0,0) admin (0,0,0)
Sep 16 2026 03:39:19 GMT: INFO (info): (ticker.c:352)    heartbeat-received: self 0 foreign 0
Sep 16 2026 03:39:19 GMT: INFO (info): (ticker.c:378)    fabric-bytes-per-second: bulk (0,0) ctrl (0,0) meta (0,0) rw (0,0)
Sep 16 2026 03:39:19 GMT: INFO (info): (ticker.c:426) {ycsb} objects: all 100636571 master 100636571 prole 0 non-replica 0
Sep 16 2026 03:39:19 GMT: INFO (info): (ticker.c:481) {ycsb} migrations: complete
Sep 16 2026 03:39:19 GMT: INFO (info): (ticker.c:506) {ycsb} index-usage: used-bytes 6440740544
Sep 16 2026 03:39:19 GMT: INFO (info): (ticker.c:559) {ycsb} data-usage: used-bytes 146526848832 avail-pct 83 cache-read-pct 0.00
Sep 16 2026 03:39:19 GMT: INFO (info): (ticker.c:618) {ycsb} client: tsvc (0,0) proxy (0,0,0) read (424638974,0,0,0,0) write (98386606,0,0,0) delete (0,0,0,0,0) udf (0,0,0,0) lang (0,0,0,0)
Sep 16 2026 03:39:19 GMT: INFO (info): (hist.c:319) histogram dump: {ycsb}-read (424638974 total) msec
Sep 16 2026 03:39:19 GMT: INFO (info): (hist.c:330)  (00: 0424152491) (01: 0000468322) (02: 0000017199) (03: 0000000652)
Sep 16 2026 03:39:19 GMT: INFO (info): (hist.c:339)  (04: 0000000043) (05: 0000000095) (06: 0000000172)
Sep 16 2026 03:39:19 GMT: INFO (info): (hist.c:319) histogram dump: {ycsb}-write (98386606 total) msec
Sep 16 2026 03:39:19 GMT: INFO (info): (hist.c:330)  (00: 0098335164) (01: 0000048363) (02: 0000003026) (03: 0000000051)
Sep 16 2026 03:39:19 GMT: INFO (info): (hist.c:339)  (05: 0000000001) (06: 0000000001)
Sep 16 2026 03:39:19 GMT: INFO (deprecation): (thr_info.c:888) (repeated:2560) 'services' info command is deprecated - use 'peers-clear-std' instead
Sep 16 2026 03:39:29 GMT: INFO (info): (ticker.c:169) NODE-ID bb9f1b2523a0d00 CLUSTER-SIZE 1 CLUSTER-NAME ycsb-default-20260916
Sep 16 2026 03:39:29 GMT: INFO (info): (ticker.c:241)    cluster-clock: skew-ms 0
Sep 16 2026 03:39:29 GMT: INFO (info): (ticker.c:265)    system: total-cpu-pct 375 user-cpu-pct 98 kernel-cpu-pct 277 free-mem-kbytes 122110408 free-mem-pct 92 thp-mem-kbytes 7184384 host-free-mem-kbytes 122110408 host-free-mem-pct 92
Sep 16 2026 03:39:29 GMT: INFO (info): (ticker.c:287)    process: cpu-pct 323 threads (9,61,113,113) heap-kbytes (7826263,7848236,8066560) heap-efficiency-pct 99.7
Sep 16 2026 03:39:29 GMT: INFO (info): (ticker.c:297)    in-progress: info-q 0 rw-hash 0 proxy-hash 0 tree-gc-q 0 long-queries 0
Sep 16 2026 03:39:29 GMT: INFO (info): (ticker.c:340)    fds: proto (512,10816,10304) heartbeat (0,0,0) fabric (0,0,0) admin (0,0,0)
Sep 16 2026 03:39:29 GMT: INFO (info): (ticker.c:352)    heartbeat-received: self 0 foreign 0
Sep 16 2026 03:39:29 GMT: INFO (info): (ticker.c:378)    fabric-bytes-per-second: bulk (0,0) ctrl (0,0) meta (0,0) rw (0,0)
Sep 16 2026 03:39:29 GMT: INFO (info): (ticker.c:426) {ycsb} objects: all 100686749 master 100686750 prole 0 non-replica 0
Sep 16 2026 03:39:29 GMT: INFO (info): (ticker.c:481) {ycsb} migrations: complete
Sep 16 2026 03:39:29 GMT: INFO (info): (ticker.c:506) {ycsb} index-usage: used-bytes 6443951936
Sep 16 2026 03:39:29 GMT: INFO (info): (ticker.c:559) {ycsb} data-usage: used-bytes 146599908000 avail-pct 83 cache-read-pct 0.00
Sep 16 2026 03:39:29 GMT: INFO (info): (ticker.c:618) {ycsb} client: tsvc (0,0) proxy (0,0,0) read (425588942,0,0,0,0) write (98436784,0,0,0) delete (0,0,0,0,0) udf (0,0,0,0) lang (0,0,0,0)
Sep 16 2026 03:39:29 GMT: INFO (info): (hist.c:319) histogram dump: {ycsb}-read (425588944 total) msec
Sep 16 2026 03:39:29 GMT: INFO (info): (hist.c:330)  (00: 0425102461) (01: 0000468322) (02: 0000017199) (03: 0000000652)
Sep 16 2026 03:39:29 GMT: INFO (info): (hist.c:339)  (04: 0000000043) (05: 0000000095) (06: 0000000172)
Sep 16 2026 03:39:29 GMT: INFO (info): (hist.c:319) histogram dump: {ycsb}-write (98436784 total) msec
Sep 16 2026 03:39:29 GMT: INFO (info): (hist.c:330)  (00: 0098385342) (01: 0000048363) (02: 0000003026) (03: 0000000051)
Sep 16 2026 03:39:29 GMT: INFO (info): (hist.c:339)  (05: 0000000001) (06: 0000000001)
Sep 16 2026 03:39:29 GMT: INFO (deprecation): (thr_info.c:888) (repeated:2560) 'services' info command is deprecated - use 'peers-clear-std' instead
Sep 16 2026 03:39:38 GMT: INFO (drv_ssd): (drv_ssd.c:2133) {ycsb} /dev/md127p3: used-bytes 146671182112 free-wblocks 109362 write-q 0 write (26623,0.9) defrag-q 0 defrag-read (22277,0.0) defrag-write (9529,0.0)
Sep 16 2026 03:39:39 GMT: INFO (info): (ticker.c:169) NODE-ID bb9f1b2523a0d00 CLUSTER-SIZE 1 CLUSTER-NAME ycsb-default-20260916
Sep 16 2026 03:39:39 GMT: INFO (info): (ticker.c:241)    cluster-clock: skew-ms 0
Sep 16 2026 03:39:39 GMT: INFO (info): (ticker.c:265)    system: total-cpu-pct 374 user-cpu-pct 101 kernel-cpu-pct 273 free-mem-kbytes 122109860 free-mem-pct 92 thp-mem-kbytes 7188480 host-free-mem-kbytes 122109860 host-free-mem-pct 92
Sep 16 2026 03:39:39 GMT: INFO (info): (ticker.c:287)    process: cpu-pct 322 threads (9,61,113,113) heap-kbytes (7826267,7848236,8066560) heap-efficiency-pct 99.7
Sep 16 2026 03:39:39 GMT: INFO (info): (ticker.c:297)    in-progress: info-q 0 rw-hash 0 proxy-hash 0 tree-gc-q 0 long-queries 0
Sep 16 2026 03:39:39 GMT: INFO (info): (ticker.c:340)    fds: proto (512,10816,10304) heartbeat (0,0,0) fabric (0,0,0) admin (0,0,0)
Sep 16 2026 03:39:39 GMT: INFO (info): (ticker.c:352)    heartbeat-received: self 0 foreign 0
Sep 16 2026 03:39:39 GMT: INFO (info): (ticker.c:378)    fabric-bytes-per-second: bulk (0,0) ctrl (0,0) meta (0,0) rw (0,0)
Sep 16 2026 03:39:39 GMT: INFO (info): (ticker.c:426) {ycsb} objects: all 100736793 master 100736793 prole 0 non-replica 0
Sep 16 2026 03:39:39 GMT: INFO (info): (ticker.c:481) {ycsb} migrations: complete
Sep 16 2026 03:39:39 GMT: INFO (info): (ticker.c:506) {ycsb} index-usage: used-bytes 6447154752
Sep 16 2026 03:39:39 GMT: INFO (info): (ticker.c:559) {ycsb} data-usage: used-bytes 146672770608 avail-pct 83 cache-read-pct 0.00
Sep 16 2026 03:39:39 GMT: INFO (info): (ticker.c:618) {ycsb} client: tsvc (0,0) proxy (0,0,0) read (426539059,0,0,0,0) write (98486827,0,0,0) delete (0,0,0,0,0) udf (0,0,0,0) lang (0,0,0,0)
Sep 16 2026 03:39:39 GMT: INFO (info): (hist.c:319) histogram dump: {ycsb}-read (426539060 total) msec
Sep 16 2026 03:39:39 GMT: INFO (info): (hist.c:330)  (00: 0426052577) (01: 0000468322) (02: 0000017199) (03: 0000000652)
Sep 16 2026 03:39:39 GMT: INFO (info): (hist.c:339)  (04: 0000000043) (05: 0000000095) (06: 0000000172)
Sep 16 2026 03:39:39 GMT: INFO (info): (hist.c:319) histogram dump: {ycsb}-write (98486827 total) msec
Sep 16 2026 03:39:39 GMT: INFO (info): (hist.c:330)  (00: 0098435385) (01: 0000048363) (02: 0000003026) (03: 0000000051)
Sep 16 2026 03:39:39 GMT: INFO (info): (hist.c:339)  (05: 0000000001) (06: 0000000001)
Sep 16 2026 03:39:39 GMT: INFO (deprecation): (thr_info.c:888) (repeated:2560) 'services' info command is deprecated - use 'peers-clear-std' instead
Sep 16 2026 03:39:49 GMT: INFO (info): (ticker.c:169) NODE-ID bb9f1b2523a0d00 CLUSTER-SIZE 1 CLUSTER-NAME ycsb-default-20260916
Sep 16 2026 03:39:49 GMT: INFO (info): (ticker.c:241)    cluster-clock: skew-ms 0
Sep 16 2026 03:39:49 GMT: INFO (info): (ticker.c:265)    system: total-cpu-pct 376 user-cpu-pct 97 kernel-cpu-pct 279 free-mem-kbytes 122101852 free-mem-pct 92 thp-mem-kbytes 7192576 host-free-mem-kbytes 122101852 host-free-mem-pct 92
Sep 16 2026 03:39:49 GMT: INFO (info): (ticker.c:287)    process: cpu-pct 322 threads (9,61,113,113) heap-kbytes (7826265,7848236,8066560) heap-efficiency-pct 99.7
Sep 16 2026 03:39:49 GMT: INFO (info): (ticker.c:297)    in-progress: info-q 0 rw-hash 0 proxy-hash 0 tree-gc-q 0 long-queries 0
Sep 16 2026 03:39:49 GMT: INFO (info): (ticker.c:340)    fds: proto (512,10816,10304) heartbeat (0,0,0) fabric (0,0,0) admin (0,0,0)
Sep 16 2026 03:39:49 GMT: INFO (info): (ticker.c:352)    heartbeat-received: self 0 foreign 0
Sep 16 2026 03:39:49 GMT: INFO (info): (ticker.c:378)    fabric-bytes-per-second: bulk (0,0) ctrl (0,0) meta (0,0) rw (0,0)
Sep 16 2026 03:39:49 GMT: INFO (info): (ticker.c:426) {ycsb} objects: all 100786805 master 100786805 prole 0 non-replica 0
Sep 16 2026 03:39:49 GMT: INFO (info): (ticker.c:481) {ycsb} migrations: complete
Sep 16 2026 03:39:49 GMT: INFO (info): (ticker.c:506) {ycsb} index-usage: used-bytes 6450355520
Sep 16 2026 03:39:49 GMT: INFO (info): (ticker.c:559) {ycsb} data-usage: used-bytes 146745588080 avail-pct 83 cache-read-pct 0.00
Sep 16 2026 03:39:49 GMT: INFO (info): (ticker.c:618) {ycsb} client: tsvc (0,0) proxy (0,0,0) read (427489202,0,0,0,0) write (98536839,0,0,0) delete (0,0,0,0,0) udf (0,0,0,0) lang (0,0,0,0)
Sep 16 2026 03:39:49 GMT: INFO (info): (hist.c:319) histogram dump: {ycsb}-read (427489202 total) msec
Sep 16 2026 03:39:49 GMT: INFO (info): (hist.c:330)  (00: 0427002719) (01: 0000468322) (02: 0000017199) (03: 0000000652)
Sep 16 2026 03:39:49 GMT: INFO (info): (hist.c:339)  (04: 0000000043) (05: 0000000095) (06: 0000000172)
Sep 16 2026 03:39:49 GMT: INFO (info): (hist.c:319) histogram dump: {ycsb}-write (98536840 total) msec
Sep 16 2026 03:39:49 GMT: INFO (info): (hist.c:330)  (00: 0098485398) (01: 0000048363) (02: 0000003026) (03: 0000000051)
Sep 16 2026 03:39:49 GMT: INFO (info): (hist.c:339)  (05: 0000000001) (06: 0000000001)
Sep 16 2026 03:39:49 GMT: INFO (deprecation): (thr_info.c:888) (repeated:2560) 'services' info command is deprecated - use 'peers-clear-std' instead
Sep 16 2026 03:39:58 GMT: INFO (drv_ssd): (drv_ssd.c:2133) {ycsb} /dev/md127p3: used-bytes 146817149024 free-wblocks 109344 write-q 0 write (26641,0.9) defrag-q 0 defrag-read (22277,0.0) defrag-write (9529,0.0)
Sep 16 2026 03:39:59 GMT: INFO (info): (ticker.c:169) NODE-ID bb9f1b2523a0d00 CLUSTER-SIZE 1 CLUSTER-NAME ycsb-default-20260916
Sep 16 2026 03:39:59 GMT: INFO (info): (ticker.c:241)    cluster-clock: skew-ms 0
Sep 16 2026 03:39:59 GMT: INFO (info): (ticker.c:265)    system: total-cpu-pct 372 user-cpu-pct 97 kernel-cpu-pct 275 free-mem-kbytes 122098532 free-mem-pct 92 thp-mem-kbytes 7194624 host-free-mem-kbytes 122098532 host-free-mem-pct 92
Sep 16 2026 03:39:59 GMT: INFO (info): (ticker.c:287)    process: cpu-pct 321 threads (9,61,113,113) heap-kbytes (7826270,7848236,8066560) heap-efficiency-pct 99.7
Sep 16 2026 03:39:59 GMT: INFO (info): (ticker.c:297)    in-progress: info-q 0 rw-hash 0 proxy-hash 0 tree-gc-q 0 long-queries 0
Sep 16 2026 03:39:59 GMT: INFO (info): (ticker.c:340)    fds: proto (512,10816,10304) heartbeat (0,0,0) fabric (0,0,0) admin (0,0,0)
Sep 16 2026 03:39:59 GMT: INFO (info): (ticker.c:352)    heartbeat-received: self 0 foreign 0
Sep 16 2026 03:39:59 GMT: INFO (info): (ticker.c:378)    fabric-bytes-per-second: bulk (0,0) ctrl (0,0) meta (0,0) rw (0,0)
Sep 16 2026 03:39:59 GMT: INFO (info): (ticker.c:426) {ycsb} objects: all 100837053 master 100837053 prole 0 non-replica 0
Sep 16 2026 03:39:59 GMT: INFO (info): (ticker.c:481) {ycsb} migrations: complete
Sep 16 2026 03:39:59 GMT: INFO (info): (ticker.c:506) {ycsb} index-usage: used-bytes 6453571392
Sep 16 2026 03:39:59 GMT: INFO (info): (ticker.c:559) {ycsb} data-usage: used-bytes 146818750624 avail-pct 83 cache-read-pct 0.00
Sep 16 2026 03:39:59 GMT: INFO (info): (ticker.c:618) {ycsb} client: tsvc (0,0) proxy (0,0,0) read (428439100,0,0,0,0) write (98587088,0,0,0) delete (0,0,0,0,0) udf (0,0,0,0) lang (0,0,0,0)
Sep 16 2026 03:39:59 GMT: INFO (info): (hist.c:319) histogram dump: {ycsb}-read (428439100 total) msec
Sep 16 2026 03:39:59 GMT: INFO (info): (hist.c:330)  (00: 0427952617) (01: 0000468322) (02: 0000017199) (03: 0000000652)
Sep 16 2026 03:39:59 GMT: INFO (info): (hist.c:339)  (04: 0000000043) (05: 0000000095) (06: 0000000172)
Sep 16 2026 03:39:59 GMT: INFO (info): (hist.c:319) histogram dump: {ycsb}-write (98587088 total) msec
Sep 16 2026 03:39:59 GMT: INFO (info): (hist.c:330)  (00: 0098535646) (01: 0000048363) (02: 0000003026) (03: 0000000051)
Sep 16 2026 03:39:59 GMT: INFO (info): (hist.c:339)  (05: 0000000001) (06: 0000000001)
Sep 16 2026 03:39:59 GMT: INFO (deprecation): (thr_info.c:888) (repeated:2560) 'services' info command is deprecated - use 'peers-clear-std' instead
Sep 16 2026 03:40:09 GMT: INFO (info): (ticker.c:169) NODE-ID bb9f1b2523a0d00 CLUSTER-SIZE 1 CLUSTER-NAME ycsb-default-20260916
Sep 16 2026 03:40:09 GMT: INFO (info): (ticker.c:241)    cluster-clock: skew-ms 0
Sep 16 2026 03:40:09 GMT: INFO (info): (ticker.c:265)    system: total-cpu-pct 375 user-cpu-pct 97 kernel-cpu-pct 278 free-mem-kbytes 122098792 free-mem-pct 92 thp-mem-kbytes 7194624 host-free-mem-kbytes 122098792 host-free-mem-pct 92
Sep 16 2026 03:40:09 GMT: INFO (info): (ticker.c:287)    process: cpu-pct 321 threads (9,61,113,113) heap-kbytes (7826267,7848236,8066560) heap-efficiency-pct 99.7
Sep 16 2026 03:40:09 GMT: INFO (info): (ticker.c:297)    in-progress: info-q 0 rw-hash 0 proxy-hash 0 tree-gc-q 0 long-queries 0
Sep 16 2026 03:40:09 GMT: INFO (info): (ticker.c:340)    fds: proto (512,10816,10304) heartbeat (0,0,0) fabric (0,0,0) admin (0,0,0)
Sep 16 2026 03:40:09 GMT: INFO (info): (ticker.c:352)    heartbeat-received: self 0 foreign 0
Sep 16 2026 03:40:09 GMT: INFO (info): (ticker.c:378)    fabric-bytes-per-second: bulk (0,0) ctrl (0,0) meta (0,0) rw (0,0)
Sep 16 2026 03:40:09 GMT: INFO (info): (ticker.c:426) {ycsb} objects: all 100887131 master 100887131 prole 0 non-replica 0
Sep 16 2026 03:40:09 GMT: INFO (info): (ticker.c:481) {ycsb} migrations: complete
Sep 16 2026 03:40:09 GMT: INFO (info): (ticker.c:506) {ycsb} index-usage: used-bytes 6456776384
Sep 16 2026 03:40:09 GMT: INFO (info): (ticker.c:559) {ycsb} data-usage: used-bytes 146891664192 avail-pct 83 cache-read-pct 0.00
Sep 16 2026 03:40:09 GMT: INFO (info): (ticker.c:618) {ycsb} client: tsvc (0,0) proxy (0,0,0) read (429389176,0,0,0,0) write (98637166,0,0,0) delete (0,0,0,0,0) udf (0,0,0,0) lang (0,0,0,0)
Sep 16 2026 03:40:09 GMT: INFO (info): (hist.c:319) histogram dump: {ycsb}-read (429389176 total) msec
Sep 16 2026 03:40:09 GMT: INFO (info): (hist.c:330)  (00: 0428902693) (01: 0000468322) (02: 0000017199) (03: 0000000652)
Sep 16 2026 03:40:09 GMT: INFO (info): (hist.c:339)  (04: 0000000043) (05: 0000000095) (06: 0000000172)
Sep 16 2026 03:40:09 GMT: INFO (info): (hist.c:319) histogram dump: {ycsb}-write (98637166 total) msec
Sep 16 2026 03:40:09 GMT: INFO (info): (hist.c:330)  (00: 0098585724) (01: 0000048363) (02: 0000003026) (03: 0000000051)
Sep 16 2026 03:40:09 GMT: INFO (info): (hist.c:339)  (05: 0000000001) (06: 0000000001)
Sep 16 2026 03:40:09 GMT: INFO (deprecation): (thr_info.c:888) (repeated:2560) 'services' info command is deprecated - use 'peers-clear-std' instead
Sep 16 2026 03:40:18 GMT: INFO (drv_ssd): (drv_ssd.c:2133) {ycsb} /dev/md127p3: used-bytes 146962200112 free-wblocks 109327 write-q 0 write (26658,0.9) defrag-q 0 defrag-read (22277,0.0) defrag-write (9529,0.0)
Sep 16 2026 03:40:19 GMT: INFO (info): (ticker.c:169) NODE-ID bb9f1b2523a0d00 CLUSTER-SIZE 1 CLUSTER-NAME ycsb-default-20260916
Sep 16 2026 03:40:19 GMT: INFO (info): (ticker.c:241)    cluster-clock: skew-ms 0
Sep 16 2026 03:40:19 GMT: INFO (info): (ticker.c:265)    system: total-cpu-pct 378 user-cpu-pct 99 kernel-cpu-pct 279 free-mem-kbytes 122094696 free-mem-pct 92 thp-mem-kbytes 7198720 host-free-mem-kbytes 122094696 host-free-mem-pct 92
Sep 16 2026 03:40:19 GMT: INFO (info): (ticker.c:287)    process: cpu-pct 322 threads (9,61,113,113) heap-kbytes (7826257,7848236,8066560) heap-efficiency-pct 99.7
Sep 16 2026 03:40:19 GMT: INFO (info): (ticker.c:297)    in-progress: info-q 0 rw-hash 0 proxy-hash 0 tree-gc-q 0 long-queries 0
Sep 16 2026 03:40:19 GMT: INFO (info): (ticker.c:340)    fds: proto (512,10816,10304) heartbeat (0,0,0) fabric (0,0,0) admin (0,0,0)
Sep 16 2026 03:40:19 GMT: INFO (info): (ticker.c:352)    heartbeat-received: self 0 foreign 0
Sep 16 2026 03:40:19 GMT: INFO (info): (ticker.c:378)    fabric-bytes-per-second: bulk (0,0) ctrl (0,0) meta (0,0) rw (0,0)
Sep 16 2026 03:40:19 GMT: INFO (info): (ticker.c:426) {ycsb} objects: all 100936652 master 100936652 prole 0 non-replica 0
Sep 16 2026 03:40:19 GMT: INFO (info): (ticker.c:481) {ycsb} migrations: complete
Sep 16 2026 03:40:19 GMT: INFO (info): (ticker.c:506) {ycsb} index-usage: used-bytes 6459945728
Sep 16 2026 03:40:19 GMT: INFO (info): (ticker.c:559) {ycsb} data-usage: used-bytes 146963766768 avail-pct 83 cache-read-pct 0.00
Sep 16 2026 03:40:19 GMT: INFO (info): (ticker.c:618) {ycsb} client: tsvc (0,0) proxy (0,0,0) read (430339802,0,0,0,0) write (98686686,0,0,0) delete (0,0,0,0,0) udf (0,0,0,0) lang (0,0,0,0)
Sep 16 2026 03:40:19 GMT: INFO (info): (hist.c:319) histogram dump: {ycsb}-read (430339803 total) msec
Sep 16 2026 03:40:19 GMT: INFO (info): (hist.c:330)  (00: 0429853320) (01: 0000468322) (02: 0000017199) (03: 0000000652)
Sep 16 2026 03:40:19 GMT: INFO (info): (hist.c:339)  (04: 0000000043) (05: 0000000095) (06: 0000000172)
Sep 16 2026 03:40:19 GMT: INFO (info): (hist.c:319) histogram dump: {ycsb}-write (98686687 total) msec
Sep 16 2026 03:40:19 GMT: INFO (info): (hist.c:330)  (00: 0098635245) (01: 0000048363) (02: 0000003026) (03: 0000000051)
Sep 16 2026 03:40:19 GMT: INFO (info): (hist.c:339)  (05: 0000000001) (06: 0000000001)
Sep 16 2026 03:40:19 GMT: INFO (deprecation): (thr_info.c:888) (repeated:2560) 'services' info command is deprecated - use 'peers-clear-std' instead
Sep 16 2026 03:40:29 GMT: INFO (info): (ticker.c:169) NODE-ID bb9f1b2523a0d00 CLUSTER-SIZE 1 CLUSTER-NAME ycsb-default-20260916
Sep 16 2026 03:40:29 GMT: INFO (info): (ticker.c:241)    cluster-clock: skew-ms 0
Sep 16 2026 03:40:29 GMT: INFO (info): (ticker.c:265)    system: total-cpu-pct 381 user-cpu-pct 99 kernel-cpu-pct 282 free-mem-kbytes 122083016 free-mem-pct 92 thp-mem-kbytes 7204864 host-free-mem-kbytes 122083016 host-free-mem-pct 92
Sep 16 2026 03:40:29 GMT: INFO (info): (ticker.c:287)    process: cpu-pct 323 threads (9,61,113,113) heap-kbytes (7826265,7848236,8066560) heap-efficiency-pct 99.7
Sep 16 2026 03:40:29 GMT: INFO (info): (ticker.c:297)    in-progress: info-q 0 rw-hash 0 proxy-hash 0 tree-gc-q 0 long-queries 0
Sep 16 2026 03:40:29 GMT: INFO (info): (ticker.c:340)    fds: proto (512,10816,10304) heartbeat (0,0,0) fabric (0,0,0) admin (0,0,0)
Sep 16 2026 03:40:29 GMT: INFO (info): (ticker.c:352)    heartbeat-received: self 0 foreign 0
Sep 16 2026 03:40:29 GMT: INFO (info): (ticker.c:378)    fabric-bytes-per-second: bulk (0,0) ctrl (0,0) meta (0,0) rw (0,0)
Sep 16 2026 03:40:29 GMT: INFO (info): (ticker.c:426) {ycsb} objects: all 100986362 master 100986362 prole 0 non-replica 0
Sep 16 2026 03:40:29 GMT: INFO (info): (ticker.c:481) {ycsb} migrations: complete
Sep 16 2026 03:40:29 GMT: INFO (info): (ticker.c:506) {ycsb} index-usage: used-bytes 6463127168
Sep 16 2026 03:40:29 GMT: INFO (info): (ticker.c:559) {ycsb} data-usage: used-bytes 147036143072 avail-pct 83 cache-read-pct 0.00
Sep 16 2026 03:40:29 GMT: INFO (info): (ticker.c:618) {ycsb} client: tsvc (0,0) proxy (0,0,0) read (431290252,0,0,0,0) write (98736396,0,0,0) delete (0,0,0,0,0) udf (0,0,0,0) lang (0,0,0,0)
Sep 16 2026 03:40:29 GMT: INFO (info): (hist.c:319) histogram dump: {ycsb}-read (431290252 total) msec
Sep 16 2026 03:40:29 GMT: INFO (info): (hist.c:330)  (00: 0430803769) (01: 0000468322) (02: 0000017199) (03: 0000000652)
Sep 16 2026 03:40:29 GMT: INFO (info): (hist.c:339)  (04: 0000000043) (05: 0000000095) (06: 0000000172)
Sep 16 2026 03:40:29 GMT: INFO (info): (hist.c:319) histogram dump: {ycsb}-write (98736396 total) msec
Sep 16 2026 03:40:29 GMT: INFO (info): (hist.c:330)  (00: 0098684954) (01: 0000048363) (02: 0000003026) (03: 0000000051)
Sep 16 2026 03:40:29 GMT: INFO (info): (hist.c:339)  (05: 0000000001) (06: 0000000001)
Sep 16 2026 03:40:29 GMT: INFO (deprecation): (thr_info.c:888) (repeated:2560) 'services' info command is deprecated - use 'peers-clear-std' instead
Sep 16 2026 03:40:38 GMT: INFO (drv_ssd): (drv_ssd.c:2133) {ycsb} /dev/md127p3: used-bytes 147107670528 free-wblocks 109310 write-q 0 write (26675,0.9) defrag-q 0 defrag-read (22277,0.0) defrag-write (9529,0.0)
Sep 16 2026 03:40:39 GMT: INFO (info): (ticker.c:169) NODE-ID bb9f1b2523a0d00 CLUSTER-SIZE 1 CLUSTER-NAME ycsb-default-20260916
Sep 16 2026 03:40:39 GMT: INFO (info): (ticker.c:241)    cluster-clock: skew-ms 0
Sep 16 2026 03:40:39 GMT: INFO (info): (ticker.c:265)    system: total-cpu-pct 375 user-cpu-pct 100 kernel-cpu-pct 275 free-mem-kbytes 122083348 free-mem-pct 92 thp-mem-kbytes 7206912 host-free-mem-kbytes 122083348 host-free-mem-pct 92
Sep 16 2026 03:40:39 GMT: INFO (info): (ticker.c:287)    process: cpu-pct 321 threads (9,61,113,113) heap-kbytes (7826270,7848236,8066560) heap-efficiency-pct 99.7
Sep 16 2026 03:40:39 GMT: INFO (info): (ticker.c:297)    in-progress: info-q 0 rw-hash 0 proxy-hash 0 tree-gc-q 0 long-queries 0
Sep 16 2026 03:40:39 GMT: INFO (info): (ticker.c:340)    fds: proto (512,10816,10304) heartbeat (0,0,0) fabric (0,0,0) admin (0,0,0)
Sep 16 2026 03:40:39 GMT: INFO (info): (ticker.c:352)    heartbeat-received: self 0 foreign 0
Sep 16 2026 03:40:39 GMT: INFO (info): (ticker.c:378)    fabric-bytes-per-second: bulk (0,0) ctrl (0,0) meta (0,0) rw (0,0)
Sep 16 2026 03:40:39 GMT: INFO (info): (ticker.c:426) {ycsb} objects: all 101036549 master 101036549 prole 0 non-replica 0
Sep 16 2026 03:40:39 GMT: INFO (info): (ticker.c:481) {ycsb} migrations: complete
Sep 16 2026 03:40:39 GMT: INFO (info): (ticker.c:506) {ycsb} index-usage: used-bytes 6466339136
Sep 16 2026 03:40:39 GMT: INFO (info): (ticker.c:559) {ycsb} data-usage: used-bytes 147109215344 avail-pct 83 cache-read-pct 0.00
Sep 16 2026 03:40:39 GMT: INFO (info): (ticker.c:618) {ycsb} client: tsvc (0,0) proxy (0,0,0) read (432240209,0,0,0,0) write (98786583,0,0,0) delete (0,0,0,0,0) udf (0,0,0,0) lang (0,0,0,0)
Sep 16 2026 03:40:39 GMT: INFO (info): (hist.c:319) histogram dump: {ycsb}-read (432240209 total) msec
Sep 16 2026 03:40:39 GMT: INFO (info): (hist.c:330)  (00: 0431753726) (01: 0000468322) (02: 0000017199) (03: 0000000652)
Sep 16 2026 03:40:39 GMT: INFO (info): (hist.c:339)  (04: 0000000043) (05: 0000000095) (06: 0000000172)
Sep 16 2026 03:40:39 GMT: INFO (info): (hist.c:319) histogram dump: {ycsb}-write (98786583 total) msec
Sep 16 2026 03:40:39 GMT: INFO (info): (hist.c:330)  (00: 0098735141) (01: 0000048363) (02: 0000003026) (03: 0000000051)
Sep 16 2026 03:40:39 GMT: INFO (info): (hist.c:339)  (05: 0000000001) (06: 0000000001)
Sep 16 2026 03:40:39 GMT: INFO (deprecation): (thr_info.c:888) (repeated:2560) 'services' info command is deprecated - use 'peers-clear-std' instead
Sep 16 2026 03:40:49 GMT: INFO (info): (ticker.c:169) NODE-ID bb9f1b2523a0d00 CLUSTER-SIZE 1 CLUSTER-NAME ycsb-default-20260916
Sep 16 2026 03:40:49 GMT: INFO (info): (ticker.c:241)    cluster-clock: skew-ms 0
Sep 16 2026 03:40:49 GMT: INFO (info): (ticker.c:265)    system: total-cpu-pct 375 user-cpu-pct 97 kernel-cpu-pct 278 free-mem-kbytes 122083292 free-mem-pct 92 thp-mem-kbytes 7208960 host-free-mem-kbytes 122083292 host-free-mem-pct 92
Sep 16 2026 03:40:49 GMT: INFO (info): (ticker.c:287)    process: cpu-pct 322 threads (9,61,113,113) heap-kbytes (7826265,7848236,8066560) heap-efficiency-pct 99.7
Sep 16 2026 03:40:49 GMT: INFO (info): (ticker.c:297)    in-progress: info-q 0 rw-hash 0 proxy-hash 0 tree-gc-q 0 long-queries 0
Sep 16 2026 03:40:49 GMT: INFO (info): (ticker.c:340)    fds: proto (512,10816,10304) heartbeat (0,0,0) fabric (0,0,0) admin (0,0,0)
Sep 16 2026 03:40:49 GMT: INFO (info): (ticker.c:352)    heartbeat-received: self 0 foreign 0
Sep 16 2026 03:40:49 GMT: INFO (info): (ticker.c:378)    fabric-bytes-per-second: bulk (0,0) ctrl (0,0) meta (0,0) rw (0,0)
Sep 16 2026 03:40:49 GMT: INFO (info): (ticker.c:426) {ycsb} objects: all 101086488 master 101086488 prole 0 non-replica 0
Sep 16 2026 03:40:49 GMT: INFO (info): (ticker.c:481) {ycsb} migrations: complete
Sep 16 2026 03:40:49 GMT: INFO (info): (ticker.c:506) {ycsb} index-usage: used-bytes 6469535232
Sep 16 2026 03:40:49 GMT: INFO (info): (ticker.c:559) {ycsb} data-usage: used-bytes 147181926528 avail-pct 83 cache-read-pct 0.00
Sep 16 2026 03:40:49 GMT: INFO (info): (ticker.c:618) {ycsb} client: tsvc (0,0) proxy (0,0,0) read (433190423,0,0,0,0) write (98836522,0,0,0) delete (0,0,0,0,0) udf (0,0,0,0) lang (0,0,0,0)
Sep 16 2026 03:40:49 GMT: INFO (info): (hist.c:319) histogram dump: {ycsb}-read (433190423 total) msec
Sep 16 2026 03:40:49 GMT: INFO (info): (hist.c:330)  (00: 0432703940) (01: 0000468322) (02: 0000017199) (03: 0000000652)
Sep 16 2026 03:40:49 GMT: INFO (info): (hist.c:339)  (04: 0000000043) (05: 0000000095) (06: 0000000172)
Sep 16 2026 03:40:49 GMT: INFO (info): (hist.c:319) histogram dump: {ycsb}-write (98836522 total) msec
Sep 16 2026 03:40:49 GMT: INFO (info): (hist.c:330)  (00: 0098785080) (01: 0000048363) (02: 0000003026) (03: 0000000051)
Sep 16 2026 03:40:49 GMT: INFO (info): (hist.c:339)  (05: 0000000001) (06: 0000000001)
Sep 16 2026 03:40:49 GMT: INFO (deprecation): (thr_info.c:888) (repeated:2560) 'services' info command is deprecated - use 'peers-clear-std' instead
Sep 16 2026 03:40:58 GMT: INFO (drv_ssd): (drv_ssd.c:2133) {ycsb} /dev/md127p3: used-bytes 147252944384 free-wblocks 109292 write-q 0 write (26693,0.9) defrag-q 0 defrag-read (22277,0.0) defrag-write (9529,0.0)
Sep 16 2026 03:40:59 GMT: INFO (info): (ticker.c:169) NODE-ID bb9f1b2523a0d00 CLUSTER-SIZE 1 CLUSTER-NAME ycsb-default-20260916
Sep 16 2026 03:40:59 GMT: INFO (info): (ticker.c:241)    cluster-clock: skew-ms 0
Sep 16 2026 03:40:59 GMT: INFO (info): (ticker.c:265)    system: total-cpu-pct 379 user-cpu-pct 98 kernel-cpu-pct 281 free-mem-kbytes 122081072 free-mem-pct 92 thp-mem-kbytes 7213056 host-free-mem-kbytes 122081072 host-free-mem-pct 92
Sep 16 2026 03:40:59 GMT: INFO (info): (ticker.c:287)    process: cpu-pct 322 threads (9,61,113,113) heap-kbytes (7826267,7848236,8066560) heap-efficiency-pct 99.7
Sep 16 2026 03:40:59 GMT: INFO (info): (ticker.c:297)    in-progress: info-q 0 rw-hash 0 proxy-hash 0 tree-gc-q 0 long-queries 0
Sep 16 2026 03:40:59 GMT: INFO (info): (ticker.c:340)    fds: proto (512,10816,10304) heartbeat (0,0,0) fabric (0,0,0) admin (0,0,0)
Sep 16 2026 03:40:59 GMT: INFO (info): (ticker.c:352)    heartbeat-received: self 0 foreign 0
Sep 16 2026 03:40:59 GMT: INFO (info): (ticker.c:378)    fabric-bytes-per-second: bulk (0,0) ctrl (0,0) meta (0,0) rw (0,0)
Sep 16 2026 03:40:59 GMT: INFO (info): (ticker.c:426) {ycsb} objects: all 101136376 master 101136377 prole 0 non-replica 0
Sep 16 2026 03:40:59 GMT: INFO (info): (ticker.c:481) {ycsb} migrations: complete
Sep 16 2026 03:40:59 GMT: INFO (info): (ticker.c:506) {ycsb} index-usage: used-bytes 6472728064
Sep 16 2026 03:40:59 GMT: INFO (info): (ticker.c:559) {ycsb} data-usage: used-bytes 147254567824 avail-pct 83 cache-read-pct 0.00
Sep 16 2026 03:40:59 GMT: INFO (info): (ticker.c:618) {ycsb} client: tsvc (0,0) proxy (0,0,0) read (434140700,0,0,0,0) write (98886413,0,0,0) delete (0,0,0,0,0) udf (0,0,0,0) lang (0,0,0,0)
Sep 16 2026 03:40:59 GMT: INFO (info): (hist.c:319) histogram dump: {ycsb}-read (434140700 total) msec
Sep 16 2026 03:40:59 GMT: INFO (info): (hist.c:330)  (00: 0433654217) (01: 0000468322) (02: 0000017199) (03: 0000000652)
Sep 16 2026 03:40:59 GMT: INFO (info): (hist.c:339)  (04: 0000000043) (05: 0000000095) (06: 0000000172)
Sep 16 2026 03:40:59 GMT: INFO (info): (hist.c:319) histogram dump: {ycsb}-write (98886413 total) msec
Sep 16 2026 03:40:59 GMT: INFO (info): (hist.c:330)  (00: 0098834971) (01: 0000048363) (02: 0000003026) (03: 0000000051)
Sep 16 2026 03:40:59 GMT: INFO (info): (hist.c:339)  (05: 0000000001) (06: 0000000001)
Sep 16 2026 03:40:59 GMT: INFO (deprecation): (thr_info.c:888) (repeated:2560) 'services' info command is deprecated - use 'peers-clear-std' instead
Sep 16 2026 03:41:09 GMT: INFO (info): (ticker.c:169) NODE-ID bb9f1b2523a0d00 CLUSTER-SIZE 1 CLUSTER-NAME ycsb-default-20260916
Sep 16 2026 03:41:09 GMT: INFO (info): (ticker.c:241)    cluster-clock: skew-ms 0
Sep 16 2026 03:41:09 GMT: INFO (info): (ticker.c:265)    system: total-cpu-pct 377 user-cpu-pct 100 kernel-cpu-pct 277 free-mem-kbytes 122077236 free-mem-pct 92 thp-mem-kbytes 7213056 host-free-mem-kbytes 122077236 host-free-mem-pct 92
Sep 16 2026 03:41:09 GMT: INFO (info): (ticker.c:287)    process: cpu-pct 320 threads (9,61,113,113) heap-kbytes (7826258,7848236,8066560) heap-efficiency-pct 99.7
Sep 16 2026 03:41:09 GMT: INFO (info): (ticker.c:297)    in-progress: info-q 0 rw-hash 0 proxy-hash 0 tree-gc-q 0 long-queries 0
Sep 16 2026 03:41:09 GMT: INFO (info): (ticker.c:340)    fds: proto (512,10816,10304) heartbeat (0,0,0) fabric (0,0,0) admin (0,0,0)
Sep 16 2026 03:41:09 GMT: INFO (info): (ticker.c:352)    heartbeat-received: self 0 foreign 0
Sep 16 2026 03:41:09 GMT: INFO (info): (ticker.c:378)    fabric-bytes-per-second: bulk (0,0) ctrl (0,0) meta (0,0) rw (0,0)
Sep 16 2026 03:41:09 GMT: INFO (info): (ticker.c:426) {ycsb} objects: all 101186116 master 101186116 prole 0 non-replica 0
Sep 16 2026 03:41:09 GMT: INFO (info): (ticker.c:481) {ycsb} migrations: complete
Sep 16 2026 03:41:09 GMT: INFO (info): (ticker.c:506) {ycsb} index-usage: used-bytes 6475911424
Sep 16 2026 03:41:09 GMT: INFO (info): (ticker.c:559) {ycsb} data-usage: used-bytes 147326984896 avail-pct 83 cache-read-pct 0.00
Sep 16 2026 03:41:09 GMT: INFO (info): (ticker.c:618) {ycsb} client: tsvc (0,0) proxy (0,0,0) read (435091116,0,0,0,0) write (98936150,0,0,0) delete (0,0,0,0,0) udf (0,0,0,0) lang (0,0,0,0)
Sep 16 2026 03:41:09 GMT: INFO (info): (hist.c:319) histogram dump: {ycsb}-read (435091117 total) msec
Sep 16 2026 03:41:09 GMT: INFO (info): (hist.c:330)  (00: 0434604634) (01: 0000468322) (02: 0000017199) (03: 0000000652)
Sep 16 2026 03:41:09 GMT: INFO (info): (hist.c:339)  (04: 0000000043) (05: 0000000095) (06: 0000000172)
Sep 16 2026 03:41:09 GMT: INFO (info): (hist.c:319) histogram dump: {ycsb}-write (98936150 total) msec
Sep 16 2026 03:41:09 GMT: INFO (info): (hist.c:330)  (00: 0098884708) (01: 0000048363) (02: 0000003026) (03: 0000000051)
Sep 16 2026 03:41:09 GMT: INFO (info): (hist.c:339)  (05: 0000000001) (06: 0000000001)
Sep 16 2026 03:41:09 GMT: INFO (deprecation): (thr_info.c:888) (repeated:2560) 'services' info command is deprecated - use 'peers-clear-std' instead
Sep 16 2026 03:41:18 GMT: INFO (drv_ssd): (drv_ssd.c:2133) {ycsb} /dev/md127p3: used-bytes 147398283760 free-wblocks 109275 write-q 0 write (26710,0.9) defrag-q 0 defrag-read (22277,0.0) defrag-write (9529,0.0)
Sep 16 2026 03:41:19 GMT: INFO (info): (ticker.c:169) NODE-ID bb9f1b2523a0d00 CLUSTER-SIZE 1 CLUSTER-NAME ycsb-default-20260916
Sep 16 2026 03:41:19 GMT: INFO (info): (ticker.c:241)    cluster-clock: skew-ms 0
Sep 16 2026 03:41:19 GMT: INFO (info): (ticker.c:265)    system: total-cpu-pct 375 user-cpu-pct 98 kernel-cpu-pct 277 free-mem-kbytes 122070832 free-mem-pct 92 thp-mem-kbytes 7217152 host-free-mem-kbytes 122070832 host-free-mem-pct 92
Sep 16 2026 03:41:19 GMT: INFO (info): (ticker.c:287)    process: cpu-pct 320 threads (9,61,113,113) heap-kbytes (7826259,7848236,8066560) heap-efficiency-pct 99.7
Sep 16 2026 03:41:19 GMT: INFO (info): (ticker.c:297)    in-progress: info-q 0 rw-hash 0 proxy-hash 0 tree-gc-q 0 long-queries 0
Sep 16 2026 03:41:19 GMT: INFO (info): (ticker.c:340)    fds: proto (512,10816,10304) heartbeat (0,0,0) fabric (0,0,0) admin (0,0,0)
Sep 16 2026 03:41:19 GMT: INFO (info): (ticker.c:352)    heartbeat-received: self 0 foreign 0
Sep 16 2026 03:41:19 GMT: INFO (info): (ticker.c:378)    fabric-bytes-per-second: bulk (0,0) ctrl (0,0) meta (0,0) rw (0,0)
Sep 16 2026 03:41:19 GMT: INFO (info): (ticker.c:426) {ycsb} objects: all 101236169 master 101236169 prole 0 non-replica 0
Sep 16 2026 03:41:19 GMT: INFO (info): (ticker.c:481) {ycsb} migrations: complete
Sep 16 2026 03:41:19 GMT: INFO (info): (ticker.c:506) {ycsb} index-usage: used-bytes 6479114816
Sep 16 2026 03:41:19 GMT: INFO (info): (ticker.c:559) {ycsb} data-usage: used-bytes 147399863520 avail-pct 83 cache-read-pct 0.00
Sep 16 2026 03:41:19 GMT: INFO (info): (ticker.c:618) {ycsb} client: tsvc (0,0) proxy (0,0,0) read (436041224,0,0,0,0) write (98986204,0,0,0) delete (0,0,0,0,0) udf (0,0,0,0) lang (0,0,0,0)
Sep 16 2026 03:41:19 GMT: INFO (info): (hist.c:319) histogram dump: {ycsb}-read (436041224 total) msec
Sep 16 2026 03:41:19 GMT: INFO (info): (hist.c:330)  (00: 0435554741) (01: 0000468322) (02: 0000017199) (03: 0000000652)
Sep 16 2026 03:41:19 GMT: INFO (info): (hist.c:339)  (04: 0000000043) (05: 0000000095) (06: 0000000172)
Sep 16 2026 03:41:19 GMT: INFO (info): (hist.c:319) histogram dump: {ycsb}-write (98986204 total) msec
Sep 16 2026 03:41:19 GMT: INFO (info): (hist.c:330)  (00: 0098934762) (01: 0000048363) (02: 0000003026) (03: 0000000051)
Sep 16 2026 03:41:19 GMT: INFO (info): (hist.c:339)  (05: 0000000001) (06: 0000000001)
Sep 16 2026 03:41:19 GMT: INFO (deprecation): (thr_info.c:888) (repeated:2560) 'services' info command is deprecated - use 'peers-clear-std' instead
Sep 16 2026 03:41:29 GMT: INFO (info): (ticker.c:169) NODE-ID bb9f1b2523a0d00 CLUSTER-SIZE 1 CLUSTER-NAME ycsb-default-20260916
Sep 16 2026 03:41:29 GMT: INFO (info): (ticker.c:241)    cluster-clock: skew-ms 0
Sep 16 2026 03:41:29 GMT: INFO (info): (ticker.c:265)    system: total-cpu-pct 376 user-cpu-pct 100 kernel-cpu-pct 276 free-mem-kbytes 122063764 free-mem-pct 92 thp-mem-kbytes 7225344 host-free-mem-kbytes 122063764 host-free-mem-pct 92
Sep 16 2026 03:41:29 GMT: INFO (info): (ticker.c:287)    process: cpu-pct 321 threads (9,61,113,113) heap-kbytes (7826263,7848236,8066560) heap-efficiency-pct 99.7
Sep 16 2026 03:41:29 GMT: INFO (info): (ticker.c:297)    in-progress: info-q 0 rw-hash 0 proxy-hash 0 tree-gc-q 0 long-queries 0
Sep 16 2026 03:41:29 GMT: INFO (info): (ticker.c:340)    fds: proto (512,10816,10304) heartbeat (0,0,0) fabric (0,0,0) admin (0,0,0)
Sep 16 2026 03:41:29 GMT: INFO (info): (ticker.c:352)    heartbeat-received: self 0 foreign 0
Sep 16 2026 03:41:29 GMT: INFO (info): (ticker.c:378)    fabric-bytes-per-second: bulk (0,0) ctrl (0,0) meta (0,0) rw (0,0)
Sep 16 2026 03:41:29 GMT: INFO (info): (ticker.c:426) {ycsb} objects: all 101286266 master 101286266 prole 0 non-replica 0
Sep 16 2026 03:41:29 GMT: INFO (info): (ticker.c:481) {ycsb} migrations: complete
Sep 16 2026 03:41:29 GMT: INFO (info): (ticker.c:506) {ycsb} index-usage: used-bytes 6482321024
Sep 16 2026 03:41:29 GMT: INFO (info): (ticker.c:559) {ycsb} data-usage: used-bytes 147472803296 avail-pct 83 cache-read-pct 0.00
Sep 16 2026 03:41:29 GMT: INFO (info): (ticker.c:618) {ycsb} client: tsvc (0,0) proxy (0,0,0) read (436991289,0,0,0,0) write (99036300,0,0,0) delete (0,0,0,0,0) udf (0,0,0,0) lang (0,0,0,0)
Sep 16 2026 03:41:29 GMT: INFO (info): (hist.c:319) histogram dump: {ycsb}-read (436991289 total) msec
Sep 16 2026 03:41:29 GMT: INFO (info): (hist.c:330)  (00: 0436504806) (01: 0000468322) (02: 0000017199) (03: 0000000652)
Sep 16 2026 03:41:29 GMT: INFO (info): (hist.c:339)  (04: 0000000043) (05: 0000000095) (06: 0000000172)
Sep 16 2026 03:41:29 GMT: INFO (info): (hist.c:319) histogram dump: {ycsb}-write (99036300 total) msec
Sep 16 2026 03:41:29 GMT: INFO (info): (hist.c:330)  (00: 0098984858) (01: 0000048363) (02: 0000003026) (03: 0000000051)
Sep 16 2026 03:41:29 GMT: INFO (info): (hist.c:339)  (05: 0000000001) (06: 0000000001)
Sep 16 2026 03:41:29 GMT: INFO (deprecation): (thr_info.c:888) (repeated:2560) 'services' info command is deprecated - use 'peers-clear-std' instead
Sep 16 2026 03:41:38 GMT: INFO (drv_ssd): (drv_ssd.c:2133) {ycsb} /dev/md127p3: used-bytes 147544457424 free-wblocks 109258 write-q 0 write (26727,0.9) defrag-q 0 defrag-read (22277,0.0) defrag-write (9529,0.0)
Sep 16 2026 03:41:39 GMT: INFO (info): (ticker.c:169) NODE-ID bb9f1b2523a0d00 CLUSTER-SIZE 1 CLUSTER-NAME ycsb-default-20260916
Sep 16 2026 03:41:39 GMT: INFO (info): (ticker.c:241)    cluster-clock: skew-ms 0
Sep 16 2026 03:41:39 GMT: INFO (info): (ticker.c:265)    system: total-cpu-pct 374 user-cpu-pct 96 kernel-cpu-pct 278 free-mem-kbytes 122060204 free-mem-pct 92 thp-mem-kbytes 7227392 host-free-mem-kbytes 122060204 host-free-mem-pct 92
Sep 16 2026 03:41:39 GMT: INFO (info): (ticker.c:287)    process: cpu-pct 322 threads (9,61,113,113) heap-kbytes (7826262,7848248,8066560) heap-efficiency-pct 99.7
Sep 16 2026 03:41:39 GMT: INFO (info): (ticker.c:297)    in-progress: info-q 0 rw-hash 0 proxy-hash 0 tree-gc-q 0 long-queries 0
Sep 16 2026 03:41:39 GMT: INFO (info): (ticker.c:340)    fds: proto (512,10816,10304) heartbeat (0,0,0) fabric (0,0,0) admin (0,0,0)
Sep 16 2026 03:41:39 GMT: INFO (info): (ticker.c:352)    heartbeat-received: self 0 foreign 0
Sep 16 2026 03:41:39 GMT: INFO (info): (ticker.c:378)    fabric-bytes-per-second: bulk (0,0) ctrl (0,0) meta (0,0) rw (0,0)
Sep 16 2026 03:41:39 GMT: INFO (info): (ticker.c:426) {ycsb} objects: all 101336654 master 101336654 prole 0 non-replica 0
Sep 16 2026 03:41:39 GMT: INFO (info): (ticker.c:481) {ycsb} migrations: complete
Sep 16 2026 03:41:39 GMT: INFO (info): (ticker.c:506) {ycsb} index-usage: used-bytes 6485545856
Sep 16 2026 03:41:39 GMT: INFO (info): (ticker.c:559) {ycsb} data-usage: used-bytes 147546168224 avail-pct 83 cache-read-pct 0.00
Sep 16 2026 03:41:39 GMT: INFO (info): (ticker.c:618) {ycsb} client: tsvc (0,0) proxy (0,0,0) read (437941048,0,0,0,0) write (99086688,0,0,0) delete (0,0,0,0,0) udf (0,0,0,0) lang (0,0,0,0)
Sep 16 2026 03:41:39 GMT: INFO (info): (hist.c:319) histogram dump: {ycsb}-read (437941048 total) msec
Sep 16 2026 03:41:39 GMT: INFO (info): (hist.c:330)  (00: 0437454565) (01: 0000468322) (02: 0000017199) (03: 0000000652)
Sep 16 2026 03:41:39 GMT: INFO (info): (hist.c:339)  (04: 0000000043) (05: 0000000095) (06: 0000000172)
Sep 16 2026 03:41:39 GMT: INFO (info): (hist.c:319) histogram dump: {ycsb}-write (99086688 total) msec
Sep 16 2026 03:41:39 GMT: INFO (info): (hist.c:330)  (00: 0099035246) (01: 0000048363) (02: 0000003026) (03: 0000000051)
Sep 16 2026 03:41:39 GMT: INFO (info): (hist.c:339)  (05: 0000000001) (06: 0000000001)
Sep 16 2026 03:41:39 GMT: INFO (deprecation): (thr_info.c:888) (repeated:2560) 'services' info command is deprecated - use 'peers-clear-std' instead
Sep 16 2026 03:41:49 GMT: INFO (info): (ticker.c:169) NODE-ID bb9f1b2523a0d00 CLUSTER-SIZE 1 CLUSTER-NAME ycsb-default-20260916
Sep 16 2026 03:41:49 GMT: INFO (info): (ticker.c:241)    cluster-clock: skew-ms 0
Sep 16 2026 03:41:49 GMT: INFO (info): (ticker.c:265)    system: total-cpu-pct 367 user-cpu-pct 95 kernel-cpu-pct 272 free-mem-kbytes 122056664 free-mem-pct 92 thp-mem-kbytes 7229440 host-free-mem-kbytes 122056664 host-free-mem-pct 92
Sep 16 2026 03:41:49 GMT: INFO (info): (ticker.c:287)    process: cpu-pct 323 threads (9,61,113,113) heap-kbytes (7826271,7848236,8066560) heap-efficiency-pct 99.7
Sep 16 2026 03:41:49 GMT: INFO (info): (ticker.c:297)    in-progress: info-q 0 rw-hash 0 proxy-hash 0 tree-gc-q 0 long-queries 0
Sep 16 2026 03:41:49 GMT: INFO (info): (ticker.c:340)    fds: proto (512,10816,10304) heartbeat (0,0,0) fabric (0,0,0) admin (0,0,0)
Sep 16 2026 03:41:49 GMT: INFO (info): (ticker.c:352)    heartbeat-received: self 0 foreign 0
Sep 16 2026 03:41:49 GMT: INFO (info): (ticker.c:378)    fabric-bytes-per-second: bulk (0,0) ctrl (0,0) meta (0,0) rw (0,0)
Sep 16 2026 03:41:49 GMT: INFO (info): (ticker.c:426) {ycsb} objects: all 101386596 master 101386597 prole 0 non-replica 0
Sep 16 2026 03:41:49 GMT: INFO (info): (ticker.c:481) {ycsb} migrations: complete
Sep 16 2026 03:41:49 GMT: INFO (info): (ticker.c:506) {ycsb} index-usage: used-bytes 6488742144
Sep 16 2026 03:41:49 GMT: INFO (info): (ticker.c:559) {ycsb} data-usage: used-bytes 147618885232 avail-pct 83 cache-read-pct 0.00
Sep 16 2026 03:41:49 GMT: INFO (info): (ticker.c:618) {ycsb} client: tsvc (0,0) proxy (0,0,0) read (438891261,0,0,0,0) write (99136631,0,0,0) delete (0,0,0,0,0) udf (0,0,0,0) lang (0,0,0,0)
Sep 16 2026 03:41:49 GMT: INFO (info): (hist.c:319) histogram dump: {ycsb}-read (438891261 total) msec
Sep 16 2026 03:41:49 GMT: INFO (info): (hist.c:330)  (00: 0438404778) (01: 0000468322) (02: 0000017199) (03: 0000000652)
Sep 16 2026 03:41:49 GMT: INFO (info): (hist.c:339)  (04: 0000000043) (05: 0000000095) (06: 0000000172)
Sep 16 2026 03:41:49 GMT: INFO (info): (hist.c:319) histogram dump: {ycsb}-write (99136631 total) msec
Sep 16 2026 03:41:49 GMT: INFO (info): (hist.c:330)  (00: 0099085189) (01: 0000048363) (02: 0000003026) (03: 0000000051)
Sep 16 2026 03:41:49 GMT: INFO (info): (hist.c:339)  (05: 0000000001) (06: 0000000001)
Sep 16 2026 03:41:49 GMT: INFO (deprecation): (thr_info.c:888) (repeated:2560) 'services' info command is deprecated - use 'peers-clear-std' instead
Sep 16 2026 03:41:58 GMT: INFO (drv_ssd): (drv_ssd.c:2133) {ycsb} /dev/md127p3: used-bytes 147690050144 free-wblocks 109240 write-q 0 write (26745,0.9) defrag-q 0 defrag-read (22277,0.0) defrag-write (9529,0.0)
Sep 16 2026 03:41:59 GMT: INFO (info): (ticker.c:169) NODE-ID bb9f1b2523a0d00 CLUSTER-SIZE 1 CLUSTER-NAME ycsb-default-20260916
Sep 16 2026 03:41:59 GMT: INFO (info): (ticker.c:241)    cluster-clock: skew-ms 0
Sep 16 2026 03:41:59 GMT: INFO (info): (ticker.c:265)    system: total-cpu-pct 371 user-cpu-pct 97 kernel-cpu-pct 274 free-mem-kbytes 122055956 free-mem-pct 92 thp-mem-kbytes 7231488 host-free-mem-kbytes 122055956 host-free-mem-pct 92
Sep 16 2026 03:41:59 GMT: INFO (info): (ticker.c:287)    process: cpu-pct 321 threads (9,61,113,113) heap-kbytes (7826265,7848236,8066560) heap-efficiency-pct 99.7
Sep 16 2026 03:41:59 GMT: INFO (info): (ticker.c:297)    in-progress: info-q 0 rw-hash 0 proxy-hash 0 tree-gc-q 0 long-queries 0
Sep 16 2026 03:41:59 GMT: INFO (info): (ticker.c:340)    fds: proto (512,10816,10304) heartbeat (0,0,0) fabric (0,0,0) admin (0,0,0)
Sep 16 2026 03:41:59 GMT: INFO (info): (ticker.c:352)    heartbeat-received: self 0 foreign 0
Sep 16 2026 03:41:59 GMT: INFO (info): (ticker.c:378)    fabric-bytes-per-second: bulk (0,0) ctrl (0,0) meta (0,0) rw (0,0)
Sep 16 2026 03:41:59 GMT: INFO (info): (ticker.c:426) {ycsb} objects: all 101436593 master 101436594 prole 0 non-replica 0
Sep 16 2026 03:41:59 GMT: INFO (info): (ticker.c:481) {ycsb} migrations: complete
Sep 16 2026 03:41:59 GMT: INFO (info): (ticker.c:506) {ycsb} index-usage: used-bytes 6491941952
Sep 16 2026 03:41:59 GMT: INFO (info): (ticker.c:559) {ycsb} data-usage: used-bytes 147691680864 avail-pct 83 cache-read-pct 0.00
Sep 16 2026 03:41:59 GMT: INFO (info): (ticker.c:618) {ycsb} client: tsvc (0,0) proxy (0,0,0) read (439841418,0,0,0,0) write (99186628,0,0,0) delete (0,0,0,0,0) udf (0,0,0,0) lang (0,0,0,0)
Sep 16 2026 03:41:59 GMT: INFO (info): (hist.c:319) histogram dump: {ycsb}-read (439841419 total) msec
Sep 16 2026 03:41:59 GMT: INFO (info): (hist.c:330)  (00: 0439354936) (01: 0000468322) (02: 0000017199) (03: 0000000652)
Sep 16 2026 03:41:59 GMT: INFO (info): (hist.c:339)  (04: 0000000043) (05: 0000000095) (06: 0000000172)
Sep 16 2026 03:41:59 GMT: INFO (info): (hist.c:319) histogram dump: {ycsb}-write (99186628 total) msec
Sep 16 2026 03:41:59 GMT: INFO (info): (hist.c:330)  (00: 0099135186) (01: 0000048363) (02: 0000003026) (03: 0000000051)
Sep 16 2026 03:41:59 GMT: INFO (info): (hist.c:339)  (05: 0000000001) (06: 0000000001)
Sep 16 2026 03:41:59 GMT: INFO (deprecation): (thr_info.c:888) (repeated:2560) 'services' info command is deprecated - use 'peers-clear-std' instead
Sep 16 2026 03:42:09 GMT: INFO (info): (ticker.c:169) NODE-ID bb9f1b2523a0d00 CLUSTER-SIZE 1 CLUSTER-NAME ycsb-default-20260916
Sep 16 2026 03:42:09 GMT: INFO (info): (ticker.c:241)    cluster-clock: skew-ms 0
Sep 16 2026 03:42:09 GMT: INFO (info): (ticker.c:265)    system: total-cpu-pct 377 user-cpu-pct 98 kernel-cpu-pct 279 free-mem-kbytes 122051864 free-mem-pct 92 thp-mem-kbytes 7233536 host-free-mem-kbytes 122051864 host-free-mem-pct 92
Sep 16 2026 03:42:09 GMT: INFO (info): (ticker.c:287)    process: cpu-pct 322 threads (9,61,113,113) heap-kbytes (7826264,7848236,8066560) heap-efficiency-pct 99.7
Sep 16 2026 03:42:09 GMT: INFO (info): (ticker.c:297)    in-progress: info-q 0 rw-hash 0 proxy-hash 0 tree-gc-q 0 long-queries 0
Sep 16 2026 03:42:09 GMT: INFO (info): (ticker.c:340)    fds: proto (512,10816,10304) heartbeat (0,0,0) fabric (0,0,0) admin (0,0,0)
Sep 16 2026 03:42:09 GMT: INFO (info): (ticker.c:352)    heartbeat-received: self 0 foreign 0
Sep 16 2026 03:42:09 GMT: INFO (info): (ticker.c:378)    fabric-bytes-per-second: bulk (0,0) ctrl (0,0) meta (0,0) rw (0,0)
Sep 16 2026 03:42:09 GMT: INFO (info): (ticker.c:426) {ycsb} objects: all 101486849 master 101486849 prole 0 non-replica 0
Sep 16 2026 03:42:09 GMT: INFO (info): (ticker.c:481) {ycsb} migrations: complete
Sep 16 2026 03:42:09 GMT: INFO (info): (ticker.c:506) {ycsb} index-usage: used-bytes 6495158336
Sep 16 2026 03:42:09 GMT: INFO (info): (ticker.c:559) {ycsb} data-usage: used-bytes 147764852144 avail-pct 83 cache-read-pct 0.00
Sep 16 2026 03:42:09 GMT: INFO (info): (ticker.c:618) {ycsb} client: tsvc (0,0) proxy (0,0,0) read (440791325,0,0,0,0) write (99236883,0,0,0) delete (0,0,0,0,0) udf (0,0,0,0) lang (0,0,0,0)
Sep 16 2026 03:42:09 GMT: INFO (info): (hist.c:319) histogram dump: {ycsb}-read (440791325 total) msec
Sep 16 2026 03:42:09 GMT: INFO (info): (hist.c:330)  (00: 0440304842) (01: 0000468322) (02: 0000017199) (03: 0000000652)
Sep 16 2026 03:42:09 GMT: INFO (info): (hist.c:339)  (04: 0000000043) (05: 0000000095) (06: 0000000172)
Sep 16 2026 03:42:09 GMT: INFO (info): (hist.c:319) histogram dump: {ycsb}-write (99236883 total) msec
Sep 16 2026 03:42:09 GMT: INFO (info): (hist.c:330)  (00: 0099185441) (01: 0000048363) (02: 0000003026) (03: 0000000051)
Sep 16 2026 03:42:09 GMT: INFO (info): (hist.c:339)  (05: 0000000001) (06: 0000000001)
Sep 16 2026 03:42:09 GMT: INFO (deprecation): (thr_info.c:888) (repeated:2560) 'services' info command is deprecated - use 'peers-clear-std' instead
Sep 16 2026 03:42:18 GMT: INFO (drv_ssd): (drv_ssd.c:2133) {ycsb} /dev/md127p3: used-bytes 147835964640 free-wblocks 109223 write-q 0 write (26762,0.9) defrag-q 0 defrag-read (22277,0.0) defrag-write (9529,0.0)
Sep 16 2026 03:42:19 GMT: INFO (info): (ticker.c:169) NODE-ID bb9f1b2523a0d00 CLUSTER-SIZE 1 CLUSTER-NAME ycsb-default-20260916
Sep 16 2026 03:42:19 GMT: INFO (info): (ticker.c:241)    cluster-clock: skew-ms 0
Sep 16 2026 03:42:19 GMT: INFO (info): (ticker.c:265)    system: total-cpu-pct 379 user-cpu-pct 99 kernel-cpu-pct 280 free-mem-kbytes 122051812 free-mem-pct 92 thp-mem-kbytes 7237632 host-free-mem-kbytes 122051812 host-free-mem-pct 92
Sep 16 2026 03:42:19 GMT: INFO (info): (ticker.c:287)    process: cpu-pct 321 threads (9,61,113,113) heap-kbytes (7826262,7848236,8066560) heap-efficiency-pct 99.7
Sep 16 2026 03:42:19 GMT: INFO (info): (ticker.c:297)    in-progress: info-q 0 rw-hash 0 proxy-hash 0 tree-gc-q 0 long-queries 0
Sep 16 2026 03:42:19 GMT: INFO (info): (ticker.c:340)    fds: proto (512,10816,10304) heartbeat (0,0,0) fabric (0,0,0) admin (0,0,0)
Sep 16 2026 03:42:19 GMT: INFO (info): (ticker.c:352)    heartbeat-received: self 0 foreign 0
Sep 16 2026 03:42:19 GMT: INFO (info): (ticker.c:378)    fabric-bytes-per-second: bulk (0,0) ctrl (0,0) meta (0,0) rw (0,0)
Sep 16 2026 03:42:19 GMT: INFO (info): (ticker.c:426) {ycsb} objects: all 101536835 master 101536837 prole 0 non-replica 0
Sep 16 2026 03:42:19 GMT: INFO (info): (ticker.c:481) {ycsb} migrations: complete
Sep 16 2026 03:42:19 GMT: INFO (info): (ticker.c:506) {ycsb} index-usage: used-bytes 6498357440
Sep 16 2026 03:42:19 GMT: INFO (info): (ticker.c:559) {ycsb} data-usage: used-bytes 147837636128 avail-pct 83 cache-read-pct 0.00
Sep 16 2026 03:42:19 GMT: INFO (info): (ticker.c:618) {ycsb} client: tsvc (0,0) proxy (0,0,0) read (441741490,0,0,0,0) write (99286872,0,0,0) delete (0,0,0,0,0) udf (0,0,0,0) lang (0,0,0,0)
Sep 16 2026 03:42:19 GMT: INFO (info): (hist.c:319) histogram dump: {ycsb}-read (441741491 total) msec
Sep 16 2026 03:42:19 GMT: INFO (info): (hist.c:330)  (00: 0441255008) (01: 0000468322) (02: 0000017199) (03: 0000000652)
Sep 16 2026 03:42:19 GMT: INFO (info): (hist.c:339)  (04: 0000000043) (05: 0000000095) (06: 0000000172)
Sep 16 2026 03:42:19 GMT: INFO (info): (hist.c:319) histogram dump: {ycsb}-write (99286872 total) msec
Sep 16 2026 03:42:19 GMT: INFO (info): (hist.c:330)  (00: 0099235430) (01: 0000048363) (02: 0000003026) (03: 0000000051)
Sep 16 2026 03:42:19 GMT: INFO (info): (hist.c:339)  (05: 0000000001) (06: 0000000001)
Sep 16 2026 03:42:19 GMT: INFO (deprecation): (thr_info.c:888) (repeated:2560) 'services' info command is deprecated - use 'peers-clear-std' instead
Sep 16 2026 03:42:25 GMT: INFO (deprecation): (thr_info.c:888) 'features' info command is deprecated - see https://aerospike.com/docs/database/release/8-1/
Sep 16 2026 03:42:25 GMT: INFO (deprecation): (thr_info.c:888) 'replicas-master' info command is deprecated - use 'replicas' instead or upgrade your client
Sep 16 2026 03:42:29 GMT: INFO (info): (ticker.c:169) NODE-ID bb9f1b2523a0d00 CLUSTER-SIZE 1 CLUSTER-NAME ycsb-default-20260916
Sep 16 2026 03:42:29 GMT: INFO (info): (ticker.c:241)    cluster-clock: skew-ms 0
Sep 16 2026 03:42:29 GMT: INFO (info): (ticker.c:265)    system: total-cpu-pct 410 user-cpu-pct 129 kernel-cpu-pct 281 free-mem-kbytes 121953036 free-mem-pct 92 thp-mem-kbytes 7241728 host-free-mem-kbytes 121953036 host-free-mem-pct 92
Sep 16 2026 03:42:29 GMT: INFO (info): (ticker.c:287)    process: cpu-pct 407 threads (9,61,113,113) heap-kbytes (7826123,7848124,8066560) heap-efficiency-pct 99.7
Sep 16 2026 03:42:29 GMT: INFO (info): (ticker.c:297)    in-progress: info-q 0 rw-hash 0 proxy-hash 0 tree-gc-q 0 long-queries 0
Sep 16 2026 03:42:29 GMT: INFO (info): (ticker.c:340)    fds: proto (0,11591,11591) heartbeat (0,0,0) fabric (0,0,0) admin (0,0,0)
Sep 16 2026 03:42:29 GMT: INFO (info): (ticker.c:352)    heartbeat-received: self 0 foreign 0
Sep 16 2026 03:42:29 GMT: INFO (info): (ticker.c:378)    fabric-bytes-per-second: bulk (0,0) ctrl (0,0) meta (0,0) rw (0,0)
Sep 16 2026 03:42:29 GMT: INFO (info): (ticker.c:426) {ycsb} objects: all 101598029 master 101598029 prole 0 non-replica 0
Sep 16 2026 03:42:29 GMT: INFO (info): (ticker.c:481) {ycsb} migrations: complete
Sep 16 2026 03:42:29 GMT: INFO (info): (ticker.c:506) {ycsb} index-usage: used-bytes 6502273856
Sep 16 2026 03:42:29 GMT: INFO (info): (ticker.c:559) {ycsb} data-usage: used-bytes 147926730224 avail-pct 83 cache-read-pct 0.00
Sep 16 2026 03:42:29 GMT: INFO (info): (ticker.c:618) {ycsb} client: tsvc (0,0) proxy (0,0,0) read (442909461,0,0,0,0) write (99348063,0,0,0) delete (0,0,0,0,0) udf (0,0,0,0) lang (0,0,0,0)
Sep 16 2026 03:42:29 GMT: INFO (info): (hist.c:319) histogram dump: {ycsb}-read (442909461 total) msec
Sep 16 2026 03:42:29 GMT: INFO (info): (hist.c:330)  (00: 0442422782) (01: 0000468518) (02: 0000017199) (03: 0000000652)
Sep 16 2026 03:42:29 GMT: INFO (info): (hist.c:339)  (04: 0000000043) (05: 0000000095) (06: 0000000172)
Sep 16 2026 03:42:29 GMT: INFO (info): (hist.c:319) histogram dump: {ycsb}-write (99348063 total) msec
Sep 16 2026 03:42:29 GMT: INFO (info): (hist.c:330)  (00: 0099296618) (01: 0000048366) (02: 0000003026) (03: 0000000051)
Sep 16 2026 03:42:29 GMT: INFO (info): (hist.c:339)  (05: 0000000001) (06: 0000000001)
Sep 16 2026 03:42:29 GMT: INFO (deprecation): (thr_info.c:888) (repeated:1792) 'services' info command is deprecated - use 'peers-clear-std' instead
Sep 16 2026 03:42:29 GMT: INFO (deprecation): (thr_info.c:888) (repeated:256) 'replicas-master' info command is deprecated - use 'replicas' instead or upgrade your client
Sep 16 2026 03:42:29 GMT: INFO (deprecation): (thr_info.c:888) (repeated:256) 'features' info command is deprecated - see https://aerospike.com/docs/database/release/8-1/
Sep 16 2026 03:42:38 GMT: INFO (drv_ssd): (drv_ssd.c:2133) {ycsb} /dev/md127p3: used-bytes 148137835664 free-wblocks 109187 write-q 0 write (26798,1.8) defrag-q 0 defrag-read (22277,0.0) defrag-write (9529,0.0)
Sep 16 2026 03:42:39 GMT: INFO (info): (ticker.c:169) NODE-ID bb9f1b2523a0d00 CLUSTER-SIZE 1 CLUSTER-NAME ycsb-default-20260916
Sep 16 2026 03:42:39 GMT: INFO (info): (ticker.c:241)    cluster-clock: skew-ms 0
Sep 16 2026 03:42:39 GMT: INFO (info): (ticker.c:265)    system: total-cpu-pct 964 user-cpu-pct 252 kernel-cpu-pct 712 free-mem-kbytes 121994452 free-mem-pct 92 thp-mem-kbytes 7256064 host-free-mem-kbytes 121994452 host-free-mem-pct 92
Sep 16 2026 03:42:39 GMT: INFO (info): (ticker.c:287)    process: cpu-pct 963 threads (9,61,113,113) heap-kbytes (7826225,7848276,8066560) heap-efficiency-pct 99.7
Sep 16 2026 03:42:39 GMT: INFO (info): (ticker.c:297)    in-progress: info-q 0 rw-hash 1 proxy-hash 0 tree-gc-q 0 long-queries 0
Sep 16 2026 03:42:39 GMT: INFO (info): (ticker.c:340)    fds: proto (512,12364,11852) heartbeat (0,0,0) fabric (0,0,0) admin (0,0,0)
Sep 16 2026 03:42:39 GMT: INFO (info): (ticker.c:352)    heartbeat-received: self 0 foreign 0
Sep 16 2026 03:42:39 GMT: INFO (info): (ticker.c:378)    fabric-bytes-per-second: bulk (0,0) ctrl (0,0) meta (0,0) rw (0,0)
Sep 16 2026 03:42:39 GMT: INFO (info): (ticker.c:426) {ycsb} objects: all 101748288 master 101748289 prole 0 non-replica 0
Sep 16 2026 03:42:39 GMT: INFO (info): (ticker.c:481) {ycsb} migrations: complete
Sep 16 2026 03:42:39 GMT: INFO (info): (ticker.c:506) {ycsb} index-usage: used-bytes 6511890432
Sep 16 2026 03:42:39 GMT: INFO (info): (ticker.c:559) {ycsb} data-usage: used-bytes 148145511696 avail-pct 83 cache-read-pct 0.00
Sep 16 2026 03:42:39 GMT: INFO (info): (ticker.c:618) {ycsb} client: tsvc (0,0) proxy (0,0,0) read (445784097,0,0,0,0) write (99498325,0,0,0) delete (0,0,0,0,0) udf (0,0,0,0) lang (0,0,0,0)
Sep 16 2026 03:42:39 GMT: INFO (info): (hist.c:319) histogram dump: {ycsb}-read (445784133 total) msec
Sep 16 2026 03:42:39 GMT: INFO (info): (hist.c:330)  (00: 0445295701) (01: 0000470253) (02: 0000017209) (03: 0000000660)
Sep 16 2026 03:42:39 GMT: INFO (info): (hist.c:339)  (04: 0000000043) (05: 0000000095) (06: 0000000172)
Sep 16 2026 03:42:39 GMT: INFO (info): (hist.c:319) histogram dump: {ycsb}-write (99498330 total) msec
Sep 16 2026 03:42:39 GMT: INFO (info): (hist.c:330)  (00: 0099446864) (01: 0000048387) (02: 0000003026) (03: 0000000051)
Sep 16 2026 03:42:39 GMT: INFO (info): (hist.c:339)  (05: 0000000001) (06: 0000000001)
Sep 16 2026 03:42:39 GMT: INFO (deprecation): (thr_info.c:888) (repeated:2304) 'services' info command is deprecated - use 'peers-clear-std' instead
Sep 16 2026 03:42:39 GMT: INFO (deprecation): (thr_info.c:888) (repeated:256) 'replicas-master' info command is deprecated - use 'replicas' instead or upgrade your client
Sep 16 2026 03:42:39 GMT: INFO (deprecation): (thr_info.c:888) (repeated:256) 'features' info command is deprecated - see https://aerospike.com/docs/database/release/8-1/
Sep 16 2026 03:42:49 GMT: INFO (info): (ticker.c:169) NODE-ID bb9f1b2523a0d00 CLUSTER-SIZE 1 CLUSTER-NAME ycsb-default-20260916
Sep 16 2026 03:42:49 GMT: INFO (info): (ticker.c:241)    cluster-clock: skew-ms 0
Sep 16 2026 03:42:49 GMT: INFO (info): (ticker.c:265)    system: total-cpu-pct 1584 user-cpu-pct 377 kernel-cpu-pct 1207 free-mem-kbytes 122011688 free-mem-pct 92 thp-mem-kbytes 7266304 host-free-mem-kbytes 122011688 host-free-mem-pct 92
Sep 16 2026 03:42:49 GMT: INFO (info): (ticker.c:287)    process: cpu-pct 1401 threads (9,61,113,113) heap-kbytes (7826223,7848276,8066560) heap-efficiency-pct 99.7
Sep 16 2026 03:42:49 GMT: INFO (info): (ticker.c:297)    in-progress: info-q 0 rw-hash 0 proxy-hash 0 tree-gc-q 0 long-queries 0
Sep 16 2026 03:42:49 GMT: INFO (info): (ticker.c:340)    fds: proto (512,12364,11852) heartbeat (0,0,0) fabric (0,0,0) admin (0,0,0)
Sep 16 2026 03:42:49 GMT: INFO (info): (ticker.c:352)    heartbeat-received: self 0 foreign 0
Sep 16 2026 03:42:49 GMT: INFO (info): (ticker.c:378)    fabric-bytes-per-second: bulk (0,0) ctrl (0,0) meta (0,0) rw (0,0)
Sep 16 2026 03:42:49 GMT: INFO (info): (ticker.c:426) {ycsb} objects: all 101972904 master 101972904 prole 0 non-replica 0
Sep 16 2026 03:42:49 GMT: INFO (info): (ticker.c:481) {ycsb} migrations: complete
Sep 16 2026 03:42:49 GMT: INFO (info): (ticker.c:506) {ycsb} index-usage: used-bytes 6526265856
Sep 16 2026 03:42:49 GMT: INFO (info): (ticker.c:559) {ycsb} data-usage: used-bytes 148472551136 avail-pct 83 cache-read-pct 0.00
Sep 16 2026 03:42:49 GMT: INFO (info): (ticker.c:618) {ycsb} client: tsvc (0,0) proxy (0,0,0) read (450061695,0,0,0,0) write (99722939,0,0,0) delete (0,0,0,0,0) udf (0,0,0,0) lang (0,0,0,0)
Sep 16 2026 03:42:49 GMT: INFO (info): (hist.c:319) histogram dump: {ycsb}-read (450061696 total) msec
Sep 16 2026 03:42:49 GMT: INFO (info): (hist.c:330)  (00: 0449568884) (01: 0000474630) (02: 0000017212) (03: 0000000660)
Sep 16 2026 03:42:49 GMT: INFO (info): (hist.c:339)  (04: 0000000043) (05: 0000000095) (06: 0000000172)
Sep 16 2026 03:42:49 GMT: INFO (info): (hist.c:319) histogram dump: {ycsb}-write (99722939 total) msec
Sep 16 2026 03:42:49 GMT: INFO (info): (hist.c:330)  (00: 0099671419) (01: 0000048441) (02: 0000003026) (03: 0000000051)
Sep 16 2026 03:42:49 GMT: INFO (info): (hist.c:339)  (05: 0000000001) (06: 0000000001)
Sep 16 2026 03:42:49 GMT: INFO (deprecation): (thr_info.c:888) (repeated:2560) 'services' info command is deprecated - use 'peers-clear-std' instead
Sep 16 2026 03:42:59 GMT: INFO (drv_ssd): (drv_ssd.c:2133) {ycsb} /dev/md127p3: used-bytes 148790448352 free-wblocks 109109 write-q 0 write (26876,3.9) defrag-q 0 defrag-read (22277,0.0) defrag-write (9529,0.0)
Sep 16 2026 03:42:59 GMT: INFO (info): (ticker.c:169) NODE-ID bb9f1b2523a0d00 CLUSTER-SIZE 1 CLUSTER-NAME ycsb-default-20260916
Sep 16 2026 03:42:59 GMT: INFO (info): (ticker.c:241)    cluster-clock: skew-ms 0
Sep 16 2026 03:42:59 GMT: INFO (info): (ticker.c:265)    system: total-cpu-pct 1581 user-cpu-pct 381 kernel-cpu-pct 1200 free-mem-kbytes 121997800 free-mem-pct 92 thp-mem-kbytes 7280640 host-free-mem-kbytes 121997800 host-free-mem-pct 92
Sep 16 2026 03:42:59 GMT: INFO (info): (ticker.c:287)    process: cpu-pct 1392 threads (9,61,113,113) heap-kbytes (7826229,7848276,8066560) heap-efficiency-pct 99.7
Sep 16 2026 03:42:59 GMT: INFO (info): (ticker.c:297)    in-progress: info-q 0 rw-hash 1 proxy-hash 0 tree-gc-q 0 long-queries 0
Sep 16 2026 03:42:59 GMT: INFO (info): (ticker.c:340)    fds: proto (512,12364,11852) heartbeat (0,0,0) fabric (0,0,0) admin (0,0,0)
Sep 16 2026 03:42:59 GMT: INFO (info): (ticker.c:352)    heartbeat-received: self 0 foreign 0
Sep 16 2026 03:42:59 GMT: INFO (info): (ticker.c:378)    fabric-bytes-per-second: bulk (0,0) ctrl (0,0) meta (0,0) rw (0,0)
Sep 16 2026 03:42:59 GMT: INFO (info): (ticker.c:426) {ycsb} objects: all 102196593 master 102196594 prole 0 non-replica 0
Sep 16 2026 03:42:59 GMT: INFO (info): (ticker.c:481) {ycsb} migrations: complete
Sep 16 2026 03:42:59 GMT: INFO (info): (ticker.c:506) {ycsb} index-usage: used-bytes 6540581952
Sep 16 2026 03:42:59 GMT: INFO (info): (ticker.c:559) {ycsb} data-usage: used-bytes 148798242320 avail-pct 83 cache-read-pct 0.00
Sep 16 2026 03:42:59 GMT: INFO (info): (ticker.c:618) {ycsb} client: tsvc (0,0) proxy (0,0,0) read (454321204,0,0,0,0) write (99946628,0,0,0) delete (0,0,0,0,0) udf (0,0,0,0) lang (0,0,0,0)
Sep 16 2026 03:42:59 GMT: INFO (info): (hist.c:319) histogram dump: {ycsb}-read (454321211 total) msec
Sep 16 2026 03:42:59 GMT: INFO (info): (hist.c:330)  (00: 0453823217) (01: 0000479804) (02: 0000017217) (03: 0000000663)
Sep 16 2026 03:42:59 GMT: INFO (info): (hist.c:339)  (04: 0000000043) (05: 0000000095) (06: 0000000172)
Sep 16 2026 03:42:59 GMT: INFO (info): (hist.c:319) histogram dump: {ycsb}-write (99946628 total) msec
Sep 16 2026 03:42:59 GMT: INFO (info): (hist.c:330)  (00: 0099895047) (01: 0000048502) (02: 0000003026) (03: 0000000051)
Sep 16 2026 03:42:59 GMT: INFO (info): (hist.c:339)  (05: 0000000001) (06: 0000000001)
Sep 16 2026 03:42:59 GMT: INFO (deprecation): (thr_info.c:888) (repeated:2560) 'services' info command is deprecated - use 'peers-clear-std' instead
Sep 16 2026 03:43:09 GMT: INFO (info): (ticker.c:169) NODE-ID bb9f1b2523a0d00 CLUSTER-SIZE 1 CLUSTER-NAME ycsb-default-20260916
Sep 16 2026 03:43:09 GMT: INFO (info): (ticker.c:241)    cluster-clock: skew-ms 0
Sep 16 2026 03:43:09 GMT: INFO (info): (ticker.c:265)    system: total-cpu-pct 1583 user-cpu-pct 377 kernel-cpu-pct 1206 free-mem-kbytes 121989528 free-mem-pct 92 thp-mem-kbytes 7292928 host-free-mem-kbytes 121989528 host-free-mem-pct 92
Sep 16 2026 03:43:09 GMT: INFO (info): (ticker.c:287)    process: cpu-pct 1391 threads (9,61,113,113) heap-kbytes (7826224,7848276,8066560) heap-efficiency-pct 99.7
Sep 16 2026 03:43:09 GMT: INFO (info): (ticker.c:297)    in-progress: info-q 0 rw-hash 0 proxy-hash 0 tree-gc-q 0 long-queries 0
Sep 16 2026 03:43:09 GMT: INFO (info): (ticker.c:340)    fds: proto (512,12364,11852) heartbeat (0,0,0) fabric (0,0,0) admin (0,0,0)
Sep 16 2026 03:43:09 GMT: INFO (info): (ticker.c:352)    heartbeat-received: self 0 foreign 0
Sep 16 2026 03:43:09 GMT: INFO (info): (ticker.c:378)    fabric-bytes-per-second: bulk (0,0) ctrl (0,0) meta (0,0) rw (0,0)
Sep 16 2026 03:43:09 GMT: INFO (info): (ticker.c:426) {ycsb} objects: all 102421085 master 102421089 prole 0 non-replica 0
Sep 16 2026 03:43:09 GMT: INFO (info): (ticker.c:481) {ycsb} migrations: complete
Sep 16 2026 03:43:09 GMT: INFO (info): (ticker.c:506) {ycsb} index-usage: used-bytes 6554949440
Sep 16 2026 03:43:09 GMT: INFO (info): (ticker.c:559) {ycsb} data-usage: used-bytes 149125112864 avail-pct 83 cache-read-pct 0.00
Sep 16 2026 03:43:09 GMT: INFO (info): (ticker.c:618) {ycsb} client: tsvc (0,0) proxy (0,0,0) read (458587563,0,0,0,0) write (100171131,0,0,0) delete (0,0,0,0,0) udf (0,0,0,0) lang (0,0,0,0)
Sep 16 2026 03:43:09 GMT: INFO (info): (hist.c:319) histogram dump: {ycsb}-read (458587567 total) msec
Sep 16 2026 03:43:09 GMT: INFO (info): (hist.c:330)  (00: 0458084905) (01: 0000484471) (02: 0000017218) (03: 0000000663)
Sep 16 2026 03:43:09 GMT: INFO (info): (hist.c:339)  (04: 0000000043) (05: 0000000095) (06: 0000000172)
Sep 16 2026 03:43:09 GMT: INFO (info): (hist.c:319) histogram dump: {ycsb}-write (100171131 total) msec
Sep 16 2026 03:43:09 GMT: INFO (info): (hist.c:330)  (00: 0100119497) (01: 0000048555) (02: 0000003026) (03: 0000000051)
Sep 16 2026 03:43:09 GMT: INFO (info): (hist.c:339)  (05: 0000000001) (06: 0000000001)
Sep 16 2026 03:43:09 GMT: INFO (deprecation): (thr_info.c:888) (repeated:2560) 'services' info command is deprecated - use 'peers-clear-std' instead
Sep 16 2026 03:43:19 GMT: INFO (drv_ssd): (drv_ssd.c:2133) {ycsb} /dev/md127p3: used-bytes 149443049392 free-wblocks 109031 write-q 0 write (26954,3.9) defrag-q 0 defrag-read (22277,0.0) defrag-write (9529,0.0)
Sep 16 2026 03:43:19 GMT: INFO (info): (ticker.c:169) NODE-ID bb9f1b2523a0d00 CLUSTER-SIZE 1 CLUSTER-NAME ycsb-default-20260916
Sep 16 2026 03:43:19 GMT: INFO (info): (ticker.c:241)    cluster-clock: skew-ms 0
Sep 16 2026 03:43:19 GMT: INFO (info): (ticker.c:265)    system: total-cpu-pct 1582 user-cpu-pct 382 kernel-cpu-pct 1200 free-mem-kbytes 121970840 free-mem-pct 92 thp-mem-kbytes 7309312 host-free-mem-kbytes 121970840 host-free-mem-pct 92
Sep 16 2026 03:43:19 GMT: INFO (info): (ticker.c:287)    process: cpu-pct 1386 threads (9,61,113,113) heap-kbytes (7826226,7848276,8066560) heap-efficiency-pct 99.7
Sep 16 2026 03:43:19 GMT: INFO (info): (ticker.c:297)    in-progress: info-q 0 rw-hash 0 proxy-hash 0 tree-gc-q 0 long-queries 0
Sep 16 2026 03:43:19 GMT: INFO (info): (ticker.c:340)    fds: proto (512,12364,11852) heartbeat (0,0,0) fabric (0,0,0) admin (0,0,0)
Sep 16 2026 03:43:19 GMT: INFO (info): (ticker.c:352)    heartbeat-received: self 0 foreign 0
Sep 16 2026 03:43:19 GMT: INFO (info): (ticker.c:378)    fabric-bytes-per-second: bulk (0,0) ctrl (0,0) meta (0,0) rw (0,0)
Sep 16 2026 03:43:19 GMT: INFO (info): (ticker.c:426) {ycsb} objects: all 102644834 master 102644834 prole 0 non-replica 0
Sep 16 2026 03:43:19 GMT: INFO (info): (ticker.c:481) {ycsb} migrations: complete
Sep 16 2026 03:43:19 GMT: INFO (info): (ticker.c:506) {ycsb} index-usage: used-bytes 6569269376
Sep 16 2026 03:43:19 GMT: INFO (info): (ticker.c:559) {ycsb} data-usage: used-bytes 149450879760 avail-pct 83 cache-read-pct 0.00
Sep 16 2026 03:43:19 GMT: INFO (info): (ticker.c:618) {ycsb} client: tsvc (0,0) proxy (0,0,0) read (462840590,0,0,0,0) write (100394868,0,0,0) delete (0,0,0,0,0) udf (0,0,0,0) lang (0,0,0,0)
Sep 16 2026 03:43:19 GMT: INFO (info): (hist.c:319) histogram dump: {ycsb}-read (462840592 total) msec
Sep 16 2026 03:43:19 GMT: INFO (info): (hist.c:330)  (00: 0462332280) (01: 0000490105) (02: 0000017231) (03: 0000000666)
Sep 16 2026 03:43:19 GMT: INFO (info): (hist.c:339)  (04: 0000000043) (05: 0000000095) (06: 0000000172)
Sep 16 2026 03:43:19 GMT: INFO (info): (hist.c:319) histogram dump: {ycsb}-write (100394870 total) msec
Sep 16 2026 03:43:19 GMT: INFO (info): (hist.c:330)  (00: 0100343166) (01: 0000048625) (02: 0000003026) (03: 0000000051)
Sep 16 2026 03:43:19 GMT: INFO (info): (hist.c:339)  (05: 0000000001) (06: 0000000001)
Sep 16 2026 03:43:19 GMT: INFO (deprecation): (thr_info.c:888) (repeated:2560) 'services' info command is deprecated - use 'peers-clear-std' instead
Sep 16 2026 03:43:29 GMT: INFO (info): (ticker.c:169) NODE-ID bb9f1b2523a0d00 CLUSTER-SIZE 1 CLUSTER-NAME ycsb-default-20260916
Sep 16 2026 03:43:29 GMT: INFO (info): (ticker.c:241)    cluster-clock: skew-ms 0
Sep 16 2026 03:43:29 GMT: INFO (info): (ticker.c:265)    system: total-cpu-pct 1582 user-cpu-pct 385 kernel-cpu-pct 1197 free-mem-kbytes 121962132 free-mem-pct 92 thp-mem-kbytes 7323648 host-free-mem-kbytes 121962132 host-free-mem-pct 92
Sep 16 2026 03:43:29 GMT: INFO (info): (ticker.c:287)    process: cpu-pct 1385 threads (9,61,113,113) heap-kbytes (7826228,7848276,8066560) heap-efficiency-pct 99.7
Sep 16 2026 03:43:29 GMT: INFO (info): (ticker.c:297)    in-progress: info-q 0 rw-hash 2 proxy-hash 0 tree-gc-q 0 long-queries 0
Sep 16 2026 03:43:29 GMT: INFO (info): (ticker.c:340)    fds: proto (512,12364,11852) heartbeat (0,0,0) fabric (0,0,0) admin (0,0,0)
Sep 16 2026 03:43:29 GMT: INFO (info): (ticker.c:352)    heartbeat-received: self 0 foreign 0
Sep 16 2026 03:43:29 GMT: INFO (info): (ticker.c:378)    fabric-bytes-per-second: bulk (0,0) ctrl (0,0) meta (0,0) rw (0,0)
Sep 16 2026 03:43:29 GMT: INFO (info): (ticker.c:426) {ycsb} objects: all 102868820 master 102868820 prole 0 non-replica 0
Sep 16 2026 03:43:29 GMT: INFO (info): (ticker.c:481) {ycsb} migrations: complete
Sep 16 2026 03:43:29 GMT: INFO (info): (ticker.c:506) {ycsb} index-usage: used-bytes 6583604480
Sep 16 2026 03:43:29 GMT: INFO (info): (ticker.c:559) {ycsb} data-usage: used-bytes 149777001920 avail-pct 83 cache-read-pct 0.00
Sep 16 2026 03:43:29 GMT: INFO (info): (ticker.c:618) {ycsb} client: tsvc (0,0) proxy (0,0,0) read (467093187,0,0,0,0) write (100618854,0,0,0) delete (0,0,0,0,0) udf (0,0,0,0) lang (0,0,0,0)
Sep 16 2026 03:43:29 GMT: INFO (info): (hist.c:319) histogram dump: {ycsb}-read (467093218 total) msec
Sep 16 2026 03:43:29 GMT: INFO (info): (hist.c:330)  (00: 0466579527) (01: 0000495400) (02: 0000017315) (03: 0000000666)
Sep 16 2026 03:43:29 GMT: INFO (info): (hist.c:339)  (04: 0000000043) (05: 0000000095) (06: 0000000172)
Sep 16 2026 03:43:29 GMT: INFO (info): (hist.c:319) histogram dump: {ycsb}-write (100618857 total) msec
Sep 16 2026 03:43:29 GMT: INFO (info): (hist.c:330)  (00: 0100567071) (01: 0000048706) (02: 0000003027) (03: 0000000051)
Sep 16 2026 03:43:29 GMT: INFO (info): (hist.c:339)  (05: 0000000001) (06: 0000000001)
Sep 16 2026 03:43:29 GMT: INFO (deprecation): (thr_info.c:888) (repeated:2560) 'services' info command is deprecated - use 'peers-clear-std' instead
Sep 16 2026 03:43:39 GMT: INFO (drv_ssd): (drv_ssd.c:2133) {ycsb} /dev/md127p3: used-bytes 150095111712 free-wblocks 108954 write-q 0 write (27031,3.8) defrag-q 0 defrag-read (22277,0.0) defrag-write (9529,0.0)
Sep 16 2026 03:43:39 GMT: INFO (info): (ticker.c:169) NODE-ID bb9f1b2523a0d00 CLUSTER-SIZE 1 CLUSTER-NAME ycsb-default-20260916
Sep 16 2026 03:43:39 GMT: INFO (info): (ticker.c:241)    cluster-clock: skew-ms 0
Sep 16 2026 03:43:39 GMT: INFO (info): (ticker.c:265)    system: total-cpu-pct 1582 user-cpu-pct 382 kernel-cpu-pct 1200 free-mem-kbytes 121939880 free-mem-pct 92 thp-mem-kbytes 7337984 host-free-mem-kbytes 121939880 host-free-mem-pct 92
Sep 16 2026 03:43:39 GMT: INFO (info): (ticker.c:287)    process: cpu-pct 1386 threads (9,61,113,113) heap-kbytes (7826214,7848276,8066560) heap-efficiency-pct 99.7
Sep 16 2026 03:43:39 GMT: INFO (info): (ticker.c:297)    in-progress: info-q 0 rw-hash 1 proxy-hash 0 tree-gc-q 0 long-queries 0
Sep 16 2026 03:43:39 GMT: INFO (info): (ticker.c:340)    fds: proto (512,12364,11852) heartbeat (0,0,0) fabric (0,0,0) admin (0,0,0)
Sep 16 2026 03:43:39 GMT: INFO (info): (ticker.c:352)    heartbeat-received: self 0 foreign 0
Sep 16 2026 03:43:39 GMT: INFO (info): (ticker.c:378)    fabric-bytes-per-second: bulk (0,0) ctrl (0,0) meta (0,0) rw (0,0)
Sep 16 2026 03:43:39 GMT: INFO (info): (ticker.c:426) {ycsb} objects: all 103092759 master 103092759 prole 0 non-replica 0
Sep 16 2026 03:43:39 GMT: INFO (info): (ticker.c:481) {ycsb} migrations: complete
Sep 16 2026 03:43:39 GMT: INFO (info): (ticker.c:506) {ycsb} index-usage: used-bytes 6597936576
Sep 16 2026 03:43:39 GMT: INFO (info): (ticker.c:559) {ycsb} data-usage: used-bytes 150103058560 avail-pct 83 cache-read-pct 0.00
Sep 16 2026 03:43:39 GMT: INFO (info): (ticker.c:618) {ycsb} client: tsvc (0,0) proxy (0,0,0) read (471350357,0,0,0,0) write (100842794,0,0,0) delete (0,0,0,0,0) udf (0,0,0,0) lang (0,0,0,0)
Sep 16 2026 03:43:39 GMT: INFO (info): (hist.c:319) histogram dump: {ycsb}-read (471350364 total) msec
Sep 16 2026 03:43:39 GMT: INFO (info): (hist.c:330)  (00: 0470831245) (01: 0000500788) (02: 0000017350) (03: 0000000671)
Sep 16 2026 03:43:39 GMT: INFO (info): (hist.c:339)  (04: 0000000043) (05: 0000000095) (06: 0000000172)
Sep 16 2026 03:43:39 GMT: INFO (info): (hist.c:319) histogram dump: {ycsb}-write (100842795 total) msec
Sep 16 2026 03:43:39 GMT: INFO (info): (hist.c:330)  (00: 0100790929) (01: 0000048785) (02: 0000003027) (03: 0000000052)
Sep 16 2026 03:43:39 GMT: INFO (info): (hist.c:339)  (05: 0000000001) (06: 0000000001)
Sep 16 2026 03:43:39 GMT: INFO (deprecation): (thr_info.c:888) (repeated:2560) 'services' info command is deprecated - use 'peers-clear-std' instead
Sep 16 2026 03:43:49 GMT: INFO (info): (ticker.c:169) NODE-ID bb9f1b2523a0d00 CLUSTER-SIZE 1 CLUSTER-NAME ycsb-default-20260916
Sep 16 2026 03:43:49 GMT: INFO (info): (ticker.c:241)    cluster-clock: skew-ms 0
Sep 16 2026 03:43:49 GMT: INFO (info): (ticker.c:265)    system: total-cpu-pct 1583 user-cpu-pct 383 kernel-cpu-pct 1200 free-mem-kbytes 121929220 free-mem-pct 92 thp-mem-kbytes 7348224 host-free-mem-kbytes 121929220 host-free-mem-pct 92
Sep 16 2026 03:43:49 GMT: INFO (info): (ticker.c:287)    process: cpu-pct 1391 threads (9,61,113,113) heap-kbytes (7826226,7848276,8066560) heap-efficiency-pct 99.7
Sep 16 2026 03:43:49 GMT: INFO (info): (ticker.c:297)    in-progress: info-q 0 rw-hash 2 proxy-hash 0 tree-gc-q 0 long-queries 0
Sep 16 2026 03:43:49 GMT: INFO (info): (ticker.c:340)    fds: proto (512,12364,11852) heartbeat (0,0,0) fabric (0,0,0) admin (0,0,0)
Sep 16 2026 03:43:49 GMT: INFO (info): (ticker.c:352)    heartbeat-received: self 0 foreign 0
Sep 16 2026 03:43:49 GMT: INFO (info): (ticker.c:378)    fabric-bytes-per-second: bulk (0,0) ctrl (0,0) meta (0,0) rw (0,0)
Sep 16 2026 03:43:49 GMT: INFO (info): (ticker.c:426) {ycsb} objects: all 103316858 master 103316859 prole 0 non-replica 0
Sep 16 2026 03:43:49 GMT: INFO (info): (ticker.c:481) {ycsb} migrations: complete
Sep 16 2026 03:43:49 GMT: INFO (info): (ticker.c:506) {ycsb} index-usage: used-bytes 6612278912
Sep 16 2026 03:43:49 GMT: INFO (info): (ticker.c:559) {ycsb} data-usage: used-bytes 150429348160 avail-pct 83 cache-read-pct 0.00
Sep 16 2026 03:43:49 GMT: INFO (info): (ticker.c:618) {ycsb} client: tsvc (0,0) proxy (0,0,0) read (475621506,0,0,0,0) write (101066894,0,0,0) delete (0,0,0,0,0) udf (0,0,0,0) lang (0,0,0,0)
Sep 16 2026 03:43:49 GMT: INFO (info): (hist.c:319) histogram dump: {ycsb}-read (475621511 total) msec
Sep 16 2026 03:43:49 GMT: INFO (info): (hist.c:330)  (00: 0475097950) (01: 0000505228) (02: 0000017352) (03: 0000000671)
Sep 16 2026 03:43:49 GMT: INFO (info): (hist.c:339)  (04: 0000000043) (05: 0000000095) (06: 0000000172)
Sep 16 2026 03:43:49 GMT: INFO (info): (hist.c:319) histogram dump: {ycsb}-write (101066894 total) msec
Sep 16 2026 03:43:49 GMT: INFO (info): (hist.c:330)  (00: 0101014963) (01: 0000048850) (02: 0000003027) (03: 0000000052)
Sep 16 2026 03:43:49 GMT: INFO (info): (hist.c:339)  (05: 0000000001) (06: 0000000001)
Sep 16 2026 03:43:49 GMT: INFO (deprecation): (thr_info.c:888) (repeated:2560) 'services' info command is deprecated - use 'peers-clear-std' instead
Sep 16 2026 03:43:59 GMT: INFO (drv_ssd): (drv_ssd.c:2133) {ycsb} /dev/md127p3: used-bytes 150749176032 free-wblocks 108876 write-q 0 write (27109,3.9) defrag-q 0 defrag-read (22277,0.0) defrag-write (9529,0.0)
Sep 16 2026 03:43:59 GMT: INFO (info): (ticker.c:169) NODE-ID bb9f1b2523a0d00 CLUSTER-SIZE 1 CLUSTER-NAME ycsb-default-20260916
Sep 16 2026 03:43:59 GMT: INFO (info): (ticker.c:241)    cluster-clock: skew-ms 0
Sep 16 2026 03:43:59 GMT: INFO (info): (ticker.c:265)    system: total-cpu-pct 1583 user-cpu-pct 381 kernel-cpu-pct 1202 free-mem-kbytes 121912452 free-mem-pct 92 thp-mem-kbytes 7362560 host-free-mem-kbytes 121912452 host-free-mem-pct 92
Sep 16 2026 03:43:59 GMT: INFO (info): (ticker.c:287)    process: cpu-pct 1394 threads (9,61,113,113) heap-kbytes (7826225,7848276,8066560) heap-efficiency-pct 99.7
Sep 16 2026 03:43:59 GMT: INFO (info): (ticker.c:297)    in-progress: info-q 0 rw-hash 0 proxy-hash 0 tree-gc-q 0 long-queries 0
Sep 16 2026 03:43:59 GMT: INFO (info): (ticker.c:340)    fds: proto (512,12364,11852) heartbeat (0,0,0) fabric (0,0,0) admin (0,0,0)
Sep 16 2026 03:43:59 GMT: INFO (info): (ticker.c:352)    heartbeat-received: self 0 foreign 0
Sep 16 2026 03:43:59 GMT: INFO (info): (ticker.c:378)    fabric-bytes-per-second: bulk (0,0) ctrl (0,0) meta (0,0) rw (0,0)
Sep 16 2026 03:43:59 GMT: INFO (info): (ticker.c:426) {ycsb} objects: all 103541999 master 103542001 prole 0 non-replica 0
Sep 16 2026 03:43:59 GMT: INFO (info): (ticker.c:481) {ycsb} migrations: complete
Sep 16 2026 03:43:59 GMT: INFO (info): (ticker.c:506) {ycsb} index-usage: used-bytes 6626687936
Sep 16 2026 03:43:59 GMT: INFO (info): (ticker.c:559) {ycsb} data-usage: used-bytes 150757153456 avail-pct 83 cache-read-pct 0.00
Sep 16 2026 03:43:59 GMT: INFO (info): (ticker.c:618) {ycsb} client: tsvc (0,0) proxy (0,0,0) read (479899693,0,0,0,0) write (101292035,0,0,0) delete (0,0,0,0,0) udf (0,0,0,0) lang (0,0,0,0)
Sep 16 2026 03:43:59 GMT: INFO (info): (hist.c:319) histogram dump: {ycsb}-read (479899696 total) msec
Sep 16 2026 03:43:59 GMT: INFO (info): (hist.c:330)  (00: 0479371494) (01: 0000509858) (02: 0000017363) (03: 0000000671)
Sep 16 2026 03:43:59 GMT: INFO (info): (hist.c:339)  (04: 0000000043) (05: 0000000095) (06: 0000000172)
Sep 16 2026 03:43:59 GMT: INFO (info): (hist.c:319) histogram dump: {ycsb}-write (101292036 total) msec
Sep 16 2026 03:43:59 GMT: INFO (info): (hist.c:330)  (00: 0101240046) (01: 0000048908) (02: 0000003028) (03: 0000000052)
Sep 16 2026 03:43:59 GMT: INFO (info): (hist.c:339)  (05: 0000000001) (06: 0000000001)
Sep 16 2026 03:43:59 GMT: INFO (deprecation): (thr_info.c:888) (repeated:2560) 'services' info command is deprecated - use 'peers-clear-std' instead
Sep 16 2026 03:44:09 GMT: INFO (info): (ticker.c:169) NODE-ID bb9f1b2523a0d00 CLUSTER-SIZE 1 CLUSTER-NAME ycsb-default-20260916
Sep 16 2026 03:44:09 GMT: INFO (info): (ticker.c:241)    cluster-clock: skew-ms 0
Sep 16 2026 03:44:09 GMT: INFO (info): (ticker.c:265)    system: total-cpu-pct 1584 user-cpu-pct 377 kernel-cpu-pct 1207 free-mem-kbytes 121904800 free-mem-pct 92 thp-mem-kbytes 7378944 host-free-mem-kbytes 121904800 host-free-mem-pct 92
Sep 16 2026 03:44:09 GMT: INFO (info): (ticker.c:287)    process: cpu-pct 1396 threads (9,61,113,113) heap-kbytes (7826220,7848276,8066560) heap-efficiency-pct 99.7
Sep 16 2026 03:44:09 GMT: INFO (info): (ticker.c:297)    in-progress: info-q 0 rw-hash 0 proxy-hash 0 tree-gc-q 0 long-queries 0
Sep 16 2026 03:44:09 GMT: INFO (info): (ticker.c:340)    fds: proto (512,12364,11852) heartbeat (0,0,0) fabric (0,0,0) admin (0,0,0)
Sep 16 2026 03:44:09 GMT: INFO (info): (ticker.c:352)    heartbeat-received: self 0 foreign 0
Sep 16 2026 03:44:09 GMT: INFO (info): (ticker.c:378)    fabric-bytes-per-second: bulk (0,0) ctrl (0,0) meta (0,0) rw (0,0)
Sep 16 2026 03:44:09 GMT: INFO (info): (ticker.c:426) {ycsb} objects: all 103767632 master 103767633 prole 0 non-replica 0
Sep 16 2026 03:44:09 GMT: INFO (info): (ticker.c:481) {ycsb} migrations: complete
Sep 16 2026 03:44:09 GMT: INFO (info): (ticker.c:506) {ycsb} index-usage: used-bytes 6641128448
Sep 16 2026 03:44:09 GMT: INFO (info): (ticker.c:559) {ycsb} data-usage: used-bytes 151085676560 avail-pct 83 cache-read-pct 0.00
Sep 16 2026 03:44:09 GMT: INFO (info): (ticker.c:618) {ycsb} client: tsvc (0,0) proxy (0,0,0) read (484186062,0,0,0,0) write (101517669,0,0,0) delete (0,0,0,0,0) udf (0,0,0,0) lang (0,0,0,0)
Sep 16 2026 03:44:09 GMT: INFO (info): (hist.c:319) histogram dump: {ycsb}-read (484186066 total) msec
Sep 16 2026 03:44:09 GMT: INFO (info): (hist.c:330)  (00: 0483653477) (01: 0000514229) (02: 0000017378) (03: 0000000672)
Sep 16 2026 03:44:09 GMT: INFO (info): (hist.c:339)  (04: 0000000043) (05: 0000000095) (06: 0000000172)
Sep 16 2026 03:44:09 GMT: INFO (info): (hist.c:319) histogram dump: {ycsb}-write (101517670 total) msec
Sep 16 2026 03:44:09 GMT: INFO (info): (hist.c:330)  (00: 0101465613) (01: 0000048974) (02: 0000003029) (03: 0000000052)
Sep 16 2026 03:44:09 GMT: INFO (info): (hist.c:339)  (05: 0000000001) (06: 0000000001)
Sep 16 2026 03:44:09 GMT: INFO (deprecation): (thr_info.c:888) (repeated:2560) 'services' info command is deprecated - use 'peers-clear-std' instead
Sep 16 2026 03:44:19 GMT: INFO (drv_ssd): (drv_ssd.c:2133) {ycsb} /dev/md127p3: used-bytes 151405580144 free-wblocks 108797 write-q 0 write (27188,4.0) defrag-q 0 defrag-read (22277,0.0) defrag-write (9529,0.0)
Sep 16 2026 03:44:19 GMT: INFO (info): (ticker.c:169) NODE-ID bb9f1b2523a0d00 CLUSTER-SIZE 1 CLUSTER-NAME ycsb-default-20260916
Sep 16 2026 03:44:19 GMT: INFO (info): (ticker.c:241)    cluster-clock: skew-ms 0
Sep 16 2026 03:44:19 GMT: INFO (info): (ticker.c:265)    system: total-cpu-pct 1584 user-cpu-pct 379 kernel-cpu-pct 1205 free-mem-kbytes 121888048 free-mem-pct 92 thp-mem-kbytes 7393280 host-free-mem-kbytes 121888048 host-free-mem-pct 92
Sep 16 2026 03:44:19 GMT: INFO (info): (ticker.c:287)    process: cpu-pct 1395 threads (9,61,113,113) heap-kbytes (7826218,7848276,8066560) heap-efficiency-pct 99.7
Sep 16 2026 03:44:19 GMT: INFO (info): (ticker.c:297)    in-progress: info-q 0 rw-hash 0 proxy-hash 0 tree-gc-q 0 long-queries 0
Sep 16 2026 03:44:19 GMT: INFO (info): (ticker.c:340)    fds: proto (512,12364,11852) heartbeat (0,0,0) fabric (0,0,0) admin (0,0,0)
Sep 16 2026 03:44:19 GMT: INFO (info): (ticker.c:352)    heartbeat-received: self 0 foreign 0
Sep 16 2026 03:44:19 GMT: INFO (info): (ticker.c:378)    fabric-bytes-per-second: bulk (0,0) ctrl (0,0) meta (0,0) rw (0,0)
Sep 16 2026 03:44:19 GMT: INFO (info): (ticker.c:426) {ycsb} objects: all 103992849 master 103992849 prole 0 non-replica 0
Sep 16 2026 03:44:19 GMT: INFO (info): (ticker.c:481) {ycsb} migrations: complete
Sep 16 2026 03:44:19 GMT: INFO (info): (ticker.c:506) {ycsb} index-usage: used-bytes 6655542336
Sep 16 2026 03:44:19 GMT: INFO (info): (ticker.c:559) {ycsb} data-usage: used-bytes 151413588144 avail-pct 83 cache-read-pct 0.00
Sep 16 2026 03:44:19 GMT: INFO (info): (ticker.c:618) {ycsb} client: tsvc (0,0) proxy (0,0,0) read (488471567,0,0,0,0) write (101742883,0,0,0) delete (0,0,0,0,0) udf (0,0,0,0) lang (0,0,0,0)
Sep 16 2026 03:44:19 GMT: INFO (info): (hist.c:319) histogram dump: {ycsb}-read (488471570 total) msec
Sep 16 2026 03:44:19 GMT: INFO (info): (hist.c:330)  (00: 0487934609) (01: 0000518590) (02: 0000017388) (03: 0000000673)
Sep 16 2026 03:44:19 GMT: INFO (info): (hist.c:339)  (04: 0000000043) (05: 0000000095) (06: 0000000172)
Sep 16 2026 03:44:19 GMT: INFO (info): (hist.c:319) histogram dump: {ycsb}-write (101742883 total) msec
Sep 16 2026 03:44:19 GMT: INFO (info): (hist.c:330)  (00: 0101690767) (01: 0000049033) (02: 0000003029) (03: 0000000052)
Sep 16 2026 03:44:19 GMT: INFO (info): (hist.c:339)  (05: 0000000001) (06: 0000000001)
Sep 16 2026 03:44:19 GMT: INFO (deprecation): (thr_info.c:888) (repeated:2560) 'services' info command is deprecated - use 'peers-clear-std' instead
Sep 16 2026 03:44:29 GMT: INFO (info): (ticker.c:169) NODE-ID bb9f1b2523a0d00 CLUSTER-SIZE 1 CLUSTER-NAME ycsb-default-20260916
Sep 16 2026 03:44:29 GMT: INFO (info): (ticker.c:241)    cluster-clock: skew-ms 0
Sep 16 2026 03:44:29 GMT: INFO (info): (ticker.c:265)    system: total-cpu-pct 1584 user-cpu-pct 379 kernel-cpu-pct 1205 free-mem-kbytes 121879096 free-mem-pct 92 thp-mem-kbytes 7411712 host-free-mem-kbytes 121879096 host-free-mem-pct 92
Sep 16 2026 03:44:29 GMT: INFO (info): (ticker.c:287)    process: cpu-pct 1395 threads (9,61,113,113) heap-kbytes (7826215,7848276,8066560) heap-efficiency-pct 99.7
Sep 16 2026 03:44:29 GMT: INFO (info): (ticker.c:297)    in-progress: info-q 0 rw-hash 2 proxy-hash 0 tree-gc-q 0 long-queries 0
Sep 16 2026 03:44:29 GMT: INFO (info): (ticker.c:340)    fds: proto (512,12364,11852) heartbeat (0,0,0) fabric (0,0,0) admin (0,0,0)
Sep 16 2026 03:44:29 GMT: INFO (info): (ticker.c:352)    heartbeat-received: self 0 foreign 0
Sep 16 2026 03:44:29 GMT: INFO (info): (ticker.c:378)    fabric-bytes-per-second: bulk (0,0) ctrl (0,0) meta (0,0) rw (0,0)
Sep 16 2026 03:44:29 GMT: INFO (info): (ticker.c:426) {ycsb} objects: all 104217723 master 104217734 prole 0 non-replica 0
Sep 16 2026 03:44:29 GMT: INFO (info): (ticker.c:481) {ycsb} migrations: complete
Sep 16 2026 03:44:29 GMT: INFO (info): (ticker.c:506) {ycsb} index-usage: used-bytes 6669934272
Sep 16 2026 03:44:29 GMT: INFO (info): (ticker.c:559) {ycsb} data-usage: used-bytes 151741030896 avail-pct 82 cache-read-pct 0.00
Sep 16 2026 03:44:29 GMT: INFO (info): (ticker.c:618) {ycsb} client: tsvc (0,0) proxy (0,0,0) read (492750156,0,0,0,0) write (101967775,0,0,0) delete (0,0,0,0,0) udf (0,0,0,0) lang (0,0,0,0)
Sep 16 2026 03:44:29 GMT: INFO (info): (hist.c:319) histogram dump: {ycsb}-read (492750162 total) msec
Sep 16 2026 03:44:29 GMT: INFO (info): (hist.c:330)  (00: 0492208685) (01: 0000523032) (02: 0000017462) (03: 0000000673)
Sep 16 2026 03:44:29 GMT: INFO (info): (hist.c:339)  (04: 0000000043) (05: 0000000095) (06: 0000000172)
Sep 16 2026 03:44:29 GMT: INFO (info): (hist.c:319) histogram dump: {ycsb}-write (101967776 total) msec
Sep 16 2026 03:44:29 GMT: INFO (info): (hist.c:330)  (00: 0101915594) (01: 0000049095) (02: 0000003033) (03: 0000000052)
Sep 16 2026 03:44:29 GMT: INFO (info): (hist.c:339)  (05: 0000000001) (06: 0000000001)
Sep 16 2026 03:44:29 GMT: INFO (deprecation): (thr_info.c:888) (repeated:2560) 'services' info command is deprecated - use 'peers-clear-std' instead
Sep 16 2026 03:44:39 GMT: INFO (drv_ssd): (drv_ssd.c:2133) {ycsb} /dev/md127p3: used-bytes 152061366912 free-wblocks 108719 write-q 0 write (27266,3.9) defrag-q 0 defrag-read (22277,0.0) defrag-write (9529,0.0)
Sep 16 2026 03:44:39 GMT: INFO (info): (ticker.c:169) NODE-ID bb9f1b2523a0d00 CLUSTER-SIZE 1 CLUSTER-NAME ycsb-default-20260916
Sep 16 2026 03:44:39 GMT: INFO (info): (ticker.c:241)    cluster-clock: skew-ms 0
Sep 16 2026 03:44:39 GMT: INFO (info): (ticker.c:265)    system: total-cpu-pct 1585 user-cpu-pct 380 kernel-cpu-pct 1205 free-mem-kbytes 121873664 free-mem-pct 92 thp-mem-kbytes 7419904 host-free-mem-kbytes 121873664 host-free-mem-pct 92
Sep 16 2026 03:44:39 GMT: INFO (info): (ticker.c:287)    process: cpu-pct 1398 threads (9,61,113,113) heap-kbytes (7826209,7848276,8066560) heap-efficiency-pct 99.7
Sep 16 2026 03:44:39 GMT: INFO (info): (ticker.c:297)    in-progress: info-q 0 rw-hash 0 proxy-hash 0 tree-gc-q 0 long-queries 0
Sep 16 2026 03:44:39 GMT: INFO (info): (ticker.c:340)    fds: proto (512,12364,11852) heartbeat (0,0,0) fabric (0,0,0) admin (0,0,0)
Sep 16 2026 03:44:39 GMT: INFO (info): (ticker.c:352)    heartbeat-received: self 0 foreign 0
Sep 16 2026 03:44:39 GMT: INFO (info): (ticker.c:378)    fabric-bytes-per-second: bulk (0,0) ctrl (0,0) meta (0,0) rw (0,0)
Sep 16 2026 03:44:39 GMT: INFO (info): (ticker.c:426) {ycsb} objects: all 104443368 master 104443369 prole 0 non-replica 0
Sep 16 2026 03:44:39 GMT: INFO (info): (ticker.c:481) {ycsb} migrations: complete
Sep 16 2026 03:44:39 GMT: INFO (info): (ticker.c:506) {ycsb} index-usage: used-bytes 6684375552
Sep 16 2026 03:44:39 GMT: INFO (info): (ticker.c:559) {ycsb} data-usage: used-bytes 152069545264 avail-pct 82 cache-read-pct 0.00
Sep 16 2026 03:44:39 GMT: INFO (info): (ticker.c:618) {ycsb} client: tsvc (0,0) proxy (0,0,0) read (497039387,0,0,0,0) write (102193403,0,0,0) delete (0,0,0,0,0) udf (0,0,0,0) lang (0,0,0,0)
Sep 16 2026 03:44:39 GMT: INFO (info): (hist.c:319) histogram dump: {ycsb}-read (497039391 total) msec
Sep 16 2026 03:44:39 GMT: INFO (info): (hist.c:330)  (00: 0496494049) (01: 0000526895) (02: 0000017464) (03: 0000000673)
Sep 16 2026 03:44:39 GMT: INFO (info): (hist.c:339)  (04: 0000000043) (05: 0000000095) (06: 0000000172)
Sep 16 2026 03:44:39 GMT: INFO (info): (hist.c:319) histogram dump: {ycsb}-write (102193403 total) msec
Sep 16 2026 03:44:39 GMT: INFO (info): (hist.c:330)  (00: 0102141182) (01: 0000049134) (02: 0000003033) (03: 0000000052)
Sep 16 2026 03:44:39 GMT: INFO (info): (hist.c:339)  (05: 0000000001) (06: 0000000001)
Sep 16 2026 03:44:39 GMT: INFO (deprecation): (thr_info.c:888) (repeated:2560) 'services' info command is deprecated - use 'peers-clear-std' instead
Sep 16 2026 03:44:49 GMT: INFO (info): (ticker.c:169) NODE-ID bb9f1b2523a0d00 CLUSTER-SIZE 1 CLUSTER-NAME ycsb-default-20260916
Sep 16 2026 03:44:49 GMT: INFO (info): (ticker.c:241)    cluster-clock: skew-ms 0
Sep 16 2026 03:44:49 GMT: INFO (info): (ticker.c:265)    system: total-cpu-pct 1585 user-cpu-pct 378 kernel-cpu-pct 1207 free-mem-kbytes 121855944 free-mem-pct 92 thp-mem-kbytes 7434240 host-free-mem-kbytes 121855944 host-free-mem-pct 92
Sep 16 2026 03:44:49 GMT: INFO (info): (ticker.c:287)    process: cpu-pct 1403 threads (9,61,113,113) heap-kbytes (7826213,7848276,8066560) heap-efficiency-pct 99.7
Sep 16 2026 03:44:49 GMT: INFO (info): (ticker.c:297)    in-progress: info-q 0 rw-hash 0 proxy-hash 0 tree-gc-q 0 long-queries 0
Sep 16 2026 03:44:49 GMT: INFO (info): (ticker.c:340)    fds: proto (512,12364,11852) heartbeat (0,0,0) fabric (0,0,0) admin (0,0,0)
Sep 16 2026 03:44:49 GMT: INFO (info): (ticker.c:352)    heartbeat-received: self 0 foreign 0
Sep 16 2026 03:44:49 GMT: INFO (info): (ticker.c:378)    fabric-bytes-per-second: bulk (0,0) ctrl (0,0) meta (0,0) rw (0,0)
Sep 16 2026 03:44:49 GMT: INFO (info): (ticker.c:426) {ycsb} objects: all 104667905 master 104667908 prole 0 non-replica 0
Sep 16 2026 03:44:49 GMT: INFO (info): (ticker.c:481) {ycsb} migrations: complete
Sep 16 2026 03:44:49 GMT: INFO (info): (ticker.c:506) {ycsb} index-usage: used-bytes 6698745920
Sep 16 2026 03:44:49 GMT: INFO (info): (ticker.c:559) {ycsb} data-usage: used-bytes 152396475504 avail-pct 82 cache-read-pct 0.00
Sep 16 2026 03:44:49 GMT: INFO (info): (ticker.c:618) {ycsb} client: tsvc (0,0) proxy (0,0,0) read (501323242,0,0,0,0) write (102417943,0,0,0) delete (0,0,0,0,0) udf (0,0,0,0) lang (0,0,0,0)
Sep 16 2026 03:44:49 GMT: INFO (info): (hist.c:319) histogram dump: {ycsb}-read (501323244 total) msec
Sep 16 2026 03:44:49 GMT: INFO (info): (hist.c:330)  (00: 0500774148) (01: 0000530646) (02: 0000017467) (03: 0000000673)
Sep 16 2026 03:44:49 GMT: INFO (info): (hist.c:339)  (04: 0000000043) (05: 0000000095) (06: 0000000172)
Sep 16 2026 03:44:49 GMT: INFO (info): (hist.c:319) histogram dump: {ycsb}-write (102417945 total) msec
Sep 16 2026 03:44:49 GMT: INFO (info): (hist.c:330)  (00: 0102365689) (01: 0000049169) (02: 0000003033) (03: 0000000052)
Sep 16 2026 03:44:49 GMT: INFO (info): (hist.c:339)  (05: 0000000001) (06: 0000000001)
Sep 16 2026 03:44:49 GMT: INFO (deprecation): (thr_info.c:888) (repeated:2560) 'services' info command is deprecated - use 'peers-clear-std' instead
Sep 16 2026 03:44:59 GMT: INFO (drv_ssd): (drv_ssd.c:2133) {ycsb} /dev/md127p3: used-bytes 152716201456 free-wblocks 108641 write-q 0 write (27344,3.9) defrag-q 0 defrag-read (22277,0.0) defrag-write (9529,0.0)
Sep 16 2026 03:44:59 GMT: INFO (info): (ticker.c:169) NODE-ID bb9f1b2523a0d00 CLUSTER-SIZE 1 CLUSTER-NAME ycsb-default-20260916
Sep 16 2026 03:44:59 GMT: INFO (info): (ticker.c:241)    cluster-clock: skew-ms 0
Sep 16 2026 03:44:59 GMT: INFO (info): (ticker.c:265)    system: total-cpu-pct 1585 user-cpu-pct 377 kernel-cpu-pct 1208 free-mem-kbytes 121840692 free-mem-pct 92 thp-mem-kbytes 7450624 host-free-mem-kbytes 121840692 host-free-mem-pct 92
Sep 16 2026 03:44:59 GMT: INFO (info): (ticker.c:287)    process: cpu-pct 1403 threads (9,61,113,113) heap-kbytes (7826210,7848276,8066560) heap-efficiency-pct 99.7
Sep 16 2026 03:44:59 GMT: INFO (info): (ticker.c:297)    in-progress: info-q 0 rw-hash 0 proxy-hash 0 tree-gc-q 0 long-queries 0
Sep 16 2026 03:44:59 GMT: INFO (info): (ticker.c:340)    fds: proto (512,12364,11852) heartbeat (0,0,0) fabric (0,0,0) admin (0,0,0)
Sep 16 2026 03:44:59 GMT: INFO (info): (ticker.c:352)    heartbeat-received: self 0 foreign 0
Sep 16 2026 03:44:59 GMT: INFO (info): (ticker.c:378)    fabric-bytes-per-second: bulk (0,0) ctrl (0,0) meta (0,0) rw (0,0)
Sep 16 2026 03:44:59 GMT: INFO (info): (ticker.c:426) {ycsb} objects: all 104893013 master 104893014 prole 0 non-replica 0
Sep 16 2026 03:44:59 GMT: INFO (info): (ticker.c:481) {ycsb} migrations: complete
Sep 16 2026 03:44:59 GMT: INFO (info): (ticker.c:506) {ycsb} index-usage: used-bytes 6713152832
Sep 16 2026 03:44:59 GMT: INFO (info): (ticker.c:559) {ycsb} data-usage: used-bytes 152724235664 avail-pct 82 cache-read-pct 0.00
Sep 16 2026 03:44:59 GMT: INFO (info): (ticker.c:618) {ycsb} client: tsvc (0,0) proxy (0,0,0) read (505607892,0,0,0,0) write (102643053,0,0,0) delete (0,0,0,0,0) udf (0,0,0,0) lang (0,0,0,0)
Sep 16 2026 03:44:59 GMT: INFO (info): (hist.c:319) histogram dump: {ycsb}-read (505607895 total) msec
Sep 16 2026 03:44:59 GMT: INFO (info): (hist.c:330)  (00: 0505054805) (01: 0000534633) (02: 0000017471) (03: 0000000676)
Sep 16 2026 03:44:59 GMT: INFO (info): (hist.c:339)  (04: 0000000043) (05: 0000000095) (06: 0000000172)
Sep 16 2026 03:44:59 GMT: INFO (info): (hist.c:319) histogram dump: {ycsb}-write (102643054 total) msec
Sep 16 2026 03:44:59 GMT: INFO (info): (hist.c:330)  (00: 0102590757) (01: 0000049209) (02: 0000003033) (03: 0000000053)
Sep 16 2026 03:44:59 GMT: INFO (info): (hist.c:339)  (05: 0000000001) (06: 0000000001)
Sep 16 2026 03:44:59 GMT: INFO (deprecation): (thr_info.c:888) (repeated:2560) 'services' info command is deprecated - use 'peers-clear-std' instead
Sep 16 2026 03:45:09 GMT: INFO (info): (ticker.c:169) NODE-ID bb9f1b2523a0d00 CLUSTER-SIZE 1 CLUSTER-NAME ycsb-default-20260916
Sep 16 2026 03:45:09 GMT: INFO (info): (ticker.c:241)    cluster-clock: skew-ms 0
Sep 16 2026 03:45:09 GMT: INFO (info): (ticker.c:265)    system: total-cpu-pct 1584 user-cpu-pct 379 kernel-cpu-pct 1205 free-mem-kbytes 121829132 free-mem-pct 92 thp-mem-kbytes 7462912 host-free-mem-kbytes 121829132 host-free-mem-pct 92
Sep 16 2026 03:45:09 GMT: INFO (info): (ticker.c:287)    process: cpu-pct 1400 threads (9,61,113,113) heap-kbytes (7826212,7848276,8066560) heap-efficiency-pct 99.7
Sep 16 2026 03:45:09 GMT: INFO (info): (ticker.c:297)    in-progress: info-q 0 rw-hash 1 proxy-hash 0 tree-gc-q 0 long-queries 0
Sep 16 2026 03:45:09 GMT: INFO (info): (ticker.c:340)    fds: proto (512,12364,11852) heartbeat (0,0,0) fabric (0,0,0) admin (0,0,0)
Sep 16 2026 03:45:09 GMT: INFO (info): (ticker.c:352)    heartbeat-received: self 0 foreign 0
Sep 16 2026 03:45:09 GMT: INFO (info): (ticker.c:378)    fabric-bytes-per-second: bulk (0,0) ctrl (0,0) meta (0,0) rw (0,0)
Sep 16 2026 03:45:09 GMT: INFO (info): (ticker.c:426) {ycsb} objects: all 105118845 master 105118845 prole 0 non-replica 0
Sep 16 2026 03:45:09 GMT: INFO (info): (ticker.c:481) {ycsb} migrations: complete
Sep 16 2026 03:45:09 GMT: INFO (info): (ticker.c:506) {ycsb} index-usage: used-bytes 6727606080
Sep 16 2026 03:45:09 GMT: INFO (info): (ticker.c:559) {ycsb} data-usage: used-bytes 153053041232 avail-pct 82 cache-read-pct 0.00
Sep 16 2026 03:45:09 GMT: INFO (info): (ticker.c:618) {ycsb} client: tsvc (0,0) proxy (0,0,0) read (509885582,0,0,0,0) write (102868881,0,0,0) delete (0,0,0,0,0) udf (0,0,0,0) lang (0,0,0,0)
Sep 16 2026 03:45:09 GMT: INFO (info): (hist.c:319) histogram dump: {ycsb}-read (509885586 total) msec
Sep 16 2026 03:45:09 GMT: INFO (info): (hist.c:330)  (00: 0509328273) (01: 0000538835) (02: 0000017485) (03: 0000000683)
Sep 16 2026 03:45:09 GMT: INFO (info): (hist.c:339)  (04: 0000000043) (05: 0000000095) (06: 0000000172)
Sep 16 2026 03:45:09 GMT: INFO (info): (hist.c:319) histogram dump: {ycsb}-write (102868887 total) msec
Sep 16 2026 03:45:09 GMT: INFO (info): (hist.c:330)  (00: 0102816524) (01: 0000049274) (02: 0000003033) (03: 0000000054)
Sep 16 2026 03:45:09 GMT: INFO (info): (hist.c:339)  (05: 0000000001) (06: 0000000001)
Sep 16 2026 03:45:09 GMT: INFO (deprecation): (thr_info.c:888) (repeated:2560) 'services' info command is deprecated - use 'peers-clear-std' instead
Sep 16 2026 03:45:19 GMT: INFO (drv_ssd): (drv_ssd.c:2133) {ycsb} /dev/md127p3: used-bytes 153370741888 free-wblocks 108563 write-q 0 write (27422,3.9) defrag-q 0 defrag-read (22277,0.0) defrag-write (9529,0.0)
Sep 16 2026 03:45:19 GMT: INFO (info): (ticker.c:169) NODE-ID bb9f1b2523a0d00 CLUSTER-SIZE 1 CLUSTER-NAME ycsb-default-20260916
Sep 16 2026 03:45:19 GMT: INFO (info): (ticker.c:241)    cluster-clock: skew-ms 0
Sep 16 2026 03:45:19 GMT: INFO (info): (ticker.c:265)    system: total-cpu-pct 1584 user-cpu-pct 380 kernel-cpu-pct 1204 free-mem-kbytes 121808564 free-mem-pct 92 thp-mem-kbytes 7477248 host-free-mem-kbytes 121808564 host-free-mem-pct 92
Sep 16 2026 03:45:19 GMT: INFO (info): (ticker.c:287)    process: cpu-pct 1392 threads (9,61,113,113) heap-kbytes (7826213,7848276,8066560) heap-efficiency-pct 99.7
Sep 16 2026 03:45:19 GMT: INFO (info): (ticker.c:297)    in-progress: info-q 0 rw-hash 0 proxy-hash 0 tree-gc-q 0 long-queries 0
Sep 16 2026 03:45:19 GMT: INFO (info): (ticker.c:340)    fds: proto (512,12364,11852) heartbeat (0,0,0) fabric (0,0,0) admin (0,0,0)
Sep 16 2026 03:45:19 GMT: INFO (info): (ticker.c:352)    heartbeat-received: self 0 foreign 0
Sep 16 2026 03:45:19 GMT: INFO (info): (ticker.c:378)    fabric-bytes-per-second: bulk (0,0) ctrl (0,0) meta (0,0) rw (0,0)
Sep 16 2026 03:45:19 GMT: INFO (info): (ticker.c:426) {ycsb} objects: all 105342640 master 105342640 prole 0 non-replica 0
Sep 16 2026 03:45:19 GMT: INFO (info): (ticker.c:481) {ycsb} migrations: complete
Sep 16 2026 03:45:19 GMT: INFO (info): (ticker.c:506) {ycsb} index-usage: used-bytes 6741928960
Sep 16 2026 03:45:19 GMT: INFO (info): (ticker.c:559) {ycsb} data-usage: used-bytes 153378886752 avail-pct 82 cache-read-pct 0.00
Sep 16 2026 03:45:19 GMT: INFO (info): (ticker.c:618) {ycsb} client: tsvc (0,0) proxy (0,0,0) read (514139620,0,0,0,0) write (103092675,0,0,0) delete (0,0,0,0,0) udf (0,0,0,0) lang (0,0,0,0)
Sep 16 2026 03:45:19 GMT: INFO (info): (hist.c:319) histogram dump: {ycsb}-read (514139622 total) msec
Sep 16 2026 03:45:19 GMT: INFO (info): (hist.c:330)  (00: 0513576374) (01: 0000544672) (02: 0000017563) (03: 0000000701)
Sep 16 2026 03:45:19 GMT: INFO (info): (hist.c:339)  (04: 0000000045) (05: 0000000095) (06: 0000000172)
Sep 16 2026 03:45:19 GMT: INFO (info): (hist.c:319) histogram dump: {ycsb}-write (103092675 total) msec
Sep 16 2026 03:45:19 GMT: INFO (info): (hist.c:330)  (00: 0103040212) (01: 0000049368) (02: 0000003037) (03: 0000000056)
Sep 16 2026 03:45:19 GMT: INFO (info): (hist.c:339)  (05: 0000000001) (06: 0000000001)
Sep 16 2026 03:45:19 GMT: INFO (deprecation): (thr_info.c:888) (repeated:2560) 'services' info command is deprecated - use 'peers-clear-std' instead
Sep 16 2026 03:45:29 GMT: INFO (info): (ticker.c:169) NODE-ID bb9f1b2523a0d00 CLUSTER-SIZE 1 CLUSTER-NAME ycsb-default-20260916
Sep 16 2026 03:45:29 GMT: INFO (info): (ticker.c:241)    cluster-clock: skew-ms 0
Sep 16 2026 03:45:29 GMT: INFO (info): (ticker.c:265)    system: total-cpu-pct 1583 user-cpu-pct 384 kernel-cpu-pct 1199 free-mem-kbytes 121801704 free-mem-pct 92 thp-mem-kbytes 7489536 host-free-mem-kbytes 121801704 host-free-mem-pct 92
Sep 16 2026 03:45:29 GMT: INFO (info): (ticker.c:287)    process: cpu-pct 1392 threads (9,61,113,113) heap-kbytes (7826207,7848276,8066560) heap-efficiency-pct 99.7
Sep 16 2026 03:45:29 GMT: INFO (info): (ticker.c:297)    in-progress: info-q 0 rw-hash 0 proxy-hash 0 tree-gc-q 0 long-queries 0
Sep 16 2026 03:45:29 GMT: INFO (info): (ticker.c:340)    fds: proto (512,12364,11852) heartbeat (0,0,0) fabric (0,0,0) admin (0,0,0)
Sep 16 2026 03:45:29 GMT: INFO (info): (ticker.c:352)    heartbeat-received: self 0 foreign 0
Sep 16 2026 03:45:29 GMT: INFO (info): (ticker.c:378)    fabric-bytes-per-second: bulk (0,0) ctrl (0,0) meta (0,0) rw (0,0)
Sep 16 2026 03:45:29 GMT: INFO (info): (ticker.c:426) {ycsb} objects: all 105566358 master 105566360 prole 0 non-replica 0
Sep 16 2026 03:45:29 GMT: INFO (info): (ticker.c:481) {ycsb} migrations: complete
Sep 16 2026 03:45:29 GMT: INFO (info): (ticker.c:506) {ycsb} index-usage: used-bytes 6756246912
Sep 16 2026 03:45:29 GMT: INFO (info): (ticker.c:559) {ycsb} data-usage: used-bytes 153704623072 avail-pct 82 cache-read-pct 0.00
Sep 16 2026 03:45:29 GMT: INFO (info): (ticker.c:618) {ycsb} client: tsvc (0,0) proxy (0,0,0) read (518400195,0,0,0,0) write (103316395,0,0,0) delete (0,0,0,0,0) udf (0,0,0,0) lang (0,0,0,0)
Sep 16 2026 03:45:29 GMT: INFO (info): (hist.c:319) histogram dump: {ycsb}-read (518400201 total) msec
Sep 16 2026 03:45:29 GMT: INFO (info): (hist.c:330)  (00: 0517831632) (01: 0000549980) (02: 0000017575) (03: 0000000702)
Sep 16 2026 03:45:29 GMT: INFO (info): (hist.c:339)  (04: 0000000045) (05: 0000000095) (06: 0000000172)
Sep 16 2026 03:45:29 GMT: INFO (info): (hist.c:319) histogram dump: {ycsb}-write (103316397 total) msec
Sep 16 2026 03:45:29 GMT: INFO (info): (hist.c:330)  (00: 0103263849) (01: 0000049452) (02: 0000003038) (03: 0000000056)
Sep 16 2026 03:45:29 GMT: INFO (info): (hist.c:339)  (05: 0000000001) (06: 0000000001)
Sep 16 2026 03:45:29 GMT: INFO (deprecation): (thr_info.c:888) (repeated:2560) 'services' info command is deprecated - use 'peers-clear-std' instead
Sep 16 2026 03:45:39 GMT: INFO (drv_ssd): (drv_ssd.c:2133) {ycsb} /dev/md127p3: used-bytes 154022575616 free-wblocks 108485 write-q 0 write (27500,3.9) defrag-q 0 defrag-read (22277,0.0) defrag-write (9529,0.0)
Sep 16 2026 03:45:39 GMT: INFO (info): (ticker.c:169) NODE-ID bb9f1b2523a0d00 CLUSTER-SIZE 1 CLUSTER-NAME ycsb-default-20260916
Sep 16 2026 03:45:39 GMT: INFO (info): (ticker.c:241)    cluster-clock: skew-ms 0
Sep 16 2026 03:45:39 GMT: INFO (info): (ticker.c:265)    system: total-cpu-pct 1583 user-cpu-pct 383 kernel-cpu-pct 1200 free-mem-kbytes 121782468 free-mem-pct 92 thp-mem-kbytes 7505920 host-free-mem-kbytes 121782468 host-free-mem-pct 92
Sep 16 2026 03:45:39 GMT: INFO (info): (ticker.c:287)    process: cpu-pct 1391 threads (9,61,113,113) heap-kbytes (7826200,7848276,8066560) heap-efficiency-pct 99.7
Sep 16 2026 03:45:39 GMT: INFO (info): (ticker.c:297)    in-progress: info-q 0 rw-hash 1 proxy-hash 0 tree-gc-q 0 long-queries 0
Sep 16 2026 03:45:39 GMT: INFO (info): (ticker.c:340)    fds: proto (512,12364,11852) heartbeat (0,0,0) fabric (0,0,0) admin (0,0,0)
Sep 16 2026 03:45:39 GMT: INFO (info): (ticker.c:352)    heartbeat-received: self 0 foreign 0
Sep 16 2026 03:45:39 GMT: INFO (info): (ticker.c:378)    fabric-bytes-per-second: bulk (0,0) ctrl (0,0) meta (0,0) rw (0,0)
Sep 16 2026 03:45:39 GMT: INFO (info): (ticker.c:426) {ycsb} objects: all 105790360 master 105790362 prole 0 non-replica 0
Sep 16 2026 03:45:39 GMT: INFO (info): (ticker.c:481) {ycsb} migrations: complete
Sep 16 2026 03:45:39 GMT: INFO (info): (ticker.c:506) {ycsb} index-usage: used-bytes 6770583040
Sep 16 2026 03:45:39 GMT: INFO (info): (ticker.c:559) {ycsb} data-usage: used-bytes 154030769984 avail-pct 82 cache-read-pct 0.00
Sep 16 2026 03:45:39 GMT: INFO (info): (ticker.c:618) {ycsb} client: tsvc (0,0) proxy (0,0,0) read (522657800,0,0,0,0) write (103540398,0,0,0) delete (0,0,0,0,0) udf (0,0,0,0) lang (0,0,0,0)
Sep 16 2026 03:45:39 GMT: INFO (info): (hist.c:319) histogram dump: {ycsb}-read (522657804 total) msec
Sep 16 2026 03:45:39 GMT: INFO (info): (hist.c:330)  (00: 0522084008) (01: 0000555170) (02: 0000017611) (03: 0000000703)
Sep 16 2026 03:45:39 GMT: INFO (info): (hist.c:339)  (04: 0000000045) (05: 0000000095) (06: 0000000172)
Sep 16 2026 03:45:39 GMT: INFO (info): (hist.c:319) histogram dump: {ycsb}-write (103540398 total) msec
Sep 16 2026 03:45:39 GMT: INFO (info): (hist.c:330)  (00: 0103487789) (01: 0000049511) (02: 0000003040) (03: 0000000056)
Sep 16 2026 03:45:39 GMT: INFO (info): (hist.c:339)  (05: 0000000001) (06: 0000000001)
Sep 16 2026 03:45:39 GMT: INFO (deprecation): (thr_info.c:888) (repeated:2560) 'services' info command is deprecated - use 'peers-clear-std' instead
Sep 16 2026 03:45:49 GMT: INFO (info): (ticker.c:169) NODE-ID bb9f1b2523a0d00 CLUSTER-SIZE 1 CLUSTER-NAME ycsb-default-20260916
Sep 16 2026 03:45:49 GMT: INFO (info): (ticker.c:241)    cluster-clock: skew-ms 0
Sep 16 2026 03:45:49 GMT: INFO (info): (ticker.c:265)    system: total-cpu-pct 1583 user-cpu-pct 381 kernel-cpu-pct 1202 free-mem-kbytes 121764816 free-mem-pct 92 thp-mem-kbytes 7518208 host-free-mem-kbytes 121764816 host-free-mem-pct 92
Sep 16 2026 03:45:49 GMT: INFO (info): (ticker.c:287)    process: cpu-pct 1390 threads (9,61,113,113) heap-kbytes (7826205,7848276,8066560) heap-efficiency-pct 99.7
Sep 16 2026 03:45:49 GMT: INFO (info): (ticker.c:297)    in-progress: info-q 0 rw-hash 0 proxy-hash 0 tree-gc-q 0 long-queries 0
Sep 16 2026 03:45:49 GMT: INFO (info): (ticker.c:340)    fds: proto (512,12364,11852) heartbeat (0,0,0) fabric (0,0,0) admin (0,0,0)
Sep 16 2026 03:45:49 GMT: INFO (info): (ticker.c:352)    heartbeat-received: self 0 foreign 0
Sep 16 2026 03:45:49 GMT: INFO (info): (ticker.c:378)    fabric-bytes-per-second: bulk (0,0) ctrl (0,0) meta (0,0) rw (0,0)
Sep 16 2026 03:45:49 GMT: INFO (info): (ticker.c:426) {ycsb} objects: all 106014563 master 106014565 prole 0 non-replica 0
Sep 16 2026 03:45:49 GMT: INFO (info): (ticker.c:481) {ycsb} migrations: complete
Sep 16 2026 03:45:49 GMT: INFO (info): (ticker.c:506) {ycsb} index-usage: used-bytes 6784932032
Sep 16 2026 03:45:49 GMT: INFO (info): (ticker.c:559) {ycsb} data-usage: used-bytes 154357215376 avail-pct 82 cache-read-pct 0.00
Sep 16 2026 03:45:49 GMT: INFO (info): (ticker.c:618) {ycsb} client: tsvc (0,0) proxy (0,0,0) read (526919061,0,0,0,0) write (103764605,0,0,0) delete (0,0,0,0,0) udf (0,0,0,0) lang (0,0,0,0)
Sep 16 2026 03:45:49 GMT: INFO (info): (hist.c:319) histogram dump: {ycsb}-read (526919066 total) msec
Sep 16 2026 03:45:49 GMT: INFO (info): (hist.c:330)  (00: 0526340304) (01: 0000560132) (02: 0000017615) (03: 0000000703)
Sep 16 2026 03:45:49 GMT: INFO (info): (hist.c:339)  (04: 0000000045) (05: 0000000095) (06: 0000000172)
Sep 16 2026 03:45:49 GMT: INFO (info): (hist.c:319) histogram dump: {ycsb}-write (103764605 total) msec
Sep 16 2026 03:45:49 GMT: INFO (info): (hist.c:330)  (00: 0103711930) (01: 0000049577) (02: 0000003040) (03: 0000000056)
Sep 16 2026 03:45:49 GMT: INFO (info): (hist.c:339)  (05: 0000000001) (06: 0000000001)
Sep 16 2026 03:45:49 GMT: INFO (deprecation): (thr_info.c:888) (repeated:2560) 'services' info command is deprecated - use 'peers-clear-std' instead
Sep 16 2026 03:45:59 GMT: INFO (drv_ssd): (drv_ssd.c:2133) {ycsb} /dev/md127p3: used-bytes 154677656224 free-wblocks 108407 write-q 0 write (27578,3.9) defrag-q 0 defrag-read (22277,0.0) defrag-write (9529,0.0)
Sep 16 2026 03:45:59 GMT: INFO (info): (ticker.c:169) NODE-ID bb9f1b2523a0d00 CLUSTER-SIZE 1 CLUSTER-NAME ycsb-default-20260916
Sep 16 2026 03:45:59 GMT: INFO (info): (ticker.c:241)    cluster-clock: skew-ms 0
Sep 16 2026 03:45:59 GMT: INFO (info): (ticker.c:265)    system: total-cpu-pct 1583 user-cpu-pct 378 kernel-cpu-pct 1205 free-mem-kbytes 121753592 free-mem-pct 92 thp-mem-kbytes 7532544 host-free-mem-kbytes 121753592 host-free-mem-pct 92
Sep 16 2026 03:45:59 GMT: INFO (info): (ticker.c:287)    process: cpu-pct 1393 threads (9,61,113,113) heap-kbytes (7826205,7848276,8066560) heap-efficiency-pct 99.7
Sep 16 2026 03:45:59 GMT: INFO (info): (ticker.c:297)    in-progress: info-q 0 rw-hash 0 proxy-hash 0 tree-gc-q 0 long-queries 0
Sep 16 2026 03:45:59 GMT: INFO (info): (ticker.c:340)    fds: proto (512,12364,11852) heartbeat (0,0,0) fabric (0,0,0) admin (0,0,0)
Sep 16 2026 03:45:59 GMT: INFO (info): (ticker.c:352)    heartbeat-received: self 0 foreign 0
Sep 16 2026 03:45:59 GMT: INFO (info): (ticker.c:378)    fabric-bytes-per-second: bulk (0,0) ctrl (0,0) meta (0,0) rw (0,0)
Sep 16 2026 03:45:59 GMT: INFO (info): (ticker.c:426) {ycsb} objects: all 106240551 master 106240555 prole 0 non-replica 0
Sep 16 2026 03:45:59 GMT: INFO (info): (ticker.c:481) {ycsb} migrations: complete
Sep 16 2026 03:45:59 GMT: INFO (info): (ticker.c:506) {ycsb} index-usage: used-bytes 6799395264
Sep 16 2026 03:45:59 GMT: INFO (info): (ticker.c:559) {ycsb} data-usage: used-bytes 154686250992 avail-pct 82 cache-read-pct 0.00
Sep 16 2026 03:45:59 GMT: INFO (info): (ticker.c:618) {ycsb} client: tsvc (0,0) proxy (0,0,0) read (531189778,0,0,0,0) write (103990591,0,0,0) delete (0,0,0,0,0) udf (0,0,0,0) lang (0,0,0,0)
Sep 16 2026 03:45:59 GMT: INFO (info): (hist.c:319) histogram dump: {ycsb}-read (531189780 total) msec
Sep 16 2026 03:45:59 GMT: INFO (info): (hist.c:330)  (00: 0530606479) (01: 0000564668) (02: 0000017618) (03: 0000000703)
Sep 16 2026 03:45:59 GMT: INFO (info): (hist.c:339)  (04: 0000000045) (05: 0000000095) (06: 0000000172)
Sep 16 2026 03:45:59 GMT: INFO (info): (hist.c:319) histogram dump: {ycsb}-write (103990591 total) msec
Sep 16 2026 03:45:59 GMT: INFO (info): (hist.c:330)  (00: 0103937844) (01: 0000049649) (02: 0000003040) (03: 0000000056)
Sep 16 2026 03:45:59 GMT: INFO (info): (hist.c:339)  (05: 0000000001) (06: 0000000001)
Sep 16 2026 03:45:59 GMT: INFO (deprecation): (thr_info.c:888) (repeated:2560) 'services' info command is deprecated - use 'peers-clear-std' instead
Sep 16 2026 03:46:09 GMT: INFO (info): (ticker.c:169) NODE-ID bb9f1b2523a0d00 CLUSTER-SIZE 1 CLUSTER-NAME ycsb-default-20260916
Sep 16 2026 03:46:09 GMT: INFO (info): (ticker.c:241)    cluster-clock: skew-ms 0
Sep 16 2026 03:46:09 GMT: INFO (info): (ticker.c:265)    system: total-cpu-pct 1584 user-cpu-pct 379 kernel-cpu-pct 1205 free-mem-kbytes 121731148 free-mem-pct 92 thp-mem-kbytes 7548928 host-free-mem-kbytes 121731148 host-free-mem-pct 92
Sep 16 2026 03:46:09 GMT: INFO (info): (ticker.c:287)    process: cpu-pct 1394 threads (9,61,113,113) heap-kbytes (7826206,7848276,8066560) heap-efficiency-pct 99.7
Sep 16 2026 03:46:09 GMT: INFO (info): (ticker.c:297)    in-progress: info-q 0 rw-hash 3 proxy-hash 0 tree-gc-q 0 long-queries 0
Sep 16 2026 03:46:09 GMT: INFO (info): (ticker.c:340)    fds: proto (512,12364,11852) heartbeat (0,0,0) fabric (0,0,0) admin (0,0,0)
Sep 16 2026 03:46:09 GMT: INFO (info): (ticker.c:352)    heartbeat-received: self 0 foreign 0
Sep 16 2026 03:46:09 GMT: INFO (info): (ticker.c:378)    fabric-bytes-per-second: bulk (0,0) ctrl (0,0) meta (0,0) rw (0,0)
Sep 16 2026 03:46:09 GMT: INFO (info): (ticker.c:426) {ycsb} objects: all 106465726 master 106465727 prole 0 non-replica 0
Sep 16 2026 03:46:09 GMT: INFO (info): (ticker.c:481) {ycsb} migrations: complete
Sep 16 2026 03:46:09 GMT: INFO (info): (ticker.c:506) {ycsb} index-usage: used-bytes 6813806464
Sep 16 2026 03:46:09 GMT: INFO (info): (ticker.c:559) {ycsb} data-usage: used-bytes 155014099968 avail-pct 82 cache-read-pct 0.00
Sep 16 2026 03:46:09 GMT: INFO (info): (ticker.c:618) {ycsb} client: tsvc (0,0) proxy (0,0,0) read (535461161,0,0,0,0) write (104215762,0,0,0) delete (0,0,0,0,0) udf (0,0,0,0) lang (0,0,0,0)
Sep 16 2026 03:46:09 GMT: INFO (info): (hist.c:319) histogram dump: {ycsb}-read (535461162 total) msec
Sep 16 2026 03:46:09 GMT: INFO (info): (hist.c:330)  (00: 0534873295) (01: 0000569216) (02: 0000017632) (03: 0000000707)
Sep 16 2026 03:46:09 GMT: INFO (info): (hist.c:339)  (04: 0000000045) (05: 0000000095) (06: 0000000172)
Sep 16 2026 03:46:09 GMT: INFO (info): (hist.c:319) histogram dump: {ycsb}-write (104215762 total) msec
Sep 16 2026 03:46:09 GMT: INFO (info): (hist.c:330)  (00: 0104162936) (01: 0000049725) (02: 0000003043) (03: 0000000056)
Sep 16 2026 03:46:09 GMT: INFO (info): (hist.c:339)  (05: 0000000001) (06: 0000000001)
Sep 16 2026 03:46:09 GMT: INFO (deprecation): (thr_info.c:888) (repeated:2560) 'services' info command is deprecated - use 'peers-clear-std' instead
Sep 16 2026 03:46:19 GMT: INFO (drv_ssd): (drv_ssd.c:2133) {ycsb} /dev/md127p3: used-bytes 155331317232 free-wblocks 108329 write-q 0 write (27656,3.9) defrag-q 0 defrag-read (22277,0.0) defrag-write (9529,0.0)
Sep 16 2026 03:46:19 GMT: INFO (info): (ticker.c:169) NODE-ID bb9f1b2523a0d00 CLUSTER-SIZE 1 CLUSTER-NAME ycsb-default-20260916
Sep 16 2026 03:46:19 GMT: INFO (info): (ticker.c:241)    cluster-clock: skew-ms 0
Sep 16 2026 03:46:19 GMT: INFO (info): (ticker.c:265)    system: total-cpu-pct 1583 user-cpu-pct 383 kernel-cpu-pct 1200 free-mem-kbytes 121724260 free-mem-pct 92 thp-mem-kbytes 7561216 host-free-mem-kbytes 121724260 host-free-mem-pct 92
Sep 16 2026 03:46:19 GMT: INFO (info): (ticker.c:287)    process: cpu-pct 1388 threads (9,61,113,113) heap-kbytes (7826211,7848276,8066560) heap-efficiency-pct 99.7
Sep 16 2026 03:46:19 GMT: INFO (info): (ticker.c:297)    in-progress: info-q 0 rw-hash 0 proxy-hash 0 tree-gc-q 0 long-queries 0
Sep 16 2026 03:46:19 GMT: INFO (info): (ticker.c:340)    fds: proto (512,12364,11852) heartbeat (0,0,0) fabric (0,0,0) admin (0,0,0)
Sep 16 2026 03:46:19 GMT: INFO (info): (ticker.c:352)    heartbeat-received: self 0 foreign 0
Sep 16 2026 03:46:19 GMT: INFO (info): (ticker.c:378)    fabric-bytes-per-second: bulk (0,0) ctrl (0,0) meta (0,0) rw (0,0)
Sep 16 2026 03:46:19 GMT: INFO (info): (ticker.c:426) {ycsb} objects: all 106689359 master 106689361 prole 0 non-replica 0
Sep 16 2026 03:46:19 GMT: INFO (info): (ticker.c:481) {ycsb} migrations: complete
Sep 16 2026 03:46:19 GMT: INFO (info): (ticker.c:506) {ycsb} index-usage: used-bytes 6828118976
Sep 16 2026 03:46:19 GMT: INFO (info): (ticker.c:559) {ycsb} data-usage: used-bytes 155339711072 avail-pct 82 cache-read-pct 0.00
Sep 16 2026 03:46:19 GMT: INFO (info): (ticker.c:618) {ycsb} client: tsvc (0,0) proxy (0,0,0) read (539705859,0,0,0,0) write (104439396,0,0,0) delete (0,0,0,0,0) udf (0,0,0,0) lang (0,0,0,0)
Sep 16 2026 03:46:19 GMT: INFO (info): (hist.c:319) histogram dump: {ycsb}-read (539705861 total) msec
Sep 16 2026 03:46:19 GMT: INFO (info): (hist.c:330)  (00: 0539111753) (01: 0000575392) (02: 0000017696) (03: 0000000708)
Sep 16 2026 03:46:19 GMT: INFO (info): (hist.c:339)  (04: 0000000045) (05: 0000000095) (06: 0000000172)
Sep 16 2026 03:46:19 GMT: INFO (info): (hist.c:319) histogram dump: {ycsb}-write (104439397 total) msec
Sep 16 2026 03:46:19 GMT: INFO (info): (hist.c:330)  (00: 0104386481) (01: 0000049815) (02: 0000003043) (03: 0000000056)
Sep 16 2026 03:46:19 GMT: INFO (info): (hist.c:339)  (05: 0000000001) (06: 0000000001)
Sep 16 2026 03:46:19 GMT: INFO (deprecation): (thr_info.c:888) (repeated:2560) 'services' info command is deprecated - use 'peers-clear-std' instead
Sep 16 2026 03:46:29 GMT: INFO (info): (ticker.c:169) NODE-ID bb9f1b2523a0d00 CLUSTER-SIZE 1 CLUSTER-NAME ycsb-default-20260916
Sep 16 2026 03:46:29 GMT: INFO (info): (ticker.c:241)    cluster-clock: skew-ms 0
Sep 16 2026 03:46:29 GMT: INFO (info): (ticker.c:265)    system: total-cpu-pct 1584 user-cpu-pct 386 kernel-cpu-pct 1198 free-mem-kbytes 121722416 free-mem-pct 92 thp-mem-kbytes 7571456 host-free-mem-kbytes 121722416 host-free-mem-pct 92
Sep 16 2026 03:46:29 GMT: INFO (info): (ticker.c:287)    process: cpu-pct 1390 threads (9,61,113,113) heap-kbytes (7826195,7848276,8066560) heap-efficiency-pct 99.7
Sep 16 2026 03:46:29 GMT: INFO (info): (ticker.c:297)    in-progress: info-q 0 rw-hash 0 proxy-hash 0 tree-gc-q 0 long-queries 0
Sep 16 2026 03:46:29 GMT: INFO (info): (ticker.c:340)    fds: proto (512,12364,11852) heartbeat (0,0,0) fabric (0,0,0) admin (0,0,0)
Sep 16 2026 03:46:29 GMT: INFO (info): (ticker.c:352)    heartbeat-received: self 0 foreign 0
Sep 16 2026 03:46:29 GMT: INFO (info): (ticker.c:378)    fabric-bytes-per-second: bulk (0,0) ctrl (0,0) meta (0,0) rw (0,0)
Sep 16 2026 03:46:29 GMT: INFO (info): (ticker.c:426) {ycsb} objects: all 106913760 master 106913762 prole 0 non-replica 0
Sep 16 2026 03:46:29 GMT: INFO (info): (ticker.c:481) {ycsb} migrations: complete
Sep 16 2026 03:46:29 GMT: INFO (info): (ticker.c:506) {ycsb} index-usage: used-bytes 6842480640
Sep 16 2026 03:46:29 GMT: INFO (info): (ticker.c:559) {ycsb} data-usage: used-bytes 155666437472 avail-pct 82 cache-read-pct 0.00
Sep 16 2026 03:46:29 GMT: INFO (info): (ticker.c:618) {ycsb} client: tsvc (0,0) proxy (0,0,0) read (543968045,0,0,0,0) write (104663796,0,0,0) delete (0,0,0,0,0) udf (0,0,0,0) lang (0,0,0,0)
Sep 16 2026 03:46:29 GMT: INFO (info): (hist.c:319) histogram dump: {ycsb}-read (543968046 total) msec
Sep 16 2026 03:46:29 GMT: INFO (info): (hist.c:330)  (00: 0543369124) (01: 0000580197) (02: 0000017705) (03: 0000000708)
Sep 16 2026 03:46:29 GMT: INFO (info): (hist.c:339)  (04: 0000000045) (05: 0000000095) (06: 0000000172)
Sep 16 2026 03:46:29 GMT: INFO (info): (hist.c:319) histogram dump: {ycsb}-write (104663797 total) msec
Sep 16 2026 03:46:29 GMT: INFO (info): (hist.c:330)  (00: 0104610822) (01: 0000049874) (02: 0000003043) (03: 0000000056)
Sep 16 2026 03:46:29 GMT: INFO (info): (hist.c:339)  (05: 0000000001) (06: 0000000001)
Sep 16 2026 03:46:29 GMT: INFO (deprecation): (thr_info.c:888) (repeated:2560) 'services' info command is deprecated - use 'peers-clear-std' instead
Sep 16 2026 03:46:39 GMT: INFO (drv_ssd): (drv_ssd.c:2133) {ycsb} /dev/md127p3: used-bytes 155984330320 free-wblocks 108251 write-q 0 write (27734,3.9) defrag-q 0 defrag-read (22277,0.0) defrag-write (9529,0.0)
Sep 16 2026 03:46:39 GMT: INFO (info): (ticker.c:169) NODE-ID bb9f1b2523a0d00 CLUSTER-SIZE 1 CLUSTER-NAME ycsb-default-20260916
Sep 16 2026 03:46:39 GMT: INFO (info): (ticker.c:241)    cluster-clock: skew-ms 0
Sep 16 2026 03:46:39 GMT: INFO (info): (ticker.c:265)    system: total-cpu-pct 1584 user-cpu-pct 382 kernel-cpu-pct 1202 free-mem-kbytes 121702936 free-mem-pct 92 thp-mem-kbytes 7587840 host-free-mem-kbytes 121702936 host-free-mem-pct 92
Sep 16 2026 03:46:39 GMT: INFO (info): (ticker.c:287)    process: cpu-pct 1390 threads (9,61,113,113) heap-kbytes (7826213,7848276,8066560) heap-efficiency-pct 99.7
Sep 16 2026 03:46:39 GMT: INFO (info): (ticker.c:297)    in-progress: info-q 0 rw-hash 0 proxy-hash 0 tree-gc-q 0 long-queries 0
Sep 16 2026 03:46:39 GMT: INFO (info): (ticker.c:340)    fds: proto (512,12364,11852) heartbeat (0,0,0) fabric (0,0,0) admin (0,0,0)
Sep 16 2026 03:46:39 GMT: INFO (info): (ticker.c:352)    heartbeat-received: self 0 foreign 0
Sep 16 2026 03:46:39 GMT: INFO (info): (ticker.c:378)    fabric-bytes-per-second: bulk (0,0) ctrl (0,0) meta (0,0) rw (0,0)
Sep 16 2026 03:46:39 GMT: INFO (info): (ticker.c:426) {ycsb} objects: all 107137914 master 107137916 prole 0 non-replica 0
Sep 16 2026 03:46:39 GMT: INFO (info): (ticker.c:481) {ycsb} migrations: complete
Sep 16 2026 03:46:39 GMT: INFO (info): (ticker.c:506) {ycsb} index-usage: used-bytes 6856826496
Sep 16 2026 03:46:39 GMT: INFO (info): (ticker.c:559) {ycsb} data-usage: used-bytes 155992805696 avail-pct 82 cache-read-pct 0.00
Sep 16 2026 03:46:39 GMT: INFO (info): (ticker.c:618) {ycsb} client: tsvc (0,0) proxy (0,0,0) read (548227944,0,0,0,0) write (104887950,0,0,0) delete (0,0,0,0,0) udf (0,0,0,0) lang (0,0,0,0)
Sep 16 2026 03:46:39 GMT: INFO (info): (hist.c:319) histogram dump: {ycsb}-read (548227951 total) msec
Sep 16 2026 03:46:39 GMT: INFO (info): (hist.c:330)  (00: 0547624000) (01: 0000585205) (02: 0000017719) (03: 0000000715)
Sep 16 2026 03:46:39 GMT: INFO (info): (hist.c:339)  (04: 0000000045) (05: 0000000095) (06: 0000000172)
Sep 16 2026 03:46:39 GMT: INFO (info): (hist.c:319) histogram dump: {ycsb}-write (104887950 total) msec
Sep 16 2026 03:46:39 GMT: INFO (info): (hist.c:330)  (00: 0104834904) (01: 0000049942) (02: 0000003046) (03: 0000000056)
Sep 16 2026 03:46:39 GMT: INFO (info): (hist.c:339)  (05: 0000000001) (06: 0000000001)
Sep 16 2026 03:46:39 GMT: INFO (deprecation): (thr_info.c:888) (repeated:2560) 'services' info command is deprecated - use 'peers-clear-std' instead
Sep 16 2026 03:46:49 GMT: INFO (info): (ticker.c:169) NODE-ID bb9f1b2523a0d00 CLUSTER-SIZE 1 CLUSTER-NAME ycsb-default-20260916
Sep 16 2026 03:46:49 GMT: INFO (info): (ticker.c:241)    cluster-clock: skew-ms 0
Sep 16 2026 03:46:49 GMT: INFO (info): (ticker.c:265)    system: total-cpu-pct 1584 user-cpu-pct 376 kernel-cpu-pct 1208 free-mem-kbytes 121689704 free-mem-pct 92 thp-mem-kbytes 7602176 host-free-mem-kbytes 121689704 host-free-mem-pct 92
Sep 16 2026 03:46:49 GMT: INFO (info): (ticker.c:287)    process: cpu-pct 1392 threads (9,61,113,113) heap-kbytes (7826201,7848276,8066560) heap-efficiency-pct 99.7
Sep 16 2026 03:46:49 GMT: INFO (info): (ticker.c:297)    in-progress: info-q 0 rw-hash 1 proxy-hash 0 tree-gc-q 0 long-queries 0
Sep 16 2026 03:46:49 GMT: INFO (info): (ticker.c:340)    fds: proto (512,12364,11852) heartbeat (0,0,0) fabric (0,0,0) admin (0,0,0)
Sep 16 2026 03:46:49 GMT: INFO (info): (ticker.c:352)    heartbeat-received: self 0 foreign 0
Sep 16 2026 03:46:49 GMT: INFO (info): (ticker.c:378)    fabric-bytes-per-second: bulk (0,0) ctrl (0,0) meta (0,0) rw (0,0)
Sep 16 2026 03:46:49 GMT: INFO (info): (ticker.c:426) {ycsb} objects: all 107363421 master 107363424 prole 0 non-replica 0
Sep 16 2026 03:46:49 GMT: INFO (info): (ticker.c:481) {ycsb} migrations: complete
Sep 16 2026 03:46:49 GMT: INFO (info): (ticker.c:506) {ycsb} index-usage: used-bytes 6871258944
Sep 16 2026 03:46:49 GMT: INFO (info): (ticker.c:559) {ycsb} data-usage: used-bytes 156321146800 avail-pct 82 cache-read-pct 0.00
Sep 16 2026 03:46:49 GMT: INFO (info): (ticker.c:618) {ycsb} client: tsvc (0,0) proxy (0,0,0) read (552496320,0,0,0,0) write (105113459,0,0,0) delete (0,0,0,0,0) udf (0,0,0,0) lang (0,0,0,0)
Sep 16 2026 03:46:49 GMT: INFO (info): (hist.c:319) histogram dump: {ycsb}-read (552496323 total) msec
Sep 16 2026 03:46:49 GMT: INFO (info): (hist.c:330)  (00: 0551888156) (01: 0000589418) (02: 0000017722) (03: 0000000715)
Sep 16 2026 03:46:49 GMT: INFO (info): (hist.c:339)  (04: 0000000045) (05: 0000000095) (06: 0000000172)
Sep 16 2026 03:46:49 GMT: INFO (info): (hist.c:319) histogram dump: {ycsb}-write (105113459 total) msec
Sep 16 2026 03:46:49 GMT: INFO (info): (hist.c:330)  (00: 0105060356) (01: 0000049999) (02: 0000003046) (03: 0000000056)
Sep 16 2026 03:46:49 GMT: INFO (info): (hist.c:339)  (05: 0000000001) (06: 0000000001)
Sep 16 2026 03:46:49 GMT: INFO (deprecation): (thr_info.c:888) (repeated:2560) 'services' info command is deprecated - use 'peers-clear-std' instead
Sep 16 2026 03:46:59 GMT: INFO (drv_ssd): (drv_ssd.c:2133) {ycsb} /dev/md127p3: used-bytes 156639654080 free-wblocks 108173 write-q 0 write (27812,3.9) defrag-q 0 defrag-read (22277,0.0) defrag-write (9529,0.0)
Sep 16 2026 03:46:59 GMT: INFO (info): (ticker.c:169) NODE-ID bb9f1b2523a0d00 CLUSTER-SIZE 1 CLUSTER-NAME ycsb-default-20260916
Sep 16 2026 03:46:59 GMT: INFO (info): (ticker.c:241)    cluster-clock: skew-ms 0
Sep 16 2026 03:46:59 GMT: INFO (info): (ticker.c:265)    system: total-cpu-pct 1584 user-cpu-pct 380 kernel-cpu-pct 1204 free-mem-kbytes 121671232 free-mem-pct 92 thp-mem-kbytes 7618560 host-free-mem-kbytes 121671232 host-free-mem-pct 92
Sep 16 2026 03:46:59 GMT: INFO (info): (ticker.c:287)    process: cpu-pct 1397 threads (9,61,113,113) heap-kbytes (7826203,7848276,8066560) heap-efficiency-pct 99.7
Sep 16 2026 03:46:59 GMT: INFO (info): (ticker.c:297)    in-progress: info-q 0 rw-hash 1 proxy-hash 0 tree-gc-q 0 long-queries 0
Sep 16 2026 03:46:59 GMT: INFO (info): (ticker.c:340)    fds: proto (512,12364,11852) heartbeat (0,0,0) fabric (0,0,0) admin (0,0,0)
Sep 16 2026 03:46:59 GMT: INFO (info): (ticker.c:352)    heartbeat-received: self 0 foreign 0
Sep 16 2026 03:46:59 GMT: INFO (info): (ticker.c:378)    fabric-bytes-per-second: bulk (0,0) ctrl (0,0) meta (0,0) rw (0,0)
Sep 16 2026 03:46:59 GMT: INFO (info): (ticker.c:426) {ycsb} objects: all 107587993 master 107587995 prole 0 non-replica 0
Sep 16 2026 03:46:59 GMT: INFO (info): (ticker.c:481) {ycsb} migrations: complete
Sep 16 2026 03:46:59 GMT: INFO (info): (ticker.c:506) {ycsb} index-usage: used-bytes 6885631552
Sep 16 2026 03:46:59 GMT: INFO (info): (ticker.c:559) {ycsb} data-usage: used-bytes 156648122176 avail-pct 82 cache-read-pct 0.00
Sep 16 2026 03:46:59 GMT: INFO (info): (ticker.c:618) {ycsb} client: tsvc (0,0) proxy (0,0,0) read (556760250,0,0,0,0) write (105338030,0,0,0) delete (0,0,0,0,0) udf (0,0,0,0) lang (0,0,0,0)
Sep 16 2026 03:46:59 GMT: INFO (info): (hist.c:319) histogram dump: {ycsb}-read (556760254 total) msec
Sep 16 2026 03:46:59 GMT: INFO (info): (hist.c:330)  (00: 0556147465) (01: 0000593972) (02: 0000017780) (03: 0000000725)
Sep 16 2026 03:46:59 GMT: INFO (info): (hist.c:339)  (04: 0000000045) (05: 0000000095) (06: 0000000172)
Sep 16 2026 03:46:59 GMT: INFO (info): (hist.c:319) histogram dump: {ycsb}-write (105338030 total) msec
Sep 16 2026 03:46:59 GMT: INFO (info): (hist.c:330)  (00: 0105284870) (01: 0000050055) (02: 0000003046) (03: 0000000057)
Sep 16 2026 03:46:59 GMT: INFO (info): (hist.c:339)  (05: 0000000001) (06: 0000000001)
Sep 16 2026 03:46:59 GMT: INFO (deprecation): (thr_info.c:888) (repeated:2560) 'services' info command is deprecated - use 'peers-clear-std' instead
Sep 16 2026 03:47:09 GMT: INFO (info): (ticker.c:169) NODE-ID bb9f1b2523a0d00 CLUSTER-SIZE 1 CLUSTER-NAME ycsb-default-20260916
Sep 16 2026 03:47:09 GMT: INFO (info): (ticker.c:241)    cluster-clock: skew-ms 0
Sep 16 2026 03:47:09 GMT: INFO (info): (ticker.c:265)    system: total-cpu-pct 1582 user-cpu-pct 376 kernel-cpu-pct 1206 free-mem-kbytes 121652692 free-mem-pct 92 thp-mem-kbytes 7634944 host-free-mem-kbytes 121652692 host-free-mem-pct 92
Sep 16 2026 03:47:09 GMT: INFO (info): (ticker.c:287)    process: cpu-pct 1399 threads (9,61,113,113) heap-kbytes (7826208,7848276,8066560) heap-efficiency-pct 99.7
Sep 16 2026 03:47:09 GMT: INFO (info): (ticker.c:297)    in-progress: info-q 0 rw-hash 0 proxy-hash 0 tree-gc-q 0 long-queries 0
Sep 16 2026 03:47:09 GMT: INFO (info): (ticker.c:340)    fds: proto (512,12364,11852) heartbeat (0,0,0) fabric (0,0,0) admin (0,0,0)
Sep 16 2026 03:47:09 GMT: INFO (info): (ticker.c:352)    heartbeat-received: self 0 foreign 0
Sep 16 2026 03:47:09 GMT: INFO (info): (ticker.c:378)    fabric-bytes-per-second: bulk (0,0) ctrl (0,0) meta (0,0) rw (0,0)
Sep 16 2026 03:47:09 GMT: INFO (info): (ticker.c:426) {ycsb} objects: all 107812282 master 107812283 prole 0 non-replica 0
Sep 16 2026 03:47:09 GMT: INFO (info): (ticker.c:481) {ycsb} migrations: complete
Sep 16 2026 03:47:09 GMT: INFO (info): (ticker.c:506) {ycsb} index-usage: used-bytes 6899986048
Sep 16 2026 03:47:09 GMT: INFO (info): (ticker.c:559) {ycsb} data-usage: used-bytes 156974685504 avail-pct 82 cache-read-pct 0.00
Sep 16 2026 03:47:09 GMT: INFO (info): (ticker.c:618) {ycsb} client: tsvc (0,0) proxy (0,0,0) read (561032093,0,0,0,0) write (105562317,0,0,0) delete (0,0,0,0,0) udf (0,0,0,0) lang (0,0,0,0)
Sep 16 2026 03:47:09 GMT: INFO (info): (hist.c:319) histogram dump: {ycsb}-read (561032098 total) msec
Sep 16 2026 03:47:09 GMT: INFO (info): (hist.c:330)  (00: 0560415333) (01: 0000597913) (02: 0000017811) (03: 0000000729)
Sep 16 2026 03:47:09 GMT: INFO (info): (hist.c:339)  (04: 0000000045) (05: 0000000095) (06: 0000000172)
Sep 16 2026 03:47:09 GMT: INFO (info): (hist.c:319) histogram dump: {ycsb}-write (105562317 total) msec
Sep 16 2026 03:47:09 GMT: INFO (info): (hist.c:330)  (00: 0105509101) (01: 0000050111) (02: 0000003046) (03: 0000000057)
Sep 16 2026 03:47:09 GMT: INFO (info): (hist.c:339)  (05: 0000000001) (06: 0000000001)
Sep 16 2026 03:47:09 GMT: INFO (deprecation): (thr_info.c:888) (repeated:2560) 'services' info command is deprecated - use 'peers-clear-std' instead
Sep 16 2026 03:47:19 GMT: INFO (drv_ssd): (drv_ssd.c:2133) {ycsb} /dev/md127p3: used-bytes 157294983664 free-wblocks 108095 write-q 0 write (27890,3.9) defrag-q 0 defrag-read (22277,0.0) defrag-write (9529,0.0)
Sep 16 2026 03:47:19 GMT: INFO (info): (ticker.c:169) NODE-ID bb9f1b2523a0d00 CLUSTER-SIZE 1 CLUSTER-NAME ycsb-default-20260916
Sep 16 2026 03:47:19 GMT: INFO (info): (ticker.c:241)    cluster-clock: skew-ms 0
Sep 16 2026 03:47:19 GMT: INFO (info): (ticker.c:265)    system: total-cpu-pct 1587 user-cpu-pct 375 kernel-cpu-pct 1212 free-mem-kbytes 121635720 free-mem-pct 92 thp-mem-kbytes 7645184 host-free-mem-kbytes 121635720 host-free-mem-pct 92
Sep 16 2026 03:47:19 GMT: INFO (info): (ticker.c:287)    process: cpu-pct 1408 threads (9,61,113,113) heap-kbytes (7826201,7848256,8066560) heap-efficiency-pct 99.7
Sep 16 2026 03:47:19 GMT: INFO (info): (ticker.c:297)    in-progress: info-q 0 rw-hash 0 proxy-hash 0 tree-gc-q 0 long-queries 0
Sep 16 2026 03:47:19 GMT: INFO (info): (ticker.c:340)    fds: proto (512,12364,11852) heartbeat (0,0,0) fabric (0,0,0) admin (0,0,0)
Sep 16 2026 03:47:19 GMT: INFO (info): (ticker.c:352)    heartbeat-received: self 0 foreign 0
Sep 16 2026 03:47:19 GMT: INFO (info): (ticker.c:378)    fabric-bytes-per-second: bulk (0,0) ctrl (0,0) meta (0,0) rw (0,0)
Sep 16 2026 03:47:19 GMT: INFO (info): (ticker.c:426) {ycsb} objects: all 108038075 master 108038076 prole 0 non-replica 0
Sep 16 2026 03:47:19 GMT: INFO (info): (ticker.c:481) {ycsb} migrations: complete
Sep 16 2026 03:47:19 GMT: INFO (info): (ticker.c:506) {ycsb} index-usage: used-bytes 6914436800
Sep 16 2026 03:47:19 GMT: INFO (info): (ticker.c:559) {ycsb} data-usage: used-bytes 157303440112 avail-pct 82 cache-read-pct 0.00
Sep 16 2026 03:47:19 GMT: INFO (info): (ticker.c:618) {ycsb} client: tsvc (0,0) proxy (0,0,0) read (565332191,0,0,0,0) write (105788111,0,0,0) delete (0,0,0,0,0) udf (0,0,0,0) lang (0,0,0,0)
Sep 16 2026 03:47:19 GMT: INFO (info): (hist.c:319) histogram dump: {ycsb}-read (565332198 total) msec
Sep 16 2026 03:47:19 GMT: INFO (info): (hist.c:330)  (00: 0564712156) (01: 0000601187) (02: 0000017814) (03: 0000000729)
Sep 16 2026 03:47:19 GMT: INFO (info): (hist.c:339)  (04: 0000000045) (05: 0000000095) (06: 0000000172)
Sep 16 2026 03:47:19 GMT: INFO (info): (hist.c:319) histogram dump: {ycsb}-write (105788112 total) msec
Sep 16 2026 03:47:19 GMT: INFO (info): (hist.c:330)  (00: 0105734847) (01: 0000050160) (02: 0000003046) (03: 0000000057)
Sep 16 2026 03:47:19 GMT: INFO (info): (hist.c:339)  (05: 0000000001) (06: 0000000001)
Sep 16 2026 03:47:19 GMT: INFO (deprecation): (thr_info.c:888) (repeated:2560) 'services' info command is deprecated - use 'peers-clear-std' instead
Sep 16 2026 03:47:29 GMT: INFO (info): (ticker.c:169) NODE-ID bb9f1b2523a0d00 CLUSTER-SIZE 1 CLUSTER-NAME ycsb-default-20260916
Sep 16 2026 03:47:29 GMT: INFO (info): (ticker.c:241)    cluster-clock: skew-ms 0
Sep 16 2026 03:47:29 GMT: INFO (info): (ticker.c:265)    system: total-cpu-pct 1586 user-cpu-pct 380 kernel-cpu-pct 1206 free-mem-kbytes 121625764 free-mem-pct 92 thp-mem-kbytes 7659520 host-free-mem-kbytes 121625764 host-free-mem-pct 92
Sep 16 2026 03:47:29 GMT: INFO (info): (ticker.c:287)    process: cpu-pct 1416 threads (9,61,113,113) heap-kbytes (7826209,7848256,8066560) heap-efficiency-pct 99.7
Sep 16 2026 03:47:29 GMT: INFO (info): (ticker.c:297)    in-progress: info-q 0 rw-hash 0 proxy-hash 0 tree-gc-q 0 long-queries 0
Sep 16 2026 03:47:29 GMT: INFO (info): (ticker.c:340)    fds: proto (512,12364,11852) heartbeat (0,0,0) fabric (0,0,0) admin (0,0,0)
Sep 16 2026 03:47:29 GMT: INFO (info): (ticker.c:352)    heartbeat-received: self 0 foreign 0
Sep 16 2026 03:47:29 GMT: INFO (info): (ticker.c:378)    fabric-bytes-per-second: bulk (0,0) ctrl (0,0) meta (0,0) rw (0,0)
Sep 16 2026 03:47:29 GMT: INFO (info): (ticker.c:426) {ycsb} objects: all 108265316 master 108265317 prole 0 non-replica 0
Sep 16 2026 03:47:29 GMT: INFO (info): (ticker.c:481) {ycsb} migrations: complete
Sep 16 2026 03:47:29 GMT: INFO (info): (ticker.c:506) {ycsb} index-usage: used-bytes 6928980224
Sep 16 2026 03:47:29 GMT: INFO (info): (ticker.c:559) {ycsb} data-usage: used-bytes 157634301552 avail-pct 82 cache-read-pct 0.00
Sep 16 2026 03:47:29 GMT: INFO (info): (ticker.c:618) {ycsb} client: tsvc (0,0) proxy (0,0,0) read (569641570,0,0,0,0) write (106015351,0,0,0) delete (0,0,0,0,0) udf (0,0,0,0) lang (0,0,0,0)
Sep 16 2026 03:47:29 GMT: INFO (info): (hist.c:319) histogram dump: {ycsb}-read (569641574 total) msec
Sep 16 2026 03:47:29 GMT: INFO (info): (hist.c:330)  (00: 0569018913) (01: 0000603801) (02: 0000017819) (03: 0000000729)
Sep 16 2026 03:47:29 GMT: INFO (info): (hist.c:339)  (04: 0000000045) (05: 0000000095) (06: 0000000172)
Sep 16 2026 03:47:29 GMT: INFO (info): (hist.c:319) histogram dump: {ycsb}-write (106015351 total) msec
Sep 16 2026 03:47:29 GMT: INFO (info): (hist.c:330)  (00: 0105962065) (01: 0000050181) (02: 0000003046) (03: 0000000057)
Sep 16 2026 03:47:29 GMT: INFO (info): (hist.c:339)  (05: 0000000001) (06: 0000000001)
Sep 16 2026 03:47:29 GMT: INFO (deprecation): (thr_info.c:888) (repeated:2560) 'services' info command is deprecated - use 'peers-clear-std' instead
Sep 16 2026 03:47:34 GMT: INFO (as): (signal.c:221) SIGTERM received from uid 0 pid 1, shutting down Aerospike Community Edition build 8.1.2.4-4 os ubuntu24.04 arch x86_64 sha 634ac90
Sep 16 2026 03:47:34 GMT: INFO (as): (as.c:489) initiating clean shutdown ...
Sep 16 2026 03:47:34 GMT: INFO (hb): (hb.c:5776) closing mesh heartbeat sockets
Sep 16 2026 03:47:35 GMT: INFO (smd): (smd.c:645) SMD module shut down
Sep 16 2026 03:47:35 GMT: INFO (storage): (storage.c:250) {ycsb} partitions shut down
Sep 16 2026 03:47:35 GMT: INFO (storage): (storage.c:257) {ycsb} storage flushed
Sep 16 2026 03:47:35 GMT: INFO (as): (as.c:507) finished clean shutdown - exiting
Sep 16 2026 04:35:35 GMT: WARNING (hardware): (hardware.c:552) bad or missing /proc/self/cpuset file
Sep 16 2026 04:35:35 GMT: WARNING (hardware): (hardware.c:552) bad or missing /proc/self/cpuset file
Sep 16 2026 04:35:35 GMT: INFO (as): (as.c:336) <><><><><><><><><><>  Aerospike Community Edition build 8.1.2.4-4  <><><><><><><><><><>
Sep 16 2026 04:35:35 GMT: INFO (as): (as.c:338) starting Aerospike Community Edition build 8.1.2.4-4 os ubuntu24.04 arch x86_64 sha 634ac90
Sep 16 2026 04:35:35 GMT: INFO (config): (cfg.c:4764) # Single-node YCSB device namespace. Performance settings use server defaults.
Sep 16 2026 04:35:35 GMT: INFO (config): (cfg.c:4764) service {
Sep 16 2026 04:35:35 GMT: INFO (config): (cfg.c:4764)     cluster-name ycsb-default-20260916
Sep 16 2026 04:35:35 GMT: INFO (config): (cfg.c:4764) }
Sep 16 2026 04:35:35 GMT: INFO (config): (cfg.c:4764) logging {
Sep 16 2026 04:35:35 GMT: INFO (config): (cfg.c:4764)     console {
Sep 16 2026 04:35:35 GMT: INFO (config): (cfg.c:4764)         context any info
Sep 16 2026 04:35:35 GMT: INFO (config): (cfg.c:4764)     }
Sep 16 2026 04:35:35 GMT: INFO (config): (cfg.c:4764) }
Sep 16 2026 04:35:35 GMT: INFO (config): (cfg.c:4764) network {
Sep 16 2026 04:35:35 GMT: INFO (config): (cfg.c:4764)     service {
Sep 16 2026 04:35:35 GMT: INFO (config): (cfg.c:4764)         address 172.16.0.4
Sep 16 2026 04:35:35 GMT: INFO (config): (cfg.c:4764)         port 3000
Sep 16 2026 04:35:35 GMT: INFO (config): (cfg.c:4764)     }
Sep 16 2026 04:35:35 GMT: INFO (config): (cfg.c:4764)     heartbeat {
Sep 16 2026 04:35:35 GMT: INFO (config): (cfg.c:4764)         address 127.0.0.1
Sep 16 2026 04:35:35 GMT: INFO (config): (cfg.c:4764)         mode mesh
Sep 16 2026 04:35:35 GMT: INFO (config): (cfg.c:4764)         port 3002
Sep 16 2026 04:35:35 GMT: INFO (config): (cfg.c:4764)     }
Sep 16 2026 04:35:35 GMT: INFO (config): (cfg.c:4764)     fabric {
Sep 16 2026 04:35:35 GMT: INFO (config): (cfg.c:4764)         address 127.0.0.1
Sep 16 2026 04:35:35 GMT: INFO (config): (cfg.c:4764)         port 3001
Sep 16 2026 04:35:35 GMT: INFO (config): (cfg.c:4764)     }
Sep 16 2026 04:35:35 GMT: INFO (config): (cfg.c:4764)     admin {
Sep 16 2026 04:35:35 GMT: INFO (config): (cfg.c:4764)         address 127.0.0.1
Sep 16 2026 04:35:35 GMT: INFO (config): (cfg.c:4764)         port 3003
Sep 16 2026 04:35:35 GMT: INFO (config): (cfg.c:4764)     }
Sep 16 2026 04:35:35 GMT: INFO (config): (cfg.c:4764) }
Sep 16 2026 04:35:35 GMT: INFO (config): (cfg.c:4764) namespace ycsb {
Sep 16 2026 04:35:35 GMT: INFO (config): (cfg.c:4764)     replication-factor 1
Sep 16 2026 04:35:35 GMT: INFO (config): (cfg.c:4764)     storage-engine device {
Sep 16 2026 04:35:35 GMT: INFO (config): (cfg.c:4764)         device /dev/md127p3
Sep 16 2026 04:35:35 GMT: INFO (config): (cfg.c:4764)     }
Sep 16 2026 04:35:35 GMT: INFO (config): (cfg.c:4764) }
Sep 16 2026 04:35:35 GMT: WARNING (config): (cfg.c:4788) mod-lua: allow-unsafe-lua is true - Lua UDFs have access to os/io/debug and can load native .so modules; set allow-unsafe-lua false in the mod-lua stanza to harden the UDF sandbox
Sep 16 2026 04:35:35 GMT: INFO (config): (cfg.c:4805) system file descriptor limit: 100000, proto-fd-max: 15000
Sep 16 2026 04:35:35 GMT: INFO (hardware): (hardware.c:2054) detected 16 CPU(s), 8 core(s), 1 NUMA node(s)
Sep 16 2026 04:35:35 GMT: INFO (socket): (socket.c:2729) Node port 3001, node ID bb9f1b2523a0d00
Sep 16 2026 04:35:35 GMT: INFO (config): (cfg.c:4846) node-id bb9f1b2523a0d00
Sep 16 2026 04:35:35 GMT: WARNING (os): (os.c:951) failed min-free-kbytes check - min-free-kbytes should be at least 1150976
Sep 16 2026 04:35:35 GMT: WARNING (os): (os.c:1006) failed thp-enabled check - THP enabled not set to either 'never' or 'madvise'
Sep 16 2026 04:35:35 GMT: WARNING (os): (os.c:948) failed swappiness check - swappiness not set to 0
Sep 16 2026 04:35:35 GMT: WARNING (config): (cfg.c:5240) failed best-practices checks - see 'https://docs.aerospike.com/docs/operations/install/linux/bestpractices/index.html'
Sep 16 2026 04:35:35 GMT: INFO (smd): (smd.c:2342) no file '/opt/aerospike/smd/evict.smd' - starting empty
Sep 16 2026 04:35:35 GMT: INFO (namespace): (namespace_ce.c:85) {ycsb} beginning cold start
Sep 16 2026 04:35:35 GMT: INFO (smd): (smd.c:2342) no file '/opt/aerospike/smd/sindex.smd' - starting empty
Sep 16 2026 04:35:35 GMT: INFO (drv_ssd): (drv_ssd.c:3609) opened device /dev/md127p3: usable size 1099494850560, io-min-size 512
Sep 16 2026 04:35:35 GMT: INFO (drv_ssd): (drv_ssd.c:1058) /dev/md127p3 has 131070 wblocks of size 8388608
Sep 16 2026 04:35:35 GMT: INFO (drv_ssd): (drv_ssd.c:2900) device /dev/md127p3: reading device to load index
Sep 16 2026 04:35:40 GMT: INFO (drv_ssd): (drv_ssd.c:4001) {ycsb} loaded: objects 6512385 device-pcts (0)
Sep 16 2026 04:35:45 GMT: INFO (drv_ssd): (drv_ssd.c:4001) {ycsb} loaded: objects 11320188 device-pcts (1)
Sep 16 2026 04:35:50 GMT: INFO (drv_ssd): (drv_ssd.c:4001) {ycsb} loaded: objects 15631503 device-pcts (2)
Sep 16 2026 04:35:55 GMT: INFO (drv_ssd): (drv_ssd.c:4001) {ycsb} loaded: objects 19621823 device-pcts (2)
Sep 16 2026 04:36:00 GMT: INFO (drv_ssd): (drv_ssd.c:4001) {ycsb} loaded: objects 23386156 device-pcts (3)
Sep 16 2026 04:36:05 GMT: INFO (drv_ssd): (drv_ssd.c:4001) {ycsb} loaded: objects 26941207 device-pcts (3)
Sep 16 2026 04:36:10 GMT: INFO (drv_ssd): (drv_ssd.c:4001) {ycsb} loaded: objects 30386732 device-pcts (4)
Sep 16 2026 04:36:15 GMT: INFO (drv_ssd): (drv_ssd.c:4001) {ycsb} loaded: objects 33655592 device-pcts (4)
Sep 16 2026 04:36:20 GMT: INFO (drv_ssd): (drv_ssd.c:4001) {ycsb} loaded: objects 36853227 device-pcts (5)
Sep 16 2026 04:36:25 GMT: INFO (drv_ssd): (drv_ssd.c:4001) {ycsb} loaded: objects 39955385 device-pcts (5)
Sep 16 2026 04:36:30 GMT: INFO (drv_ssd): (drv_ssd.c:4001) {ycsb} loaded: objects 42954356 device-pcts (6)
Sep 16 2026 04:36:35 GMT: INFO (drv_ssd): (drv_ssd.c:4001) {ycsb} loaded: objects 45896582 device-pcts (6)
Sep 16 2026 04:36:40 GMT: INFO (drv_ssd): (drv_ssd.c:4001) {ycsb} loaded: objects 48740996 device-pcts (7)
Sep 16 2026 04:36:45 GMT: INFO (drv_ssd): (drv_ssd.c:4001) {ycsb} loaded: objects 51501855 device-pcts (7)
Sep 16 2026 04:36:50 GMT: INFO (drv_ssd): (drv_ssd.c:4001) {ycsb} loaded: objects 54211797 device-pcts (8)
Sep 16 2026 04:36:55 GMT: INFO (drv_ssd): (drv_ssd.c:4001) {ycsb} loaded: objects 56842298 device-pcts (8)
Sep 16 2026 04:37:00 GMT: INFO (drv_ssd): (drv_ssd.c:4001) {ycsb} loaded: objects 59476317 device-pcts (9)
Sep 16 2026 04:37:05 GMT: INFO (drv_ssd): (drv_ssd.c:4001) {ycsb} loaded: objects 62039987 device-pcts (9)
Sep 16 2026 04:37:10 GMT: INFO (drv_ssd): (drv_ssd.c:4001) {ycsb} loaded: objects 64528187 device-pcts (10)
Sep 16 2026 04:37:15 GMT: INFO (drv_ssd): (drv_ssd.c:4001) {ycsb} loaded: objects 66978193 device-pcts (10)
Sep 16 2026 04:37:20 GMT: INFO (drv_ssd): (drv_ssd.c:4001) {ycsb} loaded: objects 69364021 device-pcts (11)
Sep 16 2026 04:37:25 GMT: INFO (drv_ssd): (drv_ssd.c:4001) {ycsb} loaded: objects 71711854 device-pcts (11)
Sep 16 2026 04:37:30 GMT: INFO (drv_ssd): (drv_ssd.c:4001) {ycsb} loaded: objects 73919581 device-pcts (12)
Sep 16 2026 04:37:35 GMT: INFO (drv_ssd): (drv_ssd.c:4001) {ycsb} loaded: objects 76144552 device-pcts (12)
Sep 16 2026 04:37:40 GMT: INFO (drv_ssd): (drv_ssd.c:4001) {ycsb} loaded: objects 78369524 device-pcts (12)
Sep 16 2026 04:37:45 GMT: INFO (drv_ssd): (drv_ssd.c:4001) {ycsb} loaded: objects 80434107 device-pcts (13)
Sep 16 2026 04:37:50 GMT: INFO (drv_ssd): (drv_ssd.c:4001) {ycsb} loaded: objects 81483909 device-pcts (13)
Sep 16 2026 04:37:55 GMT: INFO (drv_ssd): (drv_ssd.c:4001) {ycsb} loaded: objects 82231658 device-pcts (14)
Sep 16 2026 04:38:00 GMT: INFO (drv_ssd): (drv_ssd.c:4001) {ycsb} loaded: objects 82953331 device-pcts (14)
Sep 16 2026 04:38:05 GMT: INFO (drv_ssd): (drv_ssd.c:4001) {ycsb} loaded: objects 83648579 device-pcts (15)
Sep 16 2026 04:38:10 GMT: INFO (drv_ssd): (drv_ssd.c:4001) {ycsb} loaded: objects 84312910 device-pcts (15)
Sep 16 2026 04:38:15 GMT: INFO (drv_ssd): (drv_ssd.c:4001) {ycsb} loaded: objects 84950258 device-pcts (16)
Sep 16 2026 04:38:20 GMT: INFO (drv_ssd): (drv_ssd.c:4001) {ycsb} loaded: objects 85620375 device-pcts (16)
Sep 16 2026 04:38:25 GMT: INFO (drv_ssd): (drv_ssd.c:4001) {ycsb} loaded: objects 86924041 device-pcts (17)
Sep 16 2026 04:38:30 GMT: INFO (drv_ssd): (drv_ssd.c:4001) {ycsb} loaded: objects 88460572 device-pcts (17)
Sep 16 2026 04:38:35 GMT: INFO (drv_ssd): (drv_ssd.c:4001) {ycsb} loaded: objects 89949123 device-pcts (18)
Sep 16 2026 04:38:40 GMT: INFO (drv_ssd): (drv_ssd.c:4001) {ycsb} loaded: objects 91387715 device-pcts (18)
Sep 16 2026 04:38:45 GMT: INFO (drv_ssd): (drv_ssd.c:4001) {ycsb} loaded: objects 92774558 device-pcts (19)
Sep 16 2026 04:38:50 GMT: INFO (drv_ssd): (drv_ssd.c:4001) {ycsb} loaded: objects 94114328 device-pcts (19)
Sep 16 2026 04:38:55 GMT: INFO (drv_ssd): (drv_ssd.c:4001) {ycsb} loaded: objects 95408943 device-pcts (20)
Sep 16 2026 04:39:00 GMT: INFO (drv_ssd): (drv_ssd.c:4001) {ycsb} loaded: objects 96658020 device-pcts (20)
Sep 16 2026 04:39:05 GMT: INFO (drv_ssd): (drv_ssd.c:4001) {ycsb} loaded: objects 97867672 device-pcts (20)
Sep 16 2026 04:39:10 GMT: INFO (drv_ssd): (drv_ssd.c:4001) {ycsb} loaded: objects 99036113 device-pcts (21)
Sep 16 2026 04:39:15 GMT: INFO (drv_ssd): (drv_ssd.c:4001) {ycsb} loaded: objects 100168053 device-pcts (21)
Sep 16 2026 04:39:20 GMT: INFO (drv_ssd): (drv_ssd.c:4001) {ycsb} loaded: objects 102120872 device-pcts (22)
Sep 16 2026 04:39:25 GMT: INFO (drv_ssd): (drv_ssd.c:4001) {ycsb} loaded: objects 104260834 device-pcts (22)
Sep 16 2026 04:39:30 GMT: INFO (drv_ssd): (drv_ssd.c:4001) {ycsb} loaded: objects 106344321 device-pcts (23)
Sep 16 2026 04:39:35 GMT: INFO (drv_ssd): (drv_ssd.c:3003) device /dev/md127p3: read complete: UNIQUE 108328377 (REPLACED 23889899) (OLDER 45451186) (EXPIRED 0) (EVICTED 0) (UNOWNED 0) (DROPPED 0) (UNPARSABLE 0) records
Sep 16 2026 04:39:35 GMT: INFO (drv_ssd): (drv_ssd.c:1026) {ycsb} loading free & defrag queues
Sep 16 2026 04:39:35 GMT: INFO (drv_ssd): (drv_ssd.c:958) /dev/md127p3 init defrag profile: 20,11,11,9,16,15,14,14,27,9,14,12,20,14,19,17,25,24,16,17,25,21,21,15,17,22,20,20,14,18,16,12,23,18,15,16,20,334,1070,137,6,8,5,8,6,1,8,4,6,6
Sep 16 2026 04:39:35 GMT: INFO (drv_ssd): (drv_ssd.c:1045) /dev/md127p3 init wblocks: pristine-id 30842 pristine 100228 free-q 6243, defrag-q 2236
Sep 16 2026 04:39:35 GMT: INFO (drv_ssd): (drv_ssd.c:2421) {ycsb} starting device maintenance threads
Sep 16 2026 04:39:35 GMT: INFO (drv_ssd): (drv_ssd.c:1707) {ycsb} starting write threads
Sep 16 2026 04:39:35 GMT: INFO (drv_ssd): (drv_ssd.c:879) {ycsb} starting defrag threads
Sep 16 2026 04:39:35 GMT: INFO (as): (as.c:422) initializing services...
Sep 16 2026 04:39:35 GMT: INFO (service): (service.c:213) starting 80 service threads
Sep 16 2026 04:39:35 GMT: INFO (fabric): (fabric.c:809) updated fabric published address list to {127.0.0.1:3001}
Sep 16 2026 04:39:35 GMT: INFO (partition): (partition_balance.c:210) {ycsb} 4096 partitions: found 0 absent, 4096 stored
Sep 16 2026 04:39:35 GMT: INFO (smd): (smd.c:2342) no file '/opt/aerospike/smd/UDF.smd' - starting empty
Sep 16 2026 04:39:35 GMT: INFO (batch): (batch.c:847) starting 16 batch-index-threads
Sep 16 2026 04:39:35 GMT: INFO (health): (health.c:325) starting health monitor thread
Sep 16 2026 04:39:35 GMT: INFO (fabric): (fabric.c:423) starting 8 fabric send threads
Sep 16 2026 04:39:35 GMT: INFO (fabric): (fabric.c:438) starting 16 fabric rw channel recv threads
Sep 16 2026 04:39:35 GMT: INFO (fabric): (fabric.c:438) starting 4 fabric ctrl channel recv threads
Sep 16 2026 04:39:35 GMT: INFO (fabric): (fabric.c:438) starting 4 fabric bulk channel recv threads
Sep 16 2026 04:39:35 GMT: INFO (fabric): (fabric.c:438) starting 4 fabric meta channel recv threads
Sep 16 2026 04:39:35 GMT: INFO (fabric): (fabric.c:451) starting fabric accept thread
Sep 16 2026 04:39:35 GMT: INFO (hb): (hb.c:6920) initializing mesh heartbeat socket: 127.0.0.1:3002
Sep 16 2026 04:39:35 GMT: INFO (fabric): (socket.c:823) Started fabric endpoint 127.0.0.1:3001
Sep 16 2026 04:39:35 GMT: INFO (hb): (hb.c:6950) mtu of the network is 65536
Sep 16 2026 04:39:35 GMT: INFO (hb): (socket.c:823) Started mesh heartbeat endpoint 127.0.0.1:3002
Sep 16 2026 04:39:35 GMT: INFO (hb): (hb.c:5476) updated heartbeat published address list to {127.0.0.1:3002}
Sep 16 2026 04:39:35 GMT: INFO (nsup): (nsup.c:201) starting namespace supervisor threads
Sep 16 2026 04:39:35 GMT: INFO (service): (socket.c:823) Started admin endpoint 127.0.0.1:3003
Sep 16 2026 04:39:35 GMT: INFO (service): (service.c:1140) starting reaper thread
Sep 16 2026 04:39:35 GMT: INFO (service): (socket.c:823) Started client endpoint 172.16.0.4:3000
Sep 16 2026 04:39:35 GMT: INFO (service): (socket.c:823) Started client endpoint 127.0.0.1:3000
Sep 16 2026 04:39:35 GMT: INFO (service): (service.c:245) starting accept thread
Sep 16 2026 04:39:35 GMT: INFO (as): (as.c:464) service ready: soon there will be cake!
Sep 16 2026 04:39:36 GMT: INFO (nsup): (nsup.c:1076) {ycsb} collecting ttl & object size info ...
Sep 16 2026 04:39:37 GMT: INFO (clustering): (clustering.c:6362) principal node - proposing new cluster with succession list: bb9f1b2523a0d00
Sep 16 2026 04:39:37 GMT: INFO (clustering): (clustering.c:5799) applied new cluster key 644ba8d0a4e4
Sep 16 2026 04:39:37 GMT: INFO (clustering): (clustering.c:5806) principal node - applied new succession list: bb9f1b2523a0d00
Sep 16 2026 04:39:37 GMT: INFO (clustering): (clustering.c:5814) applied cluster size 1
Sep 16 2026 04:39:37 GMT: INFO (exchange): (exchange.c:2339) data exchange started with cluster key 644ba8d0a4e4
Sep 16 2026 04:39:37 GMT: INFO (exchange): (exchange.c:2733) exchange-compatibility-id: self 15 cluster-min 0 -> 15 cluster-max 0 -> 15
Sep 16 2026 04:39:37 GMT: INFO (exchange): (exchange.c:3326) received commit command from principal node bb9f1b2523a0d00
Sep 16 2026 04:39:37 GMT: INFO (exchange): (exchange.c:3289) data exchange completed with cluster key 644ba8d0a4e4
Sep 16 2026 04:39:37 GMT: INFO (partition): (partition_balance.c:1087) {ycsb} replication factor is 1
Sep 16 2026 04:39:37 GMT: INFO (partition): (partition_balance.c:1045) {ycsb} rebalanced: expected-migrations (0,0,0) fresh-partitions 0
Sep 16 2026 04:39:45 GMT: INFO (info): (ticker.c:169) NODE-ID bb9f1b2523a0d00 CLUSTER-SIZE 1 CLUSTER-NAME ycsb-default-20260916
Sep 16 2026 04:39:45 GMT: INFO (info): (ticker.c:241)    cluster-clock: skew-ms 0
Sep 16 2026 04:39:45 GMT: INFO (info): (ticker.c:265)    system: total-cpu-pct 141 user-cpu-pct 137 kernel-cpu-pct 4 free-mem-kbytes 122050348 free-mem-pct 92 thp-mem-kbytes 7215104 host-free-mem-kbytes 122050348 host-free-mem-pct 92
Sep 16 2026 04:39:45 GMT: INFO (info): (ticker.c:287)    process: cpu-pct 122 threads (9,61,113,113) heap-kbytes (7543206,7560336,7605760) heap-efficiency-pct 99.8
Sep 16 2026 04:39:45 GMT: INFO (info): (ticker.c:297)    in-progress: info-q 0 rw-hash 0 proxy-hash 0 tree-gc-q 0 long-queries 0
Sep 16 2026 04:39:45 GMT: INFO (info): (ticker.c:340)    fds: proto (0,5,5) heartbeat (0,0,0) fabric (0,0,0) admin (0,0,0)
Sep 16 2026 04:39:45 GMT: INFO (info): (ticker.c:352)    heartbeat-received: self 0 foreign 0
Sep 16 2026 04:39:45 GMT: INFO (info): (ticker.c:378)    fabric-bytes-per-second: bulk (0,0) ctrl (0,0) meta (0,0) rw (0,0)
Sep 16 2026 04:39:45 GMT: INFO (info): (ticker.c:426) {ycsb} objects: all 108328377 master 108328377 prole 0 non-replica 0
Sep 16 2026 04:39:45 GMT: INFO (info): (ticker.c:481) {ycsb} migrations: complete
Sep 16 2026 04:39:45 GMT: INFO (info): (ticker.c:506) {ycsb} index-usage: used-bytes 6933016128
Sep 16 2026 04:39:45 GMT: INFO (info): (ticker.c:559) {ycsb} data-usage: used-bytes 157726116912 avail-pct 81 cache-read-pct 0.00
Sep 16 2026 04:39:45 GMT: INFO (info): (ticker.c:618) {ycsb} client: tsvc (0,0) proxy (0,0,0) read (8,0,0,0,0) write (0,0,0,0) delete (0,0,0,0,0) udf (0,0,0,0) lang (0,0,0,0)
Sep 16 2026 04:39:45 GMT: INFO (info): (hist.c:319) histogram dump: {ycsb}-read (8 total) msec
Sep 16 2026 04:39:45 GMT: INFO (info): (hist.c:339)  (00: 0000000008)
Sep 16 2026 04:39:47 GMT: INFO (nsup): (nsup.c:1152) {ycsb} ... done collecting ttl & object size info
Sep 16 2026 04:39:55 GMT: INFO (drv_ssd): (drv_ssd.c:2133) {ycsb} /dev/md127p3: used-bytes 157726116912 free-wblocks 107411 write-q 0 write (386,19.3) defrag-q 907 defrag-read (2236,111.8) defrag-write (386,19.3)
Sep 16 2026 04:39:55 GMT: INFO (info): (ticker.c:169) NODE-ID bb9f1b2523a0d00 CLUSTER-SIZE 1 CLUSTER-NAME ycsb-default-20260916
Sep 16 2026 04:39:55 GMT: INFO (info): (ticker.c:241)    cluster-clock: skew-ms 0
Sep 16 2026 04:39:55 GMT: INFO (info): (ticker.c:265)    system: total-cpu-pct 52 user-cpu-pct 50 kernel-cpu-pct 2 free-mem-kbytes 122085528 free-mem-pct 92 thp-mem-kbytes 7211008 host-free-mem-kbytes 122085528 host-free-mem-pct 92
Sep 16 2026 04:39:55 GMT: INFO (info): (ticker.c:287)    process: cpu-pct 51 threads (9,61,113,113) heap-kbytes (7543299,7560452,7605760) heap-efficiency-pct 99.8
Sep 16 2026 04:39:55 GMT: INFO (info): (ticker.c:297)    in-progress: info-q 0 rw-hash 0 proxy-hash 0 tree-gc-q 0 long-queries 0
Sep 16 2026 04:39:55 GMT: INFO (info): (ticker.c:340)    fds: proto (0,5,5) heartbeat (0,0,0) fabric (0,0,0) admin (0,0,0)
Sep 16 2026 04:39:55 GMT: INFO (info): (ticker.c:352)    heartbeat-received: self 0 foreign 0
Sep 16 2026 04:39:55 GMT: INFO (info): (ticker.c:378)    fabric-bytes-per-second: bulk (0,0) ctrl (0,0) meta (0,0) rw (0,0)
Sep 16 2026 04:39:55 GMT: INFO (info): (ticker.c:426) {ycsb} objects: all 108328377 master 108328377 prole 0 non-replica 0
Sep 16 2026 04:39:55 GMT: INFO (info): (ticker.c:481) {ycsb} migrations: complete
Sep 16 2026 04:39:55 GMT: INFO (info): (ticker.c:506) {ycsb} index-usage: used-bytes 6933016128
Sep 16 2026 04:39:55 GMT: INFO (info): (ticker.c:559) {ycsb} data-usage: used-bytes 157726116912 avail-pct 81 cache-read-pct 0.00
Sep 16 2026 04:39:55 GMT: INFO (info): (ticker.c:618) {ycsb} client: tsvc (0,0) proxy (0,0,0) read (8,0,0,0,0) write (0,0,0,0) delete (0,0,0,0,0) udf (0,0,0,0) lang (0,0,0,0)
Sep 16 2026 04:39:55 GMT: INFO (info): (hist.c:319) histogram dump: {ycsb}-read (8 total) msec
Sep 16 2026 04:39:55 GMT: INFO (info): (hist.c:339)  (00: 0000000008)
Sep 16 2026 04:40:05 GMT: INFO (info): (ticker.c:169) NODE-ID bb9f1b2523a0d00 CLUSTER-SIZE 1 CLUSTER-NAME ycsb-default-20260916
Sep 16 2026 04:40:05 GMT: INFO (info): (ticker.c:241)    cluster-clock: skew-ms 0
Sep 16 2026 04:40:05 GMT: INFO (info): (ticker.c:265)    system: total-cpu-pct 40 user-cpu-pct 38 kernel-cpu-pct 2 free-mem-kbytes 122085548 free-mem-pct 92 thp-mem-kbytes 7208960 host-free-mem-kbytes 122085548 host-free-mem-pct 92
Sep 16 2026 04:40:05 GMT: INFO (info): (ticker.c:287)    process: cpu-pct 38 threads (9,61,113,113) heap-kbytes (7543299,7560452,7605760) heap-efficiency-pct 99.8
Sep 16 2026 04:40:05 GMT: INFO (info): (ticker.c:297)    in-progress: info-q 0 rw-hash 0 proxy-hash 0 tree-gc-q 0 long-queries 0
Sep 16 2026 04:40:05 GMT: INFO (info): (ticker.c:340)    fds: proto (0,5,5) heartbeat (0,0,0) fabric (0,0,0) admin (0,0,0)
Sep 16 2026 04:40:05 GMT: INFO (info): (ticker.c:352)    heartbeat-received: self 0 foreign 0
Sep 16 2026 04:40:05 GMT: INFO (info): (ticker.c:378)    fabric-bytes-per-second: bulk (0,0) ctrl (0,0) meta (0,0) rw (0,0)
Sep 16 2026 04:40:05 GMT: INFO (info): (ticker.c:426) {ycsb} objects: all 108328377 master 108328377 prole 0 non-replica 0
Sep 16 2026 04:40:05 GMT: INFO (info): (ticker.c:481) {ycsb} migrations: complete
Sep 16 2026 04:40:05 GMT: INFO (info): (ticker.c:506) {ycsb} index-usage: used-bytes 6933016128
Sep 16 2026 04:40:05 GMT: INFO (info): (ticker.c:559) {ycsb} data-usage: used-bytes 157726116912 avail-pct 82 cache-read-pct 0.00
Sep 16 2026 04:40:05 GMT: INFO (info): (ticker.c:618) {ycsb} client: tsvc (0,0) proxy (0,0,0) read (8,0,0,0,0) write (0,0,0,0) delete (0,0,0,0,0) udf (0,0,0,0) lang (0,0,0,0)
Sep 16 2026 04:40:05 GMT: INFO (info): (hist.c:319) histogram dump: {ycsb}-read (8 total) msec
Sep 16 2026 04:40:05 GMT: INFO (info): (hist.c:339)  (00: 0000000008)
Sep 16 2026 04:40:15 GMT: INFO (drv_ssd): (drv_ssd.c:2133) {ycsb} /dev/md127p3: used-bytes 157726116912 free-wblocks 107966 write-q 0 write (740,17.7) defrag-q 0 defrag-read (2236,0.0) defrag-write (740,17.7)
Sep 16 2026 04:40:15 GMT: INFO (info): (ticker.c:169) NODE-ID bb9f1b2523a0d00 CLUSTER-SIZE 1 CLUSTER-NAME ycsb-default-20260916
Sep 16 2026 04:40:15 GMT: INFO (info): (ticker.c:241)    cluster-clock: skew-ms 0
Sep 16 2026 04:40:15 GMT: INFO (info): (ticker.c:265)    system: total-cpu-pct 18 user-cpu-pct 17 kernel-cpu-pct 1 free-mem-kbytes 122081568 free-mem-pct 92 thp-mem-kbytes 7213056 host-free-mem-kbytes 122081568 host-free-mem-pct 92
Sep 16 2026 04:40:15 GMT: INFO (info): (ticker.c:287)    process: cpu-pct 17 threads (9,61,113,113) heap-kbytes (7543299,7560452,7605760) heap-efficiency-pct 99.8
Sep 16 2026 04:40:15 GMT: INFO (info): (ticker.c:297)    in-progress: info-q 0 rw-hash 0 proxy-hash 0 tree-gc-q 0 long-queries 0
Sep 16 2026 04:40:15 GMT: INFO (info): (ticker.c:340)    fds: proto (0,5,5) heartbeat (0,0,0) fabric (0,0,0) admin (0,0,0)
Sep 16 2026 04:40:15 GMT: INFO (info): (ticker.c:352)    heartbeat-received: self 0 foreign 0
Sep 16 2026 04:40:15 GMT: INFO (info): (ticker.c:378)    fabric-bytes-per-second: bulk (0,0) ctrl (0,0) meta (0,0) rw (0,0)
Sep 16 2026 04:40:15 GMT: INFO (info): (ticker.c:426) {ycsb} objects: all 108328377 master 108328377 prole 0 non-replica 0
Sep 16 2026 04:40:15 GMT: INFO (info): (ticker.c:481) {ycsb} migrations: complete
Sep 16 2026 04:40:15 GMT: INFO (info): (ticker.c:506) {ycsb} index-usage: used-bytes 6933016128
Sep 16 2026 04:40:15 GMT: INFO (info): (ticker.c:559) {ycsb} data-usage: used-bytes 157726116912 avail-pct 82 cache-read-pct 0.00
Sep 16 2026 04:40:15 GMT: INFO (info): (ticker.c:618) {ycsb} client: tsvc (0,0) proxy (0,0,0) read (8,0,0,0,0) write (0,0,0,0) delete (0,0,0,0,0) udf (0,0,0,0) lang (0,0,0,0)
Sep 16 2026 04:40:15 GMT: INFO (info): (hist.c:319) histogram dump: {ycsb}-read (8 total) msec
Sep 16 2026 04:40:15 GMT: INFO (info): (hist.c:339)  (00: 0000000008)
Sep 16 2026 04:40:25 GMT: INFO (info): (ticker.c:169) NODE-ID bb9f1b2523a0d00 CLUSTER-SIZE 1 CLUSTER-NAME ycsb-default-20260916
Sep 16 2026 04:40:25 GMT: INFO (info): (ticker.c:241)    cluster-clock: skew-ms 0
Sep 16 2026 04:40:25 GMT: INFO (info): (ticker.c:265)    system: total-cpu-pct 2 user-cpu-pct 1 kernel-cpu-pct 1 free-mem-kbytes 122086344 free-mem-pct 92 thp-mem-kbytes 7211008 host-free-mem-kbytes 122086344 host-free-mem-pct 92
Sep 16 2026 04:40:25 GMT: INFO (info): (ticker.c:287)    process: cpu-pct 0 threads (9,61,113,113) heap-kbytes (7543299,7560452,7605760) heap-efficiency-pct 99.8
Sep 16 2026 04:40:25 GMT: INFO (info): (ticker.c:297)    in-progress: info-q 0 rw-hash 0 proxy-hash 0 tree-gc-q 0 long-queries 0
Sep 16 2026 04:40:25 GMT: INFO (info): (ticker.c:340)    fds: proto (0,5,5) heartbeat (0,0,0) fabric (0,0,0) admin (0,0,0)
Sep 16 2026 04:40:25 GMT: INFO (info): (ticker.c:352)    heartbeat-received: self 0 foreign 0
Sep 16 2026 04:40:25 GMT: INFO (info): (ticker.c:378)    fabric-bytes-per-second: bulk (0,0) ctrl (0,0) meta (0,0) rw (0,0)
Sep 16 2026 04:40:25 GMT: INFO (info): (ticker.c:426) {ycsb} objects: all 108328377 master 108328377 prole 0 non-replica 0
Sep 16 2026 04:40:25 GMT: INFO (info): (ticker.c:481) {ycsb} migrations: complete
Sep 16 2026 04:40:25 GMT: INFO (info): (ticker.c:506) {ycsb} index-usage: used-bytes 6933016128
Sep 16 2026 04:40:25 GMT: INFO (info): (ticker.c:559) {ycsb} data-usage: used-bytes 157726116912 avail-pct 82 cache-read-pct 0.00
Sep 16 2026 04:40:25 GMT: INFO (info): (ticker.c:618) {ycsb} client: tsvc (0,0) proxy (0,0,0) read (8,0,0,0,0) write (0,0,0,0) delete (0,0,0,0,0) udf (0,0,0,0) lang (0,0,0,0)
Sep 16 2026 04:40:25 GMT: INFO (info): (hist.c:319) histogram dump: {ycsb}-read (8 total) msec
Sep 16 2026 04:40:25 GMT: INFO (info): (hist.c:339)  (00: 0000000008)
Sep 16 2026 04:40:35 GMT: INFO (drv_ssd): (drv_ssd.c:2133) {ycsb} /dev/md127p3: used-bytes 157726116912 free-wblocks 107966 write-q 0 write (740,0.0) defrag-q 0 defrag-read (2236,0.0) defrag-write (740,0.0)
Sep 16 2026 04:40:35 GMT: INFO (info): (ticker.c:169) NODE-ID bb9f1b2523a0d00 CLUSTER-SIZE 1 CLUSTER-NAME ycsb-default-20260916
Sep 16 2026 04:40:35 GMT: INFO (info): (ticker.c:241)    cluster-clock: skew-ms 0
Sep 16 2026 04:40:35 GMT: INFO (info): (ticker.c:265)    system: total-cpu-pct 1 user-cpu-pct 1 kernel-cpu-pct 0 free-mem-kbytes 122086568 free-mem-pct 92 thp-mem-kbytes 7208960 host-free-mem-kbytes 122086568 host-free-mem-pct 92
Sep 16 2026 04:40:35 GMT: INFO (info): (ticker.c:287)    process: cpu-pct 0 threads (9,61,113,113) heap-kbytes (7543299,7560452,7605760) heap-efficiency-pct 99.8
Sep 16 2026 04:40:35 GMT: INFO (info): (ticker.c:297)    in-progress: info-q 0 rw-hash 0 proxy-hash 0 tree-gc-q 0 long-queries 0
Sep 16 2026 04:40:35 GMT: INFO (info): (ticker.c:340)    fds: proto (0,5,5) heartbeat (0,0,0) fabric (0,0,0) admin (0,0,0)
Sep 16 2026 04:40:35 GMT: INFO (info): (ticker.c:352)    heartbeat-received: self 0 foreign 0
Sep 16 2026 04:40:35 GMT: INFO (info): (ticker.c:378)    fabric-bytes-per-second: bulk (0,0) ctrl (0,0) meta (0,0) rw (0,0)
Sep 16 2026 04:40:35 GMT: INFO (info): (ticker.c:426) {ycsb} objects: all 108328377 master 108328377 prole 0 non-replica 0
Sep 16 2026 04:40:35 GMT: INFO (info): (ticker.c:481) {ycsb} migrations: complete
Sep 16 2026 04:40:35 GMT: INFO (info): (ticker.c:506) {ycsb} index-usage: used-bytes 6933016128
Sep 16 2026 04:40:35 GMT: INFO (info): (ticker.c:559) {ycsb} data-usage: used-bytes 157726116912 avail-pct 82 cache-read-pct 0.00
Sep 16 2026 04:40:35 GMT: INFO (info): (ticker.c:618) {ycsb} client: tsvc (0,0) proxy (0,0,0) read (8,0,0,0,0) write (0,0,0,0) delete (0,0,0,0,0) udf (0,0,0,0) lang (0,0,0,0)
Sep 16 2026 04:40:35 GMT: INFO (info): (hist.c:319) histogram dump: {ycsb}-read (8 total) msec
Sep 16 2026 04:40:35 GMT: INFO (info): (hist.c:339)  (00: 0000000008)
Sep 16 2026 04:40:45 GMT: INFO (info): (ticker.c:169) NODE-ID bb9f1b2523a0d00 CLUSTER-SIZE 1 CLUSTER-NAME ycsb-default-20260916
Sep 16 2026 04:40:45 GMT: INFO (info): (ticker.c:241)    cluster-clock: skew-ms 0
Sep 16 2026 04:40:45 GMT: INFO (info): (ticker.c:265)    system: total-cpu-pct 1 user-cpu-pct 1 kernel-cpu-pct 0 free-mem-kbytes 122086580 free-mem-pct 92 thp-mem-kbytes 7208960 host-free-mem-kbytes 122086580 host-free-mem-pct 92
Sep 16 2026 04:40:45 GMT: INFO (info): (ticker.c:287)    process: cpu-pct 0 threads (9,61,113,113) heap-kbytes (7543299,7560452,7605760) heap-efficiency-pct 99.8
Sep 16 2026 04:40:45 GMT: INFO (info): (ticker.c:297)    in-progress: info-q 0 rw-hash 0 proxy-hash 0 tree-gc-q 0 long-queries 0
Sep 16 2026 04:40:45 GMT: INFO (info): (ticker.c:340)    fds: proto (0,5,5) heartbeat (0,0,0) fabric (0,0,0) admin (0,0,0)
Sep 16 2026 04:40:45 GMT: INFO (info): (ticker.c:352)    heartbeat-received: self 0 foreign 0
Sep 16 2026 04:40:45 GMT: INFO (info): (ticker.c:378)    fabric-bytes-per-second: bulk (0,0) ctrl (0,0) meta (0,0) rw (0,0)
Sep 16 2026 04:40:45 GMT: INFO (info): (ticker.c:426) {ycsb} objects: all 108328377 master 108328377 prole 0 non-replica 0
Sep 16 2026 04:40:45 GMT: INFO (info): (ticker.c:481) {ycsb} migrations: complete
Sep 16 2026 04:40:45 GMT: INFO (info): (ticker.c:506) {ycsb} index-usage: used-bytes 6933016128
Sep 16 2026 04:40:45 GMT: INFO (info): (ticker.c:559) {ycsb} data-usage: used-bytes 157726116912 avail-pct 82 cache-read-pct 0.00
Sep 16 2026 04:40:45 GMT: INFO (info): (ticker.c:618) {ycsb} client: tsvc (0,0) proxy (0,0,0) read (8,0,0,0,0) write (0,0,0,0) delete (0,0,0,0,0) udf (0,0,0,0) lang (0,0,0,0)
Sep 16 2026 04:40:45 GMT: INFO (info): (hist.c:319) histogram dump: {ycsb}-read (8 total) msec
Sep 16 2026 04:40:45 GMT: INFO (info): (hist.c:339)  (00: 0000000008)
