I20260914 17:40:10.871428 295692 init.cc:144] /mnt/dev/dfly-get-issue20-20260909/dfly_bench-x86_64 running in opt mode.
I20260914 17:40:10.872038 295693 uring_proactor.cc:263] IORing with 256 entries, allocated 24640 bytes, cq_entries is 512
I20260914 17:40:10.873186 295692 proactor_pool.cc:149] Running 16 io threads
I20260914 17:40:10.875007 295694 dfly_bench.cc:1512] Cluster spec: d2b3372d0d8645b07f706c8e8aacb7db8704473d 172.16.0.4:6379@0 myself,master - 0 0 1 connected 0-16383
Connecting to 1 shard cluster
I20260914 17:40:10.875073 295692 dfly_bench.cc:1624] Connecting to 1 shard cluster
I20260914 17:40:10.875098 295693 dfly_bench.cc:1640] Seeding bitgen with seed 13432527470776545160
I20260914 17:40:10.875110 295698 dfly_bench.cc:1640] Seeding bitgen with seed 11261731821269600661
I20260914 17:40:10.875118 295700 dfly_bench.cc:1640] Seeding bitgen with seed 11951284758660952627
I20260914 17:40:10.875124 295695 dfly_bench.cc:1640] Seeding bitgen with seed 6897769004332912220
I20260914 17:40:10.875100 295694 dfly_bench.cc:1640] Seeding bitgen with seed 8733434119171155985
I20260914 17:40:10.875106 295696 dfly_bench.cc:1640] Seeding bitgen with seed 4759255212825010868
I20260914 17:40:10.875165 295706 dfly_bench.cc:1640] Seeding bitgen with seed 6829785560483708414
I20260914 17:40:10.875130 295701 dfly_bench.cc:1640] Seeding bitgen with seed 78293808164705068
I20260914 17:40:10.875186 295708 dfly_bench.cc:1640] Seeding bitgen with seed 12289262070082916975
I20260914 17:40:10.875144 295705 dfly_bench.cc:1640] Seeding bitgen with seed 4993009181173729551
I20260914 17:40:10.875167 295707 dfly_bench.cc:1640] Seeding bitgen with seed 871241272225402489
I20260914 17:40:10.875144 295704 dfly_bench.cc:1640] Seeding bitgen with seed 14348599605772177993
I20260914 17:40:10.875106 295697 dfly_bench.cc:1640] Seeding bitgen with seed 15636268172900526363
I20260914 17:40:10.875131 295702 dfly_bench.cc:1640] Seeding bitgen with seed 15162891320404731655
I20260914 17:40:10.875137 295703 dfly_bench.cc:1640] Seeding bitgen with seed 1176580547938337898
I20260914 17:40:10.875106 295699 dfly_bench.cc:1640] Seeding bitgen with seed 7231079191324649432
Coordinated omission mode - the rate is determined by the server
I20260914 17:40:10.934924 295692 dfly_bench.cc:1686] Coordinated omission mode - the rate is determined by the server
I20260914 17:40:10.938831 295695 dfly_bench.cc:1418] Started watching
5s: 1.7% done, RPS(now/agg): 1087530/1087530, errs: 0, hitrate: 100.0%, clients: 640
done_min: 1.67%, done_max: 1.67%, p99_lat(us): 879, max_pending: 1
I20260914 17:40:15.941586 295695 dfly_bench.cc:1466] 5s: 1.7% done, RPS(now/agg): 1087530/1087530, errs: 0, hitrate: 100.0%, clients: 640
done_min: 1.67%, done_max: 1.67%, p99_lat(us): 879, max_pending: 1
10s: 3.3% done, RPS(now/agg): 1086346/1086938, errs: 0, hitrate: 100.0%, clients: 640
done_min: 3.33%, done_max: 3.34%, p99_lat(us): 881, max_pending: 1
I20260914 17:40:20.943969 295695 dfly_bench.cc:1466] 10s: 3.3% done, RPS(now/agg): 1086346/1086938, errs: 0, hitrate: 100.0%, clients: 640
done_min: 3.33%, done_max: 3.34%, p99_lat(us): 881, max_pending: 1
15s: 5.0% done, RPS(now/agg): 1085466/1086375, errs: 0, hitrate: 100.0%, clients: 640
done_min: 5.00%, done_max: 5.00%, p99_lat(us): 875, max_pending: 1
I20260914 17:40:25.946305 295695 dfly_bench.cc:1466] 15s: 5.0% done, RPS(now/agg): 1085466/1086375, errs: 0, hitrate: 100.0%, clients: 640
done_min: 5.00%, done_max: 5.00%, p99_lat(us): 875, max_pending: 1
20s: 6.7% done, RPS(now/agg): 1075943/1083768, errs: 0, hitrate: 100.0%, clients: 640
done_min: 6.67%, done_max: 6.67%, p99_lat(us): 889, max_pending: 1
I20260914 17:40:30.947542 295695 dfly_bench.cc:1466] 20s: 6.7% done, RPS(now/agg): 1075943/1083768, errs: 0, hitrate: 100.0%, clients: 640
done_min: 6.67%, done_max: 6.67%, p99_lat(us): 889, max_pending: 1
25s: 8.3% done, RPS(now/agg): 1078404/1082695, errs: 0, hitrate: 100.0%, clients: 640
done_min: 8.34%, done_max: 8.34%, p99_lat(us): 891, max_pending: 1
I20260914 17:40:35.951364 295695 dfly_bench.cc:1466] 25s: 8.3% done, RPS(now/agg): 1078404/1082695, errs: 0, hitrate: 100.0%, clients: 640
done_min: 8.34%, done_max: 8.34%, p99_lat(us): 891, max_pending: 1
30s: 10.0% done, RPS(now/agg): 1080701/1082362, errs: 0, hitrate: 100.0%, clients: 640
done_min: 10.00%, done_max: 10.01%, p99_lat(us): 885, max_pending: 1
I20260914 17:40:40.956321 295695 dfly_bench.cc:1466] 30s: 10.0% done, RPS(now/agg): 1080701/1082362, errs: 0, hitrate: 100.0%, clients: 640
done_min: 10.00%, done_max: 10.01%, p99_lat(us): 885, max_pending: 1
35s: 11.7% done, RPS(now/agg): 1075383/1081334, errs: 0, hitrate: 100.0%, clients: 640
done_min: 11.67%, done_max: 11.67%, p99_lat(us): 886, max_pending: 1
I20260914 17:40:45.958294 295695 dfly_bench.cc:1466] 35s: 11.7% done, RPS(now/agg): 1075383/1081334, errs: 0, hitrate: 100.0%, clients: 640
done_min: 11.67%, done_max: 11.67%, p99_lat(us): 886, max_pending: 1
40s: 13.3% done, RPS(now/agg): 1028845/1074774, errs: 0, hitrate: 100.0%, clients: 640
done_min: 13.34%, done_max: 13.34%, p99_lat(us): 927, max_pending: 1
I20260914 17:40:50.960808 295695 dfly_bench.cc:1466] 40s: 13.3% done, RPS(now/agg): 1028845/1074774, errs: 0, hitrate: 100.0%, clients: 640
done_min: 13.34%, done_max: 13.34%, p99_lat(us): 927, max_pending: 1
45s: 15.0% done, RPS(now/agg): 1078612/1075176, errs: 0, hitrate: 100.0%, clients: 640
done_min: 15.01%, done_max: 15.01%, p99_lat(us): 887, max_pending: 1
I20260914 17:40:55.962484 295695 dfly_bench.cc:1466] 45s: 15.0% done, RPS(now/agg): 1078612/1075176, errs: 0, hitrate: 100.0%, clients: 640
done_min: 15.01%, done_max: 15.01%, p99_lat(us): 887, max_pending: 1
50s: 16.7% done, RPS(now/agg): 1088095/1076446, errs: 0, hitrate: 100.0%, clients: 640
done_min: 16.68%, done_max: 16.68%, p99_lat(us): 868, max_pending: 1
I20260914 17:41:00.965656 295695 dfly_bench.cc:1466] 50s: 16.7% done, RPS(now/agg): 1088095/1076446, errs: 0, hitrate: 100.0%, clients: 640
done_min: 16.68%, done_max: 16.68%, p99_lat(us): 868, max_pending: 1
55s: 18.3% done, RPS(now/agg): 1080098/1076759, errs: 0, hitrate: 100.0%, clients: 640
done_min: 18.34%, done_max: 18.34%, p99_lat(us): 881, max_pending: 1
I20260914 17:41:05.972034 295695 dfly_bench.cc:1466] 55s: 18.3% done, RPS(now/agg): 1080098/1076759, errs: 0, hitrate: 100.0%, clients: 640
done_min: 18.34%, done_max: 18.34%, p99_lat(us): 881, max_pending: 1
60s: 20.0% done, RPS(now/agg): 1068692/1076068, errs: 0, hitrate: 100.0%, clients: 640
done_min: 20.01%, done_max: 20.01%, p99_lat(us): 959, max_pending: 1
I20260914 17:41:10.982388 295695 dfly_bench.cc:1466] 60s: 20.0% done, RPS(now/agg): 1068692/1076068, errs: 0, hitrate: 100.0%, clients: 640
done_min: 20.01%, done_max: 20.01%, p99_lat(us): 959, max_pending: 1
65s: 21.7% done, RPS(now/agg): 975155/1068295, errs: 0, hitrate: 100.0%, clients: 640
done_min: 21.68%, done_max: 21.68%, p99_lat(us): 1978, max_pending: 1
I20260914 17:41:15.986152 295695 dfly_bench.cc:1466] 65s: 21.7% done, RPS(now/agg): 975155/1068295, errs: 0, hitrate: 100.0%, clients: 640
done_min: 21.68%, done_max: 21.68%, p99_lat(us): 1978, max_pending: 1
70s: 23.3% done, RPS(now/agg): 1069437/1068362, errs: 0, hitrate: 100.0%, clients: 640
done_min: 23.35%, done_max: 23.35%, p99_lat(us): 899, max_pending: 1
I20260914 17:41:20.993417 295695 dfly_bench.cc:1466] 70s: 23.3% done, RPS(now/agg): 1069437/1068362, errs: 0, hitrate: 100.0%, clients: 640
done_min: 23.35%, done_max: 23.35%, p99_lat(us): 899, max_pending: 1
75s: 25.0% done, RPS(now/agg): 1074681/1068783, errs: 0, hitrate: 100.0%, clients: 640
done_min: 25.02%, done_max: 25.02%, p99_lat(us): 880, max_pending: 1
I20260914 17:41:25.996809 295695 dfly_bench.cc:1466] 75s: 25.0% done, RPS(now/agg): 1074681/1068783, errs: 0, hitrate: 100.0%, clients: 640
done_min: 25.02%, done_max: 25.02%, p99_lat(us): 880, max_pending: 1
80s: 26.7% done, RPS(now/agg): 1069509/1068815, errs: 0, hitrate: 100.0%, clients: 640
done_min: 26.69%, done_max: 26.69%, p99_lat(us): 918, max_pending: 1
I20260914 17:41:30.999405 295695 dfly_bench.cc:1466] 80s: 26.7% done, RPS(now/agg): 1069509/1068815, errs: 0, hitrate: 100.0%, clients: 640
done_min: 26.69%, done_max: 26.69%, p99_lat(us): 918, max_pending: 1
85s: 28.4% done, RPS(now/agg): 1084099/1069701, errs: 0, hitrate: 100.0%, clients: 640
done_min: 28.35%, done_max: 28.35%, p99_lat(us): 877, max_pending: 1
I20260914 17:41:36.001997 295695 dfly_bench.cc:1466] 85s: 28.4% done, RPS(now/agg): 1084099/1069701, errs: 0, hitrate: 100.0%, clients: 640
done_min: 28.35%, done_max: 28.35%, p99_lat(us): 877, max_pending: 1
90s: 30.0% done, RPS(now/agg): 1086497/1070634, errs: 0, hitrate: 100.0%, clients: 640
done_min: 30.02%, done_max: 30.02%, p99_lat(us): 887, max_pending: 1
I20260914 17:41:41.006102 295695 dfly_bench.cc:1466] 90s: 30.0% done, RPS(now/agg): 1086497/1070634, errs: 0, hitrate: 100.0%, clients: 640
done_min: 30.02%, done_max: 30.02%, p99_lat(us): 887, max_pending: 1
95s: 31.7% done, RPS(now/agg): 1091436/1071718, errs: 0, hitrate: 100.0%, clients: 640
done_min: 31.69%, done_max: 31.69%, p99_lat(us): 857, max_pending: 1
I20260914 17:41:46.009524 295695 dfly_bench.cc:1466] 95s: 31.7% done, RPS(now/agg): 1091436/1071718, errs: 0, hitrate: 100.0%, clients: 640
done_min: 31.69%, done_max: 31.69%, p99_lat(us): 857, max_pending: 1
100s: 33.4% done, RPS(now/agg): 1073100/1071776, errs: 0, hitrate: 100.0%, clients: 640
done_min: 33.36%, done_max: 33.36%, p99_lat(us): 889, max_pending: 1
I20260914 17:41:51.013319 295695 dfly_bench.cc:1466] 100s: 33.4% done, RPS(now/agg): 1073100/1071776, errs: 0, hitrate: 100.0%, clients: 640
done_min: 33.36%, done_max: 33.36%, p99_lat(us): 889, max_pending: 1
105s: 35.0% done, RPS(now/agg): 1079680/1072142, errs: 0, hitrate: 100.0%, clients: 640
done_min: 35.03%, done_max: 35.03%, p99_lat(us): 886, max_pending: 1
I20260914 17:41:56.015951 295695 dfly_bench.cc:1466] 105s: 35.0% done, RPS(now/agg): 1079680/1072142, errs: 0, hitrate: 100.0%, clients: 640
done_min: 35.03%, done_max: 35.03%, p99_lat(us): 886, max_pending: 1
110s: 36.7% done, RPS(now/agg): 1082101/1072595, errs: 0, hitrate: 100.0%, clients: 640
done_min: 36.69%, done_max: 36.69%, p99_lat(us): 892, max_pending: 1
I20260914 17:42:01.021342 295695 dfly_bench.cc:1466] 110s: 36.7% done, RPS(now/agg): 1082101/1072595, errs: 0, hitrate: 100.0%, clients: 640
done_min: 36.69%, done_max: 36.69%, p99_lat(us): 892, max_pending: 1
115s: 38.4% done, RPS(now/agg): 1078348/1072845, errs: 0, hitrate: 100.0%, clients: 640
done_min: 38.36%, done_max: 38.36%, p99_lat(us): 879, max_pending: 1
I20260914 17:42:06.024865 295695 dfly_bench.cc:1466] 115s: 38.4% done, RPS(now/agg): 1078348/1072845, errs: 0, hitrate: 100.0%, clients: 640
done_min: 38.36%, done_max: 38.36%, p99_lat(us): 879, max_pending: 1
120s: 40.0% done, RPS(now/agg): 1022375/1070734, errs: 0, hitrate: 100.0%, clients: 640
done_min: 40.03%, done_max: 40.03%, p99_lat(us): 1067, max_pending: 1
I20260914 17:42:11.027429 295695 dfly_bench.cc:1466] 120s: 40.0% done, RPS(now/agg): 1022375/1070734, errs: 0, hitrate: 100.0%, clients: 640
done_min: 40.03%, done_max: 40.03%, p99_lat(us): 1067, max_pending: 1
125s: 41.7% done, RPS(now/agg): 1088876/1071459, errs: 0, hitrate: 100.0%, clients: 640
done_min: 41.70%, done_max: 41.70%, p99_lat(us): 877, max_pending: 1
I20260914 17:42:16.029983 295695 dfly_bench.cc:1466] 125s: 41.7% done, RPS(now/agg): 1088876/1071459, errs: 0, hitrate: 100.0%, clients: 640
done_min: 41.70%, done_max: 41.70%, p99_lat(us): 877, max_pending: 1
130s: 43.4% done, RPS(now/agg): 1067544/1071301, errs: 0, hitrate: 100.0%, clients: 640
done_min: 43.36%, done_max: 43.36%, p99_lat(us): 893, max_pending: 1
I20260914 17:42:21.033190 295695 dfly_bench.cc:1466] 130s: 43.4% done, RPS(now/agg): 1067544/1071301, errs: 0, hitrate: 100.0%, clients: 640
done_min: 43.36%, done_max: 43.36%, p99_lat(us): 893, max_pending: 1
135s: 45.0% done, RPS(now/agg): 1075670/1071454, errs: 0, hitrate: 100.0%, clients: 640
done_min: 45.03%, done_max: 45.03%, p99_lat(us): 892, max_pending: 1
I20260914 17:42:26.035823 295695 dfly_bench.cc:1466] 135s: 45.0% done, RPS(now/agg): 1075670/1071454, errs: 0, hitrate: 100.0%, clients: 640
done_min: 45.03%, done_max: 45.03%, p99_lat(us): 892, max_pending: 1
140s: 46.7% done, RPS(now/agg): 1073742/1071528, errs: 0, hitrate: 100.0%, clients: 640
done_min: 46.70%, done_max: 46.70%, p99_lat(us): 898, max_pending: 1
I20260914 17:42:31.038750 295695 dfly_bench.cc:1466] 140s: 46.7% done, RPS(now/agg): 1073742/1071528, errs: 0, hitrate: 100.0%, clients: 640
done_min: 46.70%, done_max: 46.70%, p99_lat(us): 898, max_pending: 1
145s: 48.4% done, RPS(now/agg): 1088005/1072089, errs: 0, hitrate: 100.0%, clients: 640
done_min: 48.37%, done_max: 48.37%, p99_lat(us): 879, max_pending: 1
I20260914 17:42:36.041435 295695 dfly_bench.cc:1466] 145s: 48.4% done, RPS(now/agg): 1088005/1072089, errs: 0, hitrate: 100.0%, clients: 640
done_min: 48.37%, done_max: 48.37%, p99_lat(us): 879, max_pending: 1
150s: 50.0% done, RPS(now/agg): 1085494/1072536, errs: 0, hitrate: 100.0%, clients: 640
done_min: 50.03%, done_max: 50.03%, p99_lat(us): 893, max_pending: 1
I20260914 17:42:41.043808 295695 dfly_bench.cc:1466] 150s: 50.0% done, RPS(now/agg): 1085494/1072536, errs: 0, hitrate: 100.0%, clients: 640
done_min: 50.03%, done_max: 50.03%, p99_lat(us): 893, max_pending: 1
155s: 51.7% done, RPS(now/agg): 1088528/1073045, errs: 0, hitrate: 100.0%, clients: 640
done_min: 51.70%, done_max: 51.70%, p99_lat(us): 867, max_pending: 1
I20260914 17:42:46.046844 295695 dfly_bench.cc:1466] 155s: 51.7% done, RPS(now/agg): 1088528/1073045, errs: 0, hitrate: 100.0%, clients: 640
done_min: 51.70%, done_max: 51.70%, p99_lat(us): 867, max_pending: 1
160s: 53.4% done, RPS(now/agg): 1076470/1073145, errs: 0, hitrate: 100.0%, clients: 640
done_min: 53.37%, done_max: 53.37%, p99_lat(us): 892, max_pending: 1
I20260914 17:42:51.049597 295695 dfly_bench.cc:1466] 160s: 53.4% done, RPS(now/agg): 1076470/1073145, errs: 0, hitrate: 100.0%, clients: 640
done_min: 53.37%, done_max: 53.37%, p99_lat(us): 892, max_pending: 1
165s: 55.0% done, RPS(now/agg): 1080084/1073355, errs: 0, hitrate: 100.0%, clients: 640
done_min: 55.04%, done_max: 55.04%, p99_lat(us): 877, max_pending: 1
I20260914 17:42:56.052770 295695 dfly_bench.cc:1466] 165s: 55.0% done, RPS(now/agg): 1080084/1073355, errs: 0, hitrate: 100.0%, clients: 640
done_min: 55.04%, done_max: 55.04%, p99_lat(us): 877, max_pending: 1
170s: 56.7% done, RPS(now/agg): 1082041/1073611, errs: 0, hitrate: 100.0%, clients: 640
done_min: 56.71%, done_max: 56.71%, p99_lat(us): 875, max_pending: 1
I20260914 17:43:01.056137 295695 dfly_bench.cc:1466] 170s: 56.7% done, RPS(now/agg): 1082041/1073611, errs: 0, hitrate: 100.0%, clients: 640
done_min: 56.71%, done_max: 56.71%, p99_lat(us): 875, max_pending: 1
175s: 58.4% done, RPS(now/agg): 1081629/1073833, errs: 0, hitrate: 100.0%, clients: 640
done_min: 58.37%, done_max: 58.37%, p99_lat(us): 881, max_pending: 1
I20260914 17:43:06.058878 295695 dfly_bench.cc:1466] 175s: 58.4% done, RPS(now/agg): 1081629/1073833, errs: 0, hitrate: 100.0%, clients: 640
done_min: 58.37%, done_max: 58.37%, p99_lat(us): 881, max_pending: 1
180s: 60.0% done, RPS(now/agg): 1031367/1072654, errs: 0, hitrate: 100.0%, clients: 640
done_min: 60.04%, done_max: 60.04%, p99_lat(us): 939, max_pending: 1
I20260914 17:43:11.061414 295695 dfly_bench.cc:1466] 180s: 60.0% done, RPS(now/agg): 1031367/1072654, errs: 0, hitrate: 100.0%, clients: 640
done_min: 60.04%, done_max: 60.04%, p99_lat(us): 939, max_pending: 1
185s: 61.7% done, RPS(now/agg): 1084139/1072959, errs: 0, hitrate: 100.0%, clients: 640
done_min: 61.71%, done_max: 61.71%, p99_lat(us): 881, max_pending: 1
I20260914 17:43:16.064594 295695 dfly_bench.cc:1466] 185s: 61.7% done, RPS(now/agg): 1084139/1072959, errs: 0, hitrate: 100.0%, clients: 640
done_min: 61.71%, done_max: 61.71%, p99_lat(us): 881, max_pending: 1
190s: 63.4% done, RPS(now/agg): 1061555/1072653, errs: 0, hitrate: 100.0%, clients: 640
done_min: 63.38%, done_max: 63.38%, p99_lat(us): 934, max_pending: 1
I20260914 17:43:21.067421 295695 dfly_bench.cc:1466] 190s: 63.4% done, RPS(now/agg): 1061555/1072653, errs: 0, hitrate: 100.0%, clients: 640
done_min: 63.38%, done_max: 63.38%, p99_lat(us): 934, max_pending: 1
195s: 65.0% done, RPS(now/agg): 1078795/1072811, errs: 0, hitrate: 100.0%, clients: 640
done_min: 65.04%, done_max: 65.04%, p99_lat(us): 882, max_pending: 1
I20260914 17:43:26.070883 295695 dfly_bench.cc:1466] 195s: 65.0% done, RPS(now/agg): 1078795/1072811, errs: 0, hitrate: 100.0%, clients: 640
done_min: 65.04%, done_max: 65.04%, p99_lat(us): 882, max_pending: 1
200s: 66.7% done, RPS(now/agg): 1077923/1072933, errs: 0, hitrate: 100.0%, clients: 640
done_min: 66.71%, done_max: 66.71%, p99_lat(us): 877, max_pending: 1
I20260914 17:43:31.073511 295695 dfly_bench.cc:1466] 200s: 66.7% done, RPS(now/agg): 1077923/1072933, errs: 0, hitrate: 100.0%, clients: 640
done_min: 66.71%, done_max: 66.71%, p99_lat(us): 877, max_pending: 1
205s: 68.4% done, RPS(now/agg): 1086363/1073255, errs: 0, hitrate: 100.0%, clients: 640
done_min: 68.38%, done_max: 68.38%, p99_lat(us): 876, max_pending: 1
I20260914 17:43:36.077693 295695 dfly_bench.cc:1466] 205s: 68.4% done, RPS(now/agg): 1086363/1073255, errs: 0, hitrate: 100.0%, clients: 640
done_min: 68.38%, done_max: 68.38%, p99_lat(us): 876, max_pending: 1
210s: 70.0% done, RPS(now/agg): 1082707/1073480, errs: 0, hitrate: 100.0%, clients: 640
done_min: 70.05%, done_max: 70.05%, p99_lat(us): 887, max_pending: 1
I20260914 17:43:41.080067 295695 dfly_bench.cc:1466] 210s: 70.0% done, RPS(now/agg): 1082707/1073480, errs: 0, hitrate: 100.0%, clients: 640
done_min: 70.05%, done_max: 70.05%, p99_lat(us): 887, max_pending: 1
215s: 71.7% done, RPS(now/agg): 1078079/1073587, errs: 0, hitrate: 100.0%, clients: 640
done_min: 71.71%, done_max: 71.71%, p99_lat(us): 881, max_pending: 1
I20260914 17:43:46.083268 295695 dfly_bench.cc:1466] 215s: 71.7% done, RPS(now/agg): 1078079/1073587, errs: 0, hitrate: 100.0%, clients: 640
done_min: 71.71%, done_max: 71.71%, p99_lat(us): 881, max_pending: 1
220s: 73.4% done, RPS(now/agg): 1072146/1073550, errs: 0, hitrate: 100.0%, clients: 640
done_min: 73.38%, done_max: 73.38%, p99_lat(us): 896, max_pending: 1
I20260914 17:43:51.085942 295695 dfly_bench.cc:1466] 220s: 73.4% done, RPS(now/agg): 1072146/1073550, errs: 0, hitrate: 100.0%, clients: 640
done_min: 73.38%, done_max: 73.38%, p99_lat(us): 896, max_pending: 1
225s: 75.0% done, RPS(now/agg): 1078855/1073663, errs: 0, hitrate: 100.0%, clients: 640
done_min: 75.05%, done_max: 75.05%, p99_lat(us): 891, max_pending: 1
I20260914 17:43:56.088773 295695 dfly_bench.cc:1466] 225s: 75.0% done, RPS(now/agg): 1078855/1073663, errs: 0, hitrate: 100.0%, clients: 640
done_min: 75.05%, done_max: 75.05%, p99_lat(us): 891, max_pending: 1
230s: 76.7% done, RPS(now/agg): 1084090/1073889, errs: 0, hitrate: 100.0%, clients: 640
done_min: 76.72%, done_max: 76.72%, p99_lat(us): 881, max_pending: 1
I20260914 17:44:01.091286 295695 dfly_bench.cc:1466] 230s: 76.7% done, RPS(now/agg): 1084090/1073889, errs: 0, hitrate: 100.0%, clients: 640
done_min: 76.72%, done_max: 76.72%, p99_lat(us): 881, max_pending: 1
235s: 78.4% done, RPS(now/agg): 1077412/1073964, errs: 0, hitrate: 100.0%, clients: 640
done_min: 78.38%, done_max: 78.39%, p99_lat(us): 916, max_pending: 1
I20260914 17:44:06.095162 295695 dfly_bench.cc:1466] 235s: 78.4% done, RPS(now/agg): 1077412/1073964, errs: 0, hitrate: 100.0%, clients: 640
done_min: 78.38%, done_max: 78.39%, p99_lat(us): 916, max_pending: 1
240s: 80.1% done, RPS(now/agg): 1024423/1072928, errs: 0, hitrate: 100.0%, clients: 640
done_min: 80.05%, done_max: 80.05%, p99_lat(us): 990, max_pending: 1
I20260914 17:44:11.099036 295695 dfly_bench.cc:1466] 240s: 80.1% done, RPS(now/agg): 1024423/1072928, errs: 0, hitrate: 100.0%, clients: 640
done_min: 80.05%, done_max: 80.05%, p99_lat(us): 990, max_pending: 1
245s: 81.7% done, RPS(now/agg): 1082247/1073118, errs: 0, hitrate: 100.0%, clients: 640
done_min: 81.72%, done_max: 81.72%, p99_lat(us): 886, max_pending: 1
I20260914 17:44:16.102882 295695 dfly_bench.cc:1466] 245s: 81.7% done, RPS(now/agg): 1082247/1073118, errs: 0, hitrate: 100.0%, clients: 640
done_min: 81.72%, done_max: 81.72%, p99_lat(us): 886, max_pending: 1
250s: 83.4% done, RPS(now/agg): 1079858/1073253, errs: 0, hitrate: 100.0%, clients: 640
done_min: 83.39%, done_max: 83.39%, p99_lat(us): 883, max_pending: 1
I20260914 17:44:21.106544 295695 dfly_bench.cc:1466] 250s: 83.4% done, RPS(now/agg): 1079858/1073253, errs: 0, hitrate: 100.0%, clients: 640
done_min: 83.39%, done_max: 83.39%, p99_lat(us): 883, max_pending: 1
255s: 85.1% done, RPS(now/agg): 1048943/1072776, errs: 0, hitrate: 100.0%, clients: 640
done_min: 85.06%, done_max: 85.06%, p99_lat(us): 890, max_pending: 1
I20260914 17:44:26.108961 295695 dfly_bench.cc:1466] 255s: 85.1% done, RPS(now/agg): 1048943/1072776, errs: 0, hitrate: 100.0%, clients: 640
done_min: 85.06%, done_max: 85.06%, p99_lat(us): 890, max_pending: 1
260s: 86.7% done, RPS(now/agg): 1057634/1072481, errs: 0, hitrate: 100.0%, clients: 640
done_min: 86.72%, done_max: 86.72%, p99_lat(us): 927, max_pending: 1
I20260914 17:44:31.112210 295695 dfly_bench.cc:1466] 260s: 86.7% done, RPS(now/agg): 1057634/1072481, errs: 0, hitrate: 100.0%, clients: 640
done_min: 86.72%, done_max: 86.72%, p99_lat(us): 927, max_pending: 1
265s: 88.4% done, RPS(now/agg): 1070651/1072442, errs: 0, hitrate: 100.0%, clients: 640
done_min: 88.39%, done_max: 88.39%, p99_lat(us): 901, max_pending: 1
I20260914 17:44:36.114877 295695 dfly_bench.cc:1466] 265s: 88.4% done, RPS(now/agg): 1070651/1072442, errs: 0, hitrate: 100.0%, clients: 640
done_min: 88.39%, done_max: 88.39%, p99_lat(us): 901, max_pending: 1
270s: 90.1% done, RPS(now/agg): 1077029/1072527, errs: 0, hitrate: 100.0%, clients: 640
done_min: 90.06%, done_max: 90.06%, p99_lat(us): 894, max_pending: 1
I20260914 17:44:41.118243 295695 dfly_bench.cc:1466] 270s: 90.1% done, RPS(now/agg): 1077029/1072527, errs: 0, hitrate: 100.0%, clients: 640
done_min: 90.06%, done_max: 90.06%, p99_lat(us): 894, max_pending: 1
275s: 91.7% done, RPS(now/agg): 1083111/1072716, errs: 0, hitrate: 100.0%, clients: 640
done_min: 91.73%, done_max: 91.73%, p99_lat(us): 891, max_pending: 1
I20260914 17:44:46.121376 295695 dfly_bench.cc:1466] 275s: 91.7% done, RPS(now/agg): 1083111/1072716, errs: 0, hitrate: 100.0%, clients: 640
done_min: 91.73%, done_max: 91.73%, p99_lat(us): 891, max_pending: 1
280s: 93.4% done, RPS(now/agg): 1075953/1072770, errs: 0, hitrate: 100.0%, clients: 640
done_min: 93.39%, done_max: 93.40%, p99_lat(us): 887, max_pending: 1
I20260914 17:44:51.124935 295695 dfly_bench.cc:1466] 280s: 93.4% done, RPS(now/agg): 1075953/1072770, errs: 0, hitrate: 100.0%, clients: 640
done_min: 93.39%, done_max: 93.40%, p99_lat(us): 887, max_pending: 1
285s: 95.1% done, RPS(now/agg): 1079879/1072894, errs: 0, hitrate: 100.0%, clients: 640
done_min: 95.06%, done_max: 95.06%, p99_lat(us): 880, max_pending: 1
I20260914 17:44:56.128569 295695 dfly_bench.cc:1466] 285s: 95.1% done, RPS(now/agg): 1079879/1072894, errs: 0, hitrate: 100.0%, clients: 640
done_min: 95.06%, done_max: 95.06%, p99_lat(us): 880, max_pending: 1
290s: 96.7% done, RPS(now/agg): 1081008/1073031, errs: 0, hitrate: 100.0%, clients: 640
done_min: 96.73%, done_max: 96.73%, p99_lat(us): 880, max_pending: 1
I20260914 17:45:01.133311 295695 dfly_bench.cc:1466] 290s: 96.7% done, RPS(now/agg): 1081008/1073031, errs: 0, hitrate: 100.0%, clients: 640
done_min: 96.73%, done_max: 96.73%, p99_lat(us): 880, max_pending: 1
295s: 98.4% done, RPS(now/agg): 1077222/1073102, errs: 0, hitrate: 100.0%, clients: 640
done_min: 98.40%, done_max: 98.40%, p99_lat(us): 891, max_pending: 1
I20260914 17:45:06.138522 295695 dfly_bench.cc:1466] 295s: 98.4% done, RPS(now/agg): 1077222/1073102, errs: 0, hitrate: 100.0%, clients: 640
done_min: 98.40%, done_max: 98.40%, p99_lat(us): 891, max_pending: 1
I20260914 17:45:10.938122 295697 dfly_bench.cc:926] Done queuing 4294967295 requests, which took 300.0s. Waiting for server processing
I20260914 17:45:10.938337 295697 dfly_bench.cc:1001] ReceiveFb done
I20260914 17:45:10.938342 295703 dfly_bench.cc:926] Done queuing 4294967295 requests, which took 300.0s. Waiting for server processing
I20260914 17:45:10.938460 295697 dfly_bench.cc:926] Done queuing 4294967295 requests, which took 300.0s. Waiting for server processing
I20260914 17:45:10.938578 295697 dfly_bench.cc:926] Done queuing 4294967295 requests, which took 300.0s. Waiting for server processing
I20260914 17:45:10.938498 295704 dfly_bench.cc:926] Done queuing 4294967295 requests, which took 300.0s. Waiting for server processing
I20260914 17:45:10.938470 295702 dfly_bench.cc:926] Done queuing 4294967295 requests, which took 300.0s. Waiting for server processing
I20260914 17:45:10.938592 295697 dfly_bench.cc:926] Done queuing 4294967295 requests, which took 300.0s. Waiting for server processing
I20260914 17:45:10.938624 295703 dfly_bench.cc:1001] ReceiveFb done
I20260914 17:45:10.938627 295704 dfly_bench.cc:1001] ReceiveFb done
I20260914 17:45:10.938680 295706 dfly_bench.cc:926] Done queuing 4294967295 requests, which took 300.0s. Waiting for server processing
I20260914 17:45:10.938676 295702 dfly_bench.cc:1001] ReceiveFb done
I20260914 17:45:10.938714 295704 dfly_bench.cc:926] Done queuing 4294967295 requests, which took 300.0s. Waiting for server processing
I20260914 17:45:10.938707 295706 dfly_bench.cc:926] Done queuing 4294967295 requests, which took 300.0s. Waiting for server processing
I20260914 17:45:10.938735 295701 dfly_bench.cc:926] Done queuing 4294967295 requests, which took 300.0s. Waiting for server processing
I20260914 17:45:10.938738 295706 dfly_bench.cc:1001] ReceiveFb done
I20260914 17:45:10.938802 295697 dfly_bench.cc:1001] ReceiveFb done
I20260914 17:45:10.938812 295701 dfly_bench.cc:1001] ReceiveFb done
I20260914 17:45:10.938763 295695 dfly_bench.cc:926] Done queuing 4294967295 requests, which took 300.0s. Waiting for server processing
I20260914 17:45:10.938819 295696 dfly_bench.cc:926] Done queuing 4294967295 requests, which took 300.0s. Waiting for server processing
I20260914 17:45:10.938827 295697 dfly_bench.cc:1001] ReceiveFb done
I20260914 17:45:10.938832 295704 dfly_bench.cc:1001] ReceiveFb done
I20260914 17:45:10.938832 295706 dfly_bench.cc:1001] ReceiveFb done
I20260914 17:45:10.938882 295703 dfly_bench.cc:926] Done queuing 4294967295 requests, which took 300.0s. Waiting for server processing
I20260914 17:45:10.938884 295695 dfly_bench.cc:1001] ReceiveFb done
I20260914 17:45:10.938861 295697 dfly_bench.cc:1001] ReceiveFb done
I20260914 17:45:10.938862 295702 dfly_bench.cc:926] Done queuing 4294967295 requests, which took 300.0s. Waiting for server processing
I20260914 17:45:10.938894 295703 dfly_bench.cc:926] Done queuing 4294967295 requests, which took 300.0s. Waiting for server processing
I20260914 17:45:10.938906 295701 dfly_bench.cc:926] Done queuing 4294967295 requests, which took 300.0s. Waiting for server processing
I20260914 17:45:10.938862 295696 dfly_bench.cc:1001] ReceiveFb done
I20260914 17:45:10.938915 295703 dfly_bench.cc:926] Done queuing 4294967295 requests, which took 300.0s. Waiting for server processing
I20260914 17:45:10.938936 295703 dfly_bench.cc:926] Done queuing 4294967295 requests, which took 300.0s. Waiting for server processing
I20260914 17:45:10.938905 295700 dfly_bench.cc:926] Done queuing 4294967295 requests, which took 300.0s. Waiting for server processing
I20260914 17:45:10.938908 295702 dfly_bench.cc:926] Done queuing 4294967295 requests, which took 300.0s. Waiting for server processing
I20260914 17:45:10.938937 295708 dfly_bench.cc:926] Done queuing 4294967295 requests, which took 300.0s. Waiting for server processing
I20260914 17:45:10.938918 295701 dfly_bench.cc:926] Done queuing 4294967295 requests, which took 300.0s. Waiting for server processing
I20260914 17:45:10.938966 295707 dfly_bench.cc:926] Done queuing 4294967295 requests, which took 300.0s. Waiting for server processing
I20260914 17:45:10.938992 295696 dfly_bench.cc:926] Done queuing 4294967295 requests, which took 300.0s. Waiting for server processing
I20260914 17:45:10.939009 295700 dfly_bench.cc:1001] ReceiveFb done
I20260914 17:45:10.939070 295706 dfly_bench.cc:926] Done queuing 4294967295 requests, which took 300.0s. Waiting for server processing
I20260914 17:45:10.939081 295700 dfly_bench.cc:926] Done queuing 4294967295 requests, which took 300.0s. Waiting for server processing
I20260914 17:45:10.939088 295697 dfly_bench.cc:926] Done queuing 4294967295 requests, which took 300.0s. Waiting for server processing
I20260914 17:45:10.938966 295703 dfly_bench.cc:926] Done queuing 4294967295 requests, which took 300.0s. Waiting for server processing
I20260914 17:45:10.939116 295697 dfly_bench.cc:926] Done queuing 4294967295 requests, which took 300.0s. Waiting for server processing
I20260914 17:45:10.939121 295703 dfly_bench.cc:926] Done queuing 4294967295 requests, which took 300.0s. Waiting for server processing
I20260914 17:45:10.938923 295704 dfly_bench.cc:926] Done queuing 4294967295 requests, which took 300.0s. Waiting for server processing
I20260914 17:45:10.939131 295697 dfly_bench.cc:926] Done queuing 4294967295 requests, which took 300.0s. Waiting for server processing
I20260914 17:45:10.939142 295697 dfly_bench.cc:926] Done queuing 4294967295 requests, which took 300.0s. Waiting for server processing
I20260914 17:45:10.939028 295708 dfly_bench.cc:1001] ReceiveFb done
I20260914 17:45:10.939002 295699 dfly_bench.cc:926] Done queuing 4294967295 requests, which took 300.0s. Waiting for server processing
I20260914 17:45:10.939175 295700 dfly_bench.cc:1001] ReceiveFb done
I20260914 17:45:10.939141 295703 dfly_bench.cc:926] Done queuing 4294967295 requests, which took 300.0s. Waiting for server processing
I20260914 17:45:10.939136 295704 dfly_bench.cc:926] Done queuing 4294967295 requests, which took 300.0s. Waiting for server processing
I20260914 17:45:10.939040 295696 dfly_bench.cc:1001] ReceiveFb done
I20260914 17:45:10.938966 295698 dfly_bench.cc:926] Done queuing 4294967295 requests, which took 300.0s. Waiting for server processing
I20260914 17:45:10.938881 295705 dfly_bench.cc:926] Done queuing 4294967295 requests, which took 300.0s. Waiting for server processing
I20260914 17:45:10.939194 295704 dfly_bench.cc:926] Done queuing 4294967295 requests, which took 300.0s. Waiting for server processing
I20260914 17:45:10.939039 295693 dfly_bench.cc:926] Done queuing 4294967295 requests, which took 300.0s. Waiting for server processing
I20260914 17:45:10.939226 295696 dfly_bench.cc:926] Done queuing 4294967295 requests, which took 300.0s. Waiting for server processing
I20260914 17:45:10.939262 295698 dfly_bench.cc:1001] ReceiveFb done
I20260914 17:45:10.939265 295708 dfly_bench.cc:926] Done queuing 4294967295 requests, which took 300.0s. Waiting for server processing
I20260914 17:45:10.939287 295693 dfly_bench.cc:1001] ReceiveFb done
I20260914 17:45:10.939301 295698 dfly_bench.cc:926] Done queuing 4294967295 requests, which took 300.0s. Waiting for server processing
I20260914 17:45:10.939014 295701 dfly_bench.cc:1001] ReceiveFb done
I20260914 17:45:10.939229 295704 dfly_bench.cc:926] Done queuing 4294967295 requests, which took 300.0s. Waiting for server processing
I20260914 17:45:10.939162 295697 dfly_bench.cc:926] Done queuing 4294967295 requests, which took 300.0s. Waiting for server processing
I20260914 17:45:10.939222 295705 dfly_bench.cc:926] Done queuing 4294967295 requests, which took 300.0s. Waiting for server processing
I20260914 17:45:10.939239 295699 dfly_bench.cc:1001] ReceiveFb done
I20260914 17:45:10.938969 295702 dfly_bench.cc:926] Done queuing 4294967295 requests, which took 300.0s. Waiting for server processing
I20260914 17:45:10.939013 295695 dfly_bench.cc:926] Done queuing 4294967295 requests, which took 300.0s. Waiting for server processing
I20260914 17:45:10.939080 295706 dfly_bench.cc:926] Done queuing 4294967295 requests, which took 300.0s. Waiting for server processing
I20260914 17:45:10.939333 295701 dfly_bench.cc:1001] ReceiveFb done
I20260914 17:45:10.939193 295703 dfly_bench.cc:926] Done queuing 4294967295 requests, which took 300.0s. Waiting for server processing
I20260914 17:45:10.939374 295696 dfly_bench.cc:1001] ReceiveFb done
I20260914 17:45:10.939325 295697 dfly_bench.cc:926] Done queuing 4294967295 requests, which took 300.0s. Waiting for server processing
I20260914 17:45:10.939385 295693 dfly_bench.cc:926] Done queuing 4294967295 requests, which took 300.0s. Waiting for server processing
I20260914 17:45:10.939386 295698 dfly_bench.cc:1001] ReceiveFb done
I20260914 17:45:10.939405 295697 dfly_bench.cc:926] Done queuing 4294967295 requests, which took 300.0s. Waiting for server processing
I20260914 17:45:10.939356 295702 dfly_bench.cc:926] Done queuing 4294967295 requests, which took 300.0s. Waiting for server processing
I20260914 17:45:10.939411 295705 dfly_bench.cc:1001] ReceiveFb done
I20260914 17:45:10.939427 295702 dfly_bench.cc:926] Done queuing 4294967295 requests, which took 300.0s. Waiting for server processing
I20260914 17:45:10.939040 295707 dfly_bench.cc:1001] ReceiveFb done
I20260914 17:45:10.939200 295700 dfly_bench.cc:926] Done queuing 4294967295 requests, which took 300.0s. Waiting for server processing
I20260914 17:45:10.939385 295706 dfly_bench.cc:926] Done queuing 4294967295 requests, which took 300.0s. Waiting for server processing
I20260914 17:45:10.939378 295703 dfly_bench.cc:926] Done queuing 4294967295 requests, which took 300.0s. Waiting for server processing
I20260914 17:45:10.939296 295708 dfly_bench.cc:926] Done queuing 4294967295 requests, which took 300.0s. Waiting for server processing
I20260914 17:45:10.939445 295705 dfly_bench.cc:1001] ReceiveFb done
I20260914 17:45:10.939373 295695 dfly_bench.cc:926] Done queuing 4294967295 requests, which took 300.0s. Waiting for server processing
I20260914 17:45:10.939388 295701 dfly_bench.cc:926] Done queuing 4294967295 requests, which took 300.0s. Waiting for server processing
I20260914 17:45:10.939424 295698 dfly_bench.cc:926] Done queuing 4294967295 requests, which took 300.0s. Waiting for server processing
I20260914 17:45:10.939479 295698 dfly_bench.cc:926] Done queuing 4294967295 requests, which took 300.0s. Waiting for server processing
I20260914 17:45:10.939452 295703 dfly_bench.cc:926] Done queuing 4294967295 requests, which took 300.0s. Waiting for server processing
I20260914 17:45:10.939453 295708 dfly_bench.cc:926] Done queuing 4294967295 requests, which took 300.0s. Waiting for server processing
I20260914 17:45:10.939162 295694 dfly_bench.cc:926] Done queuing 4294967295 requests, which took 300.0s. Waiting for server processing
I20260914 17:45:10.939505 295708 dfly_bench.cc:926] Done queuing 4294967295 requests, which took 300.0s. Waiting for server processing
I20260914 17:45:10.939514 295694 dfly_bench.cc:926] Done queuing 4294967295 requests, which took 300.0s. Waiting for server processing
I20260914 17:45:10.939451 295700 dfly_bench.cc:926] Done queuing 4294967295 requests, which took 300.0s. Waiting for server processing
I20260914 17:45:10.939437 295702 dfly_bench.cc:926] Done queuing 4294967295 requests, which took 300.0s. Waiting for server processing
I20260914 17:45:10.939460 295695 dfly_bench.cc:926] Done queuing 4294967295 requests, which took 300.0s. Waiting for server processing
I20260914 17:45:10.939534 295702 dfly_bench.cc:926] Done queuing 4294967295 requests, which took 300.0s. Waiting for server processing
I20260914 17:45:10.939421 295704 dfly_bench.cc:1001] ReceiveFb done
I20260914 17:45:10.939529 295694 dfly_bench.cc:926] Done queuing 4294967295 requests, which took 300.0s. Waiting for server processing
I20260914 17:45:10.939414 295696 dfly_bench.cc:926] Done queuing 4294967295 requests, which took 300.0s. Waiting for server processing
I20260914 17:45:10.939563 295704 dfly_bench.cc:1001] ReceiveFb done
I20260914 17:45:10.939548 295695 dfly_bench.cc:926] Done queuing 4294967295 requests, which took 300.0s. Waiting for server processing
I20260914 17:45:10.939525 295708 dfly_bench.cc:926] Done queuing 4294967295 requests, which took 300.0s. Waiting for server processing
I20260914 17:45:10.939450 295706 dfly_bench.cc:926] Done queuing 4294967295 requests, which took 300.0s. Waiting for server processing
I20260914 17:45:10.939551 295702 dfly_bench.cc:926] Done queuing 4294967295 requests, which took 300.0s. Waiting for server processing
I20260914 17:45:10.939589 295704 dfly_bench.cc:1001] ReceiveFb done
I20260914 17:45:10.939556 295696 dfly_bench.cc:926] Done queuing 4294967295 requests, which took 300.0s. Waiting for server processing
I20260914 17:45:10.939616 295696 dfly_bench.cc:926] Done queuing 4294967295 requests, which took 300.0s. Waiting for server processing
I20260914 17:45:10.939615 295700 dfly_bench.cc:1001] ReceiveFb done
I20260914 17:45:10.939494 295703 dfly_bench.cc:926] Done queuing 4294967295 requests, which took 300.0s. Waiting for server processing
I20260914 17:45:10.939553 295694 dfly_bench.cc:926] Done queuing 4294967295 requests, which took 300.0s. Waiting for server processing
I20260914 17:45:10.939465 295693 dfly_bench.cc:1001] ReceiveFb done
I20260914 17:45:10.939553 295698 dfly_bench.cc:1001] ReceiveFb done
I20260914 17:45:10.939580 295695 dfly_bench.cc:926] Done queuing 4294967295 requests, which took 300.0s. Waiting for server processing
I20260914 17:45:10.939458 295699 dfly_bench.cc:926] Done queuing 4294967295 requests, which took 300.0s. Waiting for server processing
I20260914 17:45:10.939652 295708 dfly_bench.cc:1001] ReceiveFb done
I20260914 17:45:10.939467 295701 dfly_bench.cc:926] Done queuing 4294967295 requests, which took 300.0s. Waiting for server processing
I20260914 17:45:10.939416 295697 dfly_bench.cc:926] Done queuing 4294967295 requests, which took 300.0s. Waiting for server processing
I20260914 17:45:10.939601 295705 dfly_bench.cc:926] Done queuing 4294967295 requests, which took 300.0s. Waiting for server processing
I20260914 17:45:10.939671 295702 dfly_bench.cc:1001] ReceiveFb done
I20260914 17:45:10.939675 295701 dfly_bench.cc:926] Done queuing 4294967295 requests, which took 300.0s. Waiting for server processing
I20260914 17:45:10.939688 295701 dfly_bench.cc:926] Done queuing 4294967295 requests, which took 300.0s. Waiting for server processing
I20260914 17:45:10.939615 295704 dfly_bench.cc:1001] ReceiveFb done
I20260914 17:45:10.939698 295702 dfly_bench.cc:1001] ReceiveFb done
I20260914 17:45:10.939721 295702 dfly_bench.cc:1001] ReceiveFb done
I20260914 17:45:10.939682 295697 dfly_bench.cc:926] Done queuing 4294967295 requests, which took 300.0s. Waiting for server processing
I20260914 17:45:10.939638 295694 dfly_bench.cc:926] Done queuing 4294967295 requests, which took 300.0s. Waiting for server processing
I20260914 17:45:10.939733 295697 dfly_bench.cc:926] Done queuing 4294967295 requests, which took 300.0s. Waiting for server processing
I20260914 17:45:10.939731 295704 dfly_bench.cc:926] Done queuing 4294967295 requests, which took 300.0s. Waiting for server processing
I20260914 17:45:10.939744 295704 dfly_bench.cc:926] Done queuing 4294967295 requests, which took 300.0s. Waiting for server processing
I20260914 17:45:10.939659 295699 dfly_bench.cc:926] Done queuing 4294967295 requests, which took 300.0s. Waiting for server processing
I20260914 17:45:10.939756 295704 dfly_bench.cc:926] Done queuing 4294967295 requests, which took 300.0s. Waiting for server processing
I20260914 17:45:10.939762 295699 dfly_bench.cc:926] Done queuing 4294967295 requests, which took 300.0s. Waiting for server processing
I20260914 17:45:10.939682 295708 dfly_bench.cc:1001] ReceiveFb done
I20260914 17:45:10.939459 295707 dfly_bench.cc:926] Done queuing 4294967295 requests, which took 300.0s. Waiting for server processing
I20260914 17:45:10.939656 295706 dfly_bench.cc:1001] ReceiveFb done
I20260914 17:45:10.939627 295696 dfly_bench.cc:926] Done queuing 4294967295 requests, which took 300.0s. Waiting for server processing
I20260914 17:45:10.939656 295693 dfly_bench.cc:926] Done queuing 4294967295 requests, which took 300.0s. Waiting for server processing
I20260914 17:45:10.939776 295699 dfly_bench.cc:926] Done queuing 4294967295 requests, which took 300.0s. Waiting for server processing
I20260914 17:45:10.939687 295705 dfly_bench.cc:926] Done queuing 4294967295 requests, which took 300.0s. Waiting for server processing
I20260914 17:45:10.939805 295696 dfly_bench.cc:926] Done queuing 4294967295 requests, which took 300.0s. Waiting for server processing
I20260914 17:45:10.939806 295693 dfly_bench.cc:926] Done queuing 4294967295 requests, which took 300.0s. Waiting for server processing
I20260914 17:45:10.939641 295703 dfly_bench.cc:926] Done queuing 4294967295 requests, which took 300.0s. Waiting for server processing
I20260914 17:45:10.939740 295697 dfly_bench.cc:926] Done queuing 4294967295 requests, which took 300.0s. Waiting for server processing
I20260914 17:45:10.939814 295705 dfly_bench.cc:926] Done queuing 4294967295 requests, which took 300.0s. Waiting for server processing
I20260914 17:45:10.939817 295696 dfly_bench.cc:926] Done queuing 4294967295 requests, which took 300.0s. Waiting for server processing
I20260914 17:45:10.939641 295700 dfly_bench.cc:1001] ReceiveFb done
I20260914 17:45:10.939808 295699 dfly_bench.cc:926] Done queuing 4294967295 requests, which took 300.0s. Waiting for server processing
I20260914 17:45:10.939769 295704 dfly_bench.cc:926] Done queuing 4294967295 requests, which took 300.0s. Waiting for server processing
I20260914 17:45:10.939811 295706 dfly_bench.cc:1001] ReceiveFb done
I20260914 17:45:10.939812 295708 dfly_bench.cc:1001] ReceiveFb done
I20260914 17:45:10.939826 295703 dfly_bench.cc:926] Done queuing 4294967295 requests, which took 300.0s. Waiting for server processing
I20260914 17:45:10.939662 295698 dfly_bench.cc:1001] ReceiveFb done
I20260914 17:45:10.939656 295695 dfly_bench.cc:926] Done queuing 4294967295 requests, which took 300.0s. Waiting for server processing
I20260914 17:45:10.939826 295697 dfly_bench.cc:926] Done queuing 4294967295 requests, which took 300.0s. Waiting for server processing
I20260914 17:45:10.939886 295708 dfly_bench.cc:1001] ReceiveFb done
I20260914 17:45:10.939827 295705 dfly_bench.cc:926] Done queuing 4294967295 requests, which took 300.0s. Waiting for server processing
I20260914 17:45:10.939894 295706 dfly_bench.cc:1001] ReceiveFb done
I20260914 17:45:10.939850 295700 dfly_bench.cc:926] Done queuing 4294967295 requests, which took 300.0s. Waiting for server processing
I20260914 17:45:10.939785 295694 dfly_bench.cc:1001] ReceiveFb done
I20260914 17:45:10.939908 295700 dfly_bench.cc:926] Done queuing 4294967295 requests, which took 300.0s. Waiting for server processing
I20260914 17:45:10.939868 295704 dfly_bench.cc:926] Done queuing 4294967295 requests, which took 300.0s. Waiting for server processing
I20260914 17:45:10.939915 295708 dfly_bench.cc:1001] ReceiveFb done
I20260914 17:45:10.939777 295701 dfly_bench.cc:1001] ReceiveFb done
I20260914 17:45:10.939839 295699 dfly_bench.cc:926] Done queuing 4294967295 requests, which took 300.0s. Waiting for server processing
I20260914 17:45:10.939828 295696 dfly_bench.cc:926] Done queuing 4294967295 requests, which took 300.0s. Waiting for server processing
I20260914 17:45:10.939818 295693 dfly_bench.cc:926] Done queuing 4294967295 requests, which took 300.0s. Waiting for server processing
I20260914 17:45:10.939936 295708 dfly_bench.cc:926] Done queuing 4294967295 requests, which took 300.0s. Waiting for server processing
I20260914 17:45:10.939952 295693 dfly_bench.cc:926] Done queuing 4294967295 requests, which took 300.0s. Waiting for server processing
I20260914 17:45:10.939941 295697 dfly_bench.cc:1001] ReceiveFb done
I20260914 17:45:10.939951 295696 dfly_bench.cc:926] Done queuing 4294967295 requests, which took 300.0s. Waiting for server processing
I20260914 17:45:10.939989 295697 dfly_bench.cc:1001] ReceiveFb done
I20260914 17:45:10.939954 295708 dfly_bench.cc:926] Done queuing 4294967295 requests, which took 300.0s. Waiting for server processing
I20260914 17:45:10.939919 295706 dfly_bench.cc:1001] ReceiveFb done
I20260914 17:45:10.939922 295704 dfly_bench.cc:926] Done queuing 4294967295 requests, which took 300.0s. Waiting for server processing
I20260914 17:45:10.939896 295698 dfly_bench.cc:926] Done queuing 4294967295 requests, which took 300.0s. Waiting for server processing
I20260914 17:45:10.940026 295706 dfly_bench.cc:926] Done queuing 4294967295 requests, which took 300.0s. Waiting for server processing
I20260914 17:45:10.939983 295696 dfly_bench.cc:926] Done queuing 4294967295 requests, which took 300.0s. Waiting for server processing
I20260914 17:45:10.939950 295699 dfly_bench.cc:926] Done queuing 4294967295 requests, which took 300.0s. Waiting for server processing
I20260914 17:45:10.940037 295706 dfly_bench.cc:926] Done queuing 4294967295 requests, which took 300.0s. Waiting for server processing
I20260914 17:45:10.940011 295700 dfly_bench.cc:1001] ReceiveFb done
I20260914 17:45:10.940021 295697 dfly_bench.cc:1001] ReceiveFb done
I20260914 17:45:10.940022 295698 dfly_bench.cc:926] Done queuing 4294967295 requests, which took 300.0s. Waiting for server processing
I20260914 17:45:10.939883 295695 dfly_bench.cc:926] Done queuing 4294967295 requests, which took 300.0s. Waiting for server processing
I20260914 17:45:10.940059 295699 dfly_bench.cc:926] Done queuing 4294967295 requests, which took 300.0s. Waiting for server processing
I20260914 17:45:10.939926 295694 dfly_bench.cc:1001] ReceiveFb done
I20260914 17:45:10.939951 295701 dfly_bench.cc:1001] ReceiveFb done
I20260914 17:45:10.940016 295704 dfly_bench.cc:926] Done queuing 4294967295 requests, which took 300.0s. Waiting for server processing
I20260914 17:45:10.940011 295708 dfly_bench.cc:926] Done queuing 4294967295 requests, which took 300.0s. Waiting for server processing
I20260914 17:45:10.940074 295699 dfly_bench.cc:926] Done queuing 4294967295 requests, which took 300.0s. Waiting for server processing
I20260914 17:45:10.939960 295693 dfly_bench.cc:926] Done queuing 4294967295 requests, which took 300.0s. Waiting for server processing
I20260914 17:45:10.940064 295698 dfly_bench.cc:926] Done queuing 4294967295 requests, which took 300.0s. Waiting for server processing
I20260914 17:45:10.940074 295700 dfly_bench.cc:1001] ReceiveFb done
I20260914 17:45:10.940075 295695 dfly_bench.cc:926] Done queuing 4294967295 requests, which took 300.0s. Waiting for server processing
I20260914 17:45:10.939742 295702 dfly_bench.cc:1001] ReceiveFb done
I20260914 17:45:10.939879 295703 dfly_bench.cc:926] Done queuing 4294967295 requests, which took 300.0s. Waiting for server processing
I20260914 17:45:10.940097 295704 dfly_bench.cc:926] Done queuing 4294967295 requests, which took 300.0s. Waiting for server processing
I20260914 17:45:10.939877 295707 dfly_bench.cc:1001] ReceiveFb done
I20260914 17:45:10.940104 295694 dfly_bench.cc:1001] ReceiveFb done
I20260914 17:45:10.940094 295699 dfly_bench.cc:926] Done queuing 4294967295 requests, which took 300.0s. Waiting for server processing
I20260914 17:45:10.940112 295695 dfly_bench.cc:926] Done queuing 4294967295 requests, which took 300.0s. Waiting for server processing
I20260914 17:45:10.940104 295698 dfly_bench.cc:926] Done queuing 4294967295 requests, which took 300.0s. Waiting for server processing
I20260914 17:45:10.940060 295706 dfly_bench.cc:926] Done queuing 4294967295 requests, which took 300.0s. Waiting for server processing
I20260914 17:45:10.940122 295702 dfly_bench.cc:1001] ReceiveFb done
I20260914 17:45:10.940092 295708 dfly_bench.cc:926] Done queuing 4294967295 requests, which took 300.0s. Waiting for server processing
I20260914 17:45:10.940095 295693 dfly_bench.cc:926] Done queuing 4294967295 requests, which took 300.0s. Waiting for server processing
I20260914 17:45:10.940124 295700 dfly_bench.cc:926] Done queuing 4294967295 requests, which took 300.0s. Waiting for server processing
I20260914 17:45:10.939908 295705 dfly_bench.cc:926] Done queuing 4294967295 requests, which took 300.0s. Waiting for server processing
I20260914 17:45:10.940151 295708 dfly_bench.cc:926] Done queuing 4294967295 requests, which took 300.0s. Waiting for server processing
I20260914 17:45:10.940116 295704 dfly_bench.cc:926] Done queuing 4294967295 requests, which took 300.0s. Waiting for server processing
I20260914 17:45:10.940181 295704 dfly_bench.cc:926] Done queuing 4294967295 requests, which took 300.0s. Waiting for server processing
I20260914 17:45:10.940136 295699 dfly_bench.cc:926] Done queuing 4294967295 requests, which took 300.0s. Waiting for server processing
I20260914 17:45:10.940205 295704 dfly_bench.cc:926] Done queuing 4294967295 requests, which took 300.0s. Waiting for server processing
I20260914 17:45:10.940166 295705 dfly_bench.cc:926] Done queuing 4294967295 requests, which took 300.0s. Waiting for server processing
I20260914 17:45:10.940182 295703 dfly_bench.cc:1001] ReceiveFb done
I20260914 17:45:10.940130 295694 dfly_bench.cc:1001] ReceiveFb done
I20260914 17:45:10.940253 295703 dfly_bench.cc:1001] ReceiveFb done
I20260914 17:45:10.940129 295696 dfly_bench.cc:1001] ReceiveFb done
I20260914 17:45:10.940157 295700 dfly_bench.cc:926] Done queuing 4294967295 requests, which took 300.0s. Waiting for server processing
I20260914 17:45:10.940176 295708 dfly_bench.cc:926] Done queuing 4294967295 requests, which took 300.0s. Waiting for server processing
I20260914 17:45:10.940294 295696 dfly_bench.cc:1001] ReceiveFb done
I20260914 17:45:10.940297 295700 dfly_bench.cc:926] Done queuing 4294967295 requests, which took 300.0s. Waiting for server processing
I20260914 17:45:10.940151 295702 dfly_bench.cc:1001] ReceiveFb done
I20260914 17:45:10.940299 295708 dfly_bench.cc:926] Done queuing 4294967295 requests, which took 300.0s. Waiting for server processing
I20260914 17:45:10.940307 295700 dfly_bench.cc:926] Done queuing 4294967295 requests, which took 300.0s. Waiting for server processing
I20260914 17:45:10.940312 295696 dfly_bench.cc:1001] ReceiveFb done
I20260914 17:45:10.940191 295695 dfly_bench.cc:1001] ReceiveFb done
I20260914 17:45:10.940200 295707 dfly_bench.cc:926] Done queuing 4294967295 requests, which took 300.0s. Waiting for server processing
I20260914 17:45:10.940156 295693 dfly_bench.cc:926] Done queuing 4294967295 requests, which took 300.0s. Waiting for server processing
I20260914 17:45:10.940348 295707 dfly_bench.cc:926] Done queuing 4294967295 requests, which took 300.0s. Waiting for server processing
I20260914 17:45:10.940137 295706 dfly_bench.cc:926] Done queuing 4294967295 requests, which took 300.0s. Waiting for server processing
I20260914 17:45:10.940359 295693 dfly_bench.cc:926] Done queuing 4294967295 requests, which took 300.0s. Waiting for server processing
I20260914 17:45:10.940316 295700 dfly_bench.cc:926] Done queuing 4294967295 requests, which took 300.0s. Waiting for server processing
I20260914 17:45:10.940367 295706 dfly_bench.cc:926] Done queuing 4294967295 requests, which took 300.0s. Waiting for server processing
I20260914 17:45:10.940382 295700 dfly_bench.cc:926] Done queuing 4294967295 requests, which took 300.0s. Waiting for server processing
I20260914 17:45:10.940388 295706 dfly_bench.cc:926] Done queuing 4294967295 requests, which took 300.0s. Waiting for server processing
I20260914 17:45:10.940237 295705 dfly_bench.cc:926] Done queuing 4294967295 requests, which took 300.0s. Waiting for server processing
I20260914 17:45:10.940393 295700 dfly_bench.cc:926] Done queuing 4294967295 requests, which took 300.0s. Waiting for server processing
I20260914 17:45:10.940404 295705 dfly_bench.cc:926] Done queuing 4294967295 requests, which took 300.0s. Waiting for server processing
I20260914 17:45:10.940407 295700 dfly_bench.cc:926] Done queuing 4294967295 requests, which took 300.0s. Waiting for server processing
I20260914 17:45:10.940135 295698 dfly_bench.cc:926] Done queuing 4294967295 requests, which took 300.0s. Waiting for server processing
I20260914 17:45:10.940361 295707 dfly_bench.cc:926] Done queuing 4294967295 requests, which took 300.0s. Waiting for server processing
I20260914 17:45:10.940084 295697 dfly_bench.cc:1001] ReceiveFb done
I20260914 17:45:10.940339 295696 dfly_bench.cc:1001] ReceiveFb done
I20260914 17:45:10.940349 295695 dfly_bench.cc:1001] ReceiveFb done
I20260914 17:45:10.940091 295701 dfly_bench.cc:1001] ReceiveFb done
I20260914 17:45:10.940424 295698 dfly_bench.cc:926] Done queuing 4294967295 requests, which took 300.0s. Waiting for server processing
I20260914 17:45:10.940371 295693 dfly_bench.cc:926] Done queuing 4294967295 requests, which took 300.0s. Waiting for server processing
I20260914 17:45:10.940448 295696 dfly_bench.cc:1001] ReceiveFb done
I20260914 17:45:10.940212 295699 dfly_bench.cc:926] Done queuing 4294967295 requests, which took 300.0s. Waiting for server processing
I20260914 17:45:10.940282 295703 dfly_bench.cc:1001] ReceiveFb done
I20260914 17:45:10.940459 295708 dfly_bench.cc:1001] ReceiveFb done
I20260914 17:45:10.940445 295695 dfly_bench.cc:1001] ReceiveFb done
I20260914 17:45:10.940428 295704 dfly_bench.cc:1001] ReceiveFb done
I20260914 17:45:10.940320 295702 dfly_bench.cc:1001] ReceiveFb done
I20260914 17:45:10.940451 295698 dfly_bench.cc:926] Done queuing 4294967295 requests, which took 300.0s. Waiting for server processing
I20260914 17:45:10.940397 295706 dfly_bench.cc:926] Done queuing 4294967295 requests, which took 300.0s. Waiting for server processing
I20260914 17:45:10.940491 295698 dfly_bench.cc:926] Done queuing 4294967295 requests, which took 300.0s. Waiting for server processing
I20260914 17:45:10.940469 295699 dfly_bench.cc:926] Done queuing 4294967295 requests, which took 300.0s. Waiting for server processing
I20260914 17:45:10.940488 295703 dfly_bench.cc:1001] ReceiveFb done
I20260914 17:45:10.940514 295704 dfly_bench.cc:1001] ReceiveFb done
I20260914 17:45:10.940493 295706 dfly_bench.cc:926] Done queuing 4294967295 requests, which took 300.0s. Waiting for server processing
I20260914 17:45:10.940425 295707 dfly_bench.cc:926] Done queuing 4294967295 requests, which took 300.0s. Waiting for server processing
I20260914 17:45:10.940527 295703 dfly_bench.cc:1001] ReceiveFb done
I20260914 17:45:10.940285 295694 dfly_bench.cc:1001] ReceiveFb done
I20260914 17:45:10.940510 295699 dfly_bench.cc:926] Done queuing 4294967295 requests, which took 300.0s. Waiting for server processing
I20260914 17:45:10.940558 295703 dfly_bench.cc:1001] ReceiveFb done
I20260914 17:45:10.940455 295701 dfly_bench.cc:1001] ReceiveFb done
I20260914 17:45:10.940469 295696 dfly_bench.cc:1001] ReceiveFb done
I20260914 17:45:10.940454 295693 dfly_bench.cc:926] Done queuing 4294967295 requests, which took 300.0s. Waiting for server processing
I20260914 17:45:10.940586 295694 dfly_bench.cc:926] Done queuing 4294967295 requests, which took 300.0s. Waiting for server processing
I20260914 17:45:10.940531 295706 dfly_bench.cc:926] Done queuing 4294967295 requests, which took 300.0s. Waiting for server processing
I20260914 17:45:10.940415 295705 dfly_bench.cc:926] Done queuing 4294967295 requests, which took 300.0s. Waiting for server processing
I20260914 17:45:10.940603 295706 dfly_bench.cc:926] Done queuing 4294967295 requests, which took 300.0s. Waiting for server processing
I20260914 17:45:10.940421 295700 dfly_bench.cc:926] Done queuing 4294967295 requests, which took 300.0s. Waiting for server processing
I20260914 17:45:10.940500 295702 dfly_bench.cc:1001] ReceiveFb done
I20260914 17:45:10.940593 295696 dfly_bench.cc:1001] ReceiveFb done
I20260914 17:45:10.940579 295707 dfly_bench.cc:1001] ReceiveFb done
I20260914 17:45:10.940583 295703 dfly_bench.cc:1001] ReceiveFb done
I20260914 17:45:10.940625 295700 dfly_bench.cc:926] Done queuing 4294967295 requests, which took 300.0s. Waiting for server processing
I20260914 17:45:10.940613 295706 dfly_bench.cc:926] Done queuing 4294967295 requests, which took 300.0s. Waiting for server processing
I20260914 17:45:10.940544 295704 dfly_bench.cc:1001] ReceiveFb done
I20260914 17:45:10.940439 295697 dfly_bench.cc:1001] ReceiveFb done
I20260914 17:45:10.940559 295699 dfly_bench.cc:926] Done queuing 4294967295 requests, which took 300.0s. Waiting for server processing
I20260914 17:45:10.940492 295708 dfly_bench.cc:1001] ReceiveFb done
I20260914 17:45:10.940609 295705 dfly_bench.cc:926] Done queuing 4294967295 requests, which took 300.0s. Waiting for server processing
I20260914 17:45:10.940593 295693 dfly_bench.cc:926] Done queuing 4294967295 requests, which took 300.0s. Waiting for server processing
I20260914 17:45:10.940609 295701 dfly_bench.cc:926] Done queuing 4294967295 requests, which took 300.0s. Waiting for server processing
I20260914 17:45:10.940666 295707 dfly_bench.cc:1001] ReceiveFb done
I20260914 17:45:10.940652 295703 dfly_bench.cc:1001] ReceiveFb done
I20260914 17:45:10.940670 295705 dfly_bench.cc:926] Done queuing 4294967295 requests, which took 300.0s. Waiting for server processing
I20260914 17:45:10.940666 295697 dfly_bench.cc:1001] ReceiveFb done
I20260914 17:45:10.940690 295705 dfly_bench.cc:926] Done queuing 4294967295 requests, which took 300.0s. Waiting for server processing
I20260914 17:45:10.940697 295703 dfly_bench.cc:1001] ReceiveFb done
I20260914 17:45:10.940709 295705 dfly_bench.cc:926] Done queuing 4294967295 requests, which took 300.0s. Waiting for server processing
I20260914 17:45:10.940500 295695 dfly_bench.cc:1001] ReceiveFb done
I20260914 17:45:10.940642 295696 dfly_bench.cc:1001] ReceiveFb done
I20260914 17:45:10.940639 295700 dfly_bench.cc:926] Done queuing 4294967295 requests, which took 300.0s. Waiting for server processing
I20260914 17:45:10.940641 295706 dfly_bench.cc:926] Done queuing 4294967295 requests, which took 300.0s. Waiting for server processing
I20260914 17:45:10.940659 295699 dfly_bench.cc:926] Done queuing 4294967295 requests, which took 300.0s. Waiting for server processing
I20260914 17:45:10.940675 295708 dfly_bench.cc:1001] ReceiveFb done
I20260914 17:45:10.940724 295703 dfly_bench.cc:1001] ReceiveFb done
I20260914 17:45:10.940658 295702 dfly_bench.cc:926] Done queuing 4294967295 requests, which took 300.0s. Waiting for server processing
I20260914 17:45:10.940730 295699 dfly_bench.cc:926] Done queuing 4294967295 requests, which took 300.0s. Waiting for server processing
I20260914 17:45:10.940721 295705 dfly_bench.cc:926] Done queuing 4294967295 requests, which took 300.0s. Waiting for server processing
I20260914 17:45:10.940512 295698 dfly_bench.cc:926] Done queuing 4294967295 requests, which took 300.0s. Waiting for server processing
I20260914 17:45:10.940744 295703 dfly_bench.cc:1001] ReceiveFb done
I20260914 17:45:10.940733 295695 dfly_bench.cc:1001] ReceiveFb done
I20260914 17:45:10.940737 295702 dfly_bench.cc:926] Done queuing 4294967295 requests, which took 300.0s. Waiting for server processing
I20260914 17:45:10.940680 295701 dfly_bench.cc:926] Done queuing 4294967295 requests, which took 300.0s. Waiting for server processing
I20260914 17:45:10.940727 295706 dfly_bench.cc:926] Done queuing 4294967295 requests, which took 300.0s. Waiting for server processing
I20260914 17:45:10.940699 295707 dfly_bench.cc:1001] ReceiveFb done
I20260914 17:45:10.940778 295706 dfly_bench.cc:926] Done queuing 4294967295 requests, which took 300.0s. Waiting for server processing
I20260914 17:45:10.940788 295706 dfly_bench.cc:926] Done queuing 4294967295 requests, which took 300.0s. Waiting for server processing
I20260914 17:45:10.940727 295700 dfly_bench.cc:926] Done queuing 4294967295 requests, which took 300.0s. Waiting for server processing
I20260914 17:45:10.940721 295697 dfly_bench.cc:1001] ReceiveFb done
I20260914 17:45:10.940733 295696 dfly_bench.cc:1001] ReceiveFb done
I20260914 17:45:10.940800 295700 dfly_bench.cc:926] Done queuing 4294967295 requests, which took 300.0s. Waiting for server processing
I20260914 17:45:10.940742 295708 dfly_bench.cc:1001] ReceiveFb done
I20260914 17:45:10.940750 295705 dfly_bench.cc:926] Done queuing 4294967295 requests, which took 300.0s. Waiting for server processing
I20260914 17:45:10.940814 295697 dfly_bench.cc:1001] ReceiveFb done
I20260914 17:45:10.940789 295699 dfly_bench.cc:1001] ReceiveFb done
I20260914 17:45:10.940770 295702 dfly_bench.cc:926] Done queuing 4294967295 requests, which took 300.0s. Waiting for server processing
I20260914 17:45:10.940825 295708 dfly_bench.cc:1001] ReceiveFb done
I20260914 17:45:10.940795 295707 dfly_bench.cc:1001] ReceiveFb done
I20260914 17:45:10.940654 295704 dfly_bench.cc:1001] ReceiveFb done
I20260914 17:45:10.940858 295707 dfly_bench.cc:926] Done queuing 4294967295 requests, which took 300.0s. Waiting for server processing
I20260914 17:45:10.940840 295697 dfly_bench.cc:1001] ReceiveFb done
I20260914 17:45:10.940851 295702 dfly_bench.cc:926] Done queuing 4294967295 requests, which took 300.0s. Waiting for server processing
I20260914 17:45:10.940779 295695 dfly_bench.cc:1001] ReceiveFb done
I20260914 17:45:10.940757 295698 dfly_bench.cc:926] Done queuing 4294967295 requests, which took 300.0s. Waiting for server processing
I20260914 17:45:10.940680 295693 dfly_bench.cc:926] Done queuing 4294967295 requests, which took 300.0s. Waiting for server processing
I20260914 17:45:10.940878 295704 dfly_bench.cc:1001] ReceiveFb done
I20260914 17:45:10.940842 295696 dfly_bench.cc:926] Done queuing 4294967295 requests, which took 300.0s. Waiting for server processing
I20260914 17:45:10.940742 295694 dfly_bench.cc:1001] ReceiveFb done
I20260914 17:45:10.940811 295700 dfly_bench.cc:926] Done queuing 4294967295 requests, which took 300.0s. Waiting for server processing
I20260914 17:45:10.940847 295699 dfly_bench.cc:1001] ReceiveFb done
I20260914 17:45:10.940884 295702 dfly_bench.cc:926] Done queuing 4294967295 requests, which took 300.0s. Waiting for server processing
I20260914 17:45:10.940821 295705 dfly_bench.cc:926] Done queuing 4294967295 requests, which took 300.0s. Waiting for server processing
I20260914 17:45:10.940909 295694 dfly_bench.cc:926] Done queuing 4294967295 requests, which took 300.0s. Waiting for server processing
I20260914 17:45:10.940886 295707 dfly_bench.cc:926] Done queuing 4294967295 requests, which took 300.0s. Waiting for server processing
I20260914 17:45:10.940920 295694 dfly_bench.cc:926] Done queuing 4294967295 requests, which took 300.0s. Waiting for server processing
I20260914 17:45:10.940925 295707 dfly_bench.cc:926] Done queuing 4294967295 requests, which took 300.0s. Waiting for server processing
I20260914 17:45:10.940930 295694 dfly_bench.cc:926] Done queuing 4294967295 requests, which took 300.0s. Waiting for server processing
I20260914 17:45:10.940938 295694 dfly_bench.cc:926] Done queuing 4294967295 requests, which took 300.0s. Waiting for server processing
I20260914 17:45:10.940794 295706 dfly_bench.cc:926] Done queuing 4294967295 requests, which took 300.0s. Waiting for server processing
I20260914 17:45:10.940886 295693 dfly_bench.cc:926] Done queuing 4294967295 requests, which took 300.0s. Waiting for server processing
I20260914 17:45:10.940771 295701 dfly_bench.cc:926] Done queuing 4294967295 requests, which took 300.0s. Waiting for server processing
I20260914 17:45:10.940963 295694 dfly_bench.cc:926] Done queuing 4294967295 requests, which took 300.0s. Waiting for server processing
I20260914 17:45:10.940971 295694 dfly_bench.cc:926] Done queuing 4294967295 requests, which took 300.0s. Waiting for server processing
I20260914 17:45:10.940968 295701 dfly_bench.cc:926] Done queuing 4294967295 requests, which took 300.0s. Waiting for server processing
I20260914 17:45:10.940979 295694 dfly_bench.cc:926] Done queuing 4294967295 requests, which took 300.0s. Waiting for server processing
I20260914 17:45:10.940981 295701 dfly_bench.cc:926] Done queuing 4294967295 requests, which took 300.0s. Waiting for server processing
I20260914 17:45:10.940897 295695 dfly_bench.cc:1001] ReceiveFb done
I20260914 17:45:10.940901 295705 dfly_bench.cc:926] Done queuing 4294967295 requests, which took 300.0s. Waiting for server processing
I20260914 17:45:10.940903 295704 dfly_bench.cc:1001] ReceiveFb done
I20260914 17:45:10.940903 295702 dfly_bench.cc:926] Done queuing 4294967295 requests, which took 300.0s. Waiting for server processing
I20260914 17:45:10.940956 295706 dfly_bench.cc:926] Done queuing 4294967295 requests, which took 300.0s. Waiting for server processing
I20260914 17:45:10.940852 295708 dfly_bench.cc:1001] ReceiveFb done
I20260914 17:45:10.940774 295703 dfly_bench.cc:1001] ReceiveFb done
I20260914 17:45:10.940896 295696 dfly_bench.cc:926] Done queuing 4294967295 requests, which took 300.0s. Waiting for server processing
I20260914 17:45:10.940991 295701 dfly_bench.cc:926] Done queuing 4294967295 requests, which took 300.0s. Waiting for server processing
I20260914 17:45:10.941039 295708 dfly_bench.cc:1001] ReceiveFb done
I20260914 17:45:10.941017 295702 dfly_bench.cc:926] Done queuing 4294967295 requests, which took 300.0s. Waiting for server processing
I20260914 17:45:10.941042 295696 dfly_bench.cc:926] Done queuing 4294967295 requests, which took 300.0s. Waiting for server processing
I20260914 17:45:10.940990 295694 dfly_bench.cc:926] Done queuing 4294967295 requests, which took 300.0s. Waiting for server processing
I20260914 17:45:10.941025 295706 dfly_bench.cc:926] Done queuing 4294967295 requests, which took 300.0s. Waiting for server processing
I20260914 17:45:10.940891 295698 dfly_bench.cc:926] Done queuing 4294967295 requests, which took 300.0s. Waiting for server processing
I20260914 17:45:10.941071 295702 dfly_bench.cc:926] Done queuing 4294967295 requests, which took 300.0s. Waiting for server processing
I20260914 17:45:10.941082 295706 dfly_bench.cc:926] Done queuing 4294967295 requests, which took 300.0s. Waiting for server processing
I20260914 17:45:10.940935 295707 dfly_bench.cc:926] Done queuing 4294967295 requests, which took 300.0s. Waiting for server processing
I20260914 17:45:10.941045 295701 dfly_bench.cc:926] Done queuing 4294967295 requests, which took 300.0s. Waiting for server processing
I20260914 17:45:10.941004 295705 dfly_bench.cc:926] Done queuing 4294967295 requests, which took 300.0s. Waiting for server processing
I20260914 17:45:10.940910 295699 dfly_bench.cc:1001] ReceiveFb done
I20260914 17:45:10.941090 295708 dfly_bench.cc:926] Done queuing 4294967295 requests, which took 300.0s. Waiting for server processing
I20260914 17:45:10.940994 295700 dfly_bench.cc:1001] ReceiveFb done
I20260914 17:45:10.941094 295706 dfly_bench.cc:926] Done queuing 4294967295 requests, which took 300.0s. Waiting for server processing
I20260914 17:45:10.940892 295697 dfly_bench.cc:1001] ReceiveFb done
I20260914 17:45:10.941098 295701 dfly_bench.cc:926] Done queuing 4294967295 requests, which took 300.0s. Waiting for server processing
I20260914 17:45:10.941097 295698 dfly_bench.cc:926] Done queuing 4294967295 requests, which took 300.0s. Waiting for server processing
I20260914 17:45:10.941082 295694 dfly_bench.cc:926] Done queuing 4294967295 requests, which took 300.0s. Waiting for server processing
I20260914 17:45:10.941138 295694 dfly_bench.cc:926] Done queuing 4294967295 requests, which took 300.0s. Waiting for server processing
I20260914 17:45:10.941109 295705 dfly_bench.cc:926] Done queuing 4294967295 requests, which took 300.0s. Waiting for server processing
I20260914 17:45:10.941095 295707 dfly_bench.cc:926] Done queuing 4294967295 requests, which took 300.0s. Waiting for server processing
I20260914 17:45:10.941041 295703 dfly_bench.cc:1001] ReceiveFb done
I20260914 17:45:10.941161 295707 dfly_bench.cc:926] Done queuing 4294967295 requests, which took 300.0s. Waiting for server processing
I20260914 17:45:10.941159 295705 dfly_bench.cc:926] Done queuing 4294967295 requests, which took 300.0s. Waiting for server processing
I20260914 17:45:10.941136 295698 dfly_bench.cc:926] Done queuing 4294967295 requests, which took 300.0s. Waiting for server processing
I20260914 17:45:10.941118 295699 dfly_bench.cc:1001] ReceiveFb done
I20260914 17:45:10.940956 295693 dfly_bench.cc:926] Done queuing 4294967295 requests, which took 300.0s. Waiting for server processing
I20260914 17:45:10.941095 295702 dfly_bench.cc:926] Done queuing 4294967295 requests, which took 300.0s. Waiting for server processing
I20260914 17:45:10.941179 295698 dfly_bench.cc:926] Done queuing 4294967295 requests, which took 300.0s. Waiting for server processing
I20260914 17:45:10.941187 295702 dfly_bench.cc:926] Done queuing 4294967295 requests, which took 300.0s. Waiting for server processing
I20260914 17:45:10.941075 295696 dfly_bench.cc:926] Done queuing 4294967295 requests, which took 300.0s. Waiting for server processing
I20260914 17:45:10.941174 295707 dfly_bench.cc:926] Done queuing 4294967295 requests, which took 300.0s. Waiting for server processing
I20260914 17:45:10.941179 295703 dfly_bench.cc:1001] ReceiveFb done
I20260914 17:45:10.941200 295699 dfly_bench.cc:1001] ReceiveFb done
I20260914 17:45:10.941180 295693 dfly_bench.cc:926] Done queuing 4294967295 requests, which took 300.0s. Waiting for server processing
I20260914 17:45:10.941038 295704 dfly_bench.cc:1001] ReceiveFb done
I20260914 17:45:10.941206 295707 dfly_bench.cc:926] Done queuing 4294967295 requests, which took 300.0s. Waiting for server processing
I20260914 17:45:10.941129 295697 dfly_bench.cc:1001] ReceiveFb done
I20260914 17:45:10.941188 295698 dfly_bench.cc:926] Done queuing 4294967295 requests, which took 300.0s. Waiting for server processing
I20260914 17:45:10.941012 295695 dfly_bench.cc:1001] ReceiveFb done
I20260914 17:45:10.941104 295708 dfly_bench.cc:926] Done queuing 4294967295 requests, which took 300.0s. Waiting for server processing
I20260914 17:45:10.941239 295697 dfly_bench.cc:1001] ReceiveFb done
I20260914 17:45:10.941246 295706 dfly_bench.cc:1001] ReceiveFb done
I20260914 17:45:10.941231 295699 dfly_bench.cc:1001] ReceiveFb done
I20260914 17:45:10.941159 295694 dfly_bench.cc:926] Done queuing 4294967295 requests, which took 300.0s. Waiting for server processing
I20260914 17:45:10.941128 295700 dfly_bench.cc:1001] ReceiveFb done
I20260914 17:45:10.941287 295694 dfly_bench.cc:926] Done queuing 4294967295 requests, which took 300.0s. Waiting for server processing
I20260914 17:45:10.941177 295705 dfly_bench.cc:926] Done queuing 4294967295 requests, which took 300.0s. Waiting for server processing
I20260914 17:45:10.941221 295707 dfly_bench.cc:926] Done queuing 4294967295 requests, which took 300.0s. Waiting for server processing
I20260914 17:45:10.941285 295697 dfly_bench.cc:926] Done queuing 4294967295 requests, which took 300.0s. Waiting for server processing
I20260914 17:45:10.941205 295696 dfly_bench.cc:926] Done queuing 4294967295 requests, which took 300.0s. Waiting for server processing
I20260914 17:45:10.941238 295701 dfly_bench.cc:926] Done queuing 4294967295 requests, which took 300.0s. Waiting for server processing
I20260914 17:45:10.941315 295705 dfly_bench.cc:926] Done queuing 4294967295 requests, which took 300.0s. Waiting for server processing
I20260914 17:45:10.941300 295700 dfly_bench.cc:1001] ReceiveFb done
I20260914 17:45:10.941268 295706 dfly_bench.cc:1001] ReceiveFb done
I20260914 17:45:10.941329 295705 dfly_bench.cc:926] Done queuing 4294967295 requests, which took 300.0s. Waiting for server processing
I20260914 17:45:10.941248 295708 dfly_bench.cc:926] Done queuing 4294967295 requests, which took 300.0s. Waiting for server processing
I20260914 17:45:10.941305 295694 dfly_bench.cc:926] Done queuing 4294967295 requests, which took 300.0s. Waiting for server processing
I20260914 17:45:10.941319 295697 dfly_bench.cc:926] Done queuing 4294967295 requests, which took 300.0s. Waiting for server processing
I20260914 17:45:10.941349 295697 dfly_bench.cc:926] Done queuing 4294967295 requests, which took 300.0s. Waiting for server processing
I20260914 17:45:10.941346 295694 dfly_bench.cc:926] Done queuing 4294967295 requests, which took 300.0s. Waiting for server processing
I20260914 17:45:10.941365 295697 dfly_bench.cc:926] Done queuing 4294967295 requests, which took 300.0s. Waiting for server processing
I20260914 17:45:10.941313 295707 dfly_bench.cc:926] Done queuing 4294967295 requests, which took 300.0s. Waiting for server processing
I20260914 17:45:10.941390 295707 dfly_bench.cc:926] Done queuing 4294967295 requests, which took 300.0s. Waiting for server processing
I20260914 17:45:10.941327 295701 dfly_bench.cc:926] Done queuing 4294967295 requests, which took 300.0s. Waiting for server processing
I20260914 17:45:10.941233 295698 dfly_bench.cc:926] Done queuing 4294967295 requests, which took 300.0s. Waiting for server processing
I20260914 17:45:10.941388 295697 dfly_bench.cc:926] Done queuing 4294967295 requests, which took 300.0s. Waiting for server processing
I20260914 17:45:10.941344 295705 dfly_bench.cc:926] Done queuing 4294967295 requests, which took 300.0s. Waiting for server processing
I20260914 17:45:10.941294 295699 dfly_bench.cc:1001] ReceiveFb done
I20260914 17:45:10.941263 295695 dfly_bench.cc:1001] ReceiveFb done
I20260914 17:45:10.941370 295694 dfly_bench.cc:926] Done queuing 4294967295 requests, which took 300.0s. Waiting for server processing
I20260914 17:45:10.941413 295697 dfly_bench.cc:926] Done queuing 4294967295 requests, which took 300.0s. Waiting for server processing
I20260914 17:45:10.941231 295704 dfly_bench.cc:1001] ReceiveFb done
I20260914 17:45:10.941218 295693 dfly_bench.cc:926] Done queuing 4294967295 requests, which took 300.0s. Waiting for server processing
I20260914 17:45:10.941406 295707 dfly_bench.cc:926] Done queuing 4294967295 requests, which took 300.0s. Waiting for server processing
I20260914 17:45:10.941414 295698 dfly_bench.cc:926] Done queuing 4294967295 requests, which took 300.0s. Waiting for server processing
I20260914 17:45:10.941429 295699 dfly_bench.cc:1001] ReceiveFb done
I20260914 17:45:10.941428 295694 dfly_bench.cc:926] Done queuing 4294967295 requests, which took 300.0s. Waiting for server processing
I20260914 17:45:10.941437 295697 dfly_bench.cc:926] Done queuing 4294967295 requests, which took 300.0s. Waiting for server processing
I20260914 17:45:10.941452 295707 dfly_bench.cc:926] Done queuing 4294967295 requests, which took 300.0s. Waiting for server processing
I20260914 17:45:10.941344 295708 dfly_bench.cc:926] Done queuing 4294967295 requests, which took 300.0s. Waiting for server processing
I20260914 17:45:10.941439 295693 dfly_bench.cc:926] Done queuing 4294967295 requests, which took 300.0s. Waiting for server processing
I20260914 17:45:10.941237 295703 dfly_bench.cc:926] Done queuing 4294967295 requests, which took 300.0s. Waiting for server processing
I20260914 17:45:10.941461 295694 dfly_bench.cc:926] Done queuing 4294967295 requests, which took 300.0s. Waiting for server processing
I20260914 17:45:10.941494 295708 dfly_bench.cc:926] Done queuing 4294967295 requests, which took 300.0s. Waiting for server processing
I20260914 17:45:10.941462 295695 dfly_bench.cc:926] Done queuing 4294967295 requests, which took 300.0s. Waiting for server processing
I20260914 17:45:10.941396 295702 dfly_bench.cc:926] Done queuing 4294967295 requests, which took 300.0s. Waiting for server processing
I20260914 17:45:10.941411 295701 dfly_bench.cc:926] Done queuing 4294967295 requests, which took 300.0s. Waiting for server processing
I20260914 17:45:10.941512 295702 dfly_bench.cc:926] Done queuing 4294967295 requests, which took 300.0s. Waiting for server processing
I20260914 17:45:10.941464 295704 dfly_bench.cc:1001] ReceiveFb done
I20260914 17:45:10.941522 295701 dfly_bench.cc:926] Done queuing 4294967295 requests, which took 300.0s. Waiting for server processing
I20260914 17:45:10.941509 295695 dfly_bench.cc:926] Done queuing 4294967295 requests, which took 300.0s. Waiting for server processing
I20260914 17:45:10.941416 295705 dfly_bench.cc:926] Done queuing 4294967295 requests, which took 300.0s. Waiting for server processing
I20260914 17:45:10.941535 295701 dfly_bench.cc:926] Done queuing 4294967295 requests, which took 300.0s. Waiting for server processing
I20260914 17:45:10.941540 295695 dfly_bench.cc:926] Done queuing 4294967295 requests, which took 300.0s. Waiting for server processing
I20260914 17:45:10.941571 295695 dfly_bench.cc:926] Done queuing 4294967295 requests, which took 300.0s. Waiting for server processing
I20260914 17:45:10.941529 295702 dfly_bench.cc:1001] ReceiveFb done
I20260914 17:45:10.941491 295693 dfly_bench.cc:926] Done queuing 4294967295 requests, which took 300.0s. Waiting for server processing
I20260914 17:45:10.941596 295693 dfly_bench.cc:926] Done queuing 4294967295 requests, which took 300.0s. Waiting for server processing
I20260914 17:45:10.941605 295693 dfly_bench.cc:926] Done queuing 4294967295 requests, which took 300.0s. Waiting for server processing
I20260914 17:45:10.941496 295694 dfly_bench.cc:926] Done queuing 4294967295 requests, which took 300.0s. Waiting for server processing
I20260914 17:45:10.941354 295706 dfly_bench.cc:1001] ReceiveFb done
I20260914 17:45:10.941614 295702 dfly_bench.cc:1001] ReceiveFb done
I20260914 17:45:10.941542 295705 dfly_bench.cc:926] Done queuing 4294967295 requests, which took 300.0s. Waiting for server processing
I20260914 17:45:10.941505 295708 dfly_bench.cc:926] Done queuing 4294967295 requests, which took 300.0s. Waiting for server processing
I20260914 17:45:10.941465 295697 dfly_bench.cc:926] Done queuing 4294967295 requests, which took 300.0s. Waiting for server processing
I20260914 17:45:10.941630 295708 dfly_bench.cc:926] Done queuing 4294967295 requests, which took 300.0s. Waiting for server processing
I20260914 17:45:10.941496 295703 dfly_bench.cc:926] Done queuing 4294967295 requests, which took 300.0s. Waiting for server processing
I20260914 17:45:10.941468 295699 dfly_bench.cc:1001] ReceiveFb done
I20260914 17:45:10.941672 295703 dfly_bench.cc:926] Done queuing 4294967295 requests, which took 300.0s. Waiting for server processing
I20260914 17:45:10.941681 295703 dfly_bench.cc:926] Done queuing 4294967295 requests, which took 300.0s. Waiting for server processing
I20260914 17:45:10.941541 295704 dfly_bench.cc:1001] ReceiveFb done
I20260914 17:45:10.941687 295693 dfly_bench.cc:1001] ReceiveFb done
I20260914 17:45:10.941690 295703 dfly_bench.cc:926] Done queuing 4294967295 requests, which took 300.0s. Waiting for server processing
I20260914 17:45:10.941537 295696 dfly_bench.cc:926] Done queuing 4294967295 requests, which took 300.0s. Waiting for server processing
I20260914 17:45:10.941704 295704 dfly_bench.cc:1001] ReceiveFb done
I20260914 17:45:10.941708 295693 dfly_bench.cc:1001] ReceiveFb done
I20260914 17:45:10.941454 295698 dfly_bench.cc:926] Done queuing 4294967295 requests, which took 300.0s. Waiting for server processing
I20260914 17:45:10.941627 295705 dfly_bench.cc:926] Done queuing 4294967295 requests, which took 300.0s. Waiting for server processing
I20260914 17:45:10.941672 295708 dfly_bench.cc:926] Done queuing 4294967295 requests, which took 300.0s. Waiting for server processing
I20260914 17:45:10.941725 295705 dfly_bench.cc:926] Done queuing 4294967295 requests, which took 300.0s. Waiting for server processing
I20260914 17:45:10.941690 295699 dfly_bench.cc:1001] ReceiveFb done
I20260914 17:45:10.941721 295698 dfly_bench.cc:926] Done queuing 4294967295 requests, which took 300.0s. Waiting for server processing
I20260914 17:45:10.941367 295700 dfly_bench.cc:1001] ReceiveFb done
I20260914 17:45:10.941717 295696 dfly_bench.cc:926] Done queuing 4294967295 requests, which took 300.0s. Waiting for server processing
I20260914 17:45:10.941761 295699 dfly_bench.cc:1001] ReceiveFb done
I20260914 17:45:10.941752 295698 dfly_bench.cc:926] Done queuing 4294967295 requests, which took 300.0s. Waiting for server processing
I20260914 17:45:10.941768 295700 dfly_bench.cc:1001] ReceiveFb done
I20260914 17:45:10.941632 295706 dfly_bench.cc:1001] ReceiveFb done
I20260914 17:45:10.941553 295701 dfly_bench.cc:1001] ReceiveFb done
I20260914 17:45:10.941769 295696 dfly_bench.cc:926] Done queuing 4294967295 requests, which took 300.0s. Waiting for server processing
I20260914 17:45:10.941773 295704 dfly_bench.cc:926] Done queuing 4294967295 requests, which took 300.0s. Waiting for server processing
I20260914 17:45:10.941748 295705 dfly_bench.cc:926] Done queuing 4294967295 requests, which took 300.0s. Waiting for server processing
I20260914 17:45:10.941578 295695 dfly_bench.cc:926] Done queuing 4294967295 requests, which took 300.0s. Waiting for server processing
I20260914 17:45:10.941634 295697 dfly_bench.cc:926] Done queuing 4294967295 requests, which took 300.0s. Waiting for server processing
I20260914 17:45:10.941636 295702 dfly_bench.cc:1001] ReceiveFb done
I20260914 17:45:10.941813 295706 dfly_bench.cc:1001] ReceiveFb done
I20260914 17:45:10.941707 295703 dfly_bench.cc:926] Done queuing 4294967295 requests, which took 300.0s. Waiting for server processing
I20260914 17:45:10.941732 295693 dfly_bench.cc:1001] ReceiveFb done
I20260914 17:45:10.941749 295708 dfly_bench.cc:926] Done queuing 4294967295 requests, which took 300.0s. Waiting for server processing
I20260914 17:45:10.941790 295699 dfly_bench.cc:1001] ReceiveFb done
I20260914 17:45:10.941491 295707 dfly_bench.cc:926] Done queuing 4294967295 requests, which took 300.0s. Waiting for server processing
I20260914 17:45:10.941787 295698 dfly_bench.cc:926] Done queuing 4294967295 requests, which took 300.0s. Waiting for server processing
I20260914 17:45:10.941820 295704 dfly_bench.cc:926] Done queuing 4294967295 requests, which took 300.0s. Waiting for server processing
I20260914 17:45:10.941810 295696 dfly_bench.cc:926] Done queuing 4294967295 requests, which took 300.0s. Waiting for server processing
I20260914 17:45:10.941834 295703 dfly_bench.cc:926] Done queuing 4294967295 requests, which took 300.0s. Waiting for server processing
I20260914 17:45:10.941838 295702 dfly_bench.cc:1001] ReceiveFb done
I20260914 17:45:10.941617 295694 dfly_bench.cc:926] Done queuing 4294967295 requests, which took 300.0s. Waiting for server processing
I20260914 17:45:10.941840 295706 dfly_bench.cc:1001] ReceiveFb done
I20260914 17:45:10.941835 295708 dfly_bench.cc:926] Done queuing 4294967295 requests, which took 300.0s. Waiting for server processing
I20260914 17:45:10.941849 295707 dfly_bench.cc:926] Done queuing 4294967295 requests, which took 300.0s. Waiting for server processing
I20260914 17:45:10.941828 295697 dfly_bench.cc:926] Done queuing 4294967295 requests, which took 300.0s. Waiting for server processing
I20260914 17:45:10.941867 295708 dfly_bench.cc:926] Done queuing 4294967295 requests, which took 300.0s. Waiting for server processing
I20260914 17:45:10.941871 295702 dfly_bench.cc:1001] ReceiveFb done
I20260914 17:45:10.941848 295693 dfly_bench.cc:1001] ReceiveFb done
I20260914 17:45:10.941817 295695 dfly_bench.cc:926] Done queuing 4294967295 requests, which took 300.0s. Waiting for server processing
I20260914 17:45:10.941856 295704 dfly_bench.cc:926] Done queuing 4294967295 requests, which took 300.0s. Waiting for server processing
I20260914 17:45:10.941813 295700 dfly_bench.cc:1001] ReceiveFb done
I20260914 17:45:10.941890 295705 dfly_bench.cc:1001] ReceiveFb done
I20260914 17:45:10.941854 295703 dfly_bench.cc:926] Done queuing 4294967295 requests, which took 300.0s. Waiting for server processing
I20260914 17:45:10.941895 295693 dfly_bench.cc:1001] ReceiveFb done
I20260914 17:45:10.941886 295695 dfly_bench.cc:926] Done queuing 4294967295 requests, which took 300.0s. Waiting for server processing
I20260914 17:45:10.941856 295699 dfly_bench.cc:1001] ReceiveFb done
I20260914 17:45:10.941912 295695 dfly_bench.cc:926] Done queuing 4294967295 requests, which took 300.0s. Waiting for server processing
I20260914 17:45:10.941864 295694 dfly_bench.cc:926] Done queuing 4294967295 requests, which took 300.0s. Waiting for server processing
I20260914 17:45:10.941907 295703 dfly_bench.cc:926] Done queuing 4294967295 requests, which took 300.0s. Waiting for server processing
I20260914 17:45:10.941887 295708 dfly_bench.cc:926] Done queuing 4294967295 requests, which took 300.0s. Waiting for server processing
I20260914 17:45:10.941879 295697 dfly_bench.cc:926] Done queuing 4294967295 requests, which took 300.0s. Waiting for server processing
I20260914 17:45:10.941941 295708 dfly_bench.cc:926] Done queuing 4294967295 requests, which took 300.0s. Waiting for server processing
I20260914 17:45:10.941865 295707 dfly_bench.cc:926] Done queuing 4294967295 requests, which took 300.0s. Waiting for server processing
I20260914 17:45:10.941951 295697 dfly_bench.cc:926] Done queuing 4294967295 requests, which took 300.0s. Waiting for server processing
I20260914 17:45:10.941900 295704 dfly_bench.cc:926] Done queuing 4294967295 requests, which took 300.0s. Waiting for server processing
I20260914 17:45:10.941931 295693 dfly_bench.cc:1001] ReceiveFb done
I20260914 17:45:10.941856 295696 dfly_bench.cc:926] Done queuing 4294967295 requests, which took 300.0s. Waiting for server processing
I20260914 17:45:10.941915 295700 dfly_bench.cc:1001] ReceiveFb done
I20260914 17:45:10.941953 295708 dfly_bench.cc:926] Done queuing 4294967295 requests, which took 300.0s. Waiting for server processing
I20260914 17:45:10.941892 295702 dfly_bench.cc:1001] ReceiveFb done
I20260914 17:45:10.941991 295696 dfly_bench.cc:926] Done queuing 4294967295 requests, which took 300.0s. Waiting for server processing
I20260914 17:45:10.941872 295706 dfly_bench.cc:1001] ReceiveFb done
I20260914 17:45:10.942011 295696 dfly_bench.cc:926] Done queuing 4294967295 requests, which took 300.0s. Waiting for server processing
I20260914 17:45:10.941820 295701 dfly_bench.cc:1001] ReceiveFb done
I20260914 17:45:10.941920 295705 dfly_bench.cc:1001] ReceiveFb done
I20260914 17:45:10.941931 295699 dfly_bench.cc:1001] ReceiveFb done
I20260914 17:45:10.942021 295696 dfly_bench.cc:926] Done queuing 4294967295 requests, which took 300.0s. Waiting for server processing
I20260914 17:45:10.941972 295704 dfly_bench.cc:926] Done queuing 4294967295 requests, which took 300.0s. Waiting for server processing
I20260914 17:45:10.942037 295701 dfly_bench.cc:1001] ReceiveFb done
I20260914 17:45:10.941936 295703 dfly_bench.cc:926] Done queuing 4294967295 requests, which took 300.0s. Waiting for server processing
I20260914 17:45:10.941962 295707 dfly_bench.cc:926] Done queuing 4294967295 requests, which took 300.0s. Waiting for server processing
I20260914 17:45:10.942003 295708 dfly_bench.cc:926] Done queuing 4294967295 requests, which took 300.0s. Waiting for server processing
I20260914 17:45:10.941852 295698 dfly_bench.cc:926] Done queuing 4294967295 requests, which took 300.0s. Waiting for server processing
I20260914 17:45:10.942030 295706 dfly_bench.cc:1001] ReceiveFb done
I20260914 17:45:10.942063 295698 dfly_bench.cc:926] Done queuing 4294967295 requests, which took 300.0s. Waiting for server processing
I20260914 17:45:10.942044 295705 dfly_bench.cc:1001] ReceiveFb done
I20260914 17:45:10.942018 295702 dfly_bench.cc:1001] ReceiveFb done
I20260914 17:45:10.942055 295703 dfly_bench.cc:926] Done queuing 4294967295 requests, which took 300.0s. Waiting for server processing
I20260914 17:45:10.941984 295693 dfly_bench.cc:1001] ReceiveFb done
I20260914 17:45:10.942008 295700 dfly_bench.cc:1001] ReceiveFb done
I20260914 17:45:10.942034 295696 dfly_bench.cc:926] Done queuing 4294967295 requests, which took 300.0s. Waiting for server processing
I20260914 17:45:10.942059 295701 dfly_bench.cc:1001] ReceiveFb done
I20260914 17:45:10.942093 295703 dfly_bench.cc:926] Done queuing 4294967295 requests, which took 300.0s. Waiting for server processing
I20260914 17:45:10.942044 295699 dfly_bench.cc:1001] ReceiveFb done
I20260914 17:45:10.942106 295703 dfly_bench.cc:926] Done queuing 4294967295 requests, which took 300.0s. Waiting for server processing
I20260914 17:45:10.942091 295705 dfly_bench.cc:1001] ReceiveFb done
I20260914 17:45:10.941962 295697 dfly_bench.cc:926] Done queuing 4294967295 requests, which took 300.0s. Waiting for server processing
I20260914 17:45:10.942056 295707 dfly_bench.cc:926] Done queuing 4294967295 requests, which took 300.0s. Waiting for server processing
I20260914 17:45:10.942077 295706 dfly_bench.cc:1001] ReceiveFb done
I20260914 17:45:10.942075 295698 dfly_bench.cc:926] Done queuing 4294967295 requests, which took 300.0s. Waiting for server processing
I20260914 17:45:10.942097 295696 dfly_bench.cc:926] Done queuing 4294967295 requests, which took 300.0s. Waiting for server processing
I20260914 17:45:10.942116 295701 dfly_bench.cc:1001] ReceiveFb done
I20260914 17:45:10.942104 295693 dfly_bench.cc:1001] ReceiveFb done
I20260914 17:45:10.942133 295696 dfly_bench.cc:926] Done queuing 4294967295 requests, which took 300.0s. Waiting for server processing
I20260914 17:45:10.942128 295699 dfly_bench.cc:1001] ReceiveFb done
I20260914 17:45:10.942119 295697 dfly_bench.cc:926] Done queuing 4294967295 requests, which took 300.0s. Waiting for server processing
I20260914 17:45:10.942101 295702 dfly_bench.cc:1001] ReceiveFb done
I20260914 17:45:10.942157 295697 dfly_bench.cc:926] Done queuing 4294967295 requests, which took 300.0s. Waiting for server processing
I20260914 17:45:10.942142 295695 dfly_bench.cc:926] Done queuing 4294967295 requests, which took 300.0s. Waiting for server processing
I20260914 17:45:10.942164 295699 dfly_bench.cc:1001] ReceiveFb done
I20260914 17:45:10.942056 295704 dfly_bench.cc:926] Done queuing 4294967295 requests, which took 300.0s. Waiting for server processing
I20260914 17:45:10.942189 295702 dfly_bench.cc:1001] ReceiveFb done
I20260914 17:45:10.942188 295695 dfly_bench.cc:1001] ReceiveFb done
I20260914 17:45:10.942142 295696 dfly_bench.cc:926] Done queuing 4294967295 requests, which took 300.0s. Waiting for server processing
I20260914 17:45:10.942198 295699 dfly_bench.cc:926] Done queuing 4294967295 requests, which took 300.0s. Waiting for server processing
I20260914 17:45:10.942169 295697 dfly_bench.cc:926] Done queuing 4294967295 requests, which took 300.0s. Waiting for server processing
I20260914 17:45:10.941939 295694 dfly_bench.cc:926] Done queuing 4294967295 requests, which took 300.0s. Waiting for server processing
I20260914 17:45:10.942059 295708 dfly_bench.cc:926] Done queuing 4294967295 requests, which took 300.0s. Waiting for server processing
I20260914 17:45:10.942212 295702 dfly_bench.cc:1001] ReceiveFb done
I20260914 17:45:10.942133 295706 dfly_bench.cc:1001] ReceiveFb done
I20260914 17:45:10.942106 295700 dfly_bench.cc:1001] ReceiveFb done
I20260914 17:45:10.942121 295707 dfly_bench.cc:926] Done queuing 4294967295 requests, which took 300.0s. Waiting for server processing
I20260914 17:45:10.942214 295695 dfly_bench.cc:1001] ReceiveFb done
I20260914 17:45:10.942138 295705 dfly_bench.cc:1001] ReceiveFb done
I20260914 17:45:10.942147 295701 dfly_bench.cc:1001] ReceiveFb done
I20260914 17:45:10.942257 295700 dfly_bench.cc:1001] ReceiveFb done
I20260914 17:45:10.942206 295696 dfly_bench.cc:926] Done queuing 4294967295 requests, which took 300.0s. Waiting for server processing
I20260914 17:45:10.942241 295706 dfly_bench.cc:1001] ReceiveFb done
I20260914 17:45:10.942247 295707 dfly_bench.cc:926] Done queuing 4294967295 requests, which took 300.0s. Waiting for server processing
I20260914 17:45:10.942281 295696 dfly_bench.cc:926] Done queuing 4294967295 requests, which took 300.0s. Waiting for server processing
I20260914 17:45:10.942214 295694 dfly_bench.cc:926] Done queuing 4294967295 requests, which took 300.0s. Waiting for server processing
I20260914 17:45:10.942299 295706 dfly_bench.cc:1001] ReceiveFb done
I20260914 17:45:10.942263 295695 dfly_bench.cc:1001] ReceiveFb done
I20260914 17:45:10.942210 295699 dfly_bench.cc:926] Done queuing 4294967295 requests, which took 300.0s. Waiting for server processing
I20260914 17:45:10.942287 295701 dfly_bench.cc:1001] ReceiveFb done
I20260914 17:45:10.942148 295693 dfly_bench.cc:1001] ReceiveFb done
I20260914 17:45:10.942229 295708 dfly_bench.cc:926] Done queuing 4294967295 requests, which took 300.0s. Waiting for server processing
I20260914 17:45:10.942257 295702 dfly_bench.cc:926] Done queuing 4294967295 requests, which took 300.0s. Waiting for server processing
I20260914 17:45:10.942209 295697 dfly_bench.cc:926] Done queuing 4294967295 requests, which took 300.0s. Waiting for server processing
I20260914 17:45:10.942322 295695 dfly_bench.cc:1001] ReceiveFb done
I20260914 17:45:10.942349 295701 dfly_bench.cc:1001] ReceiveFb done
I20260914 17:45:10.942364 295695 dfly_bench.cc:1001] ReceiveFb done
I20260914 17:45:10.942234 295698 dfly_bench.cc:1001] ReceiveFb done
I20260914 17:45:10.942384 295695 dfly_bench.cc:1001] ReceiveFb done
I20260914 17:45:10.942340 295708 dfly_bench.cc:926] Done queuing 4294967295 requests, which took 300.0s. Waiting for server processing
I20260914 17:45:10.942399 295701 dfly_bench.cc:926] Done queuing 4294967295 requests, which took 300.0s. Waiting for server processing
I20260914 17:45:10.942291 295700 dfly_bench.cc:1001] ReceiveFb done
I20260914 17:45:10.942402 295698 dfly_bench.cc:1001] ReceiveFb done
I20260914 17:45:10.942342 295697 dfly_bench.cc:926] Done queuing 4294967295 requests, which took 300.0s. Waiting for server processing
I20260914 17:45:10.942291 295696 dfly_bench.cc:926] Done queuing 4294967295 requests, which took 300.0s. Waiting for server processing
I20260914 17:45:10.942426 295700 dfly_bench.cc:1001] ReceiveFb done
I20260914 17:45:10.942286 295705 dfly_bench.cc:1001] ReceiveFb done
I20260914 17:45:10.942292 295694 dfly_bench.cc:926] Done queuing 4294967295 requests, which took 300.0s. Waiting for server processing
I20260914 17:45:10.942435 295696 dfly_bench.cc:926] Done queuing 4294967295 requests, which took 300.0s. Waiting for server processing
I20260914 17:45:10.942442 295696 dfly_bench.cc:926] Done queuing 4294967295 requests, which took 300.0s. Waiting for server processing
I20260914 17:45:10.942452 295705 dfly_bench.cc:1001] ReceiveFb done
I20260914 17:45:10.942467 295703 dfly_bench.cc:1001] ReceiveFb done
I20260914 17:45:10.942476 295705 dfly_bench.cc:1001] ReceiveFb done
I20260914 17:45:10.942447 295700 dfly_bench.cc:1001] ReceiveFb done
I20260914 17:45:10.942454 295696 dfly_bench.cc:926] Done queuing 4294967295 requests, which took 300.0s. Waiting for server processing
I20260914 17:45:10.942440 295698 dfly_bench.cc:1001] ReceiveFb done
I20260914 17:45:10.942406 295701 dfly_bench.cc:926] Done queuing 4294967295 requests, which took 300.0s. Waiting for server processing
I20260914 17:45:10.942497 295705 dfly_bench.cc:1001] ReceiveFb done
I20260914 17:45:10.942442 295694 dfly_bench.cc:926] Done queuing 4294967295 requests, which took 300.0s. Waiting for server processing
I20260914 17:45:10.942286 295707 dfly_bench.cc:926] Done queuing 4294967295 requests, which took 300.0s. Waiting for server processing
I20260914 17:45:10.942524 295701 dfly_bench.cc:926] Done queuing 4294967295 requests, which took 300.0s. Waiting for server processing
I20260914 17:45:10.942350 295693 dfly_bench.cc:1001] ReceiveFb done
I20260914 17:45:10.942495 295696 dfly_bench.cc:1001] ReceiveFb done
I20260914 17:45:10.942492 295703 dfly_bench.cc:1001] ReceiveFb done
I20260914 17:45:10.942529 295704 dfly_bench.cc:926] Done queuing 4294967295 requests, which took 300.0s. Waiting for server processing
I20260914 17:45:10.942533 295707 dfly_bench.cc:926] Done queuing 4294967295 requests, which took 300.0s. Waiting for server processing
I20260914 17:45:10.942319 295699 dfly_bench.cc:926] Done queuing 4294967295 requests, which took 300.0s. Waiting for server processing
I20260914 17:45:10.942552 295699 dfly_bench.cc:926] Done queuing 4294967295 requests, which took 300.0s. Waiting for server processing
I20260914 17:45:10.942535 295701 dfly_bench.cc:926] Done queuing 4294967295 requests, which took 300.0s. Waiting for server processing
I20260914 17:45:10.942535 295698 dfly_bench.cc:1001] ReceiveFb done
I20260914 17:45:10.942536 295705 dfly_bench.cc:1001] ReceiveFb done
I20260914 17:45:10.942562 295699 dfly_bench.cc:926] Done queuing 4294967295 requests, which took 300.0s. Waiting for server processing
I20260914 17:45:10.942317 295706 dfly_bench.cc:1001] ReceiveFb done
I20260914 17:45:10.942575 295699 dfly_bench.cc:926] Done queuing 4294967295 requests, which took 300.0s. Waiting for server processing
I20260914 17:45:10.942554 295703 dfly_bench.cc:1001] ReceiveFb done
I20260914 17:45:10.942587 295699 dfly_bench.cc:926] Done queuing 4294967295 requests, which took 300.0s. Waiting for server processing
I20260914 17:45:10.942549 295696 dfly_bench.cc:1001] ReceiveFb done
I20260914 17:45:10.942342 295702 dfly_bench.cc:926] Done queuing 4294967295 requests, which took 300.0s. Waiting for server processing
I20260914 17:45:10.942422 295697 dfly_bench.cc:926] Done queuing 4294967295 requests, which took 300.0s. Waiting for server processing
I20260914 17:45:10.942622 295702 dfly_bench.cc:926] Done queuing 4294967295 requests, which took 300.0s. Waiting for server processing
I20260914 17:45:10.942584 295705 dfly_bench.cc:1001] ReceiveFb done
I20260914 17:45:10.942631 295702 dfly_bench.cc:926] Done queuing 4294967295 requests, which took 300.0s. Waiting for server processing
I20260914 17:45:10.942530 295694 dfly_bench.cc:926] Done queuing 4294967295 requests, which took 300.0s. Waiting for server processing
I20260914 17:45:10.942548 295693 dfly_bench.cc:1001] ReceiveFb done
I20260914 17:45:10.942545 295707 dfly_bench.cc:926] Done queuing 4294967295 requests, which took 300.0s. Waiting for server processing
I20260914 17:45:10.942647 295694 dfly_bench.cc:926] Done queuing 4294967295 requests, which took 300.0s. Waiting for server processing
I20260914 17:45:10.942546 295704 dfly_bench.cc:926] Done queuing 4294967295 requests, which took 300.0s. Waiting for server processing
I20260914 17:45:10.942598 295699 dfly_bench.cc:926] Done queuing 4294967295 requests, which took 300.0s. Waiting for server processing
I20260914 17:45:10.942499 295700 dfly_bench.cc:1001] ReceiveFb done
I20260914 17:45:10.942584 295698 dfly_bench.cc:1001] ReceiveFb done
I20260914 17:45:10.942629 295696 dfly_bench.cc:1001] ReceiveFb done
I20260914 17:45:10.942406 295695 dfly_bench.cc:1001] ReceiveFb done
I20260914 17:45:10.942598 295706 dfly_bench.cc:1001] ReceiveFb done
I20260914 17:45:10.942566 295701 dfly_bench.cc:926] Done queuing 4294967295 requests, which took 300.0s. Waiting for server processing
I20260914 17:45:10.942658 295693 dfly_bench.cc:1001] ReceiveFb done
I20260914 17:45:10.942652 295707 dfly_bench.cc:926] Done queuing 4294967295 requests, which took 300.0s. Waiting for server processing
I20260914 17:45:10.942642 295702 dfly_bench.cc:926] Done queuing 4294967295 requests, which took 300.0s. Waiting for server processing
I20260914 17:45:10.942634 295697 dfly_bench.cc:926] Done queuing 4294967295 requests, which took 300.0s. Waiting for server processing
I20260914 17:45:10.942730 295701 dfly_bench.cc:926] Done queuing 4294967295 requests, which took 300.0s. Waiting for server processing
I20260914 17:45:10.942735 295697 dfly_bench.cc:926] Done queuing 4294967295 requests, which took 300.0s. Waiting for server processing
I20260914 17:45:10.942651 295705 dfly_bench.cc:1001] ReceiveFb done
I20260914 17:45:10.942576 295708 dfly_bench.cc:926] Done queuing 4294967295 requests, which took 300.0s. Waiting for server processing
I20260914 17:45:10.942718 295706 dfly_bench.cc:1001] ReceiveFb done
I20260914 17:45:10.942713 295696 dfly_bench.cc:1001] ReceiveFb done
I20260914 17:45:10.942672 295699 dfly_bench.cc:926] Done queuing 4294967295 requests, which took 300.0s. Waiting for server processing
I20260914 17:45:10.942672 295704 dfly_bench.cc:926] Done queuing 4294967295 requests, which took 300.0s. Waiting for server processing
I20260914 17:45:10.942701 295698 dfly_bench.cc:1001] ReceiveFb done
I20260914 17:45:10.942763 295705 dfly_bench.cc:1001] ReceiveFb done
I20260914 17:45:10.942605 295703 dfly_bench.cc:1001] ReceiveFb done
I20260914 17:45:10.942762 295699 dfly_bench.cc:926] Done queuing 4294967295 requests, which took 300.0s. Waiting for server processing
I20260914 17:45:10.942754 295708 dfly_bench.cc:926] Done queuing 4294967295 requests, which took 300.0s. Waiting for server processing
I20260914 17:45:10.942742 295693 dfly_bench.cc:1001] ReceiveFb done
I20260914 17:45:10.942704 295695 dfly_bench.cc:1001] ReceiveFb done
I20260914 17:45:10.942747 295697 dfly_bench.cc:926] Done queuing 4294967295 requests, which took 300.0s. Waiting for server processing
I20260914 17:45:10.942782 295698 dfly_bench.cc:1001] ReceiveFb done
I20260914 17:45:10.942721 295700 dfly_bench.cc:926] Done queuing 4294967295 requests, which took 300.0s. Waiting for server processing
I20260914 17:45:10.942657 295694 dfly_bench.cc:926] Done queuing 4294967295 requests, which took 300.0s. Waiting for server processing
I20260914 17:45:10.942786 295699 dfly_bench.cc:926] Done queuing 4294967295 requests, which took 300.0s. Waiting for server processing
I20260914 17:45:10.942764 295704 dfly_bench.cc:926] Done queuing 4294967295 requests, which took 300.0s. Waiting for server processing
I20260914 17:45:10.942812 295700 dfly_bench.cc:926] Done queuing 4294967295 requests, which took 300.0s. Waiting for server processing
I20260914 17:45:10.942734 295702 dfly_bench.cc:926] Done queuing 4294967295 requests, which took 300.0s. Waiting for server processing
I20260914 17:45:10.942746 295701 dfly_bench.cc:926] Done queuing 4294967295 requests, which took 300.0s. Waiting for server processing
I20260914 17:45:10.942732 295707 dfly_bench.cc:926] Done queuing 4294967295 requests, which took 300.0s. Waiting for server processing
I20260914 17:45:10.942767 295706 dfly_bench.cc:1001] ReceiveFb done
I20260914 17:45:10.942836 295701 dfly_bench.cc:926] Done queuing 4294967295 requests, which took 300.0s. Waiting for server processing
I20260914 17:45:10.942809 295693 dfly_bench.cc:1001] ReceiveFb done
I20260914 17:45:10.942831 295700 dfly_bench.cc:926] Done queuing 4294967295 requests, which took 300.0s. Waiting for server processing
I20260914 17:45:10.942786 295705 dfly_bench.cc:1001] ReceiveFb done
I20260914 17:45:10.942852 295700 dfly_bench.cc:926] Done queuing 4294967295 requests, which took 300.0s. Waiting for server processing
I20260914 17:45:10.942822 295698 dfly_bench.cc:1001] ReceiveFb done
I20260914 17:45:10.942837 295707 dfly_bench.cc:926] Done queuing 4294967295 requests, which took 300.0s. Waiting for server processing
I20260914 17:45:10.942770 295696 dfly_bench.cc:1001] ReceiveFb done
I20260914 17:45:10.942796 295708 dfly_bench.cc:926] Done queuing 4294967295 requests, which took 300.0s. Waiting for server processing
I20260914 17:45:10.942884 295708 dfly_bench.cc:926] Done queuing 4294967295 requests, which took 300.0s. Waiting for server processing
I20260914 17:45:10.942818 295699 dfly_bench.cc:926] Done queuing 4294967295 requests, which took 300.0s. Waiting for server processing
I20260914 17:45:10.942896 295699 dfly_bench.cc:926] Done queuing 4294967295 requests, which took 300.0s. Waiting for server processing
I20260914 17:45:10.942862 295693 dfly_bench.cc:1001] ReceiveFb done
I20260914 17:45:10.942823 295704 dfly_bench.cc:926] Done queuing 4294967295 requests, which took 300.0s. Waiting for server processing
I20260914 17:45:10.942798 295703 dfly_bench.cc:1001] ReceiveFb done
I20260914 17:45:10.942816 295694 dfly_bench.cc:926] Done queuing 4294967295 requests, which took 300.0s. Waiting for server processing
I20260914 17:45:10.942884 295698 dfly_bench.cc:1001] ReceiveFb done
I20260914 17:45:10.942830 295695 dfly_bench.cc:926] Done queuing 4294967295 requests, which took 300.0s. Waiting for server processing
I20260914 17:45:10.942922 295694 dfly_bench.cc:926] Done queuing 4294967295 requests, which took 300.0s. Waiting for server processing
I20260914 17:45:10.942849 295701 dfly_bench.cc:926] Done queuing 4294967295 requests, which took 300.0s. Waiting for server processing
I20260914 17:45:10.942919 295693 dfly_bench.cc:1001] ReceiveFb done
I20260914 17:45:10.942863 295706 dfly_bench.cc:1001] ReceiveFb done
I20260914 17:45:10.942830 295702 dfly_bench.cc:926] Done queuing 4294967295 requests, which took 300.0s. Waiting for server processing
I20260914 17:45:10.942965 295702 dfly_bench.cc:926] Done queuing 4294967295 requests, which took 300.0s. Waiting for server processing
I20260914 17:45:10.942929 295696 dfly_bench.cc:926] Done queuing 4294967295 requests, which took 300.0s. Waiting for server processing
I20260914 17:45:10.942976 295702 dfly_bench.cc:926] Done queuing 4294967295 requests, which took 300.0s. Waiting for server processing
I20260914 17:45:10.942932 295694 dfly_bench.cc:926] Done queuing 4294967295 requests, which took 300.0s. Waiting for server processing
I20260914 17:45:10.942986 295702 dfly_bench.cc:926] Done queuing 4294967295 requests, which took 300.0s. Waiting for server processing
I20260914 17:45:10.942929 295703 dfly_bench.cc:1001] ReceiveFb done
I20260914 17:45:10.942960 295693 dfly_bench.cc:1001] ReceiveFb done
I20260914 17:45:10.942895 295708 dfly_bench.cc:926] Done queuing 4294967295 requests, which took 300.0s. Waiting for server processing
I20260914 17:45:10.943018 295703 dfly_bench.cc:1001] ReceiveFb done
I20260914 17:45:10.943024 295708 dfly_bench.cc:926] Done queuing 4294967295 requests, which took 300.0s. Waiting for server processing
I20260914 17:45:10.942915 295704 dfly_bench.cc:926] Done queuing 4294967295 requests, which took 300.0s. Waiting for server processing
I20260914 17:45:10.943040 295693 dfly_bench.cc:1001] ReceiveFb done
I20260914 17:45:10.942989 295694 dfly_bench.cc:926] Done queuing 4294967295 requests, which took 300.0s. Waiting for server processing
I20260914 17:45:10.942930 295695 dfly_bench.cc:926] Done queuing 4294967295 requests, which took 300.0s. Waiting for server processing
I20260914 17:45:10.942935 295698 dfly_bench.cc:1001] ReceiveFb done
I20260914 17:45:10.943068 295695 dfly_bench.cc:926] Done queuing 4294967295 requests, which took 300.0s. Waiting for server processing
I20260914 17:45:10.943034 295708 dfly_bench.cc:1001] ReceiveFb done
I20260914 17:45:10.943039 295703 dfly_bench.cc:1001] ReceiveFb done
I20260914 17:45:10.943063 295693 dfly_bench.cc:1001] ReceiveFb done
I20260914 17:45:10.943019 295707 dfly_bench.cc:1001] ReceiveFb done
I20260914 17:45:10.943073 295696 dfly_bench.cc:1001] ReceiveFb done
I20260914 17:45:10.943041 295704 dfly_bench.cc:926] Done queuing 4294967295 requests, which took 300.0s. Waiting for server processing
I20260914 17:45:10.942865 295705 dfly_bench.cc:1001] ReceiveFb done
I20260914 17:45:10.943075 295695 dfly_bench.cc:926] Done queuing 4294967295 requests, which took 300.0s. Waiting for server processing
I20260914 17:45:10.943104 295697 dfly_bench.cc:1001] ReceiveFb done
I20260914 17:45:10.942863 295700 dfly_bench.cc:926] Done queuing 4294967295 requests, which took 300.0s. Waiting for server processing
I20260914 17:45:10.943087 295698 dfly_bench.cc:1001] ReceiveFb done
I20260914 17:45:10.942960 295706 dfly_bench.cc:1001] ReceiveFb done
I20260914 17:45:10.943051 295694 dfly_bench.cc:926] Done queuing 4294967295 requests, which took 300.0s. Waiting for server processing
I20260914 17:45:10.943121 295704 dfly_bench.cc:926] Done queuing 4294967295 requests, which took 300.0s. Waiting for server processing
I20260914 17:45:10.943151 295706 dfly_bench.cc:1001] ReceiveFb done
I20260914 17:45:10.943089 295708 dfly_bench.cc:1001] ReceiveFb done
I20260914 17:45:10.943123 295693 dfly_bench.cc:1001] ReceiveFb done
I20260914 17:45:10.943131 295696 dfly_bench.cc:1001] ReceiveFb done
I20260914 17:45:10.943146 295694 dfly_bench.cc:926] Done queuing 4294967295 requests, which took 300.0s. Waiting for server processing
I20260914 17:45:10.943127 295700 dfly_bench.cc:926] Done queuing 4294967295 requests, which took 300.0s. Waiting for server processing
I20260914 17:45:10.943122 295695 dfly_bench.cc:926] Done queuing 4294967295 requests, which took 300.0s. Waiting for server processing
I20260914 17:45:10.943126 295707 dfly_bench.cc:1001] ReceiveFb done
I20260914 17:45:10.942952 295701 dfly_bench.cc:926] Done queuing 4294967295 requests, which took 300.0s. Waiting for server processing
I20260914 17:45:10.943173 295706 dfly_bench.cc:1001] ReceiveFb done
I20260914 17:45:10.943131 295705 dfly_bench.cc:1001] ReceiveFb done
I20260914 17:45:10.943163 295704 dfly_bench.cc:926] Done queuing 4294967295 requests, which took 300.0s. Waiting for server processing
I20260914 17:45:10.943189 295708 dfly_bench.cc:1001] ReceiveFb done
I20260914 17:45:10.943136 295697 dfly_bench.cc:1001] ReceiveFb done
I20260914 17:45:10.943176 295700 dfly_bench.cc:926] Done queuing 4294967295 requests, which took 300.0s. Waiting for server processing
I20260914 17:45:10.943142 295698 dfly_bench.cc:1001] ReceiveFb done
I20260914 17:45:10.943202 295700 dfly_bench.cc:926] Done queuing 4294967295 requests, which took 300.0s. Waiting for server processing
I20260914 17:45:10.943204 295706 dfly_bench.cc:926] Done queuing 4294967295 requests, which took 300.0s. Waiting for server processing
I20260914 17:45:10.943177 295695 dfly_bench.cc:926] Done queuing 4294967295 requests, which took 300.0s. Waiting for server processing
I20260914 17:45:10.943224 295695 dfly_bench.cc:926] Done queuing 4294967295 requests, which took 300.0s. Waiting for server processing
I20260914 17:45:10.943179 295701 dfly_bench.cc:926] Done queuing 4294967295 requests, which took 300.0s. Waiting for server processing
I20260914 17:45:10.943197 295702 dfly_bench.cc:1001] ReceiveFb done
I20260914 17:45:10.943221 295698 dfly_bench.cc:1001] ReceiveFb done
I20260914 17:45:10.943210 295708 dfly_bench.cc:1001] ReceiveFb done
I20260914 17:45:10.943286 295698 dfly_bench.cc:1001] ReceiveFb done
I20260914 17:45:10.943121 295703 dfly_bench.cc:1001] ReceiveFb done
I20260914 17:45:10.943301 295708 dfly_bench.cc:1001] ReceiveFb done
I20260914 17:45:10.943197 295693 dfly_bench.cc:926] Done queuing 4294967295 requests, which took 300.0s. Waiting for server processing
I20260914 17:45:10.943308 295698 dfly_bench.cc:1001] ReceiveFb done
I20260914 17:45:10.943235 295694 dfly_bench.cc:1001] ReceiveFb done
I20260914 17:45:10.943316 295703 dfly_bench.cc:1001] ReceiveFb done
I20260914 17:45:10.943323 295708 dfly_bench.cc:1001] ReceiveFb done
I20260914 17:45:10.943212 295697 dfly_bench.cc:1001] ReceiveFb done
I20260914 17:45:10.943332 295694 dfly_bench.cc:1001] ReceiveFb done
I20260914 17:45:10.943329 295698 dfly_bench.cc:1001] ReceiveFb done
I20260914 17:45:10.943190 295707 dfly_bench.cc:1001] ReceiveFb done
I20260914 17:45:10.943210 295704 dfly_bench.cc:1001] ReceiveFb done
I20260914 17:45:10.943351 295694 dfly_bench.cc:1001] ReceiveFb done
I20260914 17:45:10.943357 295707 dfly_bench.cc:1001] ReceiveFb done
I20260914 17:45:10.943214 295700 dfly_bench.cc:926] Done queuing 4294967295 requests, which took 300.0s. Waiting for server processing
I20260914 17:45:10.943311 295699 dfly_bench.cc:1001] ReceiveFb done
I20260914 17:45:10.943216 295706 dfly_bench.cc:926] Done queuing 4294967295 requests, which took 300.0s. Waiting for server processing
I20260914 17:45:10.943245 295701 dfly_bench.cc:926] Done queuing 4294967295 requests, which took 300.0s. Waiting for server processing
I20260914 17:45:10.943241 295695 dfly_bench.cc:926] Done queuing 4294967295 requests, which took 300.0s. Waiting for server processing
I20260914 17:45:10.943374 295694 dfly_bench.cc:1001] ReceiveFb done
I20260914 17:45:10.943202 295705 dfly_bench.cc:1001] ReceiveFb done
I20260914 17:45:10.943341 295708 dfly_bench.cc:1001] ReceiveFb done
I20260914 17:45:10.943313 295693 dfly_bench.cc:926] Done queuing 4294967295 requests, which took 300.0s. Waiting for server processing
I20260914 17:45:10.943287 295702 dfly_bench.cc:1001] ReceiveFb done
I20260914 17:45:10.943410 295693 dfly_bench.cc:926] Done queuing 4294967295 requests, which took 300.0s. Waiting for server processing
I20260914 17:45:10.943183 295696 dfly_bench.cc:1001] ReceiveFb done
I20260914 17:45:10.943382 295707 dfly_bench.cc:1001] ReceiveFb done
I20260914 17:45:10.943364 295704 dfly_bench.cc:1001] ReceiveFb done
I20260914 17:45:10.943348 295697 dfly_bench.cc:1001] ReceiveFb done
I20260914 17:45:10.943413 295699 dfly_bench.cc:1001] ReceiveFb done
I20260914 17:45:10.943436 295702 dfly_bench.cc:926] Done queuing 4294967295 requests, which took 300.0s. Waiting for server processing
I20260914 17:45:10.943421 295693 dfly_bench.cc:926] Done queuing 4294967295 requests, which took 300.0s. Waiting for server processing
I20260914 17:45:10.943408 295694 dfly_bench.cc:1001] ReceiveFb done
I20260914 17:45:10.943396 295695 dfly_bench.cc:926] Done queuing 4294967295 requests, which took 300.0s. Waiting for server processing
I20260914 17:45:10.943337 295703 dfly_bench.cc:1001] ReceiveFb done
I20260914 17:45:10.943415 295708 dfly_bench.cc:1001] ReceiveFb done
I20260914 17:45:10.943387 295700 dfly_bench.cc:926] Done queuing 4294967295 requests, which took 300.0s. Waiting for server processing
I20260914 17:45:10.943445 295693 dfly_bench.cc:926] Done queuing 4294967295 requests, which took 300.0s. Waiting for server processing
I20260914 17:45:10.943471 295700 dfly_bench.cc:926] Done queuing 4294967295 requests, which took 300.0s. Waiting for server processing
I20260914 17:45:10.943449 295695 dfly_bench.cc:926] Done queuing 4294967295 requests, which took 300.0s. Waiting for server processing
I20260914 17:45:10.943452 295699 dfly_bench.cc:1001] ReceiveFb done
I20260914 17:45:10.943486 295695 dfly_bench.cc:926] Done queuing 4294967295 requests, which took 300.0s. Waiting for server processing
I20260914 17:45:10.943446 295696 dfly_bench.cc:1001] ReceiveFb done
I20260914 17:45:10.943475 295703 dfly_bench.cc:1001] ReceiveFb done
I20260914 17:45:10.943444 295702 dfly_bench.cc:926] Done queuing 4294967295 requests, which took 300.0s. Waiting for server processing
I20260914 17:45:10.943455 295704 dfly_bench.cc:1001] ReceiveFb done
I20260914 17:45:10.943472 295693 dfly_bench.cc:926] Done queuing 4294967295 requests, which took 300.0s. Waiting for server processing
I20260914 17:45:10.943394 295706 dfly_bench.cc:926] Done queuing 4294967295 requests, which took 300.0s. Waiting for server processing
I20260914 17:45:10.943483 295700 dfly_bench.cc:926] Done queuing 4294967295 requests, which took 300.0s. Waiting for server processing
I20260914 17:45:10.943447 295707 dfly_bench.cc:1001] ReceiveFb done
I20260914 17:45:10.943553 295703 dfly_bench.cc:1001] ReceiveFb done
I20260914 17:45:10.943352 295698 dfly_bench.cc:1001] ReceiveFb done
I20260914 17:45:10.943499 295699 dfly_bench.cc:1001] ReceiveFb done
I20260914 17:45:10.943413 295705 dfly_bench.cc:1001] ReceiveFb done
I20260914 17:45:10.943563 295700 dfly_bench.cc:926] Done queuing 4294967295 requests, which took 300.0s. Waiting for server processing
I20260914 17:45:10.943452 295697 dfly_bench.cc:1001] ReceiveFb done
I20260914 17:45:10.943395 295701 dfly_bench.cc:926] Done queuing 4294967295 requests, which took 300.0s. Waiting for server processing
I20260914 17:45:10.943485 295708 dfly_bench.cc:1001] ReceiveFb done
I20260914 17:45:10.943580 295698 dfly_bench.cc:1001] ReceiveFb done
I20260914 17:45:10.943457 295694 dfly_bench.cc:1001] ReceiveFb done
I20260914 17:45:10.943560 295706 dfly_bench.cc:926] Done queuing 4294967295 requests, which took 300.0s. Waiting for server processing
I20260914 17:45:10.943591 295697 dfly_bench.cc:1001] ReceiveFb done
I20260914 17:45:10.943601 295708 dfly_bench.cc:1001] ReceiveFb done
I20260914 17:45:10.943495 295695 dfly_bench.cc:926] Done queuing 4294967295 requests, which took 300.0s. Waiting for server processing
I20260914 17:45:10.943574 295700 dfly_bench.cc:926] Done queuing 4294967295 requests, which took 300.0s. Waiting for server processing
I20260914 17:45:10.943610 295694 dfly_bench.cc:1001] ReceiveFb done
I20260914 17:45:10.943552 295702 dfly_bench.cc:926] Done queuing 4294967295 requests, which took 300.0s. Waiting for server processing
I20260914 17:45:10.943555 295693 dfly_bench.cc:926] Done queuing 4294967295 requests, which took 300.0s. Waiting for server processing
I20260914 17:45:10.943607 295698 dfly_bench.cc:1001] ReceiveFb done
I20260914 17:45:10.943616 295695 dfly_bench.cc:926] Done queuing 4294967295 requests, which took 300.0s. Waiting for server processing
I20260914 17:45:10.943632 295693 dfly_bench.cc:926] Done queuing 4294967295 requests, which took 300.0s. Waiting for server processing
I20260914 17:45:10.943583 295699 dfly_bench.cc:1001] ReceiveFb done
I20260914 17:45:10.943588 295705 dfly_bench.cc:1001] ReceiveFb done
I20260914 17:45:10.943640 295694 dfly_bench.cc:1001] ReceiveFb done
I20260914 17:45:10.943645 295693 dfly_bench.cc:926] Done queuing 4294967295 requests, which took 300.0s. Waiting for server processing
I20260914 17:45:10.943642 295695 dfly_bench.cc:926] Done queuing 4294967295 requests, which took 300.0s. Waiting for server processing
I20260914 17:45:10.943586 295701 dfly_bench.cc:926] Done queuing 4294967295 requests, which took 300.0s. Waiting for server processing
I20260914 17:45:10.943585 295703 dfly_bench.cc:926] Done queuing 4294967295 requests, which took 300.0s. Waiting for server processing
I20260914 17:45:10.943677 295699 dfly_bench.cc:1001] ReceiveFb done
I20260914 17:45:10.943576 295707 dfly_bench.cc:1001] ReceiveFb done
I20260914 17:45:10.943612 295697 dfly_bench.cc:1001] ReceiveFb done
I20260914 17:45:10.943682 295705 dfly_bench.cc:1001] ReceiveFb done
I20260914 17:45:10.943508 295696 dfly_bench.cc:1001] ReceiveFb done
I20260914 17:45:10.943564 295704 dfly_bench.cc:1001] ReceiveFb done
I20260914 17:45:10.943650 295698 dfly_bench.cc:1001] ReceiveFb done
I20260914 17:45:10.943691 295695 dfly_bench.cc:926] Done queuing 4294967295 requests, which took 300.0s. Waiting for server processing
I20260914 17:45:10.943629 295702 dfly_bench.cc:926] Done queuing 4294967295 requests, which took 300.0s. Waiting for server processing
I20260914 17:45:10.943688 295701 dfly_bench.cc:926] Done queuing 4294967295 requests, which took 300.0s. Waiting for server processing
I20260914 17:45:10.943696 295703 dfly_bench.cc:926] Done queuing 4294967295 requests, which took 300.0s. Waiting for server processing
I20260914 17:45:10.943711 295699 dfly_bench.cc:1001] ReceiveFb done
I20260914 17:45:10.943602 295706 dfly_bench.cc:926] Done queuing 4294967295 requests, which took 300.0s. Waiting for server processing
I20260914 17:45:10.943717 295695 dfly_bench.cc:926] Done queuing 4294967295 requests, which took 300.0s. Waiting for server processing
I20260914 17:45:10.943722 295696 dfly_bench.cc:1001] ReceiveFb done
I20260914 17:45:10.943697 295694 dfly_bench.cc:1001] ReceiveFb done
I20260914 17:45:10.943727 295702 dfly_bench.cc:926] Done queuing 4294967295 requests, which took 300.0s. Waiting for server processing
I20260914 17:45:10.943727 295698 dfly_bench.cc:1001] ReceiveFb done
I20260914 17:45:10.943758 295699 dfly_bench.cc:1001] ReceiveFb done
I20260914 17:45:10.943718 295697 dfly_bench.cc:1001] ReceiveFb done
I20260914 17:45:10.943743 295701 dfly_bench.cc:926] Done queuing 4294967295 requests, which took 300.0s. Waiting for server processing
I20260914 17:45:10.943729 295705 dfly_bench.cc:1001] ReceiveFb done
I20260914 17:45:10.943761 295702 dfly_bench.cc:926] Done queuing 4294967295 requests, which took 300.0s. Waiting for server processing
I20260914 17:45:10.943748 295706 dfly_bench.cc:926] Done queuing 4294967295 requests, which took 300.0s. Waiting for server processing
I20260914 17:45:10.943769 295694 dfly_bench.cc:1001] ReceiveFb done
I20260914 17:45:10.943797 295705 dfly_bench.cc:1001] ReceiveFb done
I20260914 17:45:10.943632 295708 dfly_bench.cc:1001] ReceiveFb done
I20260914 17:45:10.943795 295699 dfly_bench.cc:1001] ReceiveFb done
I20260914 17:45:10.943765 295696 dfly_bench.cc:1001] ReceiveFb done
I20260914 17:45:10.943817 295694 dfly_bench.cc:1001] ReceiveFb done
I20260914 17:45:10.943718 295707 dfly_bench.cc:1001] ReceiveFb done
I20260914 17:45:10.943823 295705 dfly_bench.cc:1001] ReceiveFb done
I20260914 17:45:10.943827 295708 dfly_bench.cc:1001] ReceiveFb done
I20260914 17:45:10.943789 295702 dfly_bench.cc:926] Done queuing 4294967295 requests, which took 300.0s. Waiting for server processing
I20260914 17:45:10.943778 295698 dfly_bench.cc:1001] ReceiveFb done
I20260914 17:45:10.943783 295701 dfly_bench.cc:926] Done queuing 4294967295 requests, which took 300.0s. Waiting for server processing
I20260914 17:45:10.943858 295698 dfly_bench.cc:1001] ReceiveFb done
I20260914 17:45:10.943828 295699 dfly_bench.cc:1001] ReceiveFb done
I20260914 17:45:10.943723 295704 dfly_bench.cc:1001] ReceiveFb done
I20260914 17:45:10.943832 295696 dfly_bench.cc:1001] ReceiveFb done
I20260914 17:45:10.943889 295699 dfly_bench.cc:1001] ReceiveFb done
I20260914 17:45:10.943792 295697 dfly_bench.cc:1001] ReceiveFb done
I20260914 17:45:10.943851 295705 dfly_bench.cc:1001] ReceiveFb done
I20260914 17:45:10.943900 295704 dfly_bench.cc:1001] ReceiveFb done
I20260914 17:45:10.943739 295703 dfly_bench.cc:926] Done queuing 4294967295 requests, which took 300.0s. Waiting for server processing
I20260914 17:45:10.943849 295708 dfly_bench.cc:1001] ReceiveFb done
I20260914 17:45:10.943841 295707 dfly_bench.cc:1001] ReceiveFb done
I20260914 17:45:10.943838 295694 dfly_bench.cc:1001] ReceiveFb done
I20260914 17:45:10.943847 295702 dfly_bench.cc:926] Done queuing 4294967295 requests, which took 300.0s. Waiting for server processing
I20260914 17:45:10.943921 295705 dfly_bench.cc:1001] ReceiveFb done
I20260914 17:45:10.943919 295697 dfly_bench.cc:1001] ReceiveFb done
I20260914 17:45:10.943919 295703 dfly_bench.cc:926] Done queuing 4294967295 requests, which took 300.0s. Waiting for server processing
I20260914 17:45:10.943933 295707 dfly_bench.cc:1001] ReceiveFb done
I20260914 17:45:10.943938 295708 dfly_bench.cc:1001] ReceiveFb done
I20260914 17:45:10.943933 295694 dfly_bench.cc:1001] ReceiveFb done
I20260914 17:45:10.943907 295696 dfly_bench.cc:1001] ReceiveFb done
I20260914 17:45:10.943948 295705 dfly_bench.cc:1001] ReceiveFb done
I20260914 17:45:10.943910 295699 dfly_bench.cc:1001] ReceiveFb done
I20260914 17:45:10.943967 295708 dfly_bench.cc:1001] ReceiveFb done
I20260914 17:45:10.943971 295696 dfly_bench.cc:1001] ReceiveFb done
I20260914 17:45:10.943957 295697 dfly_bench.cc:1001] ReceiveFb done
I20260914 17:45:10.943964 295707 dfly_bench.cc:1001] ReceiveFb done
I20260914 17:45:10.943982 295699 dfly_bench.cc:1001] ReceiveFb done
I20260914 17:45:10.943886 295698 dfly_bench.cc:1001] ReceiveFb done
I20260914 17:45:10.944010 295701 dfly_bench.cc:1001] ReceiveFb done
I20260914 17:45:10.943972 295702 dfly_bench.cc:1001] ReceiveFb done
I20260914 17:45:10.943992 295696 dfly_bench.cc:1001] ReceiveFb done
I20260914 17:45:10.943997 295697 dfly_bench.cc:1001] ReceiveFb done
I20260914 17:45:10.943996 295708 dfly_bench.cc:1001] ReceiveFb done
I20260914 17:45:10.944028 295699 dfly_bench.cc:926] Done queuing 4294967295 requests, which took 300.0s. Waiting for server processing
I20260914 17:45:10.943954 295704 dfly_bench.cc:926] Done queuing 4294967295 requests, which took 300.0s. Waiting for server processing
I20260914 17:45:10.943972 295694 dfly_bench.cc:1001] ReceiveFb done
I20260914 17:45:10.943920 295695 dfly_bench.cc:1001] ReceiveFb done
I20260914 17:45:10.944046 295696 dfly_bench.cc:1001] ReceiveFb done
I20260914 17:45:10.944038 295702 dfly_bench.cc:1001] ReceiveFb done
I20260914 17:45:10.944042 295698 dfly_bench.cc:926] Done queuing 4294967295 requests, which took 300.0s. Waiting for server processing
I20260914 17:45:10.944082 295698 dfly_bench.cc:926] Done queuing 4294967295 requests, which took 300.0s. Waiting for server processing
I20260914 17:45:10.944046 295704 dfly_bench.cc:926] Done queuing 4294967295 requests, which took 300.0s. Waiting for server processing
I20260914 17:45:10.944059 295708 dfly_bench.cc:1001] ReceiveFb done
I20260914 17:45:10.944038 295701 dfly_bench.cc:1001] ReceiveFb done
I20260914 17:45:10.944001 295707 dfly_bench.cc:1001] ReceiveFb done
I20260914 17:45:10.944113 295708 dfly_bench.cc:1001] ReceiveFb done
I20260914 17:45:10.943953 295703 dfly_bench.cc:926] Done queuing 4294967295 requests, which took 300.0s. Waiting for server processing
I20260914 17:45:10.944098 295704 dfly_bench.cc:926] Done queuing 4294967295 requests, which took 300.0s. Waiting for server processing
I20260914 17:45:10.944067 295694 dfly_bench.cc:1001] ReceiveFb done
I20260914 17:45:10.944046 295697 dfly_bench.cc:1001] ReceiveFb done
I20260914 17:45:10.943920 295700 dfly_bench.cc:926] Done queuing 4294967295 requests, which took 300.0s. Waiting for server processing
I20260914 17:45:10.944094 295693 dfly_bench.cc:1001] ReceiveFb done
I20260914 17:45:10.943986 295705 dfly_bench.cc:1001] ReceiveFb done
I20260914 17:45:10.944044 295699 dfly_bench.cc:926] Done queuing 4294967295 requests, which took 300.0s. Waiting for server processing
I20260914 17:45:10.944157 295697 dfly_bench.cc:1001] ReceiveFb done
I20260914 17:45:10.944087 295695 dfly_bench.cc:926] Done queuing 4294967295 requests, which took 300.0s. Waiting for server processing
I20260914 17:45:10.944164 295699 dfly_bench.cc:926] Done queuing 4294967295 requests, which took 300.0s. Waiting for server processing
I20260914 17:45:10.944082 295702 dfly_bench.cc:1001] ReceiveFb done
I20260914 17:45:10.944144 295704 dfly_bench.cc:926] Done queuing 4294967295 requests, which took 300.0s. Waiting for server processing
I20260914 17:45:10.944173 295695 dfly_bench.cc:926] Done queuing 4294967295 requests, which took 300.0s. Waiting for server processing
I20260914 17:45:10.944147 295700 dfly_bench.cc:926] Done queuing 4294967295 requests, which took 300.0s. Waiting for server processing
I20260914 17:45:10.944162 295693 dfly_bench.cc:1001] ReceiveFb done
I20260914 17:45:10.944067 295696 dfly_bench.cc:1001] ReceiveFb done
I20260914 17:45:10.944190 295702 dfly_bench.cc:1001] ReceiveFb done
I20260914 17:45:10.944178 295697 dfly_bench.cc:1001] ReceiveFb done
I20260914 17:45:10.944137 295703 dfly_bench.cc:926] Done queuing 4294967295 requests, which took 300.0s. Waiting for server processing
I20260914 17:45:10.944118 295701 dfly_bench.cc:1001] ReceiveFb done
I20260914 17:45:10.944123 295707 dfly_bench.cc:1001] ReceiveFb done
I20260914 17:45:10.944175 295699 dfly_bench.cc:926] Done queuing 4294967295 requests, which took 300.0s. Waiting for server processing
I20260914 17:45:10.944221 295697 dfly_bench.cc:1001] ReceiveFb done
I20260914 17:45:10.944227 295707 dfly_bench.cc:1001] ReceiveFb done
I20260914 17:45:10.944165 295705 dfly_bench.cc:1001] ReceiveFb done
I20260914 17:45:10.944195 295700 dfly_bench.cc:1001] ReceiveFb done
I20260914 17:45:10.944216 295702 dfly_bench.cc:1001] ReceiveFb done
I20260914 17:45:10.944190 295706 dfly_bench.cc:926] Done queuing 4294967295 requests, which took 300.0s. Waiting for server processing
I20260914 17:45:10.944224 295701 dfly_bench.cc:1001] ReceiveFb done
I20260914 17:45:10.944186 295695 dfly_bench.cc:926] Done queuing 4294967295 requests, which took 300.0s. Waiting for server processing
I20260914 17:45:10.944264 295695 dfly_bench.cc:926] Done queuing 4294967295 requests, which took 300.0s. Waiting for server processing
I20260914 17:45:10.944249 295697 dfly_bench.cc:1001] ReceiveFb done
I20260914 17:45:10.944160 295708 dfly_bench.cc:926] Done queuing 4294967295 requests, which took 300.0s. Waiting for server processing
I20260914 17:45:10.944253 295700 dfly_bench.cc:1001] ReceiveFb done
I20260914 17:45:10.944252 295707 dfly_bench.cc:1001] ReceiveFb done
I20260914 17:45:10.944279 295701 dfly_bench.cc:1001] ReceiveFb done
I20260914 17:45:10.944208 295693 dfly_bench.cc:1001] ReceiveFb done
I20260914 17:45:10.944308 295707 dfly_bench.cc:1001] ReceiveFb done
I20260914 17:45:10.944252 295705 dfly_bench.cc:1001] ReceiveFb done
I20260914 17:45:10.944228 295699 dfly_bench.cc:926] Done queuing 4294967295 requests, which took 300.0s. Waiting for server processing
I20260914 17:45:10.944211 295703 dfly_bench.cc:926] Done queuing 4294967295 requests, which took 300.0s. Waiting for server processing
I20260914 17:45:10.944317 295695 dfly_bench.cc:1001] ReceiveFb done
I20260914 17:45:10.944211 295696 dfly_bench.cc:1001] ReceiveFb done
I20260914 17:45:10.944322 295693 dfly_bench.cc:1001] ReceiveFb done
I20260914 17:45:10.944255 295706 dfly_bench.cc:926] Done queuing 4294967295 requests, which took 300.0s. Waiting for server processing
I20260914 17:45:10.944155 295694 dfly_bench.cc:1001] ReceiveFb done
I20260914 17:45:10.944187 295704 dfly_bench.cc:926] Done queuing 4294967295 requests, which took 300.0s. Waiting for server processing
I20260914 17:45:10.944262 295702 dfly_bench.cc:1001] ReceiveFb done
I20260914 17:45:10.944341 295693 dfly_bench.cc:1001] ReceiveFb done
I20260914 17:45:10.944298 295697 dfly_bench.cc:1001] ReceiveFb done
I20260914 17:45:10.944336 295706 dfly_bench.cc:926] Done queuing 4294967295 requests, which took 300.0s. Waiting for server processing
I20260914 17:45:10.944352 295702 dfly_bench.cc:1001] ReceiveFb done
I20260914 17:45:10.944346 295694 dfly_bench.cc:1001] ReceiveFb done
I20260914 17:45:10.944348 295695 dfly_bench.cc:1001] ReceiveFb done
I20260914 17:45:10.944361 295697 dfly_bench.cc:1001] ReceiveFb done
I20260914 17:45:10.944331 295707 dfly_bench.cc:1001] ReceiveFb done
I20260914 17:45:10.944363 295693 dfly_bench.cc:1001] ReceiveFb done
I20260914 17:45:10.944305 295700 dfly_bench.cc:1001] ReceiveFb done
I20260914 17:45:10.944375 295694 dfly_bench.cc:1001] ReceiveFb done
I20260914 17:45:10.944381 295697 dfly_bench.cc:1001] ReceiveFb done
I20260914 17:45:10.944379 295702 dfly_bench.cc:1001] ReceiveFb done
I20260914 17:45:10.944347 295696 dfly_bench.cc:1001] ReceiveFb done
I20260914 17:45:10.944357 295706 dfly_bench.cc:926] Done queuing 4294967295 requests, which took 300.0s. Waiting for server processing
I20260914 17:45:10.944394 295693 dfly_bench.cc:1001] ReceiveFb done
I20260914 17:45:10.944401 295697 dfly_bench.cc:1001] ReceiveFb done
I20260914 17:45:10.944388 295707 dfly_bench.cc:1001] ReceiveFb done
I20260914 17:45:10.944397 295694 dfly_bench.cc:1001] ReceiveFb done
I20260914 17:45:10.944422 295697 dfly_bench.cc:1001] ReceiveFb done
I20260914 17:45:10.944434 295694 dfly_bench.cc:1001] ReceiveFb done
I20260914 17:45:10.944437 295701 dfly_bench.cc:1001] ReceiveFb done
I20260914 17:45:10.944401 295706 dfly_bench.cc:1001] ReceiveFb done
I20260914 17:45:10.944381 295695 dfly_bench.cc:1001] ReceiveFb done
I20260914 17:45:10.944456 295704 dfly_bench.cc:1001] ReceiveFb done
I20260914 17:45:10.944429 295707 dfly_bench.cc:1001] ReceiveFb done
I20260914 17:45:10.944459 295697 dfly_bench.cc:926] Done queuing 4294967295 requests, which took 300.0s. Waiting for server processing
I20260914 17:45:10.944417 295693 dfly_bench.cc:1001] ReceiveFb done
I20260914 17:45:10.944471 295706 dfly_bench.cc:1001] ReceiveFb done
I20260914 17:45:10.944397 295700 dfly_bench.cc:1001] ReceiveFb done
I20260914 17:45:10.944475 295695 dfly_bench.cc:1001] ReceiveFb done
I20260914 17:45:10.944490 295693 dfly_bench.cc:1001] ReceiveFb done
I20260914 17:45:10.944408 295696 dfly_bench.cc:1001] ReceiveFb done
I20260914 17:45:10.944487 295707 dfly_bench.cc:1001] ReceiveFb done
I20260914 17:45:10.944475 295701 dfly_bench.cc:1001] ReceiveFb done
I20260914 17:45:10.944402 295702 dfly_bench.cc:1001] ReceiveFb done
I20260914 17:45:10.944485 295704 dfly_bench.cc:1001] ReceiveFb done
I20260914 17:45:10.944514 295695 dfly_bench.cc:1001] ReceiveFb done
I20260914 17:45:10.944515 295696 dfly_bench.cc:1001] ReceiveFb done
I20260914 17:45:10.944491 295706 dfly_bench.cc:1001] ReceiveFb done
I20260914 17:45:10.944523 295707 dfly_bench.cc:1001] ReceiveFb done
I20260914 17:45:10.944458 295694 dfly_bench.cc:1001] ReceiveFb done
I20260914 17:45:10.944541 295706 dfly_bench.cc:1001] ReceiveFb done
I20260914 17:45:10.944550 295694 dfly_bench.cc:1001] ReceiveFb done
I20260914 17:45:10.944546 295707 dfly_bench.cc:1001] ReceiveFb done
I20260914 17:45:10.944514 295693 dfly_bench.cc:926] Done queuing 4294967295 requests, which took 300.0s. Waiting for server processing
I20260914 17:45:10.944501 295700 dfly_bench.cc:1001] ReceiveFb done
I20260914 17:45:10.944562 295706 dfly_bench.cc:1001] ReceiveFb done
I20260914 17:45:10.944569 295698 dfly_bench.cc:926] Done queuing 4294967295 requests, which took 300.0s. Waiting for server processing
I20260914 17:45:10.944528 295702 dfly_bench.cc:1001] ReceiveFb done
I20260914 17:45:10.944572 295707 dfly_bench.cc:1001] ReceiveFb done
I20260914 17:45:10.944526 295701 dfly_bench.cc:1001] ReceiveFb done
I20260914 17:45:10.944535 295695 dfly_bench.cc:1001] ReceiveFb done
I20260914 17:45:10.944566 295693 dfly_bench.cc:926] Done queuing 4294967295 requests, which took 300.0s. Waiting for server processing
I20260914 17:45:10.944587 295699 dfly_bench.cc:926] Done queuing 4294967295 requests, which took 300.0s. Waiting for server processing
I20260914 17:45:10.944579 295700 dfly_bench.cc:1001] ReceiveFb done
I20260914 17:45:10.944609 295701 dfly_bench.cc:1001] ReceiveFb done
I20260914 17:45:10.944536 295696 dfly_bench.cc:1001] ReceiveFb done
I20260914 17:45:10.944583 295698 dfly_bench.cc:1001] ReceiveFb done
I20260914 17:45:10.944602 295699 dfly_bench.cc:926] Done queuing 4294967295 requests, which took 300.0s. Waiting for server processing
I20260914 17:45:10.944598 295707 dfly_bench.cc:1001] ReceiveFb done
I20260914 17:45:10.944588 295706 dfly_bench.cc:1001] ReceiveFb done
I20260914 17:45:10.944599 295693 dfly_bench.cc:926] Done queuing 4294967295 requests, which took 300.0s. Waiting for server processing
I20260914 17:45:10.944612 295700 dfly_bench.cc:1001] ReceiveFb done
I20260914 17:45:10.944530 295704 dfly_bench.cc:1001] ReceiveFb done
I20260914 17:45:10.944629 295699 dfly_bench.cc:1001] ReceiveFb done
I20260914 17:45:10.944571 295694 dfly_bench.cc:1001] ReceiveFb done
I20260914 17:45:10.944651 295693 dfly_bench.cc:926] Done queuing 4294967295 requests, which took 300.0s. Waiting for server processing
I20260914 17:45:10.944653 295706 dfly_bench.cc:926] Done queuing 4294967295 requests, which took 300.0s. Waiting for server processing
I20260914 17:45:10.944628 295708 dfly_bench.cc:1001] ReceiveFb done
I20260914 17:45:10.944607 295695 dfly_bench.cc:1001] ReceiveFb done
I20260914 17:45:10.944648 295696 dfly_bench.cc:926] Done queuing 4294967295 requests, which took 300.0s. Waiting for server processing
I20260914 17:45:10.944638 295701 dfly_bench.cc:1001] ReceiveFb done
I20260914 17:45:10.944679 295708 dfly_bench.cc:1001] ReceiveFb done
I20260914 17:45:10.944667 295706 dfly_bench.cc:926] Done queuing 4294967295 requests, which took 300.0s. Waiting for server processing
I20260914 17:45:10.944676 295704 dfly_bench.cc:1001] ReceiveFb done
I20260914 17:45:10.944682 295695 dfly_bench.cc:1001] ReceiveFb done
I20260914 17:45:10.944664 295700 dfly_bench.cc:1001] ReceiveFb done
I20260914 17:45:10.944671 295694 dfly_bench.cc:1001] ReceiveFb done
I20260914 17:45:10.944696 295701 dfly_bench.cc:1001] ReceiveFb done
I20260914 17:45:10.944638 295698 dfly_bench.cc:1001] ReceiveFb done
I20260914 17:45:10.944670 295699 dfly_bench.cc:1001] ReceiveFb done
I20260914 17:45:10.944645 295707 dfly_bench.cc:1001] ReceiveFb done
I20260914 17:45:10.944716 295704 dfly_bench.cc:1001] ReceiveFb done
I20260914 17:45:10.944707 295695 dfly_bench.cc:1001] ReceiveFb done
I20260914 17:45:10.944710 295700 dfly_bench.cc:1001] ReceiveFb done
I20260914 17:45:10.944698 295708 dfly_bench.cc:1001] ReceiveFb done
I20260914 17:45:10.944664 295693 dfly_bench.cc:926] Done queuing 4294967295 requests, which took 300.0s. Waiting for server processing
I20260914 17:45:10.944736 295699 dfly_bench.cc:1001] ReceiveFb done
I20260914 17:45:10.944729 295701 dfly_bench.cc:1001] ReceiveFb done
I20260914 17:45:10.944742 295700 dfly_bench.cc:1001] ReceiveFb done
I20260914 17:45:10.944751 295704 dfly_bench.cc:1001] ReceiveFb done
I20260914 17:45:10.944733 295698 dfly_bench.cc:926] Done queuing 4294967295 requests, which took 300.0s. Waiting for server processing
I20260914 17:45:10.944768 295700 dfly_bench.cc:1001] ReceiveFb done
I20260914 17:45:10.944729 295694 dfly_bench.cc:1001] ReceiveFb done
I20260914 17:45:10.944808 295706 dfly_bench.cc:1001] ReceiveFb done
I20260914 17:45:10.944578 295703 dfly_bench.cc:926] Done queuing 4294967295 requests, which took 300.0s. Waiting for server processing
I20260914 17:45:10.944813 295698 dfly_bench.cc:926] Done queuing 4294967295 requests, which took 300.0s. Waiting for server processing
I20260914 17:45:10.944753 295708 dfly_bench.cc:1001] ReceiveFb done
I20260914 17:45:10.944797 295702 dfly_bench.cc:1001] ReceiveFb done
I20260914 17:45:10.944815 295704 dfly_bench.cc:1001] ReceiveFb done
I20260914 17:45:10.944823 295694 dfly_bench.cc:1001] ReceiveFb done
I20260914 17:45:10.944777 295701 dfly_bench.cc:1001] ReceiveFb done
I20260914 17:45:10.944825 295698 dfly_bench.cc:926] Done queuing 4294967295 requests, which took 300.0s. Waiting for server processing
I20260914 17:45:10.944829 295700 dfly_bench.cc:1001] ReceiveFb done
I20260914 17:45:10.944739 295707 dfly_bench.cc:1001] ReceiveFb done
I20260914 17:45:10.944844 295701 dfly_bench.cc:1001] ReceiveFb done
I20260914 17:45:10.944842 295694 dfly_bench.cc:1001] ReceiveFb done
I20260914 17:45:10.944739 295693 dfly_bench.cc:926] Done queuing 4294967295 requests, which took 300.0s. Waiting for server processing
I20260914 17:45:10.944854 295700 dfly_bench.cc:1001] ReceiveFb done
I20260914 17:45:10.944837 295708 dfly_bench.cc:1001] ReceiveFb done
I20260914 17:45:10.944840 295704 dfly_bench.cc:1001] ReceiveFb done
I20260914 17:45:10.944840 295702 dfly_bench.cc:1001] ReceiveFb done
I20260914 17:45:10.944832 295703 dfly_bench.cc:926] Done queuing 4294967295 requests, which took 300.0s. Waiting for server processing
I20260914 17:45:10.944881 295708 dfly_bench.cc:1001] ReceiveFb done
I20260914 17:45:10.944866 295694 dfly_bench.cc:1001] ReceiveFb done
I20260914 17:45:10.944893 295702 dfly_bench.cc:1001] ReceiveFb done
I20260914 17:45:10.944742 295695 dfly_bench.cc:1001] ReceiveFb done
I20260914 17:45:10.944880 295700 dfly_bench.cc:1001] ReceiveFb done
I20260914 17:45:10.944831 295706 dfly_bench.cc:1001] ReceiveFb done
I20260914 17:45:10.944882 295697 dfly_bench.cc:926] Done queuing 4294967295 requests, which took 300.0s. Waiting for server processing
I20260914 17:45:10.944880 295698 dfly_bench.cc:1001] ReceiveFb done
I20260914 17:45:10.944864 295701 dfly_bench.cc:1001] ReceiveFb done
I20260914 17:45:10.944883 295703 dfly_bench.cc:926] Done queuing 4294967295 requests, which took 300.0s. Waiting for server processing
I20260914 17:45:10.944916 295697 dfly_bench.cc:1001] ReceiveFb done
I20260914 17:45:10.944913 295694 dfly_bench.cc:1001] ReceiveFb done
I20260914 17:45:10.944931 295701 dfly_bench.cc:1001] ReceiveFb done
I20260914 17:45:10.944912 295702 dfly_bench.cc:1001] ReceiveFb done
I20260914 17:45:10.944926 295705 dfly_bench.cc:926] Done queuing 4294967295 requests, which took 300.0s. Waiting for server processing
I20260914 17:45:10.944873 295707 dfly_bench.cc:926] Done queuing 4294967295 requests, which took 300.0s. Waiting for server processing
I20260914 17:45:10.944934 295706 dfly_bench.cc:1001] ReceiveFb done
I20260914 17:45:10.944953 295694 dfly_bench.cc:1001] ReceiveFb done
I20260914 17:45:10.944955 295701 dfly_bench.cc:1001] ReceiveFb done
I20260914 17:45:10.944924 295698 dfly_bench.cc:1001] ReceiveFb done
I20260914 17:45:10.944937 295697 dfly_bench.cc:1001] ReceiveFb done
I20260914 17:45:10.944909 295708 dfly_bench.cc:926] Done queuing 4294967295 requests, which took 300.0s. Waiting for server processing
I20260914 17:45:10.944971 295706 dfly_bench.cc:1001] ReceiveFb done
I20260914 17:45:10.944916 295695 dfly_bench.cc:1001] ReceiveFb done
I20260914 17:45:10.944978 295708 dfly_bench.cc:926] Done queuing 4294967295 requests, which took 300.0s. Waiting for server processing
I20260914 17:45:10.944922 295703 dfly_bench.cc:926] Done queuing 4294967295 requests, which took 300.0s. Waiting for server processing
I20260914 17:45:10.944957 295702 dfly_bench.cc:1001] ReceiveFb done
I20260914 17:45:10.944990 295706 dfly_bench.cc:1001] ReceiveFb done
I20260914 17:45:10.944962 295705 dfly_bench.cc:1001] ReceiveFb done
I20260914 17:45:10.944988 295698 dfly_bench.cc:1001] ReceiveFb done
I20260914 17:45:10.944983 295701 dfly_bench.cc:1001] ReceiveFb done
I20260914 17:45:10.944994 295703 dfly_bench.cc:1001] ReceiveFb done
I20260914 17:45:10.944898 295704 dfly_bench.cc:1001] ReceiveFb done
I20260914 17:45:10.944998 295695 dfly_bench.cc:1001] ReceiveFb done
I20260914 17:45:10.945012 295706 dfly_bench.cc:1001] ReceiveFb done
I20260914 17:45:10.944975 295694 dfly_bench.cc:1001] ReceiveFb done
I20260914 17:45:10.945024 295705 dfly_bench.cc:926] Done queuing 4294967295 requests, which took 300.0s. Waiting for server processing
I20260914 17:45:10.945039 295701 dfly_bench.cc:1001] ReceiveFb done
I20260914 17:45:10.945042 295703 dfly_bench.cc:1001] ReceiveFb done
I20260914 17:45:10.945055 295694 dfly_bench.cc:1001] ReceiveFb done
I20260914 17:45:10.945060 295704 dfly_bench.cc:926] Done queuing 4294967295 requests, which took 300.0s. Waiting for server processing
I20260914 17:45:10.945034 295698 dfly_bench.cc:1001] ReceiveFb done
I20260914 17:45:10.945066 295703 dfly_bench.cc:1001] ReceiveFb done
I20260914 17:45:10.945063 295701 dfly_bench.cc:1001] ReceiveFb done
I20260914 17:45:10.945071 295704 dfly_bench.cc:926] Done queuing 4294967295 requests, which took 300.0s. Waiting for server processing
I20260914 17:45:10.945048 295706 dfly_bench.cc:926] Done queuing 4294967295 requests, which took 300.0s. Waiting for server processing
I20260914 17:45:10.945010 295702 dfly_bench.cc:1001] ReceiveFb done
I20260914 17:45:10.945075 295694 dfly_bench.cc:1001] ReceiveFb done
I20260914 17:45:10.945043 295693 dfly_bench.cc:1001] ReceiveFb done
I20260914 17:45:10.945091 295701 dfly_bench.cc:1001] ReceiveFb done
I20260914 17:45:10.945024 295696 dfly_bench.cc:1001] ReceiveFb done
I20260914 17:45:10.944926 295700 dfly_bench.cc:926] Done queuing 4294967295 requests, which took 300.0s. Waiting for server processing
I20260914 17:45:10.945101 295704 dfly_bench.cc:926] Done queuing 4294967295 requests, which took 300.0s. Waiting for server processing
I20260914 17:45:10.944756 295699 dfly_bench.cc:1001] ReceiveFb done
I20260914 17:45:10.945111 295693 dfly_bench.cc:1001] ReceiveFb done
I20260914 17:45:10.945109 295708 dfly_bench.cc:1001] ReceiveFb done
I20260914 17:45:10.945151 295699 dfly_bench.cc:1001] ReceiveFb done
I20260914 17:45:10.945156 295696 dfly_bench.cc:1001] ReceiveFb done
I20260914 17:45:10.945046 295695 dfly_bench.cc:1001] ReceiveFb done
I20260914 17:45:10.945113 295701 dfly_bench.cc:1001] ReceiveFb done
I20260914 17:45:10.945087 295703 dfly_bench.cc:1001] ReceiveFb done
I20260914 17:45:10.945050 295705 dfly_bench.cc:926] Done queuing 4294967295 requests, which took 300.0s. Waiting for server processing
I20260914 17:45:10.945166 295693 dfly_bench.cc:1001] ReceiveFb done
I20260914 17:45:10.945183 295695 dfly_bench.cc:1001] ReceiveFb done
I20260914 17:45:10.945181 295696 dfly_bench.cc:926] Done queuing 4294967295 requests, which took 300.0s. Waiting for server processing
I20260914 17:45:10.945188 295708 dfly_bench.cc:1001] ReceiveFb done
I20260914 17:45:10.945183 295705 dfly_bench.cc:926] Done queuing 4294967295 requests, which took 300.0s. Waiting for server processing
I20260914 17:45:10.945101 295702 dfly_bench.cc:1001] ReceiveFb done
I20260914 17:45:10.945082 295698 dfly_bench.cc:926] Done queuing 4294967295 requests, which took 300.0s. Waiting for server processing
I20260914 17:45:10.945199 295706 dfly_bench.cc:1001] ReceiveFb done
I20260914 17:45:10.945204 295695 dfly_bench.cc:1001] ReceiveFb done
I20260914 17:45:10.945034 295697 dfly_bench.cc:1126] Total hits: 20342293
I20260914 17:45:10.945222 295698 dfly_bench.cc:926] Done queuing 4294967295 requests, which took 300.0s. Waiting for server processing
I20260914 17:45:10.945204 295705 dfly_bench.cc:926] Done queuing 4294967295 requests, which took 300.0s. Waiting for server processing
I20260914 17:45:10.945194 295703 dfly_bench.cc:1001] ReceiveFb done
I20260914 17:45:10.945238 295695 dfly_bench.cc:1001] ReceiveFb done
I20260914 17:45:10.945218 295696 dfly_bench.cc:1001] ReceiveFb done
I20260914 17:45:10.945235 295702 dfly_bench.cc:1001] ReceiveFb done
I20260914 17:45:10.945233 295698 dfly_bench.cc:926] Done queuing 4294967295 requests, which took 300.0s. Waiting for server processing
I20260914 17:45:10.945251 295703 dfly_bench.cc:1001] ReceiveFb done
I20260914 17:45:10.945261 295696 dfly_bench.cc:926] Done queuing 4294967295 requests, which took 300.0s. Waiting for server processing
I20260914 17:45:10.945267 295702 dfly_bench.cc:926] Done queuing 4294967295 requests, which took 300.0s. Waiting for server processing
I20260914 17:45:10.945283 295696 dfly_bench.cc:926] Done queuing 4294967295 requests, which took 300.0s. Waiting for server processing
I20260914 17:45:10.945222 295708 dfly_bench.cc:1001] ReceiveFb done
I20260914 17:45:10.945238 295705 dfly_bench.cc:926] Done queuing 4294967295 requests, which took 300.0s. Waiting for server processing
I20260914 17:45:10.945202 295693 dfly_bench.cc:1001] ReceiveFb done
I20260914 17:45:10.945298 295704 dfly_bench.cc:1001] ReceiveFb done
I20260914 17:45:10.945258 295706 dfly_bench.cc:926] Done queuing 4294967295 requests, which took 300.0s. Waiting for server processing
I20260914 17:45:10.945281 295699 dfly_bench.cc:1001] ReceiveFb done
I20260914 17:45:10.945300 295705 dfly_bench.cc:926] Done queuing 4294967295 requests, which took 300.0s. Waiting for server processing
I20260914 17:45:10.945317 295706 dfly_bench.cc:1001] ReceiveFb done
I20260914 17:45:10.945313 295696 dfly_bench.cc:1001] ReceiveFb done
I20260914 17:45:10.945325 295705 dfly_bench.cc:926] Done queuing 4294967295 requests, which took 300.0s. Waiting for server processing
I20260914 17:45:10.945283 295703 dfly_bench.cc:1001] ReceiveFb done
I20260914 17:45:10.945327 295704 dfly_bench.cc:1001] ReceiveFb done
I20260914 17:45:10.945331 295699 dfly_bench.cc:1001] ReceiveFb done
I20260914 17:45:10.945318 295693 dfly_bench.cc:1001] ReceiveFb done
I20260914 17:45:10.945348 295698 dfly_bench.cc:1001] ReceiveFb done
I20260914 17:45:10.945358 295706 dfly_bench.cc:1126] Total hits: 19909838
I20260914 17:45:10.945363 295699 dfly_bench.cc:926] Done queuing 4294967295 requests, which took 300.0s. Waiting for server processing
I20260914 17:45:10.945348 295696 dfly_bench.cc:1001] ReceiveFb done
I20260914 17:45:10.945377 295699 dfly_bench.cc:926] Done queuing 4294967295 requests, which took 300.0s. Waiting for server processing
I20260914 17:45:10.945377 295704 dfly_bench.cc:1001] ReceiveFb done
I20260914 17:45:10.945367 295693 dfly_bench.cc:1001] ReceiveFb done
I20260914 17:45:10.945422 295704 dfly_bench.cc:1001] ReceiveFb done
I20260914 17:45:10.945432 295702 dfly_bench.cc:1001] ReceiveFb done
I20260914 17:45:10.945438 295699 dfly_bench.cc:1001] ReceiveFb done
I20260914 17:45:10.945444 295704 dfly_bench.cc:1001] ReceiveFb done
I20260914 17:45:10.945369 295698 dfly_bench.cc:1001] ReceiveFb done
I20260914 17:45:10.945449 295707 dfly_bench.cc:1001] ReceiveFb done
I20260914 17:45:10.945366 295708 dfly_bench.cc:1126] Total hits: 20542036
I20260914 17:45:10.945333 295705 dfly_bench.cc:926] Done queuing 4294967295 requests, which took 300.0s. Waiting for server processing
I20260914 17:45:10.945469 295707 dfly_bench.cc:926] Done queuing 4294967295 requests, which took 300.0s. Waiting for server processing
I20260914 17:45:10.945479 295707 dfly_bench.cc:926] Done queuing 4294967295 requests, which took 300.0s. Waiting for server processing
I20260914 17:45:10.945492 295703 dfly_bench.cc:1001] ReceiveFb done
I20260914 17:45:10.945475 295702 dfly_bench.cc:1126] Total hits: 20888529
I20260914 17:45:10.945377 295700 dfly_bench.cc:1001] ReceiveFb done
I20260914 17:45:10.945459 295699 dfly_bench.cc:1001] ReceiveFb done
I20260914 17:45:10.945427 295696 dfly_bench.cc:1126] Total hits: 19304282
I20260914 17:45:10.945515 295707 dfly_bench.cc:1001] ReceiveFb done
I20260914 17:45:10.945466 295698 dfly_bench.cc:1001] ReceiveFb done
I20260914 17:45:10.945519 295703 dfly_bench.cc:1001] ReceiveFb done
I20260914 17:45:10.945525 295700 dfly_bench.cc:1001] ReceiveFb done
I20260914 17:45:10.945533 295707 dfly_bench.cc:1001] ReceiveFb done
I20260914 17:45:10.945528 295701 dfly_bench.cc:926] Done queuing 4294967295 requests, which took 300.0s. Waiting for server processing
I20260914 17:45:10.945514 295705 dfly_bench.cc:1001] ReceiveFb done
I20260914 17:45:10.945556 295701 dfly_bench.cc:1001] ReceiveFb done
I20260914 17:45:10.945554 295707 dfly_bench.cc:926] Done queuing 4294967295 requests, which took 300.0s. Waiting for server processing
I20260914 17:45:10.945559 295695 dfly_bench.cc:1001] ReceiveFb done
I20260914 17:45:10.945570 295705 dfly_bench.cc:1001] ReceiveFb done
I20260914 17:45:10.945541 295703 dfly_bench.cc:1001] ReceiveFb done
I20260914 17:45:10.945550 295700 dfly_bench.cc:926] Done queuing 4294967295 requests, which took 300.0s. Waiting for server processing
I20260914 17:45:10.945591 295695 dfly_bench.cc:1001] ReceiveFb done
I20260914 17:45:10.945595 295698 dfly_bench.cc:926] Done queuing 4294967295 requests, which took 300.0s. Waiting for server processing
I20260914 17:45:10.945556 295693 dfly_bench.cc:926] Done queuing 4294967295 requests, which took 300.0s. Waiting for server processing
I20260914 17:45:10.945575 295707 dfly_bench.cc:926] Done queuing 4294967295 requests, which took 300.0s. Waiting for server processing
I20260914 17:45:10.945607 295701 dfly_bench.cc:926] Done queuing 4294967295 requests, which took 300.0s. Waiting for server processing
I20260914 17:45:10.945604 295705 dfly_bench.cc:1001] ReceiveFb done
I20260914 17:45:10.945607 295700 dfly_bench.cc:926] Done queuing 4294967295 requests, which took 300.0s. Waiting for server processing
I20260914 17:45:10.945608 295698 dfly_bench.cc:926] Done queuing 4294967295 requests, which took 300.0s. Waiting for server processing
I20260914 17:45:10.945611 295693 dfly_bench.cc:926] Done queuing 4294967295 requests, which took 300.0s. Waiting for server processing
I20260914 17:45:10.945612 295695 dfly_bench.cc:1001] ReceiveFb done
I20260914 17:45:10.945644 295693 dfly_bench.cc:926] Done queuing 4294967295 requests, which took 300.0s. Waiting for server processing
I20260914 17:45:10.945631 295701 dfly_bench.cc:926] Done queuing 4294967295 requests, which took 300.0s. Waiting for server processing
I20260914 17:45:10.945575 295704 dfly_bench.cc:1001] ReceiveFb done
I20260914 17:45:10.945662 295693 dfly_bench.cc:1001] ReceiveFb done
I20260914 17:45:10.945641 295700 dfly_bench.cc:926] Done queuing 4294967295 requests, which took 300.0s. Waiting for server processing
I20260914 17:45:10.945565 295699 dfly_bench.cc:1126] Total hits: 20083578
I20260914 17:45:10.945672 295701 dfly_bench.cc:1001] ReceiveFb done
I20260914 17:45:10.945605 295703 dfly_bench.cc:1001] ReceiveFb done
I20260914 17:45:10.945660 295695 dfly_bench.cc:1001] ReceiveFb done
I20260914 17:45:10.945647 295705 dfly_bench.cc:1001] ReceiveFb done
I20260914 17:45:10.945629 295707 dfly_bench.cc:926] Done queuing 4294967295 requests, which took 300.0s. Waiting for server processing
I20260914 17:45:10.945696 295703 dfly_bench.cc:926] Done queuing 4294967295 requests, which took 300.0s. Waiting for server processing
I20260914 17:45:10.945643 295698 dfly_bench.cc:926] Done queuing 4294967295 requests, which took 300.0s. Waiting for server processing
I20260914 17:45:10.945706 295705 dfly_bench.cc:1001] ReceiveFb done
I20260914 17:45:10.945705 295707 dfly_bench.cc:926] Done queuing 4294967295 requests, which took 300.0s. Waiting for server processing
I20260914 17:45:10.945694 295701 dfly_bench.cc:1001] ReceiveFb done
I20260914 17:45:10.945713 295700 dfly_bench.cc:1001] ReceiveFb done
I20260914 17:45:10.945683 295704 dfly_bench.cc:1001] ReceiveFb done
I20260914 17:45:10.945684 295693 dfly_bench.cc:1001] ReceiveFb done
I20260914 17:45:10.945729 295705 dfly_bench.cc:1001] ReceiveFb done
I20260914 17:45:10.945724 295707 dfly_bench.cc:926] Done queuing 4294967295 requests, which took 300.0s. Waiting for server processing
I20260914 17:45:10.945711 295698 dfly_bench.cc:1001] ReceiveFb done
I20260914 17:45:10.945745 295693 dfly_bench.cc:1001] ReceiveFb done
I20260914 17:45:10.945749 295705 dfly_bench.cc:1001] ReceiveFb done
I20260914 17:45:10.945757 295694 dfly_bench.cc:926] Done queuing 4294967295 requests, which took 300.0s. Waiting for server processing
I20260914 17:45:10.945758 295698 dfly_bench.cc:1001] ReceiveFb done
I20260914 17:45:10.945770 295705 dfly_bench.cc:1001] ReceiveFb done
I20260914 17:45:10.945772 295701 dfly_bench.cc:1126] Total hits: 19883982
I20260914 17:45:10.945784 295707 dfly_bench.cc:1001] ReceiveFb done
I20260914 17:45:10.945778 295695 dfly_bench.cc:926] Done queuing 4294967295 requests, which took 300.0s. Waiting for server processing
I20260914 17:45:10.945772 295700 dfly_bench.cc:1001] ReceiveFb done
I20260914 17:45:10.945804 295695 dfly_bench.cc:1001] ReceiveFb done
I20260914 17:45:10.945781 295703 dfly_bench.cc:1001] ReceiveFb done
I20260914 17:45:10.945758 295704 dfly_bench.cc:1001] ReceiveFb done
I20260914 17:45:10.945818 295693 dfly_bench.cc:1126] Total hits: 20251529
I20260914 17:45:10.945807 295707 dfly_bench.cc:1001] ReceiveFb done
I20260914 17:45:10.945771 295694 dfly_bench.cc:1001] ReceiveFb done
I20260914 17:45:10.945786 295698 dfly_bench.cc:1001] ReceiveFb done
I20260914 17:45:10.945832 295700 dfly_bench.cc:1001] ReceiveFb done
I20260914 17:45:10.945844 295707 dfly_bench.cc:1001] ReceiveFb done
I20260914 17:45:10.945851 295695 dfly_bench.cc:1126] Total hits: 20202103
I20260914 17:45:10.945864 295707 dfly_bench.cc:1001] ReceiveFb done
I20260914 17:45:10.945852 295703 dfly_bench.cc:1126] Total hits: 19719917
I20260914 17:45:10.945861 295700 dfly_bench.cc:1001] ReceiveFb done
I20260914 17:45:10.945865 295694 dfly_bench.cc:1126] Total hits: 20686554
I20260914 17:45:10.945885 295707 dfly_bench.cc:1001] ReceiveFb done
I20260914 17:45:10.945909 295698 dfly_bench.cc:1126] Total hits: 20679554
I20260914 17:45:10.945930 295704 dfly_bench.cc:1126] Total hits: 19907386
I20260914 17:45:10.945955 295700 dfly_bench.cc:1126] Total hits: 19923613
I20260914 17:45:10.945964 295705 dfly_bench.cc:1126] Total hits: 19173104
I20260914 17:45:10.945999 295707 dfly_bench.cc:1126] Total hits: 20422757
300s: 100.1% done, RPS(now/agg): 1028283/1072355, errs: 0, hitrate: 100.0%, clients: 0
done_min: 100.00%, done_max: 100.07%, p99_lat(us): 894, max_pending: 0
I20260914 17:45:11.141049 295695 dfly_bench.cc:1466] 300s: 100.1% done, RPS(now/agg): 1028283/1072355, errs: 0, hitrate: 100.0%, clients: 0
done_min: 100.00%, done_max: 100.07%, p99_lat(us): 894, max_pending: 0
I20260914 17:45:11.141181 295692 dfly_bench.cc:1711] Resetting all threads

Total time: 5m0.007189275s. Overall number of requests: 321921055, QPS: 1072704, P99 lat: 894.756us
I20260914 17:45:11.143191 295692 dfly_bench.cc:1721] 
Total time: 5m0.007189275s. Overall number of requests: 321921055, QPS: 1072704, P99 lat: 894.756us
Latency summary, all times are in usec:
Count: 321921055 Average: 593.3405
Min: 197.0000  Median: 578.1532  Max: 83267.0000
------------------------------------------------------
[     180,     200 ) 2   0.000%   0.000% 
[     200,     250 ) 39545   0.012%   0.012% 
[     250,     300 ) 280683   0.087%   0.099% 
[     300,     350 ) 1078461   0.335%   0.434% 
[     350,     400 ) 5463760   1.697%   2.132% 
[     400,     450 ) 17372279   5.396%   7.528% #
[     450,     500 ) 37765147  11.731%  19.259% ##
[     500,     600 ) 126623916  39.334%  58.593% ########
[     600,     700 ) 94557526  29.373%  87.966% ######
[     700,     800 ) 30118572   9.356%  97.322% ##
[     800,     900 ) 5700904   1.771%  99.093% 
[     900,    1000 ) 985859   0.306%  99.399% 
[    1000,    1200 ) 480069   0.149%  99.548% 
[    1200,    1400 ) 284382   0.088%  99.637% 
[    1400,    1600 ) 257755   0.080%  99.717% 
[    1600,    1800 ) 239057   0.074%  99.791% 
[    1800,    2000 ) 195381   0.061%  99.852% 
[    2000,    2500 ) 228761   0.071%  99.923% 
[    2500,    3000 ) 75497   0.023%  99.946% 
[    3000,    3500 ) 29830   0.009%  99.955% 
[    3500,    4000 ) 16955   0.005%  99.961% 
[    4000,    4500 ) 11511   0.004%  99.964% 
[    4500,    5000 ) 9187   0.003%  99.967% 
[    5000,    6000 ) 12314   0.004%  99.971% 
[    6000,    7000 ) 10203   0.003%  99.974% 
[    7000,    8000 ) 8004   0.002%  99.977% 
[    8000,    9000 ) 7140   0.002%  99.979% 
[    9000,   10000 ) 6697   0.002%  99.981% 
[   10000,   12000 ) 10042   0.003%  99.984% 
[   12000,   14000 ) 8449   0.003%  99.987% 
[   14000,   16000 ) 6651   0.002%  99.989% 
[   16000,   18000 ) 6285   0.002%  99.991% 
[   18000,   20000 ) 6163   0.002%  99.993% 
[   20000,   25000 ) 12503   0.004%  99.996% 
[   25000,   30000 ) 6255   0.002%  99.998% 
[   30000,   35000 ) 2311   0.001%  99.999% 
[   35000,   40000 ) 1151   0.000%  99.999% 
[   40000,   45000 ) 729   0.000% 100.000% 
[   45000,   50000 ) 307   0.000% 100.000% 
[   50000,   60000 ) 424   0.000% 100.000% 
[   60000,   70000 ) 348   0.000% 100.000% 
[   70000,   80000 ) 39   0.000% 100.000% 
[   80000,   90000 ) 1   0.000% 100.000% 
----------------------------------
Hit rate: 100%
I20260914 17:45:11.143215 295692 dfly_bench.cc:1730] Latency summary, all times are in usec:
Count: 321921055 Average: 593.3405
Min: 197.0000  Median: 578.1532  Max: 83267.0000
------------------------------------------------------
[     180,     200 ) 2   0.000%   0.000% 
[     200,     250 ) 39545   0.012%   0.012% 
[     250,     300 ) 280683   0.087%   0.099% 
[     300,     350 ) 1078461   0.335%   0.434% 
[     350,     400 ) 5463760   1.697%   2.132% 
[     400,     450 ) 17372279   5.396%   7.528% #
[     450,     500 ) 37765147  11.731%  19.259% ##
[     500,     600 ) 126623916  39.334%  58.593% ########
[     600,     700 ) 94557526  29.373%  87.966% ######
[     700,     800 ) 30118572   9.356%  97.322% ##
[     800,     900 ) 5700904   1.771%  99.093% 
[     900,    1000 ) 985859   0.306%  99.399% 
[    1000,    1200 ) 480069   0.149%  99.548% 
[    1200,    1400 ) 284382   0.088%  99.637% 
[    1400,    1600 ) 257755   0.080%  99.717% 
[    1600,    1800 ) 239057   0.074%  99.791% 
[    1800,    2000 ) 195381   0.061%  99.852% 
[    2000,    2500 ) 228761   0.071%  99.923% 
[    2500,    3000 ) 75497   0.023%  99.946% 
[    3000,    3500 ) 29830   0.009%  99.955% 
[    3500,    4000 ) 16955   0.005%  99.961% 
[    4000,    4500 ) 11511   0.004%  99.964% 
[    4500,    5000 ) 9187   0.003%  99.967% 
[    5000,    6000 ) 12314   0.004%  99.971% 
[    6000,    7000 ) 10203   0.003%  99.974% 
[    7000,    8000 ) 8004   0.002%  99.977% 
[    8000,    9000 ) 7140   0.002%  99.979% 
[    9000,   10000 ) 6697   0.002%  99.981% 
[   10000,   12000 ) 10042   0.003%  99.984% 
[   12000,   14000 ) 8449   0.003%  99.987% 
[   14000,   16000 ) 6651   0.002%  99.989% 
[   16000,   18000 ) 6285   0.002%  99.991% 
[   18000,   20000 ) 6163   0.002%  99.993% 
[   20000,   25000 ) 12503   0.004%  99.996% 
[   25000,   30000 ) 6255   0.002%  99.998% 
[   30000,   35000 ) 2311   0.001%  99.999% 
[   35000,   40000 ) 1151   0.000%  99.999% 
[   40000,   45000 ) 729   0.000% 100.000% 
[   45000,   50000 ) 307   0.000% 100.000% 
[   50000,   60000 ) 424   0.000% 100.000% 
[   60000,   70000 ) 348   0.000% 100.000% 
[   70000,   80000 ) 39   0.000% 100.000% 
[   80000,   90000 ) 1   0.000% 100.000% 
I20260914 17:45:11.143257 295692 dfly_bench.cc:1732] ----------------------------------
Hit rate: 100%
