I20260914 17:58:03.391793 296797 init.cc:144] /mnt/dev/dfly-get-issue20-20260909/dfly_bench-x86_64 running in opt mode.
I20260914 17:58:03.392374 296798 uring_proactor.cc:263] IORing with 256 entries, allocated 24640 bytes, cq_entries is 512
I20260914 17:58:03.393636 296797 proactor_pool.cc:149] Running 16 io threads
I20260914 17:58:03.395032 296799 dfly_bench.cc:1512] Cluster spec: b31027a62da6c39b5b0af32ab374d8c520e22dec 172.16.0.4:6379@0 myself,master - 0 0 1 connected 0-16383
Connecting to 1 shard cluster
I20260914 17:58:03.395112 296797 dfly_bench.cc:1624] Connecting to 1 shard cluster
I20260914 17:58:03.395145 296798 dfly_bench.cc:1640] Seeding bitgen with seed 1866550240620900528
I20260914 17:58:03.395155 296801 dfly_bench.cc:1640] Seeding bitgen with seed 2032950001739332244
I20260914 17:58:03.395171 296806 dfly_bench.cc:1640] Seeding bitgen with seed 4942702897761699684
I20260914 17:58:03.395146 296799 dfly_bench.cc:1640] Seeding bitgen with seed 6506794590008836804
I20260914 17:58:03.395152 296800 dfly_bench.cc:1640] Seeding bitgen with seed 869783347246706921
I20260914 17:58:03.395193 296812 dfly_bench.cc:1640] Seeding bitgen with seed 1693723661701104377
I20260914 17:58:03.395165 296804 dfly_bench.cc:1640] Seeding bitgen with seed 11172982316976837307
I20260914 17:58:03.395162 296803 dfly_bench.cc:1640] Seeding bitgen with seed 2102582085772031930
I20260914 17:58:03.395191 296811 dfly_bench.cc:1640] Seeding bitgen with seed 13499049408433166746
I20260914 17:58:03.395198 296813 dfly_bench.cc:1640] Seeding bitgen with seed 11471721649863007429
I20260914 17:58:03.395188 296808 dfly_bench.cc:1640] Seeding bitgen with seed 10701666909288347797
I20260914 17:58:03.395172 296809 dfly_bench.cc:1640] Seeding bitgen with seed 10555862488752592946
I20260914 17:58:03.395190 296810 dfly_bench.cc:1640] Seeding bitgen with seed 3837808193006532018
I20260914 17:58:03.395174 296807 dfly_bench.cc:1640] Seeding bitgen with seed 17478534363503378717
I20260914 17:58:03.395159 296802 dfly_bench.cc:1640] Seeding bitgen with seed 4332703217195918647
I20260914 17:58:03.395169 296805 dfly_bench.cc:1640] Seeding bitgen with seed 1172436684492890848
Coordinated omission mode - the rate is determined by the server
I20260914 17:58:03.463629 296797 dfly_bench.cc:1686] Coordinated omission mode - the rate is determined by the server
I20260914 17:58:03.466770 296800 dfly_bench.cc:1418] Started watching
5s: 16.7% done, RPS(now/agg): 1083554/1083554, errs: 0, hitrate: 100.0%, clients: 640
done_min: 16.67%, done_max: 16.67%, p99_lat(us): 891, max_pending: 1
I20260914 17:58:08.468662 296800 dfly_bench.cc:1466] 5s: 16.7% done, RPS(now/agg): 1083554/1083554, errs: 0, hitrate: 100.0%, clients: 640
done_min: 16.67%, done_max: 16.67%, p99_lat(us): 891, max_pending: 1
10s: 33.3% done, RPS(now/agg): 1070010/1076675, errs: 0, hitrate: 100.0%, clients: 640
done_min: 33.34%, done_max: 33.34%, p99_lat(us): 938, max_pending: 1
I20260914 17:58:13.469683 296800 dfly_bench.cc:1466] 10s: 33.3% done, RPS(now/agg): 1070010/1076675, errs: 0, hitrate: 100.0%, clients: 640
done_min: 33.34%, done_max: 33.34%, p99_lat(us): 938, max_pending: 1
15s: 50.0% done, RPS(now/agg): 1070991/1074709, errs: 0, hitrate: 100.0%, clients: 640
done_min: 50.01%, done_max: 50.02%, p99_lat(us): 896, max_pending: 1
I20260914 17:58:18.471616 296800 dfly_bench.cc:1466] 15s: 50.0% done, RPS(now/agg): 1070991/1074709, errs: 0, hitrate: 100.0%, clients: 640
done_min: 50.01%, done_max: 50.02%, p99_lat(us): 896, max_pending: 1
20s: 66.7% done, RPS(now/agg): 1019281/1060851, errs: 0, hitrate: 100.0%, clients: 640
done_min: 66.69%, done_max: 66.69%, p99_lat(us): 983, max_pending: 1
I20260914 17:58:23.473265 296800 dfly_bench.cc:1466] 20s: 66.7% done, RPS(now/agg): 1019281/1060851, errs: 0, hitrate: 100.0%, clients: 640
done_min: 66.69%, done_max: 66.69%, p99_lat(us): 983, max_pending: 1
25s: 83.4% done, RPS(now/agg): 1069994/1062679, errs: 0, hitrate: 100.0%, clients: 640
done_min: 83.36%, done_max: 83.36%, p99_lat(us): 888, max_pending: 1
I20260914 17:58:28.475720 296800 dfly_bench.cc:1466] 25s: 83.4% done, RPS(now/agg): 1069994/1062679, errs: 0, hitrate: 100.0%, clients: 640
done_min: 83.36%, done_max: 83.36%, p99_lat(us): 888, max_pending: 1
I20260914 17:58:33.466629 296799 dfly_bench.cc:926] Done queuing 4294967295 requests, which took 30.0s. Waiting for server processing
I20260914 17:58:33.466758 296806 dfly_bench.cc:926] Done queuing 4294967295 requests, which took 30.0s. Waiting for server processing
I20260914 17:58:33.466816 296798 dfly_bench.cc:926] Done queuing 4294967295 requests, which took 30.0s. Waiting for server processing
I20260914 17:58:33.466814 296801 dfly_bench.cc:926] Done queuing 4294967295 requests, which took 30.0s. Waiting for server processing
I20260914 17:58:33.466861 296798 dfly_bench.cc:1001] ReceiveFb done
I20260914 17:58:33.466857 296806 dfly_bench.cc:1001] ReceiveFb done
I20260914 17:58:33.466858 296811 dfly_bench.cc:926] Done queuing 4294967295 requests, which took 30.0s. Waiting for server processing
I20260914 17:58:33.466910 296811 dfly_bench.cc:1001] ReceiveFb done
I20260914 17:58:33.466892 296799 dfly_bench.cc:1001] ReceiveFb done
I20260914 17:58:33.466893 296802 dfly_bench.cc:926] Done queuing 4294967295 requests, which took 30.0s. Waiting for server processing
I20260914 17:58:33.466894 296801 dfly_bench.cc:1001] ReceiveFb done
I20260914 17:58:33.466933 296800 dfly_bench.cc:926] Done queuing 4294967295 requests, which took 30.0s. Waiting for server processing
I20260914 17:58:33.466958 296810 dfly_bench.cc:926] Done queuing 4294967295 requests, which took 30.0s. Waiting for server processing
I20260914 17:58:33.466967 296802 dfly_bench.cc:926] Done queuing 4294967295 requests, which took 30.0s. Waiting for server processing
I20260914 17:58:33.466986 296800 dfly_bench.cc:1001] ReceiveFb done
I20260914 17:58:33.466988 296806 dfly_bench.cc:926] Done queuing 4294967295 requests, which took 30.0s. Waiting for server processing
I20260914 17:58:33.466993 296805 dfly_bench.cc:926] Done queuing 4294967295 requests, which took 30.0s. Waiting for server processing
I20260914 17:58:33.467015 296802 dfly_bench.cc:1001] ReceiveFb done
I20260914 17:58:33.466996 296811 dfly_bench.cc:926] Done queuing 4294967295 requests, which took 30.0s. Waiting for server processing
I20260914 17:58:33.467037 296805 dfly_bench.cc:1001] ReceiveFb done
I20260914 17:58:33.466974 296809 dfly_bench.cc:926] Done queuing 4294967295 requests, which took 30.0s. Waiting for server processing
I20260914 17:58:33.467016 296798 dfly_bench.cc:926] Done queuing 4294967295 requests, which took 30.0s. Waiting for server processing
I20260914 17:58:33.466878 296812 dfly_bench.cc:926] Done queuing 4294967295 requests, which took 30.0s. Waiting for server processing
I20260914 17:58:33.467125 296809 dfly_bench.cc:1001] ReceiveFb done
I20260914 17:58:33.467078 296801 dfly_bench.cc:926] Done queuing 4294967295 requests, which took 30.0s. Waiting for server processing
I20260914 17:58:33.467001 296806 dfly_bench.cc:926] Done queuing 4294967295 requests, which took 30.0s. Waiting for server processing
I20260914 17:58:33.467039 296813 dfly_bench.cc:926] Done queuing 4294967295 requests, which took 30.0s. Waiting for server processing
I20260914 17:58:33.467064 296799 dfly_bench.cc:926] Done queuing 4294967295 requests, which took 30.0s. Waiting for server processing
I20260914 17:58:33.467126 296798 dfly_bench.cc:926] Done queuing 4294967295 requests, which took 30.0s. Waiting for server processing
I20260914 17:58:33.467044 296802 dfly_bench.cc:1001] ReceiveFb done
I20260914 17:58:33.467054 296811 dfly_bench.cc:1001] ReceiveFb done
I20260914 17:58:33.467103 296804 dfly_bench.cc:926] Done queuing 4294967295 requests, which took 30.0s. Waiting for server processing
I20260914 17:58:33.467207 296799 dfly_bench.cc:926] Done queuing 4294967295 requests, which took 30.0s. Waiting for server processing
I20260914 17:58:33.467118 296800 dfly_bench.cc:926] Done queuing 4294967295 requests, which took 30.0s. Waiting for server processing
I20260914 17:58:33.467196 296798 dfly_bench.cc:926] Done queuing 4294967295 requests, which took 30.0s. Waiting for server processing
I20260914 17:58:33.467231 296804 dfly_bench.cc:926] Done queuing 4294967295 requests, which took 30.0s. Waiting for server processing
I20260914 17:58:33.467018 296803 dfly_bench.cc:926] Done queuing 4294967295 requests, which took 30.0s. Waiting for server processing
I20260914 17:58:33.467164 296801 dfly_bench.cc:926] Done queuing 4294967295 requests, which took 30.0s. Waiting for server processing
I20260914 17:58:33.467237 296800 dfly_bench.cc:926] Done queuing 4294967295 requests, which took 30.0s. Waiting for server processing
I20260914 17:58:33.467263 296800 dfly_bench.cc:926] Done queuing 4294967295 requests, which took 30.0s. Waiting for server processing
I20260914 17:58:33.466981 296810 dfly_bench.cc:926] Done queuing 4294967295 requests, which took 30.0s. Waiting for server processing
I20260914 17:58:33.467172 296806 dfly_bench.cc:926] Done queuing 4294967295 requests, which took 30.0s. Waiting for server processing
I20260914 17:58:33.467294 296806 dfly_bench.cc:926] Done queuing 4294967295 requests, which took 30.0s. Waiting for server processing
I20260914 17:58:33.467303 296806 dfly_bench.cc:926] Done queuing 4294967295 requests, which took 30.0s. Waiting for server processing
I20260914 17:58:33.467252 296808 dfly_bench.cc:926] Done queuing 4294967295 requests, which took 30.0s. Waiting for server processing
I20260914 17:58:33.467244 296798 dfly_bench.cc:926] Done queuing 4294967295 requests, which took 30.0s. Waiting for server processing
I20260914 17:58:33.467255 296809 dfly_bench.cc:926] Done queuing 4294967295 requests, which took 30.0s. Waiting for server processing
I20260914 17:58:33.467145 296805 dfly_bench.cc:926] Done queuing 4294967295 requests, which took 30.0s. Waiting for server processing
I20260914 17:58:33.467291 296804 dfly_bench.cc:1001] ReceiveFb done
I20260914 17:58:33.467187 296812 dfly_bench.cc:1001] ReceiveFb done
I20260914 17:58:33.467204 296813 dfly_bench.cc:1001] ReceiveFb done
I20260914 17:58:33.467069 296807 dfly_bench.cc:926] Done queuing 4294967295 requests, which took 30.0s. Waiting for server processing
I20260914 17:58:33.467361 296811 dfly_bench.cc:926] Done queuing 4294967295 requests, which took 30.0s. Waiting for server processing
I20260914 17:58:33.467386 296804 dfly_bench.cc:1001] ReceiveFb done
I20260914 17:58:33.467316 296798 dfly_bench.cc:926] Done queuing 4294967295 requests, which took 30.0s. Waiting for server processing
I20260914 17:58:33.467396 296811 dfly_bench.cc:926] Done queuing 4294967295 requests, which took 30.0s. Waiting for server processing
I20260914 17:58:33.467233 296799 dfly_bench.cc:926] Done queuing 4294967295 requests, which took 30.0s. Waiting for server processing
I20260914 17:58:33.467406 296798 dfly_bench.cc:926] Done queuing 4294967295 requests, which took 30.0s. Waiting for server processing
I20260914 17:58:33.467408 296799 dfly_bench.cc:926] Done queuing 4294967295 requests, which took 30.0s. Waiting for server processing
I20260914 17:58:33.467414 296805 dfly_bench.cc:1001] ReceiveFb done
I20260914 17:58:33.467336 296803 dfly_bench.cc:1001] ReceiveFb done
I20260914 17:58:33.467447 296802 dfly_bench.cc:926] Done queuing 4294967295 requests, which took 30.0s. Waiting for server processing
I20260914 17:58:33.467434 296805 dfly_bench.cc:926] Done queuing 4294967295 requests, which took 30.0s. Waiting for server processing
I20260914 17:58:33.467396 296807 dfly_bench.cc:926] Done queuing 4294967295 requests, which took 30.0s. Waiting for server processing
I20260914 17:58:33.467459 296802 dfly_bench.cc:926] Done queuing 4294967295 requests, which took 30.0s. Waiting for server processing
I20260914 17:58:33.467360 296801 dfly_bench.cc:1001] ReceiveFb done
I20260914 17:58:33.467474 296803 dfly_bench.cc:926] Done queuing 4294967295 requests, which took 30.0s. Waiting for server processing
I20260914 17:58:33.467353 296800 dfly_bench.cc:1001] ReceiveFb done
I20260914 17:58:33.467316 296808 dfly_bench.cc:926] Done queuing 4294967295 requests, which took 30.0s. Waiting for server processing
I20260914 17:58:33.467330 296810 dfly_bench.cc:1001] ReceiveFb done
I20260914 17:58:33.467496 296801 dfly_bench.cc:1001] ReceiveFb done
I20260914 17:58:33.467422 296798 dfly_bench.cc:926] Done queuing 4294967295 requests, which took 30.0s. Waiting for server processing
I20260914 17:58:33.467329 296809 dfly_bench.cc:926] Done queuing 4294967295 requests, which took 30.0s. Waiting for server processing
I20260914 17:58:33.467525 296807 dfly_bench.cc:1001] ReceiveFb done
I20260914 17:58:33.467391 296806 dfly_bench.cc:1001] ReceiveFb done
I20260914 17:58:33.467496 296811 dfly_bench.cc:1001] ReceiveFb done
I20260914 17:58:33.467548 296803 dfly_bench.cc:1001] ReceiveFb done
I20260914 17:58:33.467509 296800 dfly_bench.cc:1001] ReceiveFb done
I20260914 17:58:33.467423 296799 dfly_bench.cc:926] Done queuing 4294967295 requests, which took 30.0s. Waiting for server processing
I20260914 17:58:33.467549 296809 dfly_bench.cc:926] Done queuing 4294967295 requests, which took 30.0s. Waiting for server processing
I20260914 17:58:33.467463 296805 dfly_bench.cc:926] Done queuing 4294967295 requests, which took 30.0s. Waiting for server processing
I20260914 17:58:33.467523 296812 dfly_bench.cc:926] Done queuing 4294967295 requests, which took 30.0s. Waiting for server processing
I20260914 17:58:33.467466 296802 dfly_bench.cc:926] Done queuing 4294967295 requests, which took 30.0s. Waiting for server processing
I20260914 17:58:33.467501 296813 dfly_bench.cc:926] Done queuing 4294967295 requests, which took 30.0s. Waiting for server processing
I20260914 17:58:33.467566 296807 dfly_bench.cc:1001] ReceiveFb done
I20260914 17:58:33.467571 296809 dfly_bench.cc:926] Done queuing 4294967295 requests, which took 30.0s. Waiting for server processing
I20260914 17:58:33.467546 296798 dfly_bench.cc:926] Done queuing 4294967295 requests, which took 30.0s. Waiting for server processing
I20260914 17:58:33.467577 296800 dfly_bench.cc:1001] ReceiveFb done
I20260914 17:58:33.467571 296811 dfly_bench.cc:1001] ReceiveFb done
I20260914 17:58:33.467589 296809 dfly_bench.cc:926] Done queuing 4294967295 requests, which took 30.0s. Waiting for server processing
I20260914 17:58:33.467568 296806 dfly_bench.cc:1001] ReceiveFb done
I20260914 17:58:33.467549 296810 dfly_bench.cc:1001] ReceiveFb done
I20260914 17:58:33.467613 296811 dfly_bench.cc:926] Done queuing 4294967295 requests, which took 30.0s. Waiting for server processing
I20260914 17:58:33.467595 296798 dfly_bench.cc:926] Done queuing 4294967295 requests, which took 30.0s. Waiting for server processing
I20260914 17:58:33.467561 296801 dfly_bench.cc:926] Done queuing 4294967295 requests, which took 30.0s. Waiting for server processing
I20260914 17:58:33.467582 296802 dfly_bench.cc:926] Done queuing 4294967295 requests, which took 30.0s. Waiting for server processing
I20260914 17:58:33.467628 296801 dfly_bench.cc:926] Done queuing 4294967295 requests, which took 30.0s. Waiting for server processing
I20260914 17:58:33.467547 296804 dfly_bench.cc:926] Done queuing 4294967295 requests, which took 30.0s. Waiting for server processing
I20260914 17:58:33.467607 296807 dfly_bench.cc:926] Done queuing 4294967295 requests, which took 30.0s. Waiting for server processing
I20260914 17:58:33.467586 296813 dfly_bench.cc:926] Done queuing 4294967295 requests, which took 30.0s. Waiting for server processing
I20260914 17:58:33.467633 296809 dfly_bench.cc:926] Done queuing 4294967295 requests, which took 30.0s. Waiting for server processing
I20260914 17:58:33.467659 296804 dfly_bench.cc:926] Done queuing 4294967295 requests, which took 30.0s. Waiting for server processing
I20260914 17:58:33.467623 296811 dfly_bench.cc:926] Done queuing 4294967295 requests, which took 30.0s. Waiting for server processing
I20260914 17:58:33.467628 296806 dfly_bench.cc:1001] ReceiveFb done
I20260914 17:58:33.467633 296810 dfly_bench.cc:926] Done queuing 4294967295 requests, which took 30.0s. Waiting for server processing
I20260914 17:58:33.467634 296802 dfly_bench.cc:926] Done queuing 4294967295 requests, which took 30.0s. Waiting for server processing
I20260914 17:58:33.467587 296805 dfly_bench.cc:926] Done queuing 4294967295 requests, which took 30.0s. Waiting for server processing
I20260914 17:58:33.467655 296801 dfly_bench.cc:926] Done queuing 4294967295 requests, which took 30.0s. Waiting for server processing
I20260914 17:58:33.467613 296800 dfly_bench.cc:926] Done queuing 4294967295 requests, which took 30.0s. Waiting for server processing
I20260914 17:58:33.467676 296804 dfly_bench.cc:926] Done queuing 4294967295 requests, which took 30.0s. Waiting for server processing
I20260914 17:58:33.467671 296813 dfly_bench.cc:926] Done queuing 4294967295 requests, which took 30.0s. Waiting for server processing
I20260914 17:58:33.467661 296803 dfly_bench.cc:926] Done queuing 4294967295 requests, which took 30.0s. Waiting for server processing
I20260914 17:58:33.467583 296812 dfly_bench.cc:926] Done queuing 4294967295 requests, which took 30.0s. Waiting for server processing
I20260914 17:58:33.467677 296811 dfly_bench.cc:926] Done queuing 4294967295 requests, which took 30.0s. Waiting for server processing
I20260914 17:58:33.467710 296810 dfly_bench.cc:926] Done queuing 4294967295 requests, which took 30.0s. Waiting for server processing
I20260914 17:58:33.467718 296801 dfly_bench.cc:926] Done queuing 4294967295 requests, which took 30.0s. Waiting for server processing
I20260914 17:58:33.467722 296813 dfly_bench.cc:926] Done queuing 4294967295 requests, which took 30.0s. Waiting for server processing
I20260914 17:58:33.467721 296804 dfly_bench.cc:926] Done queuing 4294967295 requests, which took 30.0s. Waiting for server processing
I20260914 17:58:33.467706 296802 dfly_bench.cc:926] Done queuing 4294967295 requests, which took 30.0s. Waiting for server processing
I20260914 17:58:33.467730 296812 dfly_bench.cc:926] Done queuing 4294967295 requests, which took 30.0s. Waiting for server processing
I20260914 17:58:33.467567 296799 dfly_bench.cc:926] Done queuing 4294967295 requests, which took 30.0s. Waiting for server processing
I20260914 17:58:33.467774 296812 dfly_bench.cc:926] Done queuing 4294967295 requests, which took 30.0s. Waiting for server processing
I20260914 17:58:33.467705 296806 dfly_bench.cc:1001] ReceiveFb done
I20260914 17:58:33.467780 296805 dfly_bench.cc:1001] ReceiveFb done
I20260914 17:58:33.467749 296801 dfly_bench.cc:926] Done queuing 4294967295 requests, which took 30.0s. Waiting for server processing
I20260914 17:58:33.467783 296799 dfly_bench.cc:926] Done queuing 4294967295 requests, which took 30.0s. Waiting for server processing
I20260914 17:58:33.467818 296806 dfly_bench.cc:1001] ReceiveFb done
I20260914 17:58:33.467697 296798 dfly_bench.cc:1001] ReceiveFb done
I20260914 17:58:33.467763 296804 dfly_bench.cc:926] Done queuing 4294967295 requests, which took 30.0s. Waiting for server processing
I20260914 17:58:33.467823 296799 dfly_bench.cc:926] Done queuing 4294967295 requests, which took 30.0s. Waiting for server processing
I20260914 17:58:33.467763 296807 dfly_bench.cc:1001] ReceiveFb done
I20260914 17:58:33.467535 296808 dfly_bench.cc:926] Done queuing 4294967295 requests, which took 30.0s. Waiting for server processing
I20260914 17:58:33.467839 296810 dfly_bench.cc:1001] ReceiveFb done
I20260914 17:58:33.467801 296812 dfly_bench.cc:926] Done queuing 4294967295 requests, which took 30.0s. Waiting for server processing
I20260914 17:58:33.467727 296809 dfly_bench.cc:1001] ReceiveFb done
I20260914 17:58:33.467765 296802 dfly_bench.cc:926] Done queuing 4294967295 requests, which took 30.0s. Waiting for server processing
I20260914 17:58:33.467851 296798 dfly_bench.cc:1001] ReceiveFb done
I20260914 17:58:33.467757 296813 dfly_bench.cc:926] Done queuing 4294967295 requests, which took 30.0s. Waiting for server processing
I20260914 17:58:33.467864 296810 dfly_bench.cc:1001] ReceiveFb done
I20260914 17:58:33.467882 296813 dfly_bench.cc:926] Done queuing 4294967295 requests, which took 30.0s. Waiting for server processing
I20260914 17:58:33.467844 296806 dfly_bench.cc:926] Done queuing 4294967295 requests, which took 30.0s. Waiting for server processing
I20260914 17:58:33.467902 296813 dfly_bench.cc:926] Done queuing 4294967295 requests, which took 30.0s. Waiting for server processing
I20260914 17:58:33.467912 296813 dfly_bench.cc:926] Done queuing 4294967295 requests, which took 30.0s. Waiting for server processing
I20260914 17:58:33.467823 296800 dfly_bench.cc:1001] ReceiveFb done
I20260914 17:58:33.467726 296803 dfly_bench.cc:926] Done queuing 4294967295 requests, which took 30.0s. Waiting for server processing
I20260914 17:58:33.467828 296805 dfly_bench.cc:1001] ReceiveFb done
I20260914 17:58:33.467854 296808 dfly_bench.cc:926] Done queuing 4294967295 requests, which took 30.0s. Waiting for server processing
I20260914 17:58:33.467868 296809 dfly_bench.cc:1001] ReceiveFb done
I20260914 17:58:33.467823 296801 dfly_bench.cc:926] Done queuing 4294967295 requests, which took 30.0s. Waiting for server processing
I20260914 17:58:33.467842 296804 dfly_bench.cc:926] Done queuing 4294967295 requests, which took 30.0s. Waiting for server processing
I20260914 17:58:33.467873 296798 dfly_bench.cc:1001] ReceiveFb done
I20260914 17:58:33.467941 296808 dfly_bench.cc:926] Done queuing 4294967295 requests, which took 30.0s. Waiting for server processing
I20260914 17:58:33.467859 296812 dfly_bench.cc:926] Done queuing 4294967295 requests, which took 30.0s. Waiting for server processing
I20260914 17:58:33.467957 296800 dfly_bench.cc:926] Done queuing 4294967295 requests, which took 30.0s. Waiting for server processing
I20260914 17:58:33.467988 296800 dfly_bench.cc:926] Done queuing 4294967295 requests, which took 30.0s. Waiting for server processing
I20260914 17:58:33.467860 296802 dfly_bench.cc:926] Done queuing 4294967295 requests, which took 30.0s. Waiting for server processing
I20260914 17:58:33.467959 296804 dfly_bench.cc:926] Done queuing 4294967295 requests, which took 30.0s. Waiting for server processing
I20260914 17:58:33.467844 296799 dfly_bench.cc:926] Done queuing 4294967295 requests, which took 30.0s. Waiting for server processing
I20260914 17:58:33.467983 296813 dfly_bench.cc:1001] ReceiveFb done
I20260914 17:58:33.468021 296804 dfly_bench.cc:926] Done queuing 4294967295 requests, which took 30.0s. Waiting for server processing
I20260914 17:58:33.467963 296809 dfly_bench.cc:1001] ReceiveFb done
I20260914 17:58:33.468045 296804 dfly_bench.cc:926] Done queuing 4294967295 requests, which took 30.0s. Waiting for server processing
I20260914 17:58:33.468055 296804 dfly_bench.cc:926] Done queuing 4294967295 requests, which took 30.0s. Waiting for server processing
I20260914 17:58:33.467974 296798 dfly_bench.cc:1001] ReceiveFb done
I20260914 17:58:33.468062 296802 dfly_bench.cc:1001] ReceiveFb done
I20260914 17:58:33.468065 296809 dfly_bench.cc:1001] ReceiveFb done
I20260914 17:58:33.467968 296808 dfly_bench.cc:926] Done queuing 4294967295 requests, which took 30.0s. Waiting for server processing
I20260914 17:58:33.468080 296798 dfly_bench.cc:1001] ReceiveFb done
I20260914 17:58:33.467937 296803 dfly_bench.cc:926] Done queuing 4294967295 requests, which took 30.0s. Waiting for server processing
I20260914 17:58:33.467922 296807 dfly_bench.cc:926] Done queuing 4294967295 requests, which took 30.0s. Waiting for server processing
I20260914 17:58:33.468072 296804 dfly_bench.cc:926] Done queuing 4294967295 requests, which took 30.0s. Waiting for server processing
I20260914 17:58:33.468087 296809 dfly_bench.cc:1001] ReceiveFb done
I20260914 17:58:33.467903 296806 dfly_bench.cc:926] Done queuing 4294967295 requests, which took 30.0s. Waiting for server processing
I20260914 17:58:33.468086 296802 dfly_bench.cc:1001] ReceiveFb done
I20260914 17:58:33.468102 296798 dfly_bench.cc:1001] ReceiveFb done
I20260914 17:58:33.468003 296800 dfly_bench.cc:926] Done queuing 4294967295 requests, which took 30.0s. Waiting for server processing
I20260914 17:58:33.468096 296808 dfly_bench.cc:926] Done queuing 4294967295 requests, which took 30.0s. Waiting for server processing
I20260914 17:58:33.468122 296809 dfly_bench.cc:1001] ReceiveFb done
I20260914 17:58:33.467823 296811 dfly_bench.cc:1001] ReceiveFb done
I20260914 17:58:33.467978 296812 dfly_bench.cc:926] Done queuing 4294967295 requests, which took 30.0s. Waiting for server processing
I20260914 17:58:33.468024 296799 dfly_bench.cc:926] Done queuing 4294967295 requests, which took 30.0s. Waiting for server processing
I20260914 17:58:33.468140 296808 dfly_bench.cc:926] Done queuing 4294967295 requests, which took 30.0s. Waiting for server processing
I20260914 17:58:33.468122 296802 dfly_bench.cc:1001] ReceiveFb done
I20260914 17:58:33.468093 296803 dfly_bench.cc:926] Done queuing 4294967295 requests, which took 30.0s. Waiting for server processing
I20260914 17:58:33.468122 296800 dfly_bench.cc:926] Done queuing 4294967295 requests, which took 30.0s. Waiting for server processing
I20260914 17:58:33.468046 296813 dfly_bench.cc:1001] ReceiveFb done
I20260914 17:58:33.468096 296807 dfly_bench.cc:926] Done queuing 4294967295 requests, which took 30.0s. Waiting for server processing
I20260914 17:58:33.468000 296810 dfly_bench.cc:926] Done queuing 4294967295 requests, which took 30.0s. Waiting for server processing
I20260914 17:58:33.468129 296798 dfly_bench.cc:1001] ReceiveFb done
I20260914 17:58:33.468102 296806 dfly_bench.cc:926] Done queuing 4294967295 requests, which took 30.0s. Waiting for server processing
I20260914 17:58:33.468178 296800 dfly_bench.cc:926] Done queuing 4294967295 requests, which took 30.0s. Waiting for server processing
I20260914 17:58:33.468168 296803 dfly_bench.cc:926] Done queuing 4294967295 requests, which took 30.0s. Waiting for server processing
I20260914 17:58:33.468173 296802 dfly_bench.cc:1001] ReceiveFb done
I20260914 17:58:33.468174 296804 dfly_bench.cc:1001] ReceiveFb done
I20260914 17:58:33.468223 296798 dfly_bench.cc:1001] ReceiveFb done
I20260914 17:58:33.468151 296811 dfly_bench.cc:1001] ReceiveFb done
I20260914 17:58:33.468226 296803 dfly_bench.cc:926] Done queuing 4294967295 requests, which took 30.0s. Waiting for server processing
I20260914 17:58:33.468204 296799 dfly_bench.cc:1001] ReceiveFb done
I20260914 17:58:33.468140 296812 dfly_bench.cc:926] Done queuing 4294967295 requests, which took 30.0s. Waiting for server processing
I20260914 17:58:33.468151 296809 dfly_bench.cc:926] Done queuing 4294967295 requests, which took 30.0s. Waiting for server processing
I20260914 17:58:33.468194 296807 dfly_bench.cc:926] Done queuing 4294967295 requests, which took 30.0s. Waiting for server processing
I20260914 17:58:33.468242 296804 dfly_bench.cc:1001] ReceiveFb done
I20260914 17:58:33.468251 296811 dfly_bench.cc:1001] ReceiveFb done
I20260914 17:58:33.467959 296801 dfly_bench.cc:926] Done queuing 4294967295 requests, which took 30.0s. Waiting for server processing
I20260914 17:58:33.468211 296813 dfly_bench.cc:1001] ReceiveFb done
I20260914 17:58:33.468255 296802 dfly_bench.cc:1001] ReceiveFb done
I20260914 17:58:33.468281 296800 dfly_bench.cc:1001] ReceiveFb done
I20260914 17:58:33.468292 296813 dfly_bench.cc:1001] ReceiveFb done
I20260914 17:58:33.468247 296807 dfly_bench.cc:926] Done queuing 4294967295 requests, which took 30.0s. Waiting for server processing
I20260914 17:58:33.468158 296808 dfly_bench.cc:926] Done queuing 4294967295 requests, which took 30.0s. Waiting for server processing
I20260914 17:58:33.468253 296799 dfly_bench.cc:1001] ReceiveFb done
I20260914 17:58:33.468246 296812 dfly_bench.cc:926] Done queuing 4294967295 requests, which took 30.0s. Waiting for server processing
I20260914 17:58:33.468317 296802 dfly_bench.cc:1001] ReceiveFb done
I20260914 17:58:33.468245 296803 dfly_bench.cc:926] Done queuing 4294967295 requests, which took 30.0s. Waiting for server processing
I20260914 17:58:33.468202 296810 dfly_bench.cc:926] Done queuing 4294967295 requests, which took 30.0s. Waiting for server processing
I20260914 17:58:33.468246 296798 dfly_bench.cc:1001] ReceiveFb done
I20260914 17:58:33.468309 296807 dfly_bench.cc:926] Done queuing 4294967295 requests, which took 30.0s. Waiting for server processing
I20260914 17:58:33.468334 296810 dfly_bench.cc:926] Done queuing 4294967295 requests, which took 30.0s. Waiting for server processing
I20260914 17:58:33.468312 296800 dfly_bench.cc:1001] ReceiveFb done
I20260914 17:58:33.468247 296809 dfly_bench.cc:926] Done queuing 4294967295 requests, which took 30.0s. Waiting for server processing
I20260914 17:58:33.468314 296813 dfly_bench.cc:1001] ReceiveFb done
I20260914 17:58:33.468214 296806 dfly_bench.cc:926] Done queuing 4294967295 requests, which took 30.0s. Waiting for server processing
I20260914 17:58:33.468343 296807 dfly_bench.cc:926] Done queuing 4294967295 requests, which took 30.0s. Waiting for server processing
I20260914 17:58:33.468339 296802 dfly_bench.cc:1001] ReceiveFb done
I20260914 17:58:33.468286 296811 dfly_bench.cc:926] Done queuing 4294967295 requests, which took 30.0s. Waiting for server processing
I20260914 17:58:33.468333 296803 dfly_bench.cc:926] Done queuing 4294967295 requests, which took 30.0s. Waiting for server processing
I20260914 17:58:33.468357 296809 dfly_bench.cc:926] Done queuing 4294967295 requests, which took 30.0s. Waiting for server processing
I20260914 17:58:33.468333 296799 dfly_bench.cc:1001] ReceiveFb done
I20260914 17:58:33.468382 296798 dfly_bench.cc:926] Done queuing 4294967295 requests, which took 30.0s. Waiting for server processing
I20260914 17:58:33.468372 296800 dfly_bench.cc:1001] ReceiveFb done
I20260914 17:58:33.468369 296806 dfly_bench.cc:926] Done queuing 4294967295 requests, which took 30.0s. Waiting for server processing
I20260914 17:58:33.468267 296804 dfly_bench.cc:1001] ReceiveFb done
I20260914 17:58:33.468323 296812 dfly_bench.cc:926] Done queuing 4294967295 requests, which took 30.0s. Waiting for server processing
I20260914 17:58:33.468381 296801 dfly_bench.cc:1001] ReceiveFb done
I20260914 17:58:33.468389 296809 dfly_bench.cc:926] Done queuing 4294967295 requests, which took 30.0s. Waiting for server processing
I20260914 17:58:33.468405 296800 dfly_bench.cc:1001] ReceiveFb done
I20260914 17:58:33.468394 296798 dfly_bench.cc:926] Done queuing 4294967295 requests, which took 30.0s. Waiting for server processing
I20260914 17:58:33.468377 296811 dfly_bench.cc:926] Done queuing 4294967295 requests, which took 30.0s. Waiting for server processing
I20260914 17:58:33.468391 296802 dfly_bench.cc:1001] ReceiveFb done
I20260914 17:58:33.468346 296810 dfly_bench.cc:926] Done queuing 4294967295 requests, which took 30.0s. Waiting for server processing
I20260914 17:58:33.468382 296803 dfly_bench.cc:926] Done queuing 4294967295 requests, which took 30.0s. Waiting for server processing
I20260914 17:58:33.468324 296808 dfly_bench.cc:926] Done queuing 4294967295 requests, which took 30.0s. Waiting for server processing
I20260914 17:58:33.468458 296810 dfly_bench.cc:926] Done queuing 4294967295 requests, which took 30.0s. Waiting for server processing
I20260914 17:58:33.468395 296806 dfly_bench.cc:926] Done queuing 4294967295 requests, which took 30.0s. Waiting for server processing
I20260914 17:58:33.468449 296800 dfly_bench.cc:1001] ReceiveFb done
I20260914 17:58:33.468470 296808 dfly_bench.cc:926] Done queuing 4294967295 requests, which took 30.0s. Waiting for server processing
I20260914 17:58:33.467949 296805 dfly_bench.cc:1001] ReceiveFb done
I20260914 17:58:33.468416 296804 dfly_bench.cc:1001] ReceiveFb done
I20260914 17:58:33.468462 296811 dfly_bench.cc:926] Done queuing 4294967295 requests, which took 30.0s. Waiting for server processing
I20260914 17:58:33.468487 296808 dfly_bench.cc:926] Done queuing 4294967295 requests, which took 30.0s. Waiting for server processing
I20260914 17:58:33.468436 296809 dfly_bench.cc:926] Done queuing 4294967295 requests, which took 30.0s. Waiting for server processing
I20260914 17:58:33.468472 296806 dfly_bench.cc:926] Done queuing 4294967295 requests, which took 30.0s. Waiting for server processing
I20260914 17:58:33.468492 296811 dfly_bench.cc:926] Done queuing 4294967295 requests, which took 30.0s. Waiting for server processing
I20260914 17:58:33.468405 296799 dfly_bench.cc:1001] ReceiveFb done
I20260914 17:58:33.468495 296800 dfly_bench.cc:926] Done queuing 4294967295 requests, which took 30.0s. Waiting for server processing
I20260914 17:58:33.468508 296811 dfly_bench.cc:926] Done queuing 4294967295 requests, which took 30.0s. Waiting for server processing
I20260914 17:58:33.468461 296803 dfly_bench.cc:926] Done queuing 4294967295 requests, which took 30.0s. Waiting for server processing
I20260914 17:58:33.468469 296810 dfly_bench.cc:926] Done queuing 4294967295 requests, which took 30.0s. Waiting for server processing
I20260914 17:58:33.468377 296813 dfly_bench.cc:1001] ReceiveFb done
I20260914 17:58:33.468374 296807 dfly_bench.cc:926] Done queuing 4294967295 requests, which took 30.0s. Waiting for server processing
I20260914 17:58:33.468526 296810 dfly_bench.cc:926] Done queuing 4294967295 requests, which took 30.0s. Waiting for server processing
I20260914 17:58:33.468442 296801 dfly_bench.cc:1001] ReceiveFb done
I20260914 17:58:33.468533 296807 dfly_bench.cc:926] Done queuing 4294967295 requests, which took 30.0s. Waiting for server processing
I20260914 17:58:33.468498 296808 dfly_bench.cc:926] Done queuing 4294967295 requests, which took 30.0s. Waiting for server processing
I20260914 17:58:33.468467 296802 dfly_bench.cc:926] Done queuing 4294967295 requests, which took 30.0s. Waiting for server processing
I20260914 17:58:33.468504 296809 dfly_bench.cc:926] Done queuing 4294967295 requests, which took 30.0s. Waiting for server processing
I20260914 17:58:33.468519 296811 dfly_bench.cc:926] Done queuing 4294967295 requests, which took 30.0s. Waiting for server processing
I20260914 17:58:33.468537 296810 dfly_bench.cc:926] Done queuing 4294967295 requests, which took 30.0s. Waiting for server processing
I20260914 17:58:33.468504 296806 dfly_bench.cc:926] Done queuing 4294967295 requests, which took 30.0s. Waiting for server processing
I20260914 17:58:33.468405 296812 dfly_bench.cc:926] Done queuing 4294967295 requests, which took 30.0s. Waiting for server processing
I20260914 17:58:33.468565 296809 dfly_bench.cc:926] Done queuing 4294967295 requests, which took 30.0s. Waiting for server processing
I20260914 17:58:33.468504 296804 dfly_bench.cc:1001] ReceiveFb done
I20260914 17:58:33.468520 296799 dfly_bench.cc:1001] ReceiveFb done
I20260914 17:58:33.468559 296808 dfly_bench.cc:926] Done queuing 4294967295 requests, which took 30.0s. Waiting for server processing
I20260914 17:58:33.468521 296803 dfly_bench.cc:926] Done queuing 4294967295 requests, which took 30.0s. Waiting for server processing
I20260914 17:58:33.468510 296800 dfly_bench.cc:926] Done queuing 4294967295 requests, which took 30.0s. Waiting for server processing
I20260914 17:58:33.468590 296804 dfly_bench.cc:1001] ReceiveFb done
I20260914 17:58:33.468598 296800 dfly_bench.cc:926] Done queuing 4294967295 requests, which took 30.0s. Waiting for server processing
I20260914 17:58:33.468530 296805 dfly_bench.cc:926] Done queuing 4294967295 requests, which took 30.0s. Waiting for server processing
I20260914 17:58:33.468612 296804 dfly_bench.cc:1001] ReceiveFb done
I20260914 17:58:33.468617 296800 dfly_bench.cc:926] Done queuing 4294967295 requests, which took 30.0s. Waiting for server processing
I20260914 17:58:33.468570 296810 dfly_bench.cc:926] Done queuing 4294967295 requests, which took 30.0s. Waiting for server processing
I20260914 17:58:33.468570 296812 dfly_bench.cc:926] Done queuing 4294967295 requests, which took 30.0s. Waiting for server processing
I20260914 17:58:33.468591 296803 dfly_bench.cc:926] Done queuing 4294967295 requests, which took 30.0s. Waiting for server processing
I20260914 17:58:33.468559 296802 dfly_bench.cc:926] Done queuing 4294967295 requests, which took 30.0s. Waiting for server processing
I20260914 17:58:33.468549 296807 dfly_bench.cc:926] Done queuing 4294967295 requests, which took 30.0s. Waiting for server processing
I20260914 17:58:33.468580 296809 dfly_bench.cc:926] Done queuing 4294967295 requests, which took 30.0s. Waiting for server processing
I20260914 17:58:33.468676 296807 dfly_bench.cc:926] Done queuing 4294967295 requests, which took 30.0s. Waiting for server processing
I20260914 17:58:33.468640 296798 dfly_bench.cc:926] Done queuing 4294967295 requests, which took 30.0s. Waiting for server processing
I20260914 17:58:33.468636 296812 dfly_bench.cc:926] Done queuing 4294967295 requests, which took 30.0s. Waiting for server processing
I20260914 17:58:33.468689 296798 dfly_bench.cc:926] Done queuing 4294967295 requests, which took 30.0s. Waiting for server processing
I20260914 17:58:33.468550 296801 dfly_bench.cc:1001] ReceiveFb done
I20260914 17:58:33.468627 296800 dfly_bench.cc:926] Done queuing 4294967295 requests, which took 30.0s. Waiting for server processing
I20260914 17:58:33.468551 296813 dfly_bench.cc:1001] ReceiveFb done
I20260914 17:58:33.468565 296811 dfly_bench.cc:926] Done queuing 4294967295 requests, which took 30.0s. Waiting for server processing
I20260914 17:58:33.468708 296800 dfly_bench.cc:926] Done queuing 4294967295 requests, which took 30.0s. Waiting for server processing
I20260914 17:58:33.468592 296799 dfly_bench.cc:1001] ReceiveFb done
I20260914 17:58:33.468703 296805 dfly_bench.cc:926] Done queuing 4294967295 requests, which took 30.0s. Waiting for server processing
I20260914 17:58:33.468727 296806 dfly_bench.cc:1001] ReceiveFb done
I20260914 17:58:33.468731 296813 dfly_bench.cc:1001] ReceiveFb done
I20260914 17:58:33.468667 296802 dfly_bench.cc:926] Done queuing 4294967295 requests, which took 30.0s. Waiting for server processing
I20260914 17:58:33.468691 296812 dfly_bench.cc:926] Done queuing 4294967295 requests, which took 30.0s. Waiting for server processing
I20260914 17:58:33.468727 296801 dfly_bench.cc:1001] ReceiveFb done
I20260914 17:58:33.468740 296799 dfly_bench.cc:1001] ReceiveFb done
I20260914 17:58:33.468588 296808 dfly_bench.cc:926] Done queuing 4294967295 requests, which took 30.0s. Waiting for server processing
I20260914 17:58:33.468768 296813 dfly_bench.cc:926] Done queuing 4294967295 requests, which took 30.0s. Waiting for server processing
I20260914 17:58:33.468750 296806 dfly_bench.cc:1001] ReceiveFb done
I20260914 17:58:33.468781 296813 dfly_bench.cc:926] Done queuing 4294967295 requests, which took 30.0s. Waiting for server processing
I20260914 17:58:33.468631 296810 dfly_bench.cc:926] Done queuing 4294967295 requests, which took 30.0s. Waiting for server processing
I20260914 17:58:33.468650 296803 dfly_bench.cc:926] Done queuing 4294967295 requests, which took 30.0s. Waiting for server processing
I20260914 17:58:33.468770 296812 dfly_bench.cc:926] Done queuing 4294967295 requests, which took 30.0s. Waiting for server processing
I20260914 17:58:33.468801 296810 dfly_bench.cc:926] Done queuing 4294967295 requests, which took 30.0s. Waiting for server processing
I20260914 17:58:33.468686 296807 dfly_bench.cc:926] Done queuing 4294967295 requests, which took 30.0s. Waiting for server processing
I20260914 17:58:33.468708 296798 dfly_bench.cc:926] Done queuing 4294967295 requests, which took 30.0s. Waiting for server processing
I20260914 17:58:33.468636 296804 dfly_bench.cc:1001] ReceiveFb done
I20260914 17:58:33.468719 296800 dfly_bench.cc:926] Done queuing 4294967295 requests, which took 30.0s. Waiting for server processing
I20260914 17:58:33.468819 296807 dfly_bench.cc:926] Done queuing 4294967295 requests, which took 30.0s. Waiting for server processing
I20260914 17:58:33.468806 296803 dfly_bench.cc:926] Done queuing 4294967295 requests, which took 30.0s. Waiting for server processing
I20260914 17:58:33.468827 296798 dfly_bench.cc:926] Done queuing 4294967295 requests, which took 30.0s. Waiting for server processing
I20260914 17:58:33.468716 296811 dfly_bench.cc:926] Done queuing 4294967295 requests, which took 30.0s. Waiting for server processing
I20260914 17:58:33.468786 296799 dfly_bench.cc:1001] ReceiveFb done
I20260914 17:58:33.468788 296801 dfly_bench.cc:1001] ReceiveFb done
I20260914 17:58:33.468756 296802 dfly_bench.cc:926] Done queuing 4294967295 requests, which took 30.0s. Waiting for server processing
I20260914 17:58:33.468732 296805 dfly_bench.cc:926] Done queuing 4294967295 requests, which took 30.0s. Waiting for server processing
I20260914 17:58:33.468901 296808 dfly_bench.cc:1001] ReceiveFb done
I20260914 17:58:33.468793 296806 dfly_bench.cc:1001] ReceiveFb done
I20260914 17:58:33.468896 296798 dfly_bench.cc:1001] ReceiveFb done
I20260914 17:58:33.468945 296808 dfly_bench.cc:1001] ReceiveFb done
I20260914 17:58:33.468947 296806 dfly_bench.cc:1001] ReceiveFb done
I20260914 17:58:33.468849 296807 dfly_bench.cc:926] Done queuing 4294967295 requests, which took 30.0s. Waiting for server processing
I20260914 17:58:33.468791 296813 dfly_bench.cc:926] Done queuing 4294967295 requests, which took 30.0s. Waiting for server processing
I20260914 17:58:33.468961 296807 dfly_bench.cc:926] Done queuing 4294967295 requests, which took 30.0s. Waiting for server processing
I20260914 17:58:33.468971 296807 dfly_bench.cc:926] Done queuing 4294967295 requests, which took 30.0s. Waiting for server processing
I20260914 17:58:33.468976 296808 dfly_bench.cc:1001] ReceiveFb done
I20260914 17:58:33.468981 296807 dfly_bench.cc:926] Done queuing 4294967295 requests, which took 30.0s. Waiting for server processing
I20260914 17:58:33.468906 296805 dfly_bench.cc:926] Done queuing 4294967295 requests, which took 30.0s. Waiting for server processing
I20260914 17:58:33.468911 296801 dfly_bench.cc:1001] ReceiveFb done
I20260914 17:58:33.468997 296805 dfly_bench.cc:926] Done queuing 4294967295 requests, which took 30.0s. Waiting for server processing
I20260914 17:58:33.468856 296803 dfly_bench.cc:926] Done queuing 4294967295 requests, which took 30.0s. Waiting for server processing
I20260914 17:58:33.468958 296798 dfly_bench.cc:1001] ReceiveFb done
I20260914 17:58:33.468844 296800 dfly_bench.cc:926] Done queuing 4294967295 requests, which took 30.0s. Waiting for server processing
I20260914 17:58:33.468968 296806 dfly_bench.cc:1001] ReceiveFb done
I20260914 17:58:33.469000 296808 dfly_bench.cc:1001] ReceiveFb done
I20260914 17:58:33.468878 296811 dfly_bench.cc:926] Done queuing 4294967295 requests, which took 30.0s. Waiting for server processing
I20260914 17:58:33.468815 296810 dfly_bench.cc:926] Done queuing 4294967295 requests, which took 30.0s. Waiting for server processing
I20260914 17:58:33.468839 296804 dfly_bench.cc:1001] ReceiveFb done
I20260914 17:58:33.469026 296811 dfly_bench.cc:926] Done queuing 4294967295 requests, which took 30.0s. Waiting for server processing
I20260914 17:58:33.468905 296802 dfly_bench.cc:926] Done queuing 4294967295 requests, which took 30.0s. Waiting for server processing
I20260914 17:58:33.469012 296801 dfly_bench.cc:1001] ReceiveFb done
I20260914 17:58:33.468879 296812 dfly_bench.cc:1001] ReceiveFb done
I20260914 17:58:33.468988 296807 dfly_bench.cc:926] Done queuing 4294967295 requests, which took 30.0s. Waiting for server processing
I20260914 17:58:33.469026 296798 dfly_bench.cc:1001] ReceiveFb done
I20260914 17:58:33.469036 296806 dfly_bench.cc:1001] ReceiveFb done
I20260914 17:58:33.468911 296799 dfly_bench.cc:1001] ReceiveFb done
I20260914 17:58:33.469064 296807 dfly_bench.cc:926] Done queuing 4294967295 requests, which took 30.0s. Waiting for server processing
I20260914 17:58:33.469069 296812 dfly_bench.cc:1001] ReceiveFb done
I20260914 17:58:33.469044 296804 dfly_bench.cc:1001] ReceiveFb done
I20260914 17:58:33.469014 296803 dfly_bench.cc:926] Done queuing 4294967295 requests, which took 30.0s. Waiting for server processing
I20260914 17:58:33.468969 296813 dfly_bench.cc:926] Done queuing 4294967295 requests, which took 30.0s. Waiting for server processing
I20260914 17:58:33.469008 296805 dfly_bench.cc:926] Done queuing 4294967295 requests, which took 30.0s. Waiting for server processing
I20260914 17:58:33.469046 296802 dfly_bench.cc:926] Done queuing 4294967295 requests, which took 30.0s. Waiting for server processing
I20260914 17:58:33.469103 296805 dfly_bench.cc:926] Done queuing 4294967295 requests, which took 30.0s. Waiting for server processing
I20260914 17:58:33.469079 296807 dfly_bench.cc:926] Done queuing 4294967295 requests, which took 30.0s. Waiting for server processing
I20260914 17:58:33.469076 296798 dfly_bench.cc:1001] ReceiveFb done
I20260914 17:58:33.469062 296808 dfly_bench.cc:1001] ReceiveFb done
I20260914 17:58:33.469028 296810 dfly_bench.cc:926] Done queuing 4294967295 requests, which took 30.0s. Waiting for server processing
I20260914 17:58:33.468859 296809 dfly_bench.cc:1001] ReceiveFb done
I20260914 17:58:33.469094 296803 dfly_bench.cc:926] Done queuing 4294967295 requests, which took 30.0s. Waiting for server processing
I20260914 17:58:33.469089 296801 dfly_bench.cc:926] Done queuing 4294967295 requests, which took 30.0s. Waiting for server processing
I20260914 17:58:33.469089 296799 dfly_bench.cc:1001] ReceiveFb done
I20260914 17:58:33.469147 296808 dfly_bench.cc:1001] ReceiveFb done
I20260914 17:58:33.469082 296806 dfly_bench.cc:1001] ReceiveFb done
I20260914 17:58:33.469038 296811 dfly_bench.cc:926] Done queuing 4294967295 requests, which took 30.0s. Waiting for server processing
I20260914 17:58:33.469125 296807 dfly_bench.cc:926] Done queuing 4294967295 requests, which took 30.0s. Waiting for server processing
I20260914 17:58:33.469153 296803 dfly_bench.cc:926] Done queuing 4294967295 requests, which took 30.0s. Waiting for server processing
I20260914 17:58:33.469103 296804 dfly_bench.cc:1001] ReceiveFb done
I20260914 17:58:33.469185 296806 dfly_bench.cc:1001] ReceiveFb done
I20260914 17:58:33.469105 296812 dfly_bench.cc:1001] ReceiveFb done
I20260914 17:58:33.469135 296798 dfly_bench.cc:1001] ReceiveFb done
I20260914 17:58:33.469129 296810 dfly_bench.cc:926] Done queuing 4294967295 requests, which took 30.0s. Waiting for server processing
I20260914 17:58:33.469110 296802 dfly_bench.cc:926] Done queuing 4294967295 requests, which took 30.0s. Waiting for server processing
I20260914 17:58:33.469195 296799 dfly_bench.cc:926] Done queuing 4294967295 requests, which took 30.0s. Waiting for server processing
I20260914 17:58:33.469164 296809 dfly_bench.cc:1001] ReceiveFb done
I20260914 17:58:33.469188 296807 dfly_bench.cc:926] Done queuing 4294967295 requests, which took 30.0s. Waiting for server processing
I20260914 17:58:33.469098 296813 dfly_bench.cc:926] Done queuing 4294967295 requests, which took 30.0s. Waiting for server processing
I20260914 17:58:33.469229 296804 dfly_bench.cc:926] Done queuing 4294967295 requests, which took 30.0s. Waiting for server processing
I20260914 17:58:33.469224 296799 dfly_bench.cc:926] Done queuing 4294967295 requests, which took 30.0s. Waiting for server processing
I20260914 17:58:33.469216 296812 dfly_bench.cc:1001] ReceiveFb done
I20260914 17:58:33.469022 296800 dfly_bench.cc:926] Done queuing 4294967295 requests, which took 30.0s. Waiting for server processing
I20260914 17:58:33.469224 296807 dfly_bench.cc:926] Done queuing 4294967295 requests, which took 30.0s. Waiting for server processing
I20260914 17:58:33.469247 296800 dfly_bench.cc:926] Done queuing 4294967295 requests, which took 30.0s. Waiting for server processing
I20260914 17:58:33.469190 296808 dfly_bench.cc:1001] ReceiveFb done
I20260914 17:58:33.469256 296807 dfly_bench.cc:926] Done queuing 4294967295 requests, which took 30.0s. Waiting for server processing
I20260914 17:58:33.469223 296798 dfly_bench.cc:1001] ReceiveFb done
I20260914 17:58:33.469113 296805 dfly_bench.cc:926] Done queuing 4294967295 requests, which took 30.0s. Waiting for server processing
I20260914 17:58:33.469179 296811 dfly_bench.cc:926] Done queuing 4294967295 requests, which took 30.0s. Waiting for server processing
I20260914 17:58:33.469195 296803 dfly_bench.cc:926] Done queuing 4294967295 requests, which took 30.0s. Waiting for server processing
I20260914 17:58:33.469281 296805 dfly_bench.cc:926] Done queuing 4294967295 requests, which took 30.0s. Waiting for server processing
I20260914 17:58:33.469239 296813 dfly_bench.cc:926] Done queuing 4294967295 requests, which took 30.0s. Waiting for server processing
I20260914 17:58:33.469295 296803 dfly_bench.cc:926] Done queuing 4294967295 requests, which took 30.0s. Waiting for server processing
I20260914 17:58:33.469266 296807 dfly_bench.cc:926] Done queuing 4294967295 requests, which took 30.0s. Waiting for server processing
I20260914 17:58:33.469214 296802 dfly_bench.cc:926] Done queuing 4294967295 requests, which took 30.0s. Waiting for server processing
I20260914 17:58:33.469298 296811 dfly_bench.cc:926] Done queuing 4294967295 requests, which took 30.0s. Waiting for server processing
I20260914 17:58:33.469290 296798 dfly_bench.cc:926] Done queuing 4294967295 requests, which took 30.0s. Waiting for server processing
I20260914 17:58:33.469326 296811 dfly_bench.cc:926] Done queuing 4294967295 requests, which took 30.0s. Waiting for server processing
I20260914 17:58:33.469244 296804 dfly_bench.cc:926] Done queuing 4294967295 requests, which took 30.0s. Waiting for server processing
I20260914 17:58:33.469282 296808 dfly_bench.cc:1001] ReceiveFb done
I20260914 17:58:33.469242 296799 dfly_bench.cc:926] Done queuing 4294967295 requests, which took 30.0s. Waiting for server processing
I20260914 17:58:33.469339 296801 dfly_bench.cc:926] Done queuing 4294967295 requests, which took 30.0s. Waiting for server processing
I20260914 17:58:33.469216 296810 dfly_bench.cc:926] Done queuing 4294967295 requests, which took 30.0s. Waiting for server processing
I20260914 17:58:33.469208 296806 dfly_bench.cc:926] Done queuing 4294967295 requests, which took 30.0s. Waiting for server processing
I20260914 17:58:33.469300 296805 dfly_bench.cc:926] Done queuing 4294967295 requests, which took 30.0s. Waiting for server processing
I20260914 17:58:33.469341 296811 dfly_bench.cc:926] Done queuing 4294967295 requests, which took 30.0s. Waiting for server processing
I20260914 17:58:33.469239 296809 dfly_bench.cc:1001] ReceiveFb done
I20260914 17:58:33.469314 296807 dfly_bench.cc:926] Done queuing 4294967295 requests, which took 30.0s. Waiting for server processing
I20260914 17:58:33.469314 296803 dfly_bench.cc:926] Done queuing 4294967295 requests, which took 30.0s. Waiting for server processing
I20260914 17:58:33.469383 296811 dfly_bench.cc:926] Done queuing 4294967295 requests, which took 30.0s. Waiting for server processing
I20260914 17:58:33.469256 296812 dfly_bench.cc:1001] ReceiveFb done
I20260914 17:58:33.469390 296807 dfly_bench.cc:926] Done queuing 4294967295 requests, which took 30.0s. Waiting for server processing
I20260914 17:58:33.469365 296808 dfly_bench.cc:1001] ReceiveFb done
I20260914 17:58:33.469353 296801 dfly_bench.cc:926] Done queuing 4294967295 requests, which took 30.0s. Waiting for server processing
I20260914 17:58:33.469300 296813 dfly_bench.cc:926] Done queuing 4294967295 requests, which took 30.0s. Waiting for server processing
I20260914 17:58:33.469381 296805 dfly_bench.cc:926] Done queuing 4294967295 requests, which took 30.0s. Waiting for server processing
I20260914 17:58:33.469343 296804 dfly_bench.cc:926] Done queuing 4294967295 requests, which took 30.0s. Waiting for server processing
I20260914 17:58:33.469352 296799 dfly_bench.cc:926] Done queuing 4294967295 requests, which took 30.0s. Waiting for server processing
I20260914 17:58:33.469317 296802 dfly_bench.cc:926] Done queuing 4294967295 requests, which took 30.0s. Waiting for server processing
I20260914 17:58:33.469403 296801 dfly_bench.cc:926] Done queuing 4294967295 requests, which took 30.0s. Waiting for server processing
I20260914 17:58:33.469431 296799 dfly_bench.cc:926] Done queuing 4294967295 requests, which took 30.0s. Waiting for server processing
I20260914 17:58:33.469331 296798 dfly_bench.cc:926] Done queuing 4294967295 requests, which took 30.0s. Waiting for server processing
I20260914 17:58:33.469449 296799 dfly_bench.cc:926] Done queuing 4294967295 requests, which took 30.0s. Waiting for server processing
I20260914 17:58:33.469410 296805 dfly_bench.cc:926] Done queuing 4294967295 requests, which took 30.0s. Waiting for server processing
I20260914 17:58:33.469390 296803 dfly_bench.cc:926] Done queuing 4294967295 requests, which took 30.0s. Waiting for server processing
I20260914 17:58:33.469446 296801 dfly_bench.cc:926] Done queuing 4294967295 requests, which took 30.0s. Waiting for server processing
I20260914 17:58:33.469393 296809 dfly_bench.cc:1001] ReceiveFb done
I20260914 17:58:33.469257 296800 dfly_bench.cc:926] Done queuing 4294967295 requests, which took 30.0s. Waiting for server processing
I20260914 17:58:33.469470 296805 dfly_bench.cc:926] Done queuing 4294967295 requests, which took 30.0s. Waiting for server processing
I20260914 17:58:33.469357 296810 dfly_bench.cc:926] Done queuing 4294967295 requests, which took 30.0s. Waiting for server processing
I20260914 17:58:33.469401 296807 dfly_bench.cc:926] Done queuing 4294967295 requests, which took 30.0s. Waiting for server processing
I20260914 17:58:33.469491 296809 dfly_bench.cc:1001] ReceiveFb done
I20260914 17:58:33.469461 296798 dfly_bench.cc:926] Done queuing 4294967295 requests, which took 30.0s. Waiting for server processing
I20260914 17:58:33.469475 296801 dfly_bench.cc:926] Done queuing 4294967295 requests, which took 30.0s. Waiting for server processing
I20260914 17:58:33.469391 296811 dfly_bench.cc:926] Done queuing 4294967295 requests, which took 30.0s. Waiting for server processing
I20260914 17:58:33.469506 296798 dfly_bench.cc:926] Done queuing 4294967295 requests, which took 30.0s. Waiting for server processing
I20260914 17:58:33.469488 296805 dfly_bench.cc:926] Done queuing 4294967295 requests, which took 30.0s. Waiting for server processing
I20260914 17:58:33.469493 296810 dfly_bench.cc:926] Done queuing 4294967295 requests, which took 30.0s. Waiting for server processing
I20260914 17:58:33.469499 296807 dfly_bench.cc:926] Done queuing 4294967295 requests, which took 30.0s. Waiting for server processing
I20260914 17:58:33.469413 296812 dfly_bench.cc:1001] ReceiveFb done
I20260914 17:58:33.469511 296801 dfly_bench.cc:926] Done queuing 4294967295 requests, which took 30.0s. Waiting for server processing
I20260914 17:58:33.469529 296807 dfly_bench.cc:926] Done queuing 4294967295 requests, which took 30.0s. Waiting for server processing
I20260914 17:58:33.469419 296808 dfly_bench.cc:1001] ReceiveFb done
I20260914 17:58:33.469542 296803 dfly_bench.cc:1001] ReceiveFb done
I20260914 17:58:33.469408 296813 dfly_bench.cc:926] Done queuing 4294967295 requests, which took 30.0s. Waiting for server processing
I20260914 17:58:33.469517 296798 dfly_bench.cc:926] Done queuing 4294967295 requests, which took 30.0s. Waiting for server processing
I20260914 17:58:33.469512 296811 dfly_bench.cc:926] Done queuing 4294967295 requests, which took 30.0s. Waiting for server processing
I20260914 17:58:33.469413 296804 dfly_bench.cc:926] Done queuing 4294967295 requests, which took 30.0s. Waiting for server processing
I20260914 17:58:33.469561 296806 dfly_bench.cc:1001] ReceiveFb done
I20260914 17:58:33.469569 296804 dfly_bench.cc:926] Done queuing 4294967295 requests, which took 30.0s. Waiting for server processing
I20260914 17:58:33.469487 296800 dfly_bench.cc:926] Done queuing 4294967295 requests, which took 30.0s. Waiting for server processing
I20260914 17:58:33.469521 296805 dfly_bench.cc:926] Done queuing 4294967295 requests, which took 30.0s. Waiting for server processing
I20260914 17:58:33.469563 296803 dfly_bench.cc:1001] ReceiveFb done
I20260914 17:58:33.469447 296802 dfly_bench.cc:926] Done queuing 4294967295 requests, which took 30.0s. Waiting for server processing
I20260914 17:58:33.469599 296800 dfly_bench.cc:926] Done queuing 4294967295 requests, which took 30.0s. Waiting for server processing
I20260914 17:58:33.469461 296799 dfly_bench.cc:926] Done queuing 4294967295 requests, which took 30.0s. Waiting for server processing
I20260914 17:58:33.469529 296810 dfly_bench.cc:926] Done queuing 4294967295 requests, which took 30.0s. Waiting for server processing
I20260914 17:58:33.469560 296798 dfly_bench.cc:926] Done queuing 4294967295 requests, which took 30.0s. Waiting for server processing
I20260914 17:58:33.469615 296803 dfly_bench.cc:1001] ReceiveFb done
I20260914 17:58:33.469588 296806 dfly_bench.cc:926] Done queuing 4294967295 requests, which took 30.0s. Waiting for server processing
I20260914 17:58:33.469606 296802 dfly_bench.cc:926] Done queuing 4294967295 requests, which took 30.0s. Waiting for server processing
I20260914 17:58:33.469560 296813 dfly_bench.cc:926] Done queuing 4294967295 requests, which took 30.0s. Waiting for server processing
I20260914 17:58:33.469592 296805 dfly_bench.cc:926] Done queuing 4294967295 requests, which took 30.0s. Waiting for server processing
I20260914 17:58:33.469580 296804 dfly_bench.cc:926] Done queuing 4294967295 requests, which took 30.0s. Waiting for server processing
I20260914 17:58:33.469566 296811 dfly_bench.cc:926] Done queuing 4294967295 requests, which took 30.0s. Waiting for server processing
I20260914 17:58:33.469630 296802 dfly_bench.cc:926] Done queuing 4294967295 requests, which took 30.0s. Waiting for server processing
I20260914 17:58:33.469635 296813 dfly_bench.cc:926] Done queuing 4294967295 requests, which took 30.0s. Waiting for server processing
I20260914 17:58:33.469609 296800 dfly_bench.cc:926] Done queuing 4294967295 requests, which took 30.0s. Waiting for server processing
I20260914 17:58:33.469535 296801 dfly_bench.cc:926] Done queuing 4294967295 requests, which took 30.0s. Waiting for server processing
I20260914 17:58:33.469666 296801 dfly_bench.cc:926] Done queuing 4294967295 requests, which took 30.0s. Waiting for server processing
I20260914 17:58:33.469655 296802 dfly_bench.cc:926] Done queuing 4294967295 requests, which took 30.0s. Waiting for server processing
I20260914 17:58:33.469638 296803 dfly_bench.cc:1001] ReceiveFb done
I20260914 17:58:33.469578 296808 dfly_bench.cc:1001] ReceiveFb done
I20260914 17:58:33.469659 296800 dfly_bench.cc:926] Done queuing 4294967295 requests, which took 30.0s. Waiting for server processing
I20260914 17:58:33.469724 296800 dfly_bench.cc:926] Done queuing 4294967295 requests, which took 30.0s. Waiting for server processing
I20260914 17:58:33.469645 296811 dfly_bench.cc:926] Done queuing 4294967295 requests, which took 30.0s. Waiting for server processing
I20260914 17:58:33.469738 296808 dfly_bench.cc:1001] ReceiveFb done
I20260914 17:58:33.469542 296807 dfly_bench.cc:926] Done queuing 4294967295 requests, which took 30.0s. Waiting for server processing
I20260914 17:58:33.469615 296810 dfly_bench.cc:926] Done queuing 4294967295 requests, which took 30.0s. Waiting for server processing
I20260914 17:58:33.469774 296807 dfly_bench.cc:926] Done queuing 4294967295 requests, which took 30.0s. Waiting for server processing
I20260914 17:58:33.469780 296807 dfly_bench.cc:926] Done queuing 4294967295 requests, which took 30.0s. Waiting for server processing
I20260914 17:58:33.469544 296812 dfly_bench.cc:1001] ReceiveFb done
I20260914 17:58:33.469631 296806 dfly_bench.cc:926] Done queuing 4294967295 requests, which took 30.0s. Waiting for server processing
I20260914 17:58:33.469678 296802 dfly_bench.cc:926] Done queuing 4294967295 requests, which took 30.0s. Waiting for server processing
I20260914 17:58:33.469614 296799 dfly_bench.cc:926] Done queuing 4294967295 requests, which took 30.0s. Waiting for server processing
I20260914 17:58:33.469812 296799 dfly_bench.cc:926] Done queuing 4294967295 requests, which took 30.0s. Waiting for server processing
I20260914 17:58:33.469693 296803 dfly_bench.cc:1001] ReceiveFb done
I20260914 17:58:33.469853 296803 dfly_bench.cc:1001] ReceiveFb done
I20260914 17:58:33.469741 296811 dfly_bench.cc:926] Done queuing 4294967295 requests, which took 30.0s. Waiting for server processing
I20260914 17:58:33.469780 296810 dfly_bench.cc:926] Done queuing 4294967295 requests, which took 30.0s. Waiting for server processing
I20260914 17:58:33.469807 296806 dfly_bench.cc:926] Done queuing 4294967295 requests, which took 30.0s. Waiting for server processing
I20260914 17:58:33.469622 296798 dfly_bench.cc:926] Done queuing 4294967295 requests, which took 30.0s. Waiting for server processing
I20260914 17:58:33.469822 296799 dfly_bench.cc:926] Done queuing 4294967295 requests, which took 30.0s. Waiting for server processing
I20260914 17:58:33.469900 296799 dfly_bench.cc:926] Done queuing 4294967295 requests, which took 30.0s. Waiting for server processing
I20260914 17:58:33.469642 296804 dfly_bench.cc:926] Done queuing 4294967295 requests, which took 30.0s. Waiting for server processing
I20260914 17:58:33.469913 296804 dfly_bench.cc:926] Done queuing 4294967295 requests, which took 30.0s. Waiting for server processing
I20260914 17:58:33.469659 296813 dfly_bench.cc:926] Done queuing 4294967295 requests, which took 30.0s. Waiting for server processing
I20260914 17:58:33.469920 296804 dfly_bench.cc:926] Done queuing 4294967295 requests, which took 30.0s. Waiting for server processing
I20260914 17:58:33.469931 296813 dfly_bench.cc:926] Done queuing 4294967295 requests, which took 30.0s. Waiting for server processing
I20260914 17:58:33.469935 296804 dfly_bench.cc:926] Done queuing 4294967295 requests, which took 30.0s. Waiting for server processing
I20260914 17:58:33.469944 296813 dfly_bench.cc:926] Done queuing 4294967295 requests, which took 30.0s. Waiting for server processing
I20260914 17:58:33.469946 296804 dfly_bench.cc:926] Done queuing 4294967295 requests, which took 30.0s. Waiting for server processing
I20260914 17:58:33.469954 296813 dfly_bench.cc:926] Done queuing 4294967295 requests, which took 30.0s. Waiting for server processing
I20260914 17:58:33.469962 296813 dfly_bench.cc:926] Done queuing 4294967295 requests, which took 30.0s. Waiting for server processing
I20260914 17:58:33.469883 296806 dfly_bench.cc:926] Done queuing 4294967295 requests, which took 30.0s. Waiting for server processing
I20260914 17:58:33.469676 296801 dfly_bench.cc:926] Done queuing 4294967295 requests, which took 30.0s. Waiting for server processing
I20260914 17:58:33.469739 296800 dfly_bench.cc:926] Done queuing 4294967295 requests, which took 30.0s. Waiting for server processing
I20260914 17:58:33.469638 296805 dfly_bench.cc:926] Done queuing 4294967295 requests, which took 30.0s. Waiting for server processing
I20260914 17:58:33.469879 296811 dfly_bench.cc:926] Done queuing 4294967295 requests, which took 30.0s. Waiting for server processing
I20260914 17:58:33.469513 296809 dfly_bench.cc:1001] ReceiveFb done
I20260914 17:58:33.469959 296804 dfly_bench.cc:926] Done queuing 4294967295 requests, which took 30.0s. Waiting for server processing
I20260914 17:58:33.469990 296801 dfly_bench.cc:926] Done queuing 4294967295 requests, which took 30.0s. Waiting for server processing
I20260914 17:58:33.469996 296805 dfly_bench.cc:926] Done queuing 4294967295 requests, which took 30.0s. Waiting for server processing
I20260914 17:58:33.469779 296808 dfly_bench.cc:1001] ReceiveFb done
I20260914 17:58:33.469789 296807 dfly_bench.cc:926] Done queuing 4294967295 requests, which took 30.0s. Waiting for server processing
I20260914 17:58:33.469808 296802 dfly_bench.cc:926] Done queuing 4294967295 requests, which took 30.0s. Waiting for server processing
I20260914 17:58:33.470027 296802 dfly_bench.cc:926] Done queuing 4294967295 requests, which took 30.0s. Waiting for server processing
I20260914 17:58:33.469986 296806 dfly_bench.cc:926] Done queuing 4294967295 requests, which took 30.0s. Waiting for server processing
I20260914 17:58:33.470005 296804 dfly_bench.cc:926] Done queuing 4294967295 requests, which took 30.0s. Waiting for server processing
I20260914 17:58:33.470048 296806 dfly_bench.cc:926] Done queuing 4294967295 requests, which took 30.0s. Waiting for server processing
I20260914 17:58:33.469815 296812 dfly_bench.cc:1001] ReceiveFb done
I20260914 17:58:33.469885 296798 dfly_bench.cc:926] Done queuing 4294967295 requests, which took 30.0s. Waiting for server processing
I20260914 17:58:33.470070 296806 dfly_bench.cc:926] Done queuing 4294967295 requests, which took 30.0s. Waiting for server processing
I20260914 17:58:33.470075 296798 dfly_bench.cc:926] Done queuing 4294967295 requests, which took 30.0s. Waiting for server processing
I20260914 17:58:33.470082 296798 dfly_bench.cc:926] Done queuing 4294967295 requests, which took 30.0s. Waiting for server processing
I20260914 17:58:33.470014 296809 dfly_bench.cc:1001] ReceiveFb done
I20260914 17:58:33.470008 296805 dfly_bench.cc:926] Done queuing 4294967295 requests, which took 30.0s. Waiting for server processing
I20260914 17:58:33.470023 296807 dfly_bench.cc:926] Done queuing 4294967295 requests, which took 30.0s. Waiting for server processing
I20260914 17:58:33.470007 296801 dfly_bench.cc:926] Done queuing 4294967295 requests, which took 30.0s. Waiting for server processing
I20260914 17:58:33.469995 296800 dfly_bench.cc:926] Done queuing 4294967295 requests, which took 30.0s. Waiting for server processing
I20260914 17:58:33.469879 296810 dfly_bench.cc:926] Done queuing 4294967295 requests, which took 30.0s. Waiting for server processing
I20260914 17:58:33.470098 296812 dfly_bench.cc:1001] ReceiveFb done
I20260914 17:58:33.470026 296808 dfly_bench.cc:1001] ReceiveFb done
I20260914 17:58:33.470112 296807 dfly_bench.cc:926] Done queuing 4294967295 requests, which took 30.0s. Waiting for server processing
I20260914 17:58:33.469974 296813 dfly_bench.cc:926] Done queuing 4294967295 requests, which took 30.0s. Waiting for server processing
I20260914 17:58:33.470081 296806 dfly_bench.cc:926] Done queuing 4294967295 requests, which took 30.0s. Waiting for server processing
I20260914 17:58:33.470103 296811 dfly_bench.cc:1001] ReceiveFb done
I20260914 17:58:33.470038 296802 dfly_bench.cc:926] Done queuing 4294967295 requests, which took 30.0s. Waiting for server processing
I20260914 17:58:33.470167 296806 dfly_bench.cc:926] Done queuing 4294967295 requests, which took 30.0s. Waiting for server processing
I20260914 17:58:33.470167 296811 dfly_bench.cc:1001] ReceiveFb done
I20260914 17:58:33.470124 296800 dfly_bench.cc:926] Done queuing 4294967295 requests, which took 30.0s. Waiting for server processing
I20260914 17:58:33.470150 296812 dfly_bench.cc:1001] ReceiveFb done
I20260914 17:58:33.470155 296808 dfly_bench.cc:1001] ReceiveFb done
I20260914 17:58:33.470108 296805 dfly_bench.cc:926] Done queuing 4294967295 requests, which took 30.0s. Waiting for server processing
I20260914 17:58:33.470118 296809 dfly_bench.cc:1001] ReceiveFb done
I20260914 17:58:33.470127 296810 dfly_bench.cc:926] Done queuing 4294967295 requests, which took 30.0s. Waiting for server processing
I20260914 17:58:33.469885 296803 dfly_bench.cc:1001] ReceiveFb done
I20260914 17:58:33.470157 296813 dfly_bench.cc:926] Done queuing 4294967295 requests, which took 30.0s. Waiting for server processing
I20260914 17:58:33.470162 296799 dfly_bench.cc:926] Done queuing 4294967295 requests, which took 30.0s. Waiting for server processing
I20260914 17:58:33.470093 296798 dfly_bench.cc:926] Done queuing 4294967295 requests, which took 30.0s. Waiting for server processing
I20260914 17:58:33.470192 296800 dfly_bench.cc:926] Done queuing 4294967295 requests, which took 30.0s. Waiting for server processing
I20260914 17:58:33.470196 296807 dfly_bench.cc:1001] ReceiveFb done
I20260914 17:58:33.470218 296813 dfly_bench.cc:926] Done queuing 4294967295 requests, which took 30.0s. Waiting for server processing
I20260914 17:58:33.470227 296799 dfly_bench.cc:1001] ReceiveFb done
I20260914 17:58:33.470208 296812 dfly_bench.cc:1001] ReceiveFb done
I20260914 17:58:33.470129 296801 dfly_bench.cc:926] Done queuing 4294967295 requests, which took 30.0s. Waiting for server processing
I20260914 17:58:33.470227 296803 dfly_bench.cc:1001] ReceiveFb done
I20260914 17:58:33.470209 296811 dfly_bench.cc:1001] ReceiveFb done
I20260914 17:58:33.470187 296806 dfly_bench.cc:926] Done queuing 4294967295 requests, which took 30.0s. Waiting for server processing
I20260914 17:58:33.470225 296798 dfly_bench.cc:926] Done queuing 4294967295 requests, which took 30.0s. Waiting for server processing
I20260914 17:58:33.470209 296810 dfly_bench.cc:926] Done queuing 4294967295 requests, which took 30.0s. Waiting for server processing
I20260914 17:58:33.470242 296809 dfly_bench.cc:926] Done queuing 4294967295 requests, which took 30.0s. Waiting for server processing
I20260914 17:58:33.470247 296808 dfly_bench.cc:926] Done queuing 4294967295 requests, which took 30.0s. Waiting for server processing
I20260914 17:58:33.470299 296809 dfly_bench.cc:926] Done queuing 4294967295 requests, which took 30.0s. Waiting for server processing
I20260914 17:58:33.470255 296807 dfly_bench.cc:1001] ReceiveFb done
I20260914 17:58:33.470315 296811 dfly_bench.cc:1001] ReceiveFb done
I20260914 17:58:33.470287 296810 dfly_bench.cc:926] Done queuing 4294967295 requests, which took 30.0s. Waiting for server processing
I20260914 17:58:33.470280 296806 dfly_bench.cc:926] Done queuing 4294967295 requests, which took 30.0s. Waiting for server processing
I20260914 17:58:33.470278 296812 dfly_bench.cc:1001] ReceiveFb done
I20260914 17:58:33.470263 296801 dfly_bench.cc:926] Done queuing 4294967295 requests, which took 30.0s. Waiting for server processing
I20260914 17:58:33.470350 296804 dfly_bench.cc:1001] ReceiveFb done
I20260914 17:58:33.470335 296810 dfly_bench.cc:926] Done queuing 4294967295 requests, which took 30.0s. Waiting for server processing
I20260914 17:58:33.470288 296798 dfly_bench.cc:926] Done queuing 4294967295 requests, which took 30.0s. Waiting for server processing
I20260914 17:58:33.470189 296802 dfly_bench.cc:926] Done queuing 4294967295 requests, which took 30.0s. Waiting for server processing
I20260914 17:58:33.470347 296806 dfly_bench.cc:926] Done queuing 4294967295 requests, which took 30.0s. Waiting for server processing
I20260914 17:58:33.470252 296813 dfly_bench.cc:926] Done queuing 4294967295 requests, which took 30.0s. Waiting for server processing
I20260914 17:58:33.470269 296799 dfly_bench.cc:1001] ReceiveFb done
I20260914 17:58:33.470405 296802 dfly_bench.cc:926] Done queuing 4294967295 requests, which took 30.0s. Waiting for server processing
I20260914 17:58:33.470206 296805 dfly_bench.cc:926] Done queuing 4294967295 requests, which took 30.0s. Waiting for server processing
I20260914 17:58:33.470395 296798 dfly_bench.cc:926] Done queuing 4294967295 requests, which took 30.0s. Waiting for server processing
I20260914 17:58:33.470372 296804 dfly_bench.cc:1001] ReceiveFb done
I20260914 17:58:33.470376 296800 dfly_bench.cc:1001] ReceiveFb done
I20260914 17:58:33.470286 296803 dfly_bench.cc:1001] ReceiveFb done
I20260914 17:58:33.470337 296811 dfly_bench.cc:1001] ReceiveFb done
I20260914 17:58:33.470430 296805 dfly_bench.cc:926] Done queuing 4294967295 requests, which took 30.0s. Waiting for server processing
I20260914 17:58:33.470331 296807 dfly_bench.cc:1001] ReceiveFb done
I20260914 17:58:33.470399 296806 dfly_bench.cc:926] Done queuing 4294967295 requests, which took 30.0s. Waiting for server processing
I20260914 17:58:33.470425 296802 dfly_bench.cc:926] Done queuing 4294967295 requests, which took 30.0s. Waiting for server processing
I20260914 17:58:33.470475 296802 dfly_bench.cc:926] Done queuing 4294967295 requests, which took 30.0s. Waiting for server processing
I20260914 17:58:33.470487 296802 dfly_bench.cc:926] Done queuing 4294967295 requests, which took 30.0s. Waiting for server processing
I20260914 17:58:33.470445 296805 dfly_bench.cc:926] Done queuing 4294967295 requests, which took 30.0s. Waiting for server processing
I20260914 17:58:33.470508 296802 dfly_bench.cc:926] Done queuing 4294967295 requests, which took 30.0s. Waiting for server processing
I20260914 17:58:33.470434 296799 dfly_bench.cc:1001] ReceiveFb done
I20260914 17:58:33.470371 296810 dfly_bench.cc:926] Done queuing 4294967295 requests, which took 30.0s. Waiting for server processing
I20260914 17:58:33.470449 296806 dfly_bench.cc:926] Done queuing 4294967295 requests, which took 30.0s. Waiting for server processing
I20260914 17:58:33.470382 296801 dfly_bench.cc:1001] ReceiveFb done
I20260914 17:58:33.470543 296806 dfly_bench.cc:926] Done queuing 4294967295 requests, which took 30.0s. Waiting for server processing
I20260914 17:58:33.470309 296808 dfly_bench.cc:926] Done queuing 4294967295 requests, which took 30.0s. Waiting for server processing
I20260914 17:58:33.470362 296812 dfly_bench.cc:1001] ReceiveFb done
I20260914 17:58:33.470432 296798 dfly_bench.cc:926] Done queuing 4294967295 requests, which took 30.0s. Waiting for server processing
I20260914 17:58:33.470515 296805 dfly_bench.cc:926] Done queuing 4294967295 requests, which took 30.0s. Waiting for server processing
I20260914 17:58:33.470556 296801 dfly_bench.cc:1001] ReceiveFb done
I20260914 17:58:33.470538 296799 dfly_bench.cc:1001] ReceiveFb done
I20260914 17:58:33.470422 296813 dfly_bench.cc:926] Done queuing 4294967295 requests, which took 30.0s. Waiting for server processing
I20260914 17:58:33.470572 296812 dfly_bench.cc:1001] ReceiveFb done
I20260914 17:58:33.470450 296803 dfly_bench.cc:1001] ReceiveFb done
I20260914 17:58:33.470587 296801 dfly_bench.cc:1001] ReceiveFb done
I20260914 17:58:33.470515 296802 dfly_bench.cc:926] Done queuing 4294967295 requests, which took 30.0s. Waiting for server processing
I20260914 17:58:33.470456 296811 dfly_bench.cc:1001] ReceiveFb done
I20260914 17:58:33.470495 296809 dfly_bench.cc:926] Done queuing 4294967295 requests, which took 30.0s. Waiting for server processing
I20260914 17:58:33.470563 296798 dfly_bench.cc:926] Done queuing 4294967295 requests, which took 30.0s. Waiting for server processing
I20260914 17:58:33.470459 296807 dfly_bench.cc:1001] ReceiveFb done
I20260914 17:58:33.470443 296804 dfly_bench.cc:1001] ReceiveFb done
I20260914 17:58:33.470594 296813 dfly_bench.cc:926] Done queuing 4294967295 requests, which took 30.0s. Waiting for server processing
I20260914 17:58:33.470448 296800 dfly_bench.cc:1001] ReceiveFb done
I20260914 17:58:33.470572 296805 dfly_bench.cc:926] Done queuing 4294967295 requests, which took 30.0s. Waiting for server processing
I20260914 17:58:33.470553 296806 dfly_bench.cc:926] Done queuing 4294967295 requests, which took 30.0s. Waiting for server processing
I20260914 17:58:33.470585 296799 dfly_bench.cc:1001] ReceiveFb done
I20260914 17:58:33.470616 296812 dfly_bench.cc:1001] ReceiveFb done
I20260914 17:58:33.470645 296804 dfly_bench.cc:1001] ReceiveFb done
I20260914 17:58:33.470613 296809 dfly_bench.cc:926] Done queuing 4294967295 requests, which took 30.0s. Waiting for server processing
I20260914 17:58:33.470534 296810 dfly_bench.cc:926] Done queuing 4294967295 requests, which took 30.0s. Waiting for server processing
I20260914 17:58:33.470614 296798 dfly_bench.cc:926] Done queuing 4294967295 requests, which took 30.0s. Waiting for server processing
I20260914 17:58:33.470639 296806 dfly_bench.cc:926] Done queuing 4294967295 requests, which took 30.0s. Waiting for server processing
I20260914 17:58:33.470621 296811 dfly_bench.cc:1001] ReceiveFb done
I20260914 17:58:33.470618 296801 dfly_bench.cc:1001] ReceiveFb done
I20260914 17:58:33.470633 296813 dfly_bench.cc:926] Done queuing 4294967295 requests, which took 30.0s. Waiting for server processing
I20260914 17:58:33.470680 296805 dfly_bench.cc:1001] ReceiveFb done
I20260914 17:58:33.470654 296799 dfly_bench.cc:1001] ReceiveFb done
I20260914 17:58:33.470670 296812 dfly_bench.cc:926] Done queuing 4294967295 requests, which took 30.0s. Waiting for server processing
I20260914 17:58:33.470690 296801 dfly_bench.cc:1001] ReceiveFb done
I20260914 17:58:33.470644 296800 dfly_bench.cc:1001] ReceiveFb done
I20260914 17:58:33.470681 296813 dfly_bench.cc:926] Done queuing 4294967295 requests, which took 30.0s. Waiting for server processing
I20260914 17:58:33.470666 296798 dfly_bench.cc:926] Done queuing 4294967295 requests, which took 30.0s. Waiting for server processing
I20260914 17:58:33.470711 296810 dfly_bench.cc:1001] ReceiveFb done
I20260914 17:58:33.470705 296799 dfly_bench.cc:1001] ReceiveFb done
I20260914 17:58:33.470716 296801 dfly_bench.cc:1001] ReceiveFb done
I20260914 17:58:33.470702 296805 dfly_bench.cc:1001] ReceiveFb done
I20260914 17:58:33.470701 296812 dfly_bench.cc:926] Done queuing 4294967295 requests, which took 30.0s. Waiting for server processing
I20260914 17:58:33.470635 296807 dfly_bench.cc:1001] ReceiveFb done
I20260914 17:58:33.470707 296813 dfly_bench.cc:926] Done queuing 4294967295 requests, which took 30.0s. Waiting for server processing
I20260914 17:58:33.470718 296800 dfly_bench.cc:1001] ReceiveFb done
I20260914 17:58:33.470611 296803 dfly_bench.cc:1001] ReceiveFb done
I20260914 17:58:33.470748 296805 dfly_bench.cc:1001] ReceiveFb done
I20260914 17:58:33.470767 296803 dfly_bench.cc:1001] ReceiveFb done
I20260914 17:58:33.470769 296800 dfly_bench.cc:1001] ReceiveFb done
I20260914 17:58:33.470780 296805 dfly_bench.cc:1001] ReceiveFb done
I20260914 17:58:33.470785 296803 dfly_bench.cc:1001] ReceiveFb done
I20260914 17:58:33.470788 296800 dfly_bench.cc:1001] ReceiveFb done
I20260914 17:58:33.470667 296804 dfly_bench.cc:1001] ReceiveFb done
I20260914 17:58:33.470657 296809 dfly_bench.cc:926] Done queuing 4294967295 requests, which took 30.0s. Waiting for server processing
I20260914 17:58:33.470743 296801 dfly_bench.cc:1001] ReceiveFb done
I20260914 17:58:33.470672 296806 dfly_bench.cc:926] Done queuing 4294967295 requests, which took 30.0s. Waiting for server processing
I20260914 17:58:33.470817 296800 dfly_bench.cc:1001] ReceiveFb done
I20260914 17:58:33.470744 296813 dfly_bench.cc:926] Done queuing 4294967295 requests, which took 30.0s. Waiting for server processing
I20260914 17:58:33.470732 296810 dfly_bench.cc:1001] ReceiveFb done
I20260914 17:58:33.470811 296804 dfly_bench.cc:1001] ReceiveFb done
I20260914 17:58:33.470738 296812 dfly_bench.cc:926] Done queuing 4294967295 requests, which took 30.0s. Waiting for server processing
I20260914 17:58:33.470813 296809 dfly_bench.cc:926] Done queuing 4294967295 requests, which took 30.0s. Waiting for server processing
I20260914 17:58:33.470844 296801 dfly_bench.cc:1001] ReceiveFb done
I20260914 17:58:33.470708 296798 dfly_bench.cc:926] Done queuing 4294967295 requests, which took 30.0s. Waiting for server processing
I20260914 17:58:33.470803 296805 dfly_bench.cc:1001] ReceiveFb done
I20260914 17:58:33.470857 296798 dfly_bench.cc:926] Done queuing 4294967295 requests, which took 30.0s. Waiting for server processing
I20260914 17:58:33.470850 296800 dfly_bench.cc:1001] ReceiveFb done
I20260914 17:58:33.470744 296799 dfly_bench.cc:1001] ReceiveFb done
I20260914 17:58:33.470854 296809 dfly_bench.cc:926] Done queuing 4294967295 requests, which took 30.0s. Waiting for server processing
I20260914 17:58:33.470687 296811 dfly_bench.cc:1001] ReceiveFb done
I20260914 17:58:33.470845 296813 dfly_bench.cc:926] Done queuing 4294967295 requests, which took 30.0s. Waiting for server processing
I20260914 17:58:33.470871 296805 dfly_bench.cc:1001] ReceiveFb done
I20260914 17:58:33.470886 296799 dfly_bench.cc:1001] ReceiveFb done
I20260914 17:58:33.470935 296813 dfly_bench.cc:926] Done queuing 4294967295 requests, which took 30.0s. Waiting for server processing
I20260914 17:58:33.470952 296805 dfly_bench.cc:1001] ReceiveFb done
I20260914 17:58:33.470956 296799 dfly_bench.cc:1001] ReceiveFb done
I20260914 17:58:33.470808 296802 dfly_bench.cc:1001] ReceiveFb done
I20260914 17:58:33.470970 296805 dfly_bench.cc:1001] ReceiveFb done
I20260914 17:58:33.470976 296799 dfly_bench.cc:1001] ReceiveFb done
I20260914 17:58:33.470803 296803 dfly_bench.cc:1001] ReceiveFb done
I20260914 17:58:33.470988 296805 dfly_bench.cc:1001] ReceiveFb done
I20260914 17:58:33.470866 296801 dfly_bench.cc:1001] ReceiveFb done
I20260914 17:58:33.470988 296802 dfly_bench.cc:1001] ReceiveFb done
I20260914 17:58:33.470861 296812 dfly_bench.cc:926] Done queuing 4294967295 requests, which took 30.0s. Waiting for server processing
I20260914 17:58:33.471005 296803 dfly_bench.cc:1001] ReceiveFb done
I20260914 17:58:33.470860 296804 dfly_bench.cc:1001] ReceiveFb done
I20260914 17:58:33.471014 296812 dfly_bench.cc:926] Done queuing 4294967295 requests, which took 30.0s. Waiting for server processing
I20260914 17:58:33.471009 296798 dfly_bench.cc:1001] ReceiveFb done
I20260914 17:58:33.471021 296802 dfly_bench.cc:1001] ReceiveFb done
I20260914 17:58:33.471024 296803 dfly_bench.cc:1001] ReceiveFb done
I20260914 17:58:33.471014 296801 dfly_bench.cc:1001] ReceiveFb done
I20260914 17:58:33.470861 296810 dfly_bench.cc:1001] ReceiveFb done
I20260914 17:58:33.471011 296799 dfly_bench.cc:926] Done queuing 4294967295 requests, which took 30.0s. Waiting for server processing
I20260914 17:58:33.470881 296800 dfly_bench.cc:1001] ReceiveFb done
I20260914 17:58:33.470832 296806 dfly_bench.cc:926] Done queuing 4294967295 requests, which took 30.0s. Waiting for server processing
I20260914 17:58:33.470878 296809 dfly_bench.cc:926] Done queuing 4294967295 requests, which took 30.0s. Waiting for server processing
I20260914 17:58:33.471042 296799 dfly_bench.cc:926] Done queuing 4294967295 requests, which took 30.0s. Waiting for server processing
I20260914 17:58:33.471035 296804 dfly_bench.cc:1001] ReceiveFb done
I20260914 17:58:33.470893 296811 dfly_bench.cc:1001] ReceiveFb done
I20260914 17:58:33.470753 296807 dfly_bench.cc:1001] ReceiveFb done
I20260914 17:58:33.471029 296812 dfly_bench.cc:926] Done queuing 4294967295 requests, which took 30.0s. Waiting for server processing
I20260914 17:58:33.470920 296808 dfly_bench.cc:926] Done queuing 4294967295 requests, which took 30.0s. Waiting for server processing
I20260914 17:58:33.471051 296809 dfly_bench.cc:926] Done queuing 4294967295 requests, which took 30.0s. Waiting for server processing
I20260914 17:58:33.471052 296798 dfly_bench.cc:1001] ReceiveFb done
I20260914 17:58:33.471010 296805 dfly_bench.cc:1001] ReceiveFb done
I20260914 17:58:33.471063 296812 dfly_bench.cc:926] Done queuing 4294967295 requests, which took 30.0s. Waiting for server processing
I20260914 17:58:33.471051 296806 dfly_bench.cc:926] Done queuing 4294967295 requests, which took 30.0s. Waiting for server processing
I20260914 17:58:33.471047 296801 dfly_bench.cc:1001] ReceiveFb done
I20260914 17:58:33.471091 296798 dfly_bench.cc:1001] ReceiveFb done
I20260914 17:58:33.471069 296808 dfly_bench.cc:926] Done queuing 4294967295 requests, which took 30.0s. Waiting for server processing
I20260914 17:58:33.471069 296809 dfly_bench.cc:926] Done queuing 4294967295 requests, which took 30.0s. Waiting for server processing
I20260914 17:58:33.471060 296800 dfly_bench.cc:1001] ReceiveFb done
I20260914 17:58:33.471051 296810 dfly_bench.cc:1001] ReceiveFb done
I20260914 17:58:33.471087 296806 dfly_bench.cc:926] Done queuing 4294967295 requests, which took 30.0s. Waiting for server processing
I20260914 17:58:33.471120 296809 dfly_bench.cc:926] Done queuing 4294967295 requests, which took 30.0s. Waiting for server processing
I20260914 17:58:33.471124 296806 dfly_bench.cc:926] Done queuing 4294967295 requests, which took 30.0s. Waiting for server processing
I20260914 17:58:33.471132 296800 dfly_bench.cc:1001] ReceiveFb done
I20260914 17:58:33.471102 296801 dfly_bench.cc:1001] ReceiveFb done
I20260914 17:58:33.471117 296808 dfly_bench.cc:926] Done queuing 4294967295 requests, which took 30.0s. Waiting for server processing
I20260914 17:58:33.471052 296799 dfly_bench.cc:926] Done queuing 4294967295 requests, which took 30.0s. Waiting for server processing
I20260914 17:58:33.471084 296812 dfly_bench.cc:926] Done queuing 4294967295 requests, which took 30.0s. Waiting for server processing
I20260914 17:58:33.471073 296811 dfly_bench.cc:1001] ReceiveFb done
I20260914 17:58:33.471069 296807 dfly_bench.cc:1001] ReceiveFb done
I20260914 17:58:33.471047 296803 dfly_bench.cc:1001] ReceiveFb done
I20260914 17:58:33.471155 296799 dfly_bench.cc:926] Done queuing 4294967295 requests, which took 30.0s. Waiting for server processing
I20260914 17:58:33.471089 296805 dfly_bench.cc:1001] ReceiveFb done
I20260914 17:58:33.471112 296798 dfly_bench.cc:1001] ReceiveFb done
I20260914 17:58:33.471128 296813 dfly_bench.cc:1001] ReceiveFb done
I20260914 17:58:33.471159 296812 dfly_bench.cc:926] Done queuing 4294967295 requests, which took 30.0s. Waiting for server processing
I20260914 17:58:33.471175 296808 dfly_bench.cc:926] Done queuing 4294967295 requests, which took 30.0s. Waiting for server processing
I20260914 17:58:33.471129 296809 dfly_bench.cc:926] Done queuing 4294967295 requests, which took 30.0s. Waiting for server processing
I20260914 17:58:33.471191 296812 dfly_bench.cc:926] Done queuing 4294967295 requests, which took 30.0s. Waiting for server processing
I20260914 17:58:33.471194 296813 dfly_bench.cc:1001] ReceiveFb done
I20260914 17:58:33.471065 296804 dfly_bench.cc:1001] ReceiveFb done
I20260914 17:58:33.471184 296803 dfly_bench.cc:1001] ReceiveFb done
I20260914 17:58:33.471177 296799 dfly_bench.cc:926] Done queuing 4294967295 requests, which took 30.0s. Waiting for server processing
I20260914 17:58:33.471156 296801 dfly_bench.cc:1001] ReceiveFb done
I20260914 17:58:33.471190 296805 dfly_bench.cc:1001] ReceiveFb done
I20260914 17:58:33.471177 296806 dfly_bench.cc:1001] ReceiveFb done
I20260914 17:58:33.471199 296808 dfly_bench.cc:926] Done queuing 4294967295 requests, which took 30.0s. Waiting for server processing
I20260914 17:58:33.471190 296798 dfly_bench.cc:1001] ReceiveFb done
I20260914 17:58:33.471131 296810 dfly_bench.cc:1001] ReceiveFb done
I20260914 17:58:33.471249 296801 dfly_bench.cc:1001] ReceiveFb done
I20260914 17:58:33.471249 296808 dfly_bench.cc:1001] ReceiveFb done
I20260914 17:58:33.471237 296804 dfly_bench.cc:1001] ReceiveFb done
I20260914 17:58:33.471060 296802 dfly_bench.cc:1001] ReceiveFb done
I20260914 17:58:33.471175 296811 dfly_bench.cc:1001] ReceiveFb done
I20260914 17:58:33.471279 296798 dfly_bench.cc:1001] ReceiveFb done
I20260914 17:58:33.471297 296804 dfly_bench.cc:1001] ReceiveFb done
I20260914 17:58:33.471247 296805 dfly_bench.cc:1001] ReceiveFb done
I20260914 17:58:33.471227 296813 dfly_bench.cc:1001] ReceiveFb done
I20260914 17:58:33.471318 296798 dfly_bench.cc:1001] ReceiveFb done
I20260914 17:58:33.471284 296810 dfly_bench.cc:1001] ReceiveFb done
I20260914 17:58:33.471308 296802 dfly_bench.cc:1001] ReceiveFb done
I20260914 17:58:33.471155 296800 dfly_bench.cc:1001] ReceiveFb done
I20260914 17:58:33.471292 296801 dfly_bench.cc:926] Done queuing 4294967295 requests, which took 30.0s. Waiting for server processing
I20260914 17:58:33.471249 296806 dfly_bench.cc:1001] ReceiveFb done
I20260914 17:58:33.471319 296804 dfly_bench.cc:1001] ReceiveFb done
I20260914 17:58:33.471184 296807 dfly_bench.cc:1001] ReceiveFb done
I20260914 17:58:33.471203 296812 dfly_bench.cc:926] Done queuing 4294967295 requests, which took 30.0s. Waiting for server processing
I20260914 17:58:33.471239 296799 dfly_bench.cc:926] Done queuing 4294967295 requests, which took 30.0s. Waiting for server processing
I20260914 17:58:33.471240 296803 dfly_bench.cc:1001] ReceiveFb done
I20260914 17:58:33.471355 296806 dfly_bench.cc:1001] ReceiveFb done
I20260914 17:58:33.471200 296809 dfly_bench.cc:926] Done queuing 4294967295 requests, which took 30.0s. Waiting for server processing
I20260914 17:58:33.471364 296807 dfly_bench.cc:1001] ReceiveFb done
I20260914 17:58:33.471346 296810 dfly_bench.cc:1001] ReceiveFb done
I20260914 17:58:33.471339 296801 dfly_bench.cc:926] Done queuing 4294967295 requests, which took 30.0s. Waiting for server processing
I20260914 17:58:33.471377 296803 dfly_bench.cc:1001] ReceiveFb done
I20260914 17:58:33.471359 296804 dfly_bench.cc:1001] ReceiveFb done
I20260914 17:58:33.471341 296813 dfly_bench.cc:1001] ReceiveFb done
I20260914 17:58:33.471391 296810 dfly_bench.cc:1001] ReceiveFb done
I20260914 17:58:33.471302 296808 dfly_bench.cc:1001] ReceiveFb done
I20260914 17:58:33.471357 296812 dfly_bench.cc:926] Done queuing 4294967295 requests, which took 30.0s. Waiting for server processing
I20260914 17:58:33.471369 296809 dfly_bench.cc:926] Done queuing 4294967295 requests, which took 30.0s. Waiting for server processing
I20260914 17:58:33.471413 296810 dfly_bench.cc:1001] ReceiveFb done
I20260914 17:58:33.471339 296805 dfly_bench.cc:1001] ReceiveFb done
I20260914 17:58:33.471345 296802 dfly_bench.cc:1001] ReceiveFb done
I20260914 17:58:33.471438 296810 dfly_bench.cc:1001] ReceiveFb done
I20260914 17:58:33.471349 296800 dfly_bench.cc:1001] ReceiveFb done
I20260914 17:58:33.471360 296799 dfly_bench.cc:926] Done queuing 4294967295 requests, which took 30.0s. Waiting for server processing
I20260914 17:58:33.471340 296798 dfly_bench.cc:1001] ReceiveFb done
I20260914 17:58:33.471462 296810 dfly_bench.cc:1001] ReceiveFb done
I20260914 17:58:33.471382 296801 dfly_bench.cc:926] Done queuing 4294967295 requests, which took 30.0s. Waiting for server processing
I20260914 17:58:33.471323 296811 dfly_bench.cc:1001] ReceiveFb done
I20260914 17:58:33.471467 296799 dfly_bench.cc:926] Done queuing 4294967295 requests, which took 30.0s. Waiting for server processing
I20260914 17:58:33.471454 296802 dfly_bench.cc:1001] ReceiveFb done
I20260914 17:58:33.471416 296809 dfly_bench.cc:926] Done queuing 4294967295 requests, which took 30.0s. Waiting for server processing
I20260914 17:58:33.471419 296813 dfly_bench.cc:1001] ReceiveFb done
I20260914 17:58:33.471380 296806 dfly_bench.cc:1001] ReceiveFb done
I20260914 17:58:33.471415 296812 dfly_bench.cc:926] Done queuing 4294967295 requests, which took 30.0s. Waiting for server processing
I20260914 17:58:33.471498 296802 dfly_bench.cc:1001] ReceiveFb done
I20260914 17:58:33.471514 296813 dfly_bench.cc:1001] ReceiveFb done
I20260914 17:58:33.471450 296805 dfly_bench.cc:1001] ReceiveFb done
I20260914 17:58:33.471527 296806 dfly_bench.cc:1001] ReceiveFb done
I20260914 17:58:33.471477 296801 dfly_bench.cc:926] Done queuing 4294967295 requests, which took 30.0s. Waiting for server processing
I20260914 17:58:33.471491 296811 dfly_bench.cc:1001] ReceiveFb done
I20260914 17:58:33.471539 296813 dfly_bench.cc:1001] ReceiveFb done
I20260914 17:58:33.471495 296809 dfly_bench.cc:926] Done queuing 4294967295 requests, which took 30.0s. Waiting for server processing
I20260914 17:58:33.471484 296810 dfly_bench.cc:1001] ReceiveFb done
I20260914 17:58:33.471549 296806 dfly_bench.cc:1001] ReceiveFb done
I20260914 17:58:33.471418 296803 dfly_bench.cc:1001] ReceiveFb done
I20260914 17:58:33.471484 296798 dfly_bench.cc:1001] ReceiveFb done
I20260914 17:58:33.471554 296811 dfly_bench.cc:1001] ReceiveFb done
I20260914 17:58:33.471488 296799 dfly_bench.cc:926] Done queuing 4294967295 requests, which took 30.0s. Waiting for server processing
I20260914 17:58:33.471472 296800 dfly_bench.cc:1001] ReceiveFb done
I20260914 17:58:33.471458 296808 dfly_bench.cc:926] Done queuing 4294967295 requests, which took 30.0s. Waiting for server processing
I20260914 17:58:33.471573 296803 dfly_bench.cc:1001] ReceiveFb done
I20260914 17:58:33.471576 296811 dfly_bench.cc:1001] ReceiveFb done
I20260914 17:58:33.471550 296809 dfly_bench.cc:926] Done queuing 4294967295 requests, which took 30.0s. Waiting for server processing
I20260914 17:58:33.471386 296807 dfly_bench.cc:1001] ReceiveFb done
I20260914 17:58:33.471609 296811 dfly_bench.cc:1001] ReceiveFb done
I20260914 17:58:33.471575 296806 dfly_bench.cc:1001] ReceiveFb done
I20260914 17:58:33.471414 296804 dfly_bench.cc:926] Done queuing 4294967295 requests, which took 30.0s. Waiting for server processing
I20260914 17:58:33.471621 296807 dfly_bench.cc:1001] ReceiveFb done
I20260914 17:58:33.471515 296812 dfly_bench.cc:926] Done queuing 4294967295 requests, which took 30.0s. Waiting for server processing
I20260914 17:58:33.471632 296811 dfly_bench.cc:1001] ReceiveFb done
I20260914 17:58:33.471573 296799 dfly_bench.cc:926] Done queuing 4294967295 requests, which took 30.0s. Waiting for server processing
I20260914 17:58:33.471575 296798 dfly_bench.cc:1001] ReceiveFb done
I20260914 17:58:33.471622 296803 dfly_bench.cc:926] Done queuing 4294967295 requests, which took 30.0s. Waiting for server processing
I20260914 17:58:33.471541 296801 dfly_bench.cc:926] Done queuing 4294967295 requests, which took 30.0s. Waiting for server processing
I20260914 17:58:33.471561 296813 dfly_bench.cc:1001] ReceiveFb done
I20260914 17:58:33.471663 296798 dfly_bench.cc:1001] ReceiveFb done
I20260914 17:58:33.471529 296802 dfly_bench.cc:1001] ReceiveFb done
I20260914 17:58:33.471571 296810 dfly_bench.cc:1001] ReceiveFb done
I20260914 17:58:33.471653 296811 dfly_bench.cc:1001] ReceiveFb done
I20260914 17:58:33.471592 296808 dfly_bench.cc:926] Done queuing 4294967295 requests, which took 30.0s. Waiting for server processing
I20260914 17:58:33.471597 296800 dfly_bench.cc:1001] ReceiveFb done
I20260914 17:58:33.471695 296810 dfly_bench.cc:1001] ReceiveFb done
I20260914 17:58:33.471699 296798 dfly_bench.cc:1001] ReceiveFb done
I20260914 17:58:33.471706 296800 dfly_bench.cc:1001] ReceiveFb done
I20260914 17:58:33.471627 296804 dfly_bench.cc:926] Done queuing 4294967295 requests, which took 30.0s. Waiting for server processing
I20260914 17:58:33.471659 296801 dfly_bench.cc:926] Done queuing 4294967295 requests, which took 30.0s. Waiting for server processing
I20260914 17:58:33.471684 296813 dfly_bench.cc:1001] ReceiveFb done
I20260914 17:58:33.471725 296798 dfly_bench.cc:1001] ReceiveFb done
I20260914 17:58:33.471606 296809 dfly_bench.cc:926] Done queuing 4294967295 requests, which took 30.0s. Waiting for server processing
I20260914 17:58:33.471643 296807 dfly_bench.cc:1001] ReceiveFb done
I20260914 17:58:33.471632 296806 dfly_bench.cc:1001] ReceiveFb done
I20260914 17:58:33.471743 296813 dfly_bench.cc:1001] ReceiveFb done
I20260914 17:58:33.471542 296805 dfly_bench.cc:1001] ReceiveFb done
I20260914 17:58:33.471746 296798 dfly_bench.cc:1001] ReceiveFb done
I20260914 17:58:33.471737 296809 dfly_bench.cc:926] Done queuing 4294967295 requests, which took 30.0s. Waiting for server processing
I20260914 17:58:33.471761 296806 dfly_bench.cc:1001] ReceiveFb done
I20260914 17:58:33.471634 296812 dfly_bench.cc:926] Done queuing 4294967295 requests, which took 30.0s. Waiting for server processing
I20260914 17:58:33.471752 296807 dfly_bench.cc:1001] ReceiveFb done
I20260914 17:58:33.471695 296808 dfly_bench.cc:926] Done queuing 4294967295 requests, which took 30.0s. Waiting for server processing
I20260914 17:58:33.471776 296812 dfly_bench.cc:926] Done queuing 4294967295 requests, which took 30.0s. Waiting for server processing
I20260914 17:58:33.471716 296810 dfly_bench.cc:1001] ReceiveFb done
I20260914 17:58:33.471657 296803 dfly_bench.cc:926] Done queuing 4294967295 requests, which took 30.0s. Waiting for server processing
I20260914 17:58:33.471767 296809 dfly_bench.cc:926] Done queuing 4294967295 requests, which took 30.0s. Waiting for server processing
I20260914 17:58:33.471788 296807 dfly_bench.cc:1001] ReceiveFb done
I20260914 17:58:33.471700 296811 dfly_bench.cc:1001] ReceiveFb done
I20260914 17:58:33.471644 296799 dfly_bench.cc:926] Done queuing 4294967295 requests, which took 30.0s. Waiting for server processing
I20260914 17:58:33.471725 296801 dfly_bench.cc:926] Done queuing 4294967295 requests, which took 30.0s. Waiting for server processing
I20260914 17:58:33.471773 296805 dfly_bench.cc:1001] ReceiveFb done
I20260914 17:58:33.471819 296811 dfly_bench.cc:1001] ReceiveFb done
I20260914 17:58:33.471786 296806 dfly_bench.cc:1001] ReceiveFb done
I20260914 17:58:33.471691 296802 dfly_bench.cc:1001] ReceiveFb done
I20260914 17:58:33.471837 296805 dfly_bench.cc:1001] ReceiveFb done
I20260914 17:58:33.471796 296803 dfly_bench.cc:926] Done queuing 4294967295 requests, which took 30.0s. Waiting for server processing
I20260914 17:58:33.471810 296810 dfly_bench.cc:1001] ReceiveFb done
I20260914 17:58:33.471849 296803 dfly_bench.cc:926] Done queuing 4294967295 requests, which took 30.0s. Waiting for server processing
I20260914 17:58:33.471859 296805 dfly_bench.cc:1001] ReceiveFb done
I20260914 17:58:33.471728 296800 dfly_bench.cc:1001] ReceiveFb done
I20260914 17:58:33.471824 296801 dfly_bench.cc:926] Done queuing 4294967295 requests, which took 30.0s. Waiting for server processing
I20260914 17:58:33.471720 296804 dfly_bench.cc:926] Done queuing 4294967295 requests, which took 30.0s. Waiting for server processing
I20260914 17:58:33.471779 296798 dfly_bench.cc:1001] ReceiveFb done
I20260914 17:58:33.471854 296802 dfly_bench.cc:1001] ReceiveFb done
I20260914 17:58:33.471767 296813 dfly_bench.cc:1001] ReceiveFb done
I20260914 17:58:33.471896 296802 dfly_bench.cc:1001] ReceiveFb done
I20260914 17:58:33.471815 296807 dfly_bench.cc:1001] ReceiveFb done
I20260914 17:58:33.471866 296810 dfly_bench.cc:1001] ReceiveFb done
I20260914 17:58:33.471882 296804 dfly_bench.cc:926] Done queuing 4294967295 requests, which took 30.0s. Waiting for server processing
I20260914 17:58:33.471886 296800 dfly_bench.cc:1001] ReceiveFb done
I20260914 17:58:33.471879 296805 dfly_bench.cc:1001] ReceiveFb done
I20260914 17:58:33.471935 296810 dfly_bench.cc:1001] ReceiveFb done
I20260914 17:58:33.471942 296800 dfly_bench.cc:1001] ReceiveFb done
I20260914 17:58:33.471860 296803 dfly_bench.cc:926] Done queuing 4294967295 requests, which took 30.0s. Waiting for server processing
I20260914 17:58:33.471956 296810 dfly_bench.cc:1001] ReceiveFb done
I20260914 17:58:33.471973 296803 dfly_bench.cc:926] Done queuing 4294967295 requests, which took 30.0s. Waiting for server processing
I20260914 17:58:33.471783 296808 dfly_bench.cc:926] Done queuing 4294967295 requests, which took 30.0s. Waiting for server processing
I20260914 17:58:33.471905 296798 dfly_bench.cc:1001] ReceiveFb done
I20260914 17:58:33.471853 296806 dfly_bench.cc:1001] ReceiveFb done
I20260914 17:58:33.471880 296801 dfly_bench.cc:926] Done queuing 4294967295 requests, which took 30.0s. Waiting for server processing
I20260914 17:58:33.471987 296803 dfly_bench.cc:926] Done queuing 4294967295 requests, which took 30.0s. Waiting for server processing
I20260914 17:58:33.471988 296808 dfly_bench.cc:926] Done queuing 4294967295 requests, which took 30.0s. Waiting for server processing
I20260914 17:58:33.471838 296811 dfly_bench.cc:1001] ReceiveFb done
I20260914 17:58:33.471994 296810 dfly_bench.cc:1001] ReceiveFb done
I20260914 17:58:33.472003 296808 dfly_bench.cc:926] Done queuing 4294967295 requests, which took 30.0s. Waiting for server processing
I20260914 17:58:33.471911 296813 dfly_bench.cc:1001] ReceiveFb done
I20260914 17:58:33.471801 296809 dfly_bench.cc:926] Done queuing 4294967295 requests, which took 30.0s. Waiting for server processing
I20260914 17:58:33.472026 296811 dfly_bench.cc:1001] ReceiveFb done
I20260914 17:58:33.472029 296813 dfly_bench.cc:1001] ReceiveFb done
I20260914 17:58:33.471812 296799 dfly_bench.cc:926] Done queuing 4294967295 requests, which took 30.0s. Waiting for server processing
I20260914 17:58:33.471926 296804 dfly_bench.cc:926] Done queuing 4294967295 requests, which took 30.0s. Waiting for server processing
I20260914 17:58:33.472054 296811 dfly_bench.cc:926] Done queuing 4294967295 requests, which took 30.0s. Waiting for server processing
I20260914 17:58:33.472059 296813 dfly_bench.cc:1001] ReceiveFb done
I20260914 17:58:33.472064 296811 dfly_bench.cc:926] Done queuing 4294967295 requests, which took 30.0s. Waiting for server processing
I20260914 17:58:33.471922 296807 dfly_bench.cc:1001] ReceiveFb done
I20260914 17:58:33.471963 296805 dfly_bench.cc:1001] ReceiveFb done
I20260914 17:58:33.471963 296800 dfly_bench.cc:1001] ReceiveFb done
I20260914 17:58:33.471999 296798 dfly_bench.cc:1001] ReceiveFb done
I20260914 17:58:33.472082 296813 dfly_bench.cc:1001] ReceiveFb done
I20260914 17:58:33.472090 296807 dfly_bench.cc:1001] ReceiveFb done
I20260914 17:58:33.472095 296805 dfly_bench.cc:1001] ReceiveFb done
I20260914 17:58:33.472004 296806 dfly_bench.cc:1001] ReceiveFb done
I20260914 17:58:33.472074 296811 dfly_bench.cc:926] Done queuing 4294967295 requests, which took 30.0s. Waiting for server processing
I20260914 17:58:33.472048 296799 dfly_bench.cc:926] Done queuing 4294967295 requests, which took 30.0s. Waiting for server processing
I20260914 17:58:33.472019 296810 dfly_bench.cc:1001] ReceiveFb done
I20260914 17:58:33.472121 296806 dfly_bench.cc:1001] ReceiveFb done
I20260914 17:58:33.472105 296800 dfly_bench.cc:926] Done queuing 4294967295 requests, which took 30.0s. Waiting for server processing
I20260914 17:58:33.472114 296813 dfly_bench.cc:1001] ReceiveFb done
I20260914 17:58:33.472065 296809 dfly_bench.cc:1001] ReceiveFb done
I20260914 17:58:33.472139 296810 dfly_bench.cc:1001] ReceiveFb done
I20260914 17:58:33.472115 296807 dfly_bench.cc:1001] ReceiveFb done
I20260914 17:58:33.472034 296808 dfly_bench.cc:926] Done queuing 4294967295 requests, which took 30.0s. Waiting for server processing
I20260914 17:58:33.472162 296808 dfly_bench.cc:926] Done queuing 4294967295 requests, which took 30.0s. Waiting for server processing
I20260914 17:58:33.472160 296810 dfly_bench.cc:1001] ReceiveFb done
I20260914 17:58:33.471918 296802 dfly_bench.cc:1001] ReceiveFb done
I20260914 17:58:33.472190 296808 dfly_bench.cc:926] Done queuing 4294967295 requests, which took 30.0s. Waiting for server processing
I20260914 17:58:33.472049 296804 dfly_bench.cc:926] Done queuing 4294967295 requests, which took 30.0s. Waiting for server processing
I20260914 17:58:33.472198 296808 dfly_bench.cc:926] Done queuing 4294967295 requests, which took 30.0s. Waiting for server processing
I20260914 17:58:33.472204 296804 dfly_bench.cc:926] Done queuing 4294967295 requests, which took 30.0s. Waiting for server processing
I20260914 17:58:33.472208 296808 dfly_bench.cc:926] Done queuing 4294967295 requests, which took 30.0s. Waiting for server processing
I20260914 17:58:33.472213 296802 dfly_bench.cc:1001] ReceiveFb done
I20260914 17:58:33.472215 296804 dfly_bench.cc:926] Done queuing 4294967295 requests, which took 30.0s. Waiting for server processing
I20260914 17:58:33.472129 296812 dfly_bench.cc:1001] ReceiveFb done
I20260914 17:58:33.472114 296805 dfly_bench.cc:1001] ReceiveFb done
I20260914 17:58:33.472231 296802 dfly_bench.cc:1001] ReceiveFb done
I20260914 17:58:33.472103 296798 dfly_bench.cc:1001] ReceiveFb done
I20260914 17:58:33.472247 296812 dfly_bench.cc:1001] ReceiveFb done
I20260914 17:58:33.472251 296805 dfly_bench.cc:1001] ReceiveFb done
I20260914 17:58:33.472254 296802 dfly_bench.cc:1001] ReceiveFb done
I20260914 17:58:33.472261 296798 dfly_bench.cc:1001] ReceiveFb done
I20260914 17:58:33.472112 296811 dfly_bench.cc:926] Done queuing 4294967295 requests, which took 30.0s. Waiting for server processing
I20260914 17:58:33.472121 296799 dfly_bench.cc:926] Done queuing 4294967295 requests, which took 30.0s. Waiting for server processing
I20260914 17:58:33.472169 296809 dfly_bench.cc:1001] ReceiveFb done
I20260914 17:58:33.472155 296813 dfly_bench.cc:1001] ReceiveFb done
I20260914 17:58:33.472162 296807 dfly_bench.cc:1001] ReceiveFb done
I20260914 17:58:33.472288 296801 dfly_bench.cc:926] Done queuing 4294967295 requests, which took 30.0s. Waiting for server processing
I20260914 17:58:33.472218 296808 dfly_bench.cc:926] Done queuing 4294967295 requests, which took 30.0s. Waiting for server processing
I20260914 17:58:33.472200 296810 dfly_bench.cc:1001] ReceiveFb done
I20260914 17:58:33.472292 296811 dfly_bench.cc:926] Done queuing 4294967295 requests, which took 30.0s. Waiting for server processing
I20260914 17:58:33.472144 296806 dfly_bench.cc:1001] ReceiveFb done
I20260914 17:58:33.472137 296800 dfly_bench.cc:926] Done queuing 4294967295 requests, which took 30.0s. Waiting for server processing
I20260914 17:58:33.472371 296810 dfly_bench.cc:1001] ReceiveFb done
I20260914 17:58:33.472291 296798 dfly_bench.cc:1001] ReceiveFb done
I20260914 17:58:33.472378 296806 dfly_bench.cc:1001] ReceiveFb done
I20260914 17:58:33.472376 296800 dfly_bench.cc:926] Done queuing 4294967295 requests, which took 30.0s. Waiting for server processing
I20260914 17:58:33.472270 296812 dfly_bench.cc:1001] ReceiveFb done
I20260914 17:58:33.472390 296800 dfly_bench.cc:926] Done queuing 4294967295 requests, which took 30.0s. Waiting for server processing
I20260914 17:58:33.472404 296800 dfly_bench.cc:926] Done queuing 4294967295 requests, which took 30.0s. Waiting for server processing
I20260914 17:58:33.472398 296808 dfly_bench.cc:1001] ReceiveFb done
I20260914 17:58:33.472410 296800 dfly_bench.cc:926] Done queuing 4294967295 requests, which took 30.0s. Waiting for server processing
I20260914 17:58:33.472321 296809 dfly_bench.cc:1001] ReceiveFb done
I20260914 17:58:33.472282 296802 dfly_bench.cc:1001] ReceiveFb done
I20260914 17:58:33.472432 296808 dfly_bench.cc:1001] ReceiveFb done
I20260914 17:58:33.472270 296805 dfly_bench.cc:1001] ReceiveFb done
I20260914 17:58:33.472313 296801 dfly_bench.cc:926] Done queuing 4294967295 requests, which took 30.0s. Waiting for server processing
I20260914 17:58:33.472421 296800 dfly_bench.cc:926] Done queuing 4294967295 requests, which took 30.0s. Waiting for server processing
I20260914 17:58:33.472407 296812 dfly_bench.cc:1001] ReceiveFb done
I20260914 17:58:33.472400 296798 dfly_bench.cc:926] Done queuing 4294967295 requests, which took 30.0s. Waiting for server processing
I20260914 17:58:33.472318 296807 dfly_bench.cc:1001] ReceiveFb done
I20260914 17:58:33.472471 296812 dfly_bench.cc:1001] ReceiveFb done
I20260914 17:58:33.472390 296810 dfly_bench.cc:1001] ReceiveFb done
I20260914 17:58:33.472453 296800 dfly_bench.cc:926] Done queuing 4294967295 requests, which took 30.0s. Waiting for server processing
I20260914 17:58:33.472441 296803 dfly_bench.cc:926] Done queuing 4294967295 requests, which took 30.0s. Waiting for server processing
I20260914 17:58:33.472492 296804 dfly_bench.cc:926] Done queuing 4294967295 requests, which took 30.0s. Waiting for server processing
I20260914 17:58:33.472501 296807 dfly_bench.cc:1001] ReceiveFb done
I20260914 17:58:33.472505 296804 dfly_bench.cc:926] Done queuing 4294967295 requests, which took 30.0s. Waiting for server processing
I20260914 17:58:33.472468 296798 dfly_bench.cc:926] Done queuing 4294967295 requests, which took 30.0s. Waiting for server processing
I20260914 17:58:33.472517 296804 dfly_bench.cc:926] Done queuing 4294967295 requests, which took 30.0s. Waiting for server processing
I20260914 17:58:33.472525 296804 dfly_bench.cc:926] Done queuing 4294967295 requests, which took 30.0s. Waiting for server processing
I20260914 17:58:33.472317 296813 dfly_bench.cc:1001] ReceiveFb done
I20260914 17:58:33.472500 296803 dfly_bench.cc:926] Done queuing 4294967295 requests, which took 30.0s. Waiting for server processing
I20260914 17:58:33.472477 296805 dfly_bench.cc:926] Done queuing 4294967295 requests, which took 30.0s. Waiting for server processing
I20260914 17:58:33.472553 296813 dfly_bench.cc:1001] ReceiveFb done
I20260914 17:58:33.472549 296803 dfly_bench.cc:926] Done queuing 4294967295 requests, which took 30.0s. Waiting for server processing
I20260914 17:58:33.472452 296802 dfly_bench.cc:1001] ReceiveFb done
I20260914 17:58:33.472447 296801 dfly_bench.cc:926] Done queuing 4294967295 requests, which took 30.0s. Waiting for server processing
I20260914 17:58:33.472399 296806 dfly_bench.cc:1001] ReceiveFb done
I20260914 17:58:33.472580 296802 dfly_bench.cc:1001] ReceiveFb done
I20260914 17:58:33.472498 296812 dfly_bench.cc:1001] ReceiveFb done
I20260914 17:58:33.472536 296804 dfly_bench.cc:926] Done queuing 4294967295 requests, which took 30.0s. Waiting for server processing
I20260914 17:58:33.472494 296800 dfly_bench.cc:926] Done queuing 4294967295 requests, which took 30.0s. Waiting for server processing
I20260914 17:58:33.472522 296798 dfly_bench.cc:926] Done queuing 4294967295 requests, which took 30.0s. Waiting for server processing
I20260914 17:58:33.472506 296810 dfly_bench.cc:1001] ReceiveFb done
I20260914 17:58:33.472608 296812 dfly_bench.cc:1001] ReceiveFb done
I20260914 17:58:33.472445 296809 dfly_bench.cc:1001] ReceiveFb done
I20260914 17:58:33.472522 296807 dfly_bench.cc:1001] ReceiveFb done
I20260914 17:58:33.472550 296805 dfly_bench.cc:926] Done queuing 4294967295 requests, which took 30.0s. Waiting for server processing
I20260914 17:58:33.472601 296804 dfly_bench.cc:926] Done queuing 4294967295 requests, which took 30.0s. Waiting for server processing
I20260914 17:58:33.472595 296806 dfly_bench.cc:1001] ReceiveFb done
I20260914 17:58:33.472455 296808 dfly_bench.cc:1001] ReceiveFb done
I20260914 17:58:33.472494 296799 dfly_bench.cc:1001] ReceiveFb done
I20260914 17:58:33.472636 296812 dfly_bench.cc:1001] ReceiveFb done
I20260914 17:58:33.472604 296802 dfly_bench.cc:1001] ReceiveFb done
I20260914 17:58:33.472640 296805 dfly_bench.cc:926] Done queuing 4294967295 requests, which took 30.0s. Waiting for server processing
I20260914 17:58:33.472576 296813 dfly_bench.cc:1001] ReceiveFb done
I20260914 17:58:33.472654 296810 dfly_bench.cc:926] Done queuing 4294967295 requests, which took 30.0s. Waiting for server processing
I20260914 17:58:33.472574 296801 dfly_bench.cc:926] Done queuing 4294967295 requests, which took 30.0s. Waiting for server processing
I20260914 17:58:33.472615 296800 dfly_bench.cc:926] Done queuing 4294967295 requests, which took 30.0s. Waiting for server processing
I20260914 17:58:33.472674 296805 dfly_bench.cc:926] Done queuing 4294967295 requests, which took 30.0s. Waiting for server processing
I20260914 17:58:33.472643 296804 dfly_bench.cc:1001] ReceiveFb done
I20260914 17:58:33.472646 296807 dfly_bench.cc:1001] ReceiveFb done
I20260914 17:58:33.472680 296812 dfly_bench.cc:1001] ReceiveFb done
I20260914 17:58:33.472565 296803 dfly_bench.cc:926] Done queuing 4294967295 requests, which took 30.0s. Waiting for server processing
I20260914 17:58:33.472681 296801 dfly_bench.cc:926] Done queuing 4294967295 requests, which took 30.0s. Waiting for server processing
I20260914 17:58:33.472702 296807 dfly_bench.cc:1001] ReceiveFb done
I20260914 17:58:33.472687 296808 dfly_bench.cc:1001] ReceiveFb done
I20260914 17:58:33.472692 296813 dfly_bench.cc:1001] ReceiveFb done
I20260914 17:58:33.472684 296805 dfly_bench.cc:926] Done queuing 4294967295 requests, which took 30.0s. Waiting for server processing
I20260914 17:58:33.472723 296807 dfly_bench.cc:1001] ReceiveFb done
I20260914 17:58:33.472636 296809 dfly_bench.cc:1001] ReceiveFb done
I20260914 17:58:33.472743 296808 dfly_bench.cc:1001] ReceiveFb done
I20260914 17:58:33.472695 296803 dfly_bench.cc:1001] ReceiveFb done
I20260914 17:58:33.472674 296806 dfly_bench.cc:1001] ReceiveFb done
I20260914 17:58:33.472694 296799 dfly_bench.cc:926] Done queuing 4294967295 requests, which took 30.0s. Waiting for server processing
I20260914 17:58:33.472725 296805 dfly_bench.cc:926] Done queuing 4294967295 requests, which took 30.0s. Waiting for server processing
I20260914 17:58:33.472759 296807 dfly_bench.cc:1001] ReceiveFb done
I20260914 17:58:33.472615 296798 dfly_bench.cc:926] Done queuing 4294967295 requests, which took 30.0s. Waiting for server processing
I20260914 17:58:33.472771 296799 dfly_bench.cc:926] Done queuing 4294967295 requests, which took 30.0s. Waiting for server processing
I20260914 17:58:33.472687 296802 dfly_bench.cc:1001] ReceiveFb done
I20260914 17:58:33.472733 296813 dfly_bench.cc:1001] ReceiveFb done
I20260914 17:58:33.472678 296810 dfly_bench.cc:926] Done queuing 4294967295 requests, which took 30.0s. Waiting for server processing
I20260914 17:58:33.472707 296812 dfly_bench.cc:1001] ReceiveFb done
I20260914 17:58:33.472801 296811 dfly_bench.cc:926] Done queuing 4294967295 requests, which took 30.0s. Waiting for server processing
I20260914 17:58:33.472767 296809 dfly_bench.cc:1001] ReceiveFb done
I20260914 17:58:33.472812 296810 dfly_bench.cc:926] Done queuing 4294967295 requests, which took 30.0s. Waiting for server processing
I20260914 17:58:33.472774 296803 dfly_bench.cc:1001] ReceiveFb done
I20260914 17:58:33.472805 296808 dfly_bench.cc:926] Done queuing 4294967295 requests, which took 30.0s. Waiting for server processing
I20260914 17:58:33.472831 296812 dfly_bench.cc:1001] ReceiveFb done
I20260914 17:58:33.472697 296804 dfly_bench.cc:1001] ReceiveFb done
I20260914 17:58:33.472823 296810 dfly_bench.cc:926] Done queuing 4294967295 requests, which took 30.0s. Waiting for server processing
I20260914 17:58:33.472797 296807 dfly_bench.cc:1001] ReceiveFb done
I20260914 17:58:33.472820 296813 dfly_bench.cc:1001] ReceiveFb done
I20260914 17:58:33.472841 296808 dfly_bench.cc:926] Done queuing 4294967295 requests, which took 30.0s. Waiting for server processing
I20260914 17:58:33.472827 296809 dfly_bench.cc:1001] ReceiveFb done
I20260914 17:58:33.472855 296804 dfly_bench.cc:1001] ReceiveFb done
I20260914 17:58:33.472862 296807 dfly_bench.cc:1001] ReceiveFb done
I20260914 17:58:33.472806 296799 dfly_bench.cc:926] Done queuing 4294967295 requests, which took 30.0s. Waiting for server processing
I20260914 17:58:33.472780 296806 dfly_bench.cc:1001] ReceiveFb done
I20260914 17:58:33.472852 296812 dfly_bench.cc:1001] ReceiveFb done
I20260914 17:58:33.472707 296801 dfly_bench.cc:926] Done queuing 4294967295 requests, which took 30.0s. Waiting for server processing
I20260914 17:58:33.472815 296811 dfly_bench.cc:926] Done queuing 4294967295 requests, which took 30.0s. Waiting for server processing
I20260914 17:58:33.472851 296810 dfly_bench.cc:926] Done queuing 4294967295 requests, which took 30.0s. Waiting for server processing
I20260914 17:58:33.472913 296810 dfly_bench.cc:926] Done queuing 4294967295 requests, which took 30.0s. Waiting for server processing
I20260914 17:58:33.472862 296808 dfly_bench.cc:926] Done queuing 4294967295 requests, which took 30.0s. Waiting for server processing
I20260914 17:58:33.472838 296803 dfly_bench.cc:1001] ReceiveFb done
I20260914 17:58:33.472929 296808 dfly_bench.cc:926] Done queuing 4294967295 requests, which took 30.0s. Waiting for server processing
I20260914 17:58:33.472880 296813 dfly_bench.cc:1001] ReceiveFb done
I20260914 17:58:33.472937 296808 dfly_bench.cc:926] Done queuing 4294967295 requests, which took 30.0s. Waiting for server processing
I20260914 17:58:33.472949 296813 dfly_bench.cc:1001] ReceiveFb done
I20260914 17:58:33.472895 296807 dfly_bench.cc:1001] ReceiveFb done
I20260914 17:58:33.472947 296808 dfly_bench.cc:926] Done queuing 4294967295 requests, which took 30.0s. Waiting for server processing
I20260914 17:58:33.472904 296812 dfly_bench.cc:1001] ReceiveFb done
I20260914 17:58:33.472815 296802 dfly_bench.cc:1001] ReceiveFb done
I20260914 17:58:33.472906 296799 dfly_bench.cc:1001] ReceiveFb done
I20260914 17:58:33.472890 296804 dfly_bench.cc:1001] ReceiveFb done
I20260914 17:58:33.472908 296811 dfly_bench.cc:926] Done queuing 4294967295 requests, which took 30.0s. Waiting for server processing
I20260914 17:58:33.472945 296803 dfly_bench.cc:1001] ReceiveFb done
I20260914 17:58:33.472980 296807 dfly_bench.cc:1001] ReceiveFb done
I20260914 17:58:33.472898 296801 dfly_bench.cc:926] Done queuing 4294967295 requests, which took 30.0s. Waiting for server processing
I20260914 17:58:33.472996 296804 dfly_bench.cc:1001] ReceiveFb done
I20260914 17:58:33.472987 296802 dfly_bench.cc:1001] ReceiveFb done
I20260914 17:58:33.472995 296799 dfly_bench.cc:1001] ReceiveFb done
I20260914 17:58:33.472903 296806 dfly_bench.cc:1001] ReceiveFb done
I20260914 17:58:33.473014 296801 dfly_bench.cc:1001] ReceiveFb done
I20260914 17:58:33.472891 296809 dfly_bench.cc:1001] ReceiveFb done
I20260914 17:58:33.472983 296812 dfly_bench.cc:1001] ReceiveFb done
I20260914 17:58:33.473033 296804 dfly_bench.cc:1001] ReceiveFb done
I20260914 17:58:33.473049 296812 dfly_bench.cc:1001] ReceiveFb done
I20260914 17:58:33.473042 296806 dfly_bench.cc:1001] ReceiveFb done
I20260914 17:58:33.473016 296803 dfly_bench.cc:1001] ReceiveFb done
I20260914 17:58:33.473047 296809 dfly_bench.cc:1001] ReceiveFb done
I20260914 17:58:33.473039 296802 dfly_bench.cc:1001] ReceiveFb done
I20260914 17:58:33.472988 296811 dfly_bench.cc:926] Done queuing 4294967295 requests, which took 30.0s. Waiting for server processing
I20260914 17:58:33.473021 296807 dfly_bench.cc:1001] ReceiveFb done
I20260914 17:58:33.473055 296804 dfly_bench.cc:1001] ReceiveFb done
I20260914 17:58:33.473090 296809 dfly_bench.cc:1001] ReceiveFb done
I20260914 17:58:33.473042 296801 dfly_bench.cc:1001] ReceiveFb done
I20260914 17:58:33.472980 296813 dfly_bench.cc:1001] ReceiveFb done
I20260914 17:58:33.473037 296799 dfly_bench.cc:1001] ReceiveFb done
I20260914 17:58:33.473073 296806 dfly_bench.cc:1001] ReceiveFb done
I20260914 17:58:33.473071 296812 dfly_bench.cc:1001] ReceiveFb done
I20260914 17:58:33.473076 296803 dfly_bench.cc:1001] ReceiveFb done
I20260914 17:58:33.473084 296811 dfly_bench.cc:926] Done queuing 4294967295 requests, which took 30.0s. Waiting for server processing
I20260914 17:58:33.473086 296808 dfly_bench.cc:1001] ReceiveFb done
I20260914 17:58:33.473109 296807 dfly_bench.cc:1001] ReceiveFb done
I20260914 17:58:33.473114 296809 dfly_bench.cc:1001] ReceiveFb done
I20260914 17:58:33.473126 296803 dfly_bench.cc:1001] ReceiveFb done
I20260914 17:58:33.473132 296808 dfly_bench.cc:1001] ReceiveFb done
I20260914 17:58:33.473073 296800 dfly_bench.cc:1001] ReceiveFb done
I20260914 17:58:33.473124 296799 dfly_bench.cc:1001] ReceiveFb done
I20260914 17:58:33.473121 296813 dfly_bench.cc:1001] ReceiveFb done
I20260914 17:58:33.473165 296808 dfly_bench.cc:1001] ReceiveFb done
I20260914 17:58:33.473109 296804 dfly_bench.cc:1001] ReceiveFb done
I20260914 17:58:33.473150 296809 dfly_bench.cc:1001] ReceiveFb done
I20260914 17:58:33.473158 296800 dfly_bench.cc:1001] ReceiveFb done
I20260914 17:58:33.473119 296801 dfly_bench.cc:1001] ReceiveFb done
I20260914 17:58:33.473145 296807 dfly_bench.cc:1001] ReceiveFb done
I20260914 17:58:33.473126 296806 dfly_bench.cc:926] Done queuing 4294967295 requests, which took 30.0s. Waiting for server processing
I20260914 17:58:33.473186 296799 dfly_bench.cc:1001] ReceiveFb done
I20260914 17:58:33.473224 296807 dfly_bench.cc:1001] ReceiveFb done
I20260914 17:58:33.473222 296806 dfly_bench.cc:926] Done queuing 4294967295 requests, which took 30.0s. Waiting for server processing
I20260914 17:58:33.473117 296811 dfly_bench.cc:1001] ReceiveFb done
I20260914 17:58:33.473234 296806 dfly_bench.cc:926] Done queuing 4294967295 requests, which took 30.0s. Waiting for server processing
I20260914 17:58:33.473192 296809 dfly_bench.cc:1001] ReceiveFb done
I20260914 17:58:33.473196 296800 dfly_bench.cc:1001] ReceiveFb done
I20260914 17:58:33.473170 296798 dfly_bench.cc:1001] ReceiveFb done
I20260914 17:58:33.473133 296812 dfly_bench.cc:926] Done queuing 4294967295 requests, which took 30.0s. Waiting for server processing
I20260914 17:58:33.473201 296801 dfly_bench.cc:1001] ReceiveFb done
I20260914 17:58:33.473186 296808 dfly_bench.cc:1001] ReceiveFb done
I20260914 17:58:33.473243 296799 dfly_bench.cc:1001] ReceiveFb done
I20260914 17:58:33.473181 296813 dfly_bench.cc:926] Done queuing 4294967295 requests, which took 30.0s. Waiting for server processing
I20260914 17:58:33.473266 296800 dfly_bench.cc:1001] ReceiveFb done
I20260914 17:58:33.473253 296811 dfly_bench.cc:1001] ReceiveFb done
I20260914 17:58:33.473251 296805 dfly_bench.cc:926] Done queuing 4294967295 requests, which took 30.0s. Waiting for server processing
I20260914 17:58:33.473286 296801 dfly_bench.cc:1001] ReceiveFb done
I20260914 17:58:33.473282 296813 dfly_bench.cc:926] Done queuing 4294967295 requests, which took 30.0s. Waiting for server processing
I20260914 17:58:33.473294 296803 dfly_bench.cc:1001] ReceiveFb done
I20260914 17:58:33.473296 296805 dfly_bench.cc:926] Done queuing 4294967295 requests, which took 30.0s. Waiting for server processing
I20260914 17:58:33.473289 296799 dfly_bench.cc:1001] ReceiveFb done
I20260914 17:58:33.473261 296809 dfly_bench.cc:1001] ReceiveFb done
I20260914 17:58:33.473304 296808 dfly_bench.cc:1001] ReceiveFb done
I20260914 17:58:33.473316 296803 dfly_bench.cc:1001] ReceiveFb done
I20260914 17:58:33.473269 296798 dfly_bench.cc:1001] ReceiveFb done
I20260914 17:58:33.473306 296805 dfly_bench.cc:926] Done queuing 4294967295 requests, which took 30.0s. Waiting for server processing
I20260914 17:58:33.473330 296809 dfly_bench.cc:1001] ReceiveFb done
I20260914 17:58:33.473337 296803 dfly_bench.cc:1001] ReceiveFb done
I20260914 17:58:33.473306 296801 dfly_bench.cc:1001] ReceiveFb done
I20260914 17:58:33.473301 296811 dfly_bench.cc:1001] ReceiveFb done
I20260914 17:58:33.473352 296809 dfly_bench.cc:1001] ReceiveFb done
I20260914 17:58:33.473358 296803 dfly_bench.cc:1001] ReceiveFb done
I20260914 17:58:33.473299 296800 dfly_bench.cc:1001] ReceiveFb done
I20260914 17:58:33.473371 296809 dfly_bench.cc:1001] ReceiveFb done
I20260914 17:58:33.473379 296803 dfly_bench.cc:926] Done queuing 4294967295 requests, which took 30.0s. Waiting for server processing
I20260914 17:58:33.473384 296800 dfly_bench.cc:1001] ReceiveFb done
I20260914 17:58:33.473338 296798 dfly_bench.cc:1001] ReceiveFb done
I20260914 17:58:33.473320 296799 dfly_bench.cc:1001] ReceiveFb done
I20260914 17:58:33.473408 296803 dfly_bench.cc:926] Done queuing 4294967295 requests, which took 30.0s. Waiting for server processing
I20260914 17:58:33.473356 296804 dfly_bench.cc:1001] ReceiveFb done
I20260914 17:58:33.473333 296805 dfly_bench.cc:926] Done queuing 4294967295 requests, which took 30.0s. Waiting for server processing
I20260914 17:58:33.473243 296807 dfly_bench.cc:1001] ReceiveFb done
I20260914 17:58:33.473394 296809 dfly_bench.cc:1001] ReceiveFb done
I20260914 17:58:33.473403 296798 dfly_bench.cc:1001] ReceiveFb done
I20260914 17:58:33.473343 296808 dfly_bench.cc:1001] ReceiveFb done
I20260914 17:58:33.473428 296805 dfly_bench.cc:1001] ReceiveFb done
I20260914 17:58:33.473433 296804 dfly_bench.cc:1001] ReceiveFb done
I20260914 17:58:33.473404 296800 dfly_bench.cc:1001] ReceiveFb done
I20260914 17:58:33.473364 296801 dfly_bench.cc:1001] ReceiveFb done
I20260914 17:58:33.473440 296809 dfly_bench.cc:1001] ReceiveFb done
I20260914 17:58:33.473369 296811 dfly_bench.cc:1001] ReceiveFb done
I20260914 17:58:33.473456 296800 dfly_bench.cc:1001] ReceiveFb done
I20260914 17:58:33.473418 296803 dfly_bench.cc:926] Done queuing 4294967295 requests, which took 30.0s. Waiting for server processing
I20260914 17:58:33.473462 296804 dfly_bench.cc:1001] ReceiveFb done
I20260914 17:58:33.473460 296801 dfly_bench.cc:1001] ReceiveFb done
I20260914 17:58:33.473448 296805 dfly_bench.cc:1001] ReceiveFb done
I20260914 17:58:33.473469 296803 dfly_bench.cc:926] Done queuing 4294967295 requests, which took 30.0s. Waiting for server processing
I20260914 17:58:33.473474 296800 dfly_bench.cc:1001] ReceiveFb done
I20260914 17:58:33.473461 296809 dfly_bench.cc:1001] ReceiveFb done
I20260914 17:58:33.473471 296811 dfly_bench.cc:1001] ReceiveFb done
I20260914 17:58:33.473484 296801 dfly_bench.cc:1001] ReceiveFb done
I20260914 17:58:33.473481 296804 dfly_bench.cc:1001] ReceiveFb done
I20260914 17:58:33.473474 296810 dfly_bench.cc:1001] ReceiveFb done
I20260914 17:58:33.473500 296809 dfly_bench.cc:1001] ReceiveFb done
I20260914 17:58:33.473482 296803 dfly_bench.cc:926] Done queuing 4294967295 requests, which took 30.0s. Waiting for server processing
I20260914 17:58:33.473526 296809 dfly_bench.cc:926] Done queuing 4294967295 requests, which took 30.0s. Waiting for server processing
I20260914 17:58:33.473516 296804 dfly_bench.cc:1001] ReceiveFb done
I20260914 17:58:33.473428 296799 dfly_bench.cc:1001] ReceiveFb done
I20260914 17:58:33.473500 296800 dfly_bench.cc:1001] ReceiveFb done
I20260914 17:58:33.473510 296811 dfly_bench.cc:926] Done queuing 4294967295 requests, which took 30.0s. Waiting for server processing
I20260914 17:58:33.473546 296809 dfly_bench.cc:926] Done queuing 4294967295 requests, which took 30.0s. Waiting for server processing
I20260914 17:58:33.473472 296808 dfly_bench.cc:1001] ReceiveFb done
I20260914 17:58:33.473552 296804 dfly_bench.cc:1001] ReceiveFb done
I20260914 17:58:33.473523 296798 dfly_bench.cc:1126] Total hits: 2067421
I20260914 17:58:33.473556 296809 dfly_bench.cc:926] Done queuing 4294967295 requests, which took 30.0s. Waiting for server processing
I20260914 17:58:33.473555 296799 dfly_bench.cc:1001] ReceiveFb done
I20260914 17:58:33.473570 296802 dfly_bench.cc:926] Done queuing 4294967295 requests, which took 30.0s. Waiting for server processing
I20260914 17:58:33.473520 296810 dfly_bench.cc:1001] ReceiveFb done
I20260914 17:58:33.473577 296812 dfly_bench.cc:926] Done queuing 4294967295 requests, which took 30.0s. Waiting for server processing
I20260914 17:58:33.473582 296802 dfly_bench.cc:926] Done queuing 4294967295 requests, which took 30.0s. Waiting for server processing
I20260914 17:58:33.473485 296805 dfly_bench.cc:1001] ReceiveFb done
I20260914 17:58:33.473587 296808 dfly_bench.cc:1001] ReceiveFb done
I20260914 17:58:33.473587 296812 dfly_bench.cc:926] Done queuing 4294967295 requests, which took 30.0s. Waiting for server processing
I20260914 17:58:33.473603 296803 dfly_bench.cc:1001] ReceiveFb done
I20260914 17:58:33.473588 296799 dfly_bench.cc:1001] ReceiveFb done
I20260914 17:58:33.473603 296805 dfly_bench.cc:1001] ReceiveFb done
I20260914 17:58:33.473595 296802 dfly_bench.cc:1001] ReceiveFb done
I20260914 17:58:33.473624 296799 dfly_bench.cc:1001] ReceiveFb done
I20260914 17:58:33.473629 296805 dfly_bench.cc:1001] ReceiveFb done
I20260914 17:58:33.473623 296808 dfly_bench.cc:1001] ReceiveFb done
I20260914 17:58:33.473609 296812 dfly_bench.cc:926] Done queuing 4294967295 requests, which took 30.0s. Waiting for server processing
I20260914 17:58:33.473647 296805 dfly_bench.cc:1001] ReceiveFb done
I20260914 17:58:33.473637 296802 dfly_bench.cc:1001] ReceiveFb done
I20260914 17:58:33.473656 296808 dfly_bench.cc:1001] ReceiveFb done
I20260914 17:58:33.473646 296812 dfly_bench.cc:926] Done queuing 4294967295 requests, which took 30.0s. Waiting for server processing
I20260914 17:58:33.473645 296811 dfly_bench.cc:1001] ReceiveFb done
I20260914 17:58:33.473609 296810 dfly_bench.cc:1001] ReceiveFb done
I20260914 17:58:33.473623 296803 dfly_bench.cc:1001] ReceiveFb done
I20260914 17:58:33.473671 296812 dfly_bench.cc:926] Done queuing 4294967295 requests, which took 30.0s. Waiting for server processing
I20260914 17:58:33.473659 296806 dfly_bench.cc:1001] ReceiveFb done
I20260914 17:58:33.473687 296812 dfly_bench.cc:926] Done queuing 4294967295 requests, which took 30.0s. Waiting for server processing
I20260914 17:58:33.473702 296806 dfly_bench.cc:1001] ReceiveFb done
I20260914 17:58:33.473687 296810 dfly_bench.cc:1001] ReceiveFb done
I20260914 17:58:33.473706 296812 dfly_bench.cc:1001] ReceiveFb done
I20260914 17:58:33.473697 296808 dfly_bench.cc:1001] ReceiveFb done
I20260914 17:58:33.473723 296806 dfly_bench.cc:1001] ReceiveFb done
I20260914 17:58:33.473732 296810 dfly_bench.cc:1001] ReceiveFb done
I20260914 17:58:33.473695 296801 dfly_bench.cc:1001] ReceiveFb done
I20260914 17:58:33.473693 296804 dfly_bench.cc:1126] Total hits: 2007642
I20260914 17:58:33.473649 296799 dfly_bench.cc:1001] ReceiveFb done
I20260914 17:58:33.473683 296811 dfly_bench.cc:1001] ReceiveFb done
I20260914 17:58:33.473690 296802 dfly_bench.cc:926] Done queuing 4294967295 requests, which took 30.0s. Waiting for server processing
I20260914 17:58:33.473753 296810 dfly_bench.cc:1001] ReceiveFb done
I20260914 17:58:33.473758 296801 dfly_bench.cc:1001] ReceiveFb done
I20260914 17:58:33.473735 296812 dfly_bench.cc:1001] ReceiveFb done
I20260914 17:58:33.473749 296808 dfly_bench.cc:1001] ReceiveFb done
I20260914 17:58:33.473757 296802 dfly_bench.cc:926] Done queuing 4294967295 requests, which took 30.0s. Waiting for server processing
I20260914 17:58:33.473692 296803 dfly_bench.cc:1001] ReceiveFb done
I20260914 17:58:33.473778 296810 dfly_bench.cc:926] Done queuing 4294967295 requests, which took 30.0s. Waiting for server processing
I20260914 17:58:33.473743 296800 dfly_bench.cc:1126] Total hits: 2041888
I20260914 17:58:33.473768 296811 dfly_bench.cc:1001] ReceiveFb done
I20260914 17:58:33.473794 296803 dfly_bench.cc:1001] ReceiveFb done
I20260914 17:58:33.473784 296805 dfly_bench.cc:1001] ReceiveFb done
I20260914 17:58:33.473788 296801 dfly_bench.cc:1001] ReceiveFb done
I20260914 17:58:33.473788 296812 dfly_bench.cc:1001] ReceiveFb done
I20260914 17:58:33.473771 296799 dfly_bench.cc:1001] ReceiveFb done
I20260914 17:58:33.473829 296805 dfly_bench.cc:1001] ReceiveFb done
I20260914 17:58:33.473834 296812 dfly_bench.cc:1001] ReceiveFb done
I20260914 17:58:33.473815 296806 dfly_bench.cc:1126] Total hits: 2036949
I20260914 17:58:33.473779 296802 dfly_bench.cc:926] Done queuing 4294967295 requests, which took 30.0s. Waiting for server processing
I20260914 17:58:33.473814 296813 dfly_bench.cc:926] Done queuing 4294967295 requests, which took 30.0s. Waiting for server processing
I20260914 17:58:33.473829 296801 dfly_bench.cc:1001] ReceiveFb done
I20260914 17:58:33.473824 296803 dfly_bench.cc:1001] ReceiveFb done
I20260914 17:58:33.473861 296812 dfly_bench.cc:1001] ReceiveFb done
I20260914 17:58:33.473822 296811 dfly_bench.cc:1001] ReceiveFb done
I20260914 17:58:33.473850 296805 dfly_bench.cc:1001] ReceiveFb done
I20260914 17:58:33.473868 296801 dfly_bench.cc:1001] ReceiveFb done
I20260914 17:58:33.473855 296813 dfly_bench.cc:926] Done queuing 4294967295 requests, which took 30.0s. Waiting for server processing
I20260914 17:58:33.473882 296812 dfly_bench.cc:1001] ReceiveFb done
I20260914 17:58:33.473889 296805 dfly_bench.cc:1001] ReceiveFb done
I20260914 17:58:33.473892 296801 dfly_bench.cc:1001] ReceiveFb done
I20260914 17:58:33.473887 296813 dfly_bench.cc:1001] ReceiveFb done
I20260914 17:58:33.473888 296811 dfly_bench.cc:1001] ReceiveFb done
I20260914 17:58:33.473902 296810 dfly_bench.cc:1001] ReceiveFb done
I20260914 17:58:33.473912 296801 dfly_bench.cc:1001] ReceiveFb done
I20260914 17:58:33.473901 296812 dfly_bench.cc:1001] ReceiveFb done
I20260914 17:58:33.473918 296813 dfly_bench.cc:1001] ReceiveFb done
I20260914 17:58:33.473896 296802 dfly_bench.cc:1001] ReceiveFb done
I20260914 17:58:33.473930 296810 dfly_bench.cc:926] Done queuing 4294967295 requests, which took 30.0s. Waiting for server processing
I20260914 17:58:33.473938 296810 dfly_bench.cc:926] Done queuing 4294967295 requests, which took 30.0s. Waiting for server processing
I20260914 17:58:33.473946 296802 dfly_bench.cc:1001] ReceiveFb done
I20260914 17:58:33.473969 296802 dfly_bench.cc:1001] ReceiveFb done
I20260914 17:58:33.473975 296803 dfly_bench.cc:1126] Total hits: 1912122
I20260914 17:58:33.473979 296813 dfly_bench.cc:1001] ReceiveFb done
I20260914 17:58:33.473982 296810 dfly_bench.cc:1001] ReceiveFb done
I20260914 17:58:33.473985 296805 dfly_bench.cc:1126] Total hits: 2027987
I20260914 17:58:33.473991 296809 dfly_bench.cc:1001] ReceiveFb done
I20260914 17:58:33.473999 296813 dfly_bench.cc:1001] ReceiveFb done
I20260914 17:58:33.474001 296810 dfly_bench.cc:1001] ReceiveFb done
I20260914 17:58:33.474015 296809 dfly_bench.cc:1001] ReceiveFb done
I20260914 17:58:33.474013 296811 dfly_bench.cc:1001] ReceiveFb done
I20260914 17:58:33.473987 296802 dfly_bench.cc:926] Done queuing 4294967295 requests, which took 30.0s. Waiting for server processing
I20260914 17:58:33.474035 296809 dfly_bench.cc:1001] ReceiveFb done
I20260914 17:58:33.474057 296813 dfly_bench.cc:1126] Total hits: 2008564
I20260914 17:58:33.474063 296810 dfly_bench.cc:1126] Total hits: 1979891
I20260914 17:58:33.474073 296808 dfly_bench.cc:1001] ReceiveFb done
I20260914 17:58:33.474071 296801 dfly_bench.cc:1126] Total hits: 2009692
I20260914 17:58:33.474057 296811 dfly_bench.cc:1126] Total hits: 1979496
I20260914 17:58:33.474094 296808 dfly_bench.cc:1001] ReceiveFb done
I20260914 17:58:33.474107 296802 dfly_bench.cc:1001] ReceiveFb done
I20260914 17:58:33.474099 296799 dfly_bench.cc:1001] ReceiveFb done
I20260914 17:58:33.474153 296802 dfly_bench.cc:1126] Total hits: 2003447
I20260914 17:58:33.474174 296799 dfly_bench.cc:1001] ReceiveFb done
I20260914 17:58:33.474113 296808 dfly_bench.cc:1001] ReceiveFb done
I20260914 17:58:33.474081 296812 dfly_bench.cc:926] Done queuing 4294967295 requests, which took 30.0s. Waiting for server processing
I20260914 17:58:33.474110 296809 dfly_bench.cc:926] Done queuing 4294967295 requests, which took 30.0s. Waiting for server processing
I20260914 17:58:33.474289 296812 dfly_bench.cc:1001] ReceiveFb done
I20260914 17:58:33.474116 296807 dfly_bench.cc:926] Done queuing 4294967295 requests, which took 30.0s. Waiting for server processing
I20260914 17:58:33.474301 296809 dfly_bench.cc:1001] ReceiveFb done
I20260914 17:58:33.474216 296799 dfly_bench.cc:1001] ReceiveFb done
I20260914 17:58:33.474309 296807 dfly_bench.cc:926] Done queuing 4294967295 requests, which took 30.0s. Waiting for server processing
I20260914 17:58:33.474319 296807 dfly_bench.cc:1001] ReceiveFb done
I20260914 17:58:33.474330 296812 dfly_bench.cc:1126] Total hits: 1911406
I20260914 17:58:33.474339 296807 dfly_bench.cc:1001] ReceiveFb done
I20260914 17:58:33.474340 296809 dfly_bench.cc:1126] Total hits: 1901850
I20260914 17:58:33.474255 296808 dfly_bench.cc:1001] ReceiveFb done
I20260914 17:58:33.474381 296808 dfly_bench.cc:1001] ReceiveFb done
I20260914 17:58:33.474388 296799 dfly_bench.cc:1126] Total hits: 1947928
I20260914 17:58:33.474391 296807 dfly_bench.cc:1126] Total hits: 2050221
I20260914 17:58:33.474399 296808 dfly_bench.cc:1001] ReceiveFb done
I20260914 17:58:33.474536 296808 dfly_bench.cc:1126] Total hits: 2027948
30s: 100.0% done, RPS(now/agg): 1067577/1063460, errs: 0, hitrate: 100.0%, clients: 0
done_min: 100.00%, done_max: 100.04%, p99_lat(us): 891, max_pending: 0
I20260914 17:58:33.477265 296800 dfly_bench.cc:1466] 30s: 100.0% done, RPS(now/agg): 1067577/1063460, errs: 0, hitrate: 100.0%, clients: 0
done_min: 100.00%, done_max: 100.04%, p99_lat(us): 891, max_pending: 0

Total time: 30.007782604s. Overall number of requests: 31914452, QPS: 1062637, P99 lat: 898.607us
Latency summary, all times are in usec:
Count: 31914452 Average: 598.6067
Min: 199.0000  Median: 579.6843  Max: 72996.0000
------------------------------------------------------
[     180,     200 ) 2   0.000%   0.000% 
[     200,     250 ) 7953   0.025%   0.025% 
[     250,     300 ) 49481   0.155%   0.180% 
[     300,     350 ) 138852   0.435%   0.615% 
[     350,     400 ) 591155   1.852%   2.467% 
[     400,     450 ) 1763115   5.525%   7.992% #
[     450,     500 ) 3709395  11.623%  19.615% ##
[     500,     600 ) 12169610  38.132%  57.747% ########
[     600,     700 ) 9335198  29.251%  86.997% ######
[     700,     800 ) 3183443   9.975%  96.972% ##
[     800,     900 ) 656243   2.056%  99.029% 
[     900,    1000 ) 117281   0.367%  99.396% 
[    1000,    1200 ) 54032   0.169%  99.565% 
[    1200,    1400 ) 26674   0.084%  99.649% 
[    1400,    1600 ) 21974   0.069%  99.718% 
[    1600,    1800 ) 20121   0.063%  99.781% 
[    1800,    2000 ) 17103   0.054%  99.834% 
[    2000,    2500 ) 20274   0.064%  99.898% 
[    2500,    3000 ) 7037   0.022%  99.920% 
[    3000,    3500 ) 2834   0.009%  99.929% 
[    3500,    4000 ) 1829   0.006%  99.935% 
[    4000,    4500 ) 1309   0.004%  99.939% 
[    4500,    5000 ) 1006   0.003%  99.942% 
[    5000,    6000 ) 1608   0.005%  99.947% 
[    6000,    7000 ) 1777   0.006%  99.953% 
[    7000,    8000 ) 1722   0.005%  99.958% 
[    8000,    9000 ) 869   0.003%  99.961% 
[    9000,   10000 ) 842   0.003%  99.963% 
[   10000,   12000 ) 1681   0.005%  99.969% 
[   12000,   14000 ) 1205   0.004%  99.972% 
[   14000,   16000 ) 1062   0.003%  99.976% 
[   16000,   18000 ) 1175   0.004%  99.979% 
[   18000,   20000 ) 1030   0.003%  99.983% 
[   20000,   25000 ) 2791   0.009%  99.991% 
[   25000,   30000 ) 1688   0.005%  99.997% 
[   30000,   35000 ) 488   0.002%  99.998% 
[   35000,   40000 ) 183   0.001%  99.999% 
[   40000,   45000 ) 193   0.001%  99.999% 
[   45000,   50000 ) 48   0.000%  99.999% 
[   50000,   60000 ) 137   0.000% 100.000% 
[   60000,   70000 ) 25   0.000% 100.000% 
[   70000,   80000 ) 7   0.000% 100.000% 
----------------------------------
Hit rate: 100%
I20260914 17:58:33.477365 296797 dfly_bench.cc:1711] Resetting all threads
I20260914 17:58:33.477979 296797 dfly_bench.cc:1721] 
Total time: 30.007782604s. Overall number of requests: 31914452, QPS: 1062637, P99 lat: 898.607us
I20260914 17:58:33.478039 296797 dfly_bench.cc:1730] Latency summary, all times are in usec:
Count: 31914452 Average: 598.6067
Min: 199.0000  Median: 579.6843  Max: 72996.0000
------------------------------------------------------
[     180,     200 ) 2   0.000%   0.000% 
[     200,     250 ) 7953   0.025%   0.025% 
[     250,     300 ) 49481   0.155%   0.180% 
[     300,     350 ) 138852   0.435%   0.615% 
[     350,     400 ) 591155   1.852%   2.467% 
[     400,     450 ) 1763115   5.525%   7.992% #
[     450,     500 ) 3709395  11.623%  19.615% ##
[     500,     600 ) 12169610  38.132%  57.747% ########
[     600,     700 ) 9335198  29.251%  86.997% ######
[     700,     800 ) 3183443   9.975%  96.972% ##
[     800,     900 ) 656243   2.056%  99.029% 
[     900,    1000 ) 117281   0.367%  99.396% 
[    1000,    1200 ) 54032   0.169%  99.565% 
[    1200,    1400 ) 26674   0.084%  99.649% 
[    1400,    1600 ) 21974   0.069%  99.718% 
[    1600,    1800 ) 20121   0.063%  99.781% 
[    1800,    2000 ) 17103   0.054%  99.834% 
[    2000,    2500 ) 20274   0.064%  99.898% 
[    2500,    3000 ) 7037   0.022%  99.920% 
[    3000,    3500 ) 2834   0.009%  99.929% 
[    3500,    4000 ) 1829   0.006%  99.935% 
[    4000,    4500 ) 1309   0.004%  99.939% 
[    4500,    5000 ) 1006   0.003%  99.942% 
[    5000,    6000 ) 1608   0.005%  99.947% 
[    6000,    7000 ) 1777   0.006%  99.953% 
[    7000,    8000 ) 1722   0.005%  99.958% 
[    8000,    9000 ) 869   0.003%  99.961% 
[    9000,   10000 ) 842   0.003%  99.963% 
[   10000,   12000 ) 1681   0.005%  99.969% 
[   12000,   14000 ) 1205   0.004%  99.972% 
[   14000,   16000 ) 1062   0.003%  99.976% 
[   16000,   18000 ) 1175   0.004%  99.979% 
[   18000,   20000 ) 1030   0.003%  99.983% 
[   20000,   25000 ) 2791   0.009%  99.991% 
[   25000,   30000 ) 1688   0.005%  99.997% 
[   30000,   35000 ) 488   0.002%  99.998% 
[   35000,   40000 ) 183   0.001%  99.999% 
[   40000,   45000 ) 193   0.001%  99.999% 
[   45000,   50000 ) 48   0.000%  99.999% 
[   50000,   60000 ) 137   0.000% 100.000% 
[   60000,   70000 ) 25   0.000% 100.000% 
[   70000,   80000 ) 7   0.000% 100.000% 
I20260914 17:58:33.478127 296797 dfly_bench.cc:1732] ----------------------------------
Hit rate: 100%
