I20260914 17:51:54.920542 296366 init.cc:144] /mnt/dev/dfly-get-issue20-20260909/dfly_bench-x86_64 running in opt mode.
I20260914 17:51:54.921121 296367 uring_proactor.cc:263] IORing with 256 entries, allocated 24640 bytes, cq_entries is 512
I20260914 17:51:54.922246 296366 proactor_pool.cc:149] Running 16 io threads
I20260914 17:51:54.923804 296368 dfly_bench.cc:1512] Cluster spec: d98e11397a6a28e610bcadf47c75cc41480d137c 172.16.0.4:6379@0 myself,master - 0 0 1 connected 0-16383
Connecting to 1 shard cluster
I20260914 17:51:54.923873 296366 dfly_bench.cc:1624] Connecting to 1 shard cluster
I20260914 17:51:54.923898 296367 dfly_bench.cc:1640] Seeding bitgen with seed 1243045329627533100
I20260914 17:51:54.923899 296368 dfly_bench.cc:1640] Seeding bitgen with seed 9942575301384282853
I20260914 17:51:54.923920 296369 dfly_bench.cc:1640] Seeding bitgen with seed 5026942987894540730
I20260914 17:51:54.923908 296371 dfly_bench.cc:1640] Seeding bitgen with seed 508857288589211280
I20260914 17:51:54.923946 296379 dfly_bench.cc:1640] Seeding bitgen with seed 11500936686357013570
I20260914 17:51:54.923931 296375 dfly_bench.cc:1640] Seeding bitgen with seed 7899212067029863666
I20260914 17:51:54.923907 296370 dfly_bench.cc:1640] Seeding bitgen with seed 12765069434044475710
I20260914 17:51:54.923959 296380 dfly_bench.cc:1640] Seeding bitgen with seed 1719932836085518364
I20260914 17:51:54.923933 296376 dfly_bench.cc:1640] Seeding bitgen with seed 6179063934678835493
I20260914 17:51:54.923964 296381 dfly_bench.cc:1640] Seeding bitgen with seed 4362168205812275373
I20260914 17:51:54.923918 296374 dfly_bench.cc:1640] Seeding bitgen with seed 3143944105604282987
I20260914 17:51:54.923970 296382 dfly_bench.cc:1640] Seeding bitgen with seed 10034119853181570522
I20260914 17:51:54.923935 296377 dfly_bench.cc:1640] Seeding bitgen with seed 15311748232098192072
I20260914 17:51:54.923906 296373 dfly_bench.cc:1640] Seeding bitgen with seed 8553092770456429563
I20260914 17:51:54.923943 296378 dfly_bench.cc:1640] Seeding bitgen with seed 18399147859668680938
I20260914 17:51:54.923908 296372 dfly_bench.cc:1640] Seeding bitgen with seed 7783080522614556570
Coordinated omission mode - the rate is determined by the server
I20260914 17:51:55.001144 296366 dfly_bench.cc:1686] Coordinated omission mode - the rate is determined by the server
I20260914 17:51:55.004470 296369 dfly_bench.cc:1418] Started watching
5s: 16.7% done, RPS(now/agg): 1084814/1084814, errs: 0, hitrate: 100.0%, clients: 640
done_min: 16.70%, done_max: 16.70%, p99_lat(us): 936, max_pending: 1
I20260914 17:52:00.015812 296369 dfly_bench.cc:1466] 5s: 16.7% done, RPS(now/agg): 1084814/1084814, errs: 0, hitrate: 100.0%, clients: 640
done_min: 16.70%, done_max: 16.70%, p99_lat(us): 936, max_pending: 1
10s: 33.4% done, RPS(now/agg): 1081331/1083073, errs: 0, hitrate: 100.0%, clients: 640
done_min: 33.38%, done_max: 33.38%, p99_lat(us): 886, max_pending: 1
I20260914 17:52:05.019723 296369 dfly_bench.cc:1466] 10s: 33.4% done, RPS(now/agg): 1081331/1083073, errs: 0, hitrate: 100.0%, clients: 640
done_min: 33.38%, done_max: 33.38%, p99_lat(us): 886, max_pending: 1
15s: 50.1% done, RPS(now/agg): 1071527/1079156, errs: 0, hitrate: 100.0%, clients: 640
done_min: 50.06%, done_max: 50.06%, p99_lat(us): 900, max_pending: 1
I20260914 17:52:10.021099 296369 dfly_bench.cc:1466] 15s: 50.1% done, RPS(now/agg): 1071527/1079156, errs: 0, hitrate: 100.0%, clients: 640
done_min: 50.06%, done_max: 50.06%, p99_lat(us): 900, max_pending: 1
20s: 66.7% done, RPS(now/agg): 1028613/1066528, errs: 0, hitrate: 100.0%, clients: 640
done_min: 66.73%, done_max: 66.73%, p99_lat(us): 913, max_pending: 1
I20260914 17:52:15.022612 296369 dfly_bench.cc:1466] 20s: 66.7% done, RPS(now/agg): 1028613/1066528, errs: 0, hitrate: 100.0%, clients: 640
done_min: 66.73%, done_max: 66.73%, p99_lat(us): 913, max_pending: 1
25s: 83.4% done, RPS(now/agg): 1079052/1068989, errs: 0, hitrate: 100.0%, clients: 640
done_min: 83.40%, done_max: 83.40%, p99_lat(us): 926, max_pending: 1
I20260914 17:52:20.024096 296369 dfly_bench.cc:1466] 25s: 83.4% done, RPS(now/agg): 1079052/1068989, errs: 0, hitrate: 100.0%, clients: 640
done_min: 83.40%, done_max: 83.40%, p99_lat(us): 926, max_pending: 1
I20260914 17:52:25.004323 296369 dfly_bench.cc:926] Done queuing 4294967295 requests, which took 30.0s. Waiting for server processing
I20260914 17:52:25.004427 296373 dfly_bench.cc:926] Done queuing 4294967295 requests, which took 30.0s. Waiting for server processing
I20260914 17:52:25.004477 296373 dfly_bench.cc:926] Done queuing 4294967295 requests, which took 30.0s. Waiting for server processing
I20260914 17:52:25.004485 296373 dfly_bench.cc:926] Done queuing 4294967295 requests, which took 30.0s. Waiting for server processing
I20260914 17:52:25.004501 296369 dfly_bench.cc:1001] ReceiveFb done
I20260914 17:52:25.004521 296373 dfly_bench.cc:1001] ReceiveFb done
I20260914 17:52:25.004552 296373 dfly_bench.cc:1001] ReceiveFb done
I20260914 17:52:25.004575 296373 dfly_bench.cc:1001] ReceiveFb done
I20260914 17:52:25.004558 296371 dfly_bench.cc:926] Done queuing 4294967295 requests, which took 30.0s. Waiting for server processing
I20260914 17:52:25.004576 296368 dfly_bench.cc:926] Done queuing 4294967295 requests, which took 30.0s. Waiting for server processing
I20260914 17:52:25.004585 296377 dfly_bench.cc:926] Done queuing 4294967295 requests, which took 30.0s. Waiting for server processing
I20260914 17:52:25.004617 296372 dfly_bench.cc:926] Done queuing 4294967295 requests, which took 30.0s. Waiting for server processing
I20260914 17:52:25.004588 296382 dfly_bench.cc:926] Done queuing 4294967295 requests, which took 30.0s. Waiting for server processing
I20260914 17:52:25.004680 296369 dfly_bench.cc:926] Done queuing 4294967295 requests, which took 30.0s. Waiting for server processing
I20260914 17:52:25.004634 296373 dfly_bench.cc:926] Done queuing 4294967295 requests, which took 30.0s. Waiting for server processing
I20260914 17:52:25.004649 296368 dfly_bench.cc:1001] ReceiveFb done
I20260914 17:52:25.004647 296367 dfly_bench.cc:926] Done queuing 4294967295 requests, which took 30.0s. Waiting for server processing
I20260914 17:52:25.004725 296372 dfly_bench.cc:1001] ReceiveFb done
I20260914 17:52:25.004590 296371 dfly_bench.cc:926] Done queuing 4294967295 requests, which took 30.0s. Waiting for server processing
I20260914 17:52:25.004593 296370 dfly_bench.cc:926] Done queuing 4294967295 requests, which took 30.0s. Waiting for server processing
I20260914 17:52:25.004701 296369 dfly_bench.cc:926] Done queuing 4294967295 requests, which took 30.0s. Waiting for server processing
I20260914 17:52:25.004726 296375 dfly_bench.cc:926] Done queuing 4294967295 requests, which took 30.0s. Waiting for server processing
I20260914 17:52:25.004704 296377 dfly_bench.cc:1001] ReceiveFb done
I20260914 17:52:25.004719 296376 dfly_bench.cc:926] Done queuing 4294967295 requests, which took 30.0s. Waiting for server processing
I20260914 17:52:25.004719 296380 dfly_bench.cc:926] Done queuing 4294967295 requests, which took 30.0s. Waiting for server processing
I20260914 17:52:25.004850 296369 dfly_bench.cc:926] Done queuing 4294967295 requests, which took 30.0s. Waiting for server processing
I20260914 17:52:25.004841 296370 dfly_bench.cc:926] Done queuing 4294967295 requests, which took 30.0s. Waiting for server processing
I20260914 17:52:25.004814 296368 dfly_bench.cc:926] Done queuing 4294967295 requests, which took 30.0s. Waiting for server processing
I20260914 17:52:25.004743 296381 dfly_bench.cc:926] Done queuing 4294967295 requests, which took 30.0s. Waiting for server processing
I20260914 17:52:25.004681 296382 dfly_bench.cc:926] Done queuing 4294967295 requests, which took 30.0s. Waiting for server processing
I20260914 17:52:25.004940 296376 dfly_bench.cc:1001] ReceiveFb done
I20260914 17:52:25.004952 296382 dfly_bench.cc:926] Done queuing 4294967295 requests, which took 30.0s. Waiting for server processing
I20260914 17:52:25.004959 296380 dfly_bench.cc:1001] ReceiveFb done
I20260914 17:52:25.004910 296369 dfly_bench.cc:926] Done queuing 4294967295 requests, which took 30.0s. Waiting for server processing
I20260914 17:52:25.004908 296370 dfly_bench.cc:926] Done queuing 4294967295 requests, which took 30.0s. Waiting for server processing
I20260914 17:52:25.004597 296378 dfly_bench.cc:926] Done queuing 4294967295 requests, which took 30.0s. Waiting for server processing
I20260914 17:52:25.004981 296372 dfly_bench.cc:926] Done queuing 4294967295 requests, which took 30.0s. Waiting for server processing
I20260914 17:52:25.004997 296368 dfly_bench.cc:1001] ReceiveFb done
I20260914 17:52:25.004745 296367 dfly_bench.cc:1001] ReceiveFb done
I20260914 17:52:25.005060 296378 dfly_bench.cc:1001] ReceiveFb done
I20260914 17:52:25.004988 296381 dfly_bench.cc:1001] ReceiveFb done
I20260914 17:52:25.004871 296379 dfly_bench.cc:926] Done queuing 4294967295 requests, which took 30.0s. Waiting for server processing
I20260914 17:52:25.004912 296373 dfly_bench.cc:1001] ReceiveFb done
I20260914 17:52:25.005187 296373 dfly_bench.cc:926] Done queuing 4294967295 requests, which took 30.0s. Waiting for server processing
I20260914 17:52:25.005192 296379 dfly_bench.cc:1001] ReceiveFb done
I20260914 17:52:25.004917 296375 dfly_bench.cc:1001] ReceiveFb done
I20260914 17:52:25.005216 296379 dfly_bench.cc:926] Done queuing 4294967295 requests, which took 30.0s. Waiting for server processing
I20260914 17:52:25.004984 296369 dfly_bench.cc:926] Done queuing 4294967295 requests, which took 30.0s. Waiting for server processing
I20260914 17:52:25.004789 296374 dfly_bench.cc:926] Done queuing 4294967295 requests, which took 30.0s. Waiting for server processing
I20260914 17:52:25.004815 296371 dfly_bench.cc:1001] ReceiveFb done
I20260914 17:52:25.004994 296380 dfly_bench.cc:926] Done queuing 4294967295 requests, which took 30.0s. Waiting for server processing
I20260914 17:52:25.005067 296372 dfly_bench.cc:926] Done queuing 4294967295 requests, which took 30.0s. Waiting for server processing
I20260914 17:52:25.005268 296371 dfly_bench.cc:1001] ReceiveFb done
I20260914 17:52:25.005265 296378 dfly_bench.cc:926] Done queuing 4294967295 requests, which took 30.0s. Waiting for server processing
I20260914 17:52:25.005069 296377 dfly_bench.cc:926] Done queuing 4294967295 requests, which took 30.0s. Waiting for server processing
I20260914 17:52:25.005288 296379 dfly_bench.cc:1001] ReceiveFb done
I20260914 17:52:25.005221 296367 dfly_bench.cc:926] Done queuing 4294967295 requests, which took 30.0s. Waiting for server processing
I20260914 17:52:25.005264 296372 dfly_bench.cc:926] Done queuing 4294967295 requests, which took 30.0s. Waiting for server processing
I20260914 17:52:25.005321 296367 dfly_bench.cc:926] Done queuing 4294967295 requests, which took 30.0s. Waiting for server processing
I20260914 17:52:25.005332 296367 dfly_bench.cc:926] Done queuing 4294967295 requests, which took 30.0s. Waiting for server processing
I20260914 17:52:25.005071 296382 dfly_bench.cc:1001] ReceiveFb done
I20260914 17:52:25.005343 296367 dfly_bench.cc:926] Done queuing 4294967295 requests, which took 30.0s. Waiting for server processing
I20260914 17:52:25.005079 296370 dfly_bench.cc:1001] ReceiveFb done
I20260914 17:52:25.005330 296369 dfly_bench.cc:1001] ReceiveFb done
I20260914 17:52:25.005355 296367 dfly_bench.cc:926] Done queuing 4294967295 requests, which took 30.0s. Waiting for server processing
I20260914 17:52:25.005260 296381 dfly_bench.cc:926] Done queuing 4294967295 requests, which took 30.0s. Waiting for server processing
I20260914 17:52:25.005103 296368 dfly_bench.cc:926] Done queuing 4294967295 requests, which took 30.0s. Waiting for server processing
I20260914 17:52:25.005317 296372 dfly_bench.cc:926] Done queuing 4294967295 requests, which took 30.0s. Waiting for server processing
I20260914 17:52:25.005071 296376 dfly_bench.cc:926] Done queuing 4294967295 requests, which took 30.0s. Waiting for server processing
I20260914 17:52:25.005386 296379 dfly_bench.cc:926] Done queuing 4294967295 requests, which took 30.0s. Waiting for server processing
I20260914 17:52:25.005373 296370 dfly_bench.cc:1001] ReceiveFb done
I20260914 17:52:25.005300 296378 dfly_bench.cc:926] Done queuing 4294967295 requests, which took 30.0s. Waiting for server processing
I20260914 17:52:25.005381 296369 dfly_bench.cc:1001] ReceiveFb done
I20260914 17:52:25.005379 296381 dfly_bench.cc:926] Done queuing 4294967295 requests, which took 30.0s. Waiting for server processing
I20260914 17:52:25.005373 296367 dfly_bench.cc:926] Done queuing 4294967295 requests, which took 30.0s. Waiting for server processing
I20260914 17:52:25.005398 296379 dfly_bench.cc:926] Done queuing 4294967295 requests, which took 30.0s. Waiting for server processing
I20260914 17:52:25.005363 296382 dfly_bench.cc:1001] ReceiveFb done
I20260914 17:52:25.005354 296375 dfly_bench.cc:926] Done queuing 4294967295 requests, which took 30.0s. Waiting for server processing
I20260914 17:52:25.005414 296370 dfly_bench.cc:1001] ReceiveFb done
I20260914 17:52:25.005453 296375 dfly_bench.cc:926] Done queuing 4294967295 requests, which took 30.0s. Waiting for server processing
I20260914 17:52:25.005380 296368 dfly_bench.cc:926] Done queuing 4294967295 requests, which took 30.0s. Waiting for server processing
I20260914 17:52:25.005316 296374 dfly_bench.cc:1001] ReceiveFb done
I20260914 17:52:25.005425 296369 dfly_bench.cc:1001] ReceiveFb done
I20260914 17:52:25.005417 296378 dfly_bench.cc:926] Done queuing 4294967295 requests, which took 30.0s. Waiting for server processing
I20260914 17:52:25.005344 296380 dfly_bench.cc:1001] ReceiveFb done
I20260914 17:52:25.005477 296370 dfly_bench.cc:926] Done queuing 4294967295 requests, which took 30.0s. Waiting for server processing
I20260914 17:52:25.005422 296367 dfly_bench.cc:926] Done queuing 4294967295 requests, which took 30.0s. Waiting for server processing
I20260914 17:52:25.005494 296370 dfly_bench.cc:926] Done queuing 4294967295 requests, which took 30.0s. Waiting for server processing
I20260914 17:52:25.005445 296372 dfly_bench.cc:1001] ReceiveFb done
I20260914 17:52:25.005193 296373 dfly_bench.cc:926] Done queuing 4294967295 requests, which took 30.0s. Waiting for server processing
I20260914 17:52:25.005458 296382 dfly_bench.cc:1001] ReceiveFb done
I20260914 17:52:25.005445 296379 dfly_bench.cc:926] Done queuing 4294967295 requests, which took 30.0s. Waiting for server processing
I20260914 17:52:25.005532 296367 dfly_bench.cc:1001] ReceiveFb done
I20260914 17:52:25.005432 296371 dfly_bench.cc:926] Done queuing 4294967295 requests, which took 30.0s. Waiting for server processing
I20260914 17:52:25.005529 296373 dfly_bench.cc:926] Done queuing 4294967295 requests, which took 30.0s. Waiting for server processing
I20260914 17:52:25.005568 296368 dfly_bench.cc:1001] ReceiveFb done
I20260914 17:52:25.005417 296381 dfly_bench.cc:926] Done queuing 4294967295 requests, which took 30.0s. Waiting for server processing
I20260914 17:52:25.005477 296378 dfly_bench.cc:926] Done queuing 4294967295 requests, which took 30.0s. Waiting for server processing
I20260914 17:52:25.005558 296379 dfly_bench.cc:926] Done queuing 4294967295 requests, which took 30.0s. Waiting for server processing
I20260914 17:52:25.005604 296374 dfly_bench.cc:926] Done queuing 4294967295 requests, which took 30.0s. Waiting for server processing
I20260914 17:52:25.005527 296372 dfly_bench.cc:1001] ReceiveFb done
I20260914 17:52:25.005563 296380 dfly_bench.cc:926] Done queuing 4294967295 requests, which took 30.0s. Waiting for server processing
I20260914 17:52:25.005396 296376 dfly_bench.cc:926] Done queuing 4294967295 requests, which took 30.0s. Waiting for server processing
I20260914 17:52:25.005587 296367 dfly_bench.cc:1001] ReceiveFb done
I20260914 17:52:25.005633 296373 dfly_bench.cc:1001] ReceiveFb done
I20260914 17:52:25.005376 296377 dfly_bench.cc:1001] ReceiveFb done
I20260914 17:52:25.005587 296381 dfly_bench.cc:926] Done queuing 4294967295 requests, which took 30.0s. Waiting for server processing
I20260914 17:52:25.005630 296380 dfly_bench.cc:926] Done queuing 4294967295 requests, which took 30.0s. Waiting for server processing
I20260914 17:52:25.005656 296381 dfly_bench.cc:926] Done queuing 4294967295 requests, which took 30.0s. Waiting for server processing
I20260914 17:52:25.005589 296378 dfly_bench.cc:926] Done queuing 4294967295 requests, which took 30.0s. Waiting for server processing
I20260914 17:52:25.005640 296372 dfly_bench.cc:1001] ReceiveFb done
I20260914 17:52:25.005623 296374 dfly_bench.cc:926] Done queuing 4294967295 requests, which took 30.0s. Waiting for server processing
I20260914 17:52:25.005651 296367 dfly_bench.cc:1001] ReceiveFb done
I20260914 17:52:25.005656 296373 dfly_bench.cc:1001] ReceiveFb done
I20260914 17:52:25.005693 296367 dfly_bench.cc:1001] ReceiveFb done
I20260914 17:52:25.005666 296381 dfly_bench.cc:926] Done queuing 4294967295 requests, which took 30.0s. Waiting for server processing
I20260914 17:52:25.005702 296372 dfly_bench.cc:1001] ReceiveFb done
I20260914 17:52:25.005465 296375 dfly_bench.cc:926] Done queuing 4294967295 requests, which took 30.0s. Waiting for server processing
I20260914 17:52:25.005714 296367 dfly_bench.cc:1001] ReceiveFb done
I20260914 17:52:25.005635 296370 dfly_bench.cc:1001] ReceiveFb done
I20260914 17:52:25.005736 296367 dfly_bench.cc:1001] ReceiveFb done
I20260914 17:52:25.005681 296374 dfly_bench.cc:926] Done queuing 4294967295 requests, which took 30.0s. Waiting for server processing
I20260914 17:52:25.005724 296375 dfly_bench.cc:926] Done queuing 4294967295 requests, which took 30.0s. Waiting for server processing
I20260914 17:52:25.005487 296369 dfly_bench.cc:1001] ReceiveFb done
I20260914 17:52:25.005590 296379 dfly_bench.cc:926] Done queuing 4294967295 requests, which took 30.0s. Waiting for server processing
I20260914 17:52:25.005600 296368 dfly_bench.cc:1001] ReceiveFb done
I20260914 17:52:25.005761 296379 dfly_bench.cc:926] Done queuing 4294967295 requests, which took 30.0s. Waiting for server processing
I20260914 17:52:25.005715 296373 dfly_bench.cc:1001] ReceiveFb done
I20260914 17:52:25.005668 296378 dfly_bench.cc:926] Done queuing 4294967295 requests, which took 30.0s. Waiting for server processing
I20260914 17:52:25.005759 296367 dfly_bench.cc:1001] ReceiveFb done
I20260914 17:52:25.005784 296368 dfly_bench.cc:926] Done queuing 4294967295 requests, which took 30.0s. Waiting for server processing
I20260914 17:52:25.005767 296369 dfly_bench.cc:1001] ReceiveFb done
I20260914 17:52:25.005709 296382 dfly_bench.cc:926] Done queuing 4294967295 requests, which took 30.0s. Waiting for server processing
I20260914 17:52:25.005667 296377 dfly_bench.cc:926] Done queuing 4294967295 requests, which took 30.0s. Waiting for server processing
I20260914 17:52:25.005716 296381 dfly_bench.cc:926] Done queuing 4294967295 requests, which took 30.0s. Waiting for server processing
I20260914 17:52:25.005587 296371 dfly_bench.cc:926] Done queuing 4294967295 requests, which took 30.0s. Waiting for server processing
I20260914 17:52:25.005823 296371 dfly_bench.cc:926] Done queuing 4294967295 requests, which took 30.0s. Waiting for server processing
I20260914 17:52:25.005633 296376 dfly_bench.cc:926] Done queuing 4294967295 requests, which took 30.0s. Waiting for server processing
I20260914 17:52:25.005810 296382 dfly_bench.cc:926] Done queuing 4294967295 requests, which took 30.0s. Waiting for server processing
I20260914 17:52:25.005663 296380 dfly_bench.cc:926] Done queuing 4294967295 requests, which took 30.0s. Waiting for server processing
I20260914 17:52:25.005849 296380 dfly_bench.cc:926] Done queuing 4294967295 requests, which took 30.0s. Waiting for server processing
I20260914 17:52:25.005784 296378 dfly_bench.cc:926] Done queuing 4294967295 requests, which took 30.0s. Waiting for server processing
I20260914 17:52:25.005858 296380 dfly_bench.cc:926] Done queuing 4294967295 requests, which took 30.0s. Waiting for server processing
I20260914 17:52:25.005868 296378 dfly_bench.cc:926] Done queuing 4294967295 requests, which took 30.0s. Waiting for server processing
I20260914 17:52:25.005796 296368 dfly_bench.cc:926] Done queuing 4294967295 requests, which took 30.0s. Waiting for server processing
I20260914 17:52:25.005752 296374 dfly_bench.cc:926] Done queuing 4294967295 requests, which took 30.0s. Waiting for server processing
I20260914 17:52:25.005899 296374 dfly_bench.cc:926] Done queuing 4294967295 requests, which took 30.0s. Waiting for server processing
I20260914 17:52:25.005903 296368 dfly_bench.cc:926] Done queuing 4294967295 requests, which took 30.0s. Waiting for server processing
I20260914 17:52:25.005834 296371 dfly_bench.cc:926] Done queuing 4294967295 requests, which took 30.0s. Waiting for server processing
I20260914 17:52:25.005810 296377 dfly_bench.cc:926] Done queuing 4294967295 requests, which took 30.0s. Waiting for server processing
I20260914 17:52:25.005914 296368 dfly_bench.cc:926] Done queuing 4294967295 requests, which took 30.0s. Waiting for server processing
I20260914 17:52:25.005923 296377 dfly_bench.cc:926] Done queuing 4294967295 requests, which took 30.0s. Waiting for server processing
I20260914 17:52:25.005754 296370 dfly_bench.cc:1001] ReceiveFb done
I20260914 17:52:25.005743 296372 dfly_bench.cc:926] Done queuing 4294967295 requests, which took 30.0s. Waiting for server processing
I20260914 17:52:25.005793 296373 dfly_bench.cc:926] Done queuing 4294967295 requests, which took 30.0s. Waiting for server processing
I20260914 17:52:25.005816 296381 dfly_bench.cc:926] Done queuing 4294967295 requests, which took 30.0s. Waiting for server processing
I20260914 17:52:25.005918 296371 dfly_bench.cc:926] Done queuing 4294967295 requests, which took 30.0s. Waiting for server processing
I20260914 17:52:25.005750 296375 dfly_bench.cc:926] Done queuing 4294967295 requests, which took 30.0s. Waiting for server processing
I20260914 17:52:25.005868 296380 dfly_bench.cc:926] Done queuing 4294967295 requests, which took 30.0s. Waiting for server processing
I20260914 17:52:25.005982 296380 dfly_bench.cc:926] Done queuing 4294967295 requests, which took 30.0s. Waiting for server processing
I20260914 17:52:25.005939 296377 dfly_bench.cc:926] Done queuing 4294967295 requests, which took 30.0s. Waiting for server processing
I20260914 17:52:25.005836 296376 dfly_bench.cc:926] Done queuing 4294967295 requests, which took 30.0s. Waiting for server processing
I20260914 17:52:25.005995 296377 dfly_bench.cc:926] Done queuing 4294967295 requests, which took 30.0s. Waiting for server processing
I20260914 17:52:25.005878 296378 dfly_bench.cc:926] Done queuing 4294967295 requests, which took 30.0s. Waiting for server processing
I20260914 17:52:25.006011 296378 dfly_bench.cc:926] Done queuing 4294967295 requests, which took 30.0s. Waiting for server processing
I20260914 17:52:25.005806 296367 dfly_bench.cc:926] Done queuing 4294967295 requests, which took 30.0s. Waiting for server processing
I20260914 17:52:25.006023 296378 dfly_bench.cc:926] Done queuing 4294967295 requests, which took 30.0s. Waiting for server processing
I20260914 17:52:25.006026 296367 dfly_bench.cc:926] Done queuing 4294967295 requests, which took 30.0s. Waiting for server processing
I20260914 17:52:25.005964 296373 dfly_bench.cc:926] Done queuing 4294967295 requests, which took 30.0s. Waiting for server processing
I20260914 17:52:25.005973 296381 dfly_bench.cc:926] Done queuing 4294967295 requests, which took 30.0s. Waiting for server processing
I20260914 17:52:25.006006 296377 dfly_bench.cc:926] Done queuing 4294967295 requests, which took 30.0s. Waiting for server processing
I20260914 17:52:25.005998 296376 dfly_bench.cc:926] Done queuing 4294967295 requests, which took 30.0s. Waiting for server processing
I20260914 17:52:25.006057 296370 dfly_bench.cc:926] Done queuing 4294967295 requests, which took 30.0s. Waiting for server processing
I20260914 17:52:25.005960 296372 dfly_bench.cc:926] Done queuing 4294967295 requests, which took 30.0s. Waiting for server processing
I20260914 17:52:25.005909 296374 dfly_bench.cc:926] Done queuing 4294967295 requests, which took 30.0s. Waiting for server processing
I20260914 17:52:25.006076 296370 dfly_bench.cc:926] Done queuing 4294967295 requests, which took 30.0s. Waiting for server processing
I20260914 17:52:25.005975 296375 dfly_bench.cc:926] Done queuing 4294967295 requests, which took 30.0s. Waiting for server processing
I20260914 17:52:25.005848 296382 dfly_bench.cc:926] Done queuing 4294967295 requests, which took 30.0s. Waiting for server processing
I20260914 17:52:25.005973 296371 dfly_bench.cc:926] Done queuing 4294967295 requests, which took 30.0s. Waiting for server processing
I20260914 17:52:25.005816 296369 dfly_bench.cc:926] Done queuing 4294967295 requests, which took 30.0s. Waiting for server processing
I20260914 17:52:25.006102 296371 dfly_bench.cc:926] Done queuing 4294967295 requests, which took 30.0s. Waiting for server processing
I20260914 17:52:25.006052 296373 dfly_bench.cc:926] Done queuing 4294967295 requests, which took 30.0s. Waiting for server processing
I20260914 17:52:25.006057 296377 dfly_bench.cc:926] Done queuing 4294967295 requests, which took 30.0s. Waiting for server processing
I20260914 17:52:25.006139 296377 dfly_bench.cc:926] Done queuing 4294967295 requests, which took 30.0s. Waiting for server processing
I20260914 17:52:25.006033 296378 dfly_bench.cc:926] Done queuing 4294967295 requests, which took 30.0s. Waiting for server processing
I20260914 17:52:25.006147 296377 dfly_bench.cc:926] Done queuing 4294967295 requests, which took 30.0s. Waiting for server processing
I20260914 17:52:25.006152 296378 dfly_bench.cc:926] Done queuing 4294967295 requests, which took 30.0s. Waiting for server processing
I20260914 17:52:25.006153 296377 dfly_bench.cc:926] Done queuing 4294967295 requests, which took 30.0s. Waiting for server processing
I20260914 17:52:25.006091 296382 dfly_bench.cc:926] Done queuing 4294967295 requests, which took 30.0s. Waiting for server processing
I20260914 17:52:25.006165 296378 dfly_bench.cc:926] Done queuing 4294967295 requests, which took 30.0s. Waiting for server processing
I20260914 17:52:25.005929 296368 dfly_bench.cc:926] Done queuing 4294967295 requests, which took 30.0s. Waiting for server processing
I20260914 17:52:25.006173 296378 dfly_bench.cc:926] Done queuing 4294967295 requests, which took 30.0s. Waiting for server processing
I20260914 17:52:25.006170 296382 dfly_bench.cc:926] Done queuing 4294967295 requests, which took 30.0s. Waiting for server processing
I20260914 17:52:25.006089 296370 dfly_bench.cc:926] Done queuing 4294967295 requests, which took 30.0s. Waiting for server processing
I20260914 17:52:25.006067 296376 dfly_bench.cc:926] Done queuing 4294967295 requests, which took 30.0s. Waiting for server processing
I20260914 17:52:25.006084 296374 dfly_bench.cc:926] Done queuing 4294967295 requests, which took 30.0s. Waiting for server processing
I20260914 17:52:25.006037 296367 dfly_bench.cc:926] Done queuing 4294967295 requests, which took 30.0s. Waiting for server processing
I20260914 17:52:25.006186 296368 dfly_bench.cc:926] Done queuing 4294967295 requests, which took 30.0s. Waiting for server processing
I20260914 17:52:25.005774 296379 dfly_bench.cc:926] Done queuing 4294967295 requests, which took 30.0s. Waiting for server processing
I20260914 17:52:25.006079 296372 dfly_bench.cc:926] Done queuing 4294967295 requests, which took 30.0s. Waiting for server processing
I20260914 17:52:25.006183 296378 dfly_bench.cc:926] Done queuing 4294967295 requests, which took 30.0s. Waiting for server processing
I20260914 17:52:25.006235 296378 dfly_bench.cc:926] Done queuing 4294967295 requests, which took 30.0s. Waiting for server processing
I20260914 17:52:25.006243 296378 dfly_bench.cc:926] Done queuing 4294967295 requests, which took 30.0s. Waiting for server processing
I20260914 17:52:25.006253 296378 dfly_bench.cc:926] Done queuing 4294967295 requests, which took 30.0s. Waiting for server processing
I20260914 17:52:25.006203 296367 dfly_bench.cc:926] Done queuing 4294967295 requests, which took 30.0s. Waiting for server processing
I20260914 17:52:25.006109 296369 dfly_bench.cc:926] Done queuing 4294967295 requests, which took 30.0s. Waiting for server processing
I20260914 17:52:25.006222 296379 dfly_bench.cc:926] Done queuing 4294967295 requests, which took 30.0s. Waiting for server processing
I20260914 17:52:25.006114 296371 dfly_bench.cc:926] Done queuing 4294967295 requests, which took 30.0s. Waiting for server processing
I20260914 17:52:25.006289 296367 dfly_bench.cc:926] Done queuing 4294967295 requests, which took 30.0s. Waiting for server processing
I20260914 17:52:25.006223 296373 dfly_bench.cc:1001] ReceiveFb done
I20260914 17:52:25.006225 296372 dfly_bench.cc:926] Done queuing 4294967295 requests, which took 30.0s. Waiting for server processing
I20260914 17:52:25.006300 296367 dfly_bench.cc:926] Done queuing 4294967295 requests, which took 30.0s. Waiting for server processing
I20260914 17:52:25.006292 296379 dfly_bench.cc:926] Done queuing 4294967295 requests, which took 30.0s. Waiting for server processing
I20260914 17:52:25.006053 296381 dfly_bench.cc:926] Done queuing 4294967295 requests, which took 30.0s. Waiting for server processing
I20260914 17:52:25.006343 296372 dfly_bench.cc:926] Done queuing 4294967295 requests, which took 30.0s. Waiting for server processing
I20260914 17:52:25.006194 296370 dfly_bench.cc:926] Done queuing 4294967295 requests, which took 30.0s. Waiting for server processing
I20260914 17:52:25.006196 296376 dfly_bench.cc:926] Done queuing 4294967295 requests, which took 30.0s. Waiting for server processing
I20260914 17:52:25.006367 296370 dfly_bench.cc:926] Done queuing 4294967295 requests, which took 30.0s. Waiting for server processing
I20260914 17:52:25.006089 296375 dfly_bench.cc:926] Done queuing 4294967295 requests, which took 30.0s. Waiting for server processing
I20260914 17:52:25.006374 296376 dfly_bench.cc:926] Done queuing 4294967295 requests, which took 30.0s. Waiting for server processing
I20260914 17:52:25.005991 296380 dfly_bench.cc:926] Done queuing 4294967295 requests, which took 30.0s. Waiting for server processing
I20260914 17:52:25.006290 296369 dfly_bench.cc:926] Done queuing 4294967295 requests, which took 30.0s. Waiting for server processing
I20260914 17:52:25.006299 296371 dfly_bench.cc:926] Done queuing 4294967295 requests, which took 30.0s. Waiting for server processing
I20260914 17:52:25.006261 296378 dfly_bench.cc:926] Done queuing 4294967295 requests, which took 30.0s. Waiting for server processing
I20260914 17:52:25.006383 296376 dfly_bench.cc:926] Done queuing 4294967295 requests, which took 30.0s. Waiting for server processing
I20260914 17:52:25.006385 296375 dfly_bench.cc:926] Done queuing 4294967295 requests, which took 30.0s. Waiting for server processing
I20260914 17:52:25.006356 296381 dfly_bench.cc:926] Done queuing 4294967295 requests, which took 30.0s. Waiting for server processing
I20260914 17:52:25.006379 296370 dfly_bench.cc:926] Done queuing 4294967295 requests, which took 30.0s. Waiting for server processing
I20260914 17:52:25.006165 296377 dfly_bench.cc:926] Done queuing 4294967295 requests, which took 30.0s. Waiting for server processing
I20260914 17:52:25.006404 296371 dfly_bench.cc:926] Done queuing 4294967295 requests, which took 30.0s. Waiting for server processing
I20260914 17:52:25.006418 296377 dfly_bench.cc:926] Done queuing 4294967295 requests, which took 30.0s. Waiting for server processing
I20260914 17:52:25.006325 296368 dfly_bench.cc:1001] ReceiveFb done
I20260914 17:52:25.006412 296378 dfly_bench.cc:926] Done queuing 4294967295 requests, which took 30.0s. Waiting for server processing
I20260914 17:52:25.006446 296377 dfly_bench.cc:926] Done queuing 4294967295 requests, which took 30.0s. Waiting for server processing
I20260914 17:52:25.006346 296379 dfly_bench.cc:926] Done queuing 4294967295 requests, which took 30.0s. Waiting for server processing
I20260914 17:52:25.006455 296377 dfly_bench.cc:926] Done queuing 4294967295 requests, which took 30.0s. Waiting for server processing
I20260914 17:52:25.006346 296367 dfly_bench.cc:926] Done queuing 4294967295 requests, which took 30.0s. Waiting for server processing
I20260914 17:52:25.006454 296378 dfly_bench.cc:926] Done queuing 4294967295 requests, which took 30.0s. Waiting for server processing
I20260914 17:52:25.006198 296374 dfly_bench.cc:926] Done queuing 4294967295 requests, which took 30.0s. Waiting for server processing
I20260914 17:52:25.006480 296378 dfly_bench.cc:926] Done queuing 4294967295 requests, which took 30.0s. Waiting for server processing
I20260914 17:52:25.006354 296372 dfly_bench.cc:926] Done queuing 4294967295 requests, which took 30.0s. Waiting for server processing
I20260914 17:52:25.006397 296369 dfly_bench.cc:926] Done queuing 4294967295 requests, which took 30.0s. Waiting for server processing
I20260914 17:52:25.006491 296378 dfly_bench.cc:926] Done queuing 4294967295 requests, which took 30.0s. Waiting for server processing
I20260914 17:52:25.006477 296377 dfly_bench.cc:926] Done queuing 4294967295 requests, which took 30.0s. Waiting for server processing
I20260914 17:52:25.006497 296372 dfly_bench.cc:926] Done queuing 4294967295 requests, which took 30.0s. Waiting for server processing
I20260914 17:52:25.006421 296381 dfly_bench.cc:926] Done queuing 4294967295 requests, which took 30.0s. Waiting for server processing
I20260914 17:52:25.006506 296377 dfly_bench.cc:926] Done queuing 4294967295 requests, which took 30.0s. Waiting for server processing
I20260914 17:52:25.006408 296376 dfly_bench.cc:926] Done queuing 4294967295 requests, which took 30.0s. Waiting for server processing
I20260914 17:52:25.006518 296377 dfly_bench.cc:926] Done queuing 4294967295 requests, which took 30.0s. Waiting for server processing
I20260914 17:52:25.006516 296381 dfly_bench.cc:926] Done queuing 4294967295 requests, which took 30.0s. Waiting for server processing
I20260914 17:52:25.006193 296382 dfly_bench.cc:926] Done queuing 4294967295 requests, which took 30.0s. Waiting for server processing
I20260914 17:52:25.006465 296368 dfly_bench.cc:1001] ReceiveFb done
I20260914 17:52:25.006505 296378 dfly_bench.cc:926] Done queuing 4294967295 requests, which took 30.0s. Waiting for server processing
I20260914 17:52:25.006384 296380 dfly_bench.cc:926] Done queuing 4294967295 requests, which took 30.0s. Waiting for server processing
I20260914 17:52:25.006461 296379 dfly_bench.cc:926] Done queuing 4294967295 requests, which took 30.0s. Waiting for server processing
I20260914 17:52:25.006525 296377 dfly_bench.cc:926] Done queuing 4294967295 requests, which took 30.0s. Waiting for server processing
I20260914 17:52:25.006349 296373 dfly_bench.cc:1001] ReceiveFb done
I20260914 17:52:25.006506 296369 dfly_bench.cc:926] Done queuing 4294967295 requests, which took 30.0s. Waiting for server processing
I20260914 17:52:25.006546 296378 dfly_bench.cc:926] Done queuing 4294967295 requests, which took 30.0s. Waiting for server processing
I20260914 17:52:25.006481 296367 dfly_bench.cc:926] Done queuing 4294967295 requests, which took 30.0s. Waiting for server processing
I20260914 17:52:25.006510 296372 dfly_bench.cc:926] Done queuing 4294967295 requests, which took 30.0s. Waiting for server processing
I20260914 17:52:25.006552 296382 dfly_bench.cc:926] Done queuing 4294967295 requests, which took 30.0s. Waiting for server processing
I20260914 17:52:25.006413 296370 dfly_bench.cc:926] Done queuing 4294967295 requests, which took 30.0s. Waiting for server processing
I20260914 17:52:25.006567 296368 dfly_bench.cc:1001] ReceiveFb done
I20260914 17:52:25.006532 296381 dfly_bench.cc:926] Done queuing 4294967295 requests, which took 30.0s. Waiting for server processing
I20260914 17:52:25.006492 296374 dfly_bench.cc:926] Done queuing 4294967295 requests, which took 30.0s. Waiting for server processing
I20260914 17:52:25.006408 296375 dfly_bench.cc:926] Done queuing 4294967295 requests, which took 30.0s. Waiting for server processing
I20260914 17:52:25.006573 296372 dfly_bench.cc:926] Done queuing 4294967295 requests, which took 30.0s. Waiting for server processing
I20260914 17:52:25.006575 296373 dfly_bench.cc:1001] ReceiveFb done
I20260914 17:52:25.006567 296367 dfly_bench.cc:926] Done queuing 4294967295 requests, which took 30.0s. Waiting for server processing
I20260914 17:52:25.006567 296369 dfly_bench.cc:926] Done queuing 4294967295 requests, which took 30.0s. Waiting for server processing
I20260914 17:52:25.006618 296375 dfly_bench.cc:926] Done queuing 4294967295 requests, which took 30.0s. Waiting for server processing
I20260914 17:52:25.006565 296378 dfly_bench.cc:926] Done queuing 4294967295 requests, which took 30.0s. Waiting for server processing
I20260914 17:52:25.006456 296371 dfly_bench.cc:926] Done queuing 4294967295 requests, which took 30.0s. Waiting for server processing
I20260914 17:52:25.006554 296379 dfly_bench.cc:926] Done queuing 4294967295 requests, which took 30.0s. Waiting for server processing
I20260914 17:52:25.006558 296377 dfly_bench.cc:926] Done queuing 4294967295 requests, which took 30.0s. Waiting for server processing
I20260914 17:52:25.006551 296380 dfly_bench.cc:926] Done queuing 4294967295 requests, which took 30.0s. Waiting for server processing
I20260914 17:52:25.006582 296370 dfly_bench.cc:926] Done queuing 4294967295 requests, which took 30.0s. Waiting for server processing
I20260914 17:52:25.006523 296376 dfly_bench.cc:926] Done queuing 4294967295 requests, which took 30.0s. Waiting for server processing
I20260914 17:52:25.006631 296375 dfly_bench.cc:926] Done queuing 4294967295 requests, which took 30.0s. Waiting for server processing
I20260914 17:52:25.006619 296368 dfly_bench.cc:1001] ReceiveFb done
I20260914 17:52:25.006593 296381 dfly_bench.cc:926] Done queuing 4294967295 requests, which took 30.0s. Waiting for server processing
I20260914 17:52:25.006652 296376 dfly_bench.cc:926] Done queuing 4294967295 requests, which took 30.0s. Waiting for server processing
I20260914 17:52:25.006640 296379 dfly_bench.cc:926] Done queuing 4294967295 requests, which took 30.0s. Waiting for server processing
I20260914 17:52:25.006624 296367 dfly_bench.cc:926] Done queuing 4294967295 requests, which took 30.0s. Waiting for server processing
I20260914 17:52:25.006655 296375 dfly_bench.cc:926] Done queuing 4294967295 requests, which took 30.0s. Waiting for server processing
I20260914 17:52:25.006593 296374 dfly_bench.cc:926] Done queuing 4294967295 requests, which took 30.0s. Waiting for server processing
I20260914 17:52:25.006574 296382 dfly_bench.cc:926] Done queuing 4294967295 requests, which took 30.0s. Waiting for server processing
I20260914 17:52:25.006695 296382 dfly_bench.cc:926] Done queuing 4294967295 requests, which took 30.0s. Waiting for server processing
I20260914 17:52:25.006640 296377 dfly_bench.cc:926] Done queuing 4294967295 requests, which took 30.0s. Waiting for server processing
I20260914 17:52:25.006681 296367 dfly_bench.cc:926] Done queuing 4294967295 requests, which took 30.0s. Waiting for server processing
I20260914 17:52:25.006639 296371 dfly_bench.cc:926] Done queuing 4294967295 requests, which took 30.0s. Waiting for server processing
I20260914 17:52:25.006687 296375 dfly_bench.cc:926] Done queuing 4294967295 requests, which took 30.0s. Waiting for server processing
I20260914 17:52:25.006642 296380 dfly_bench.cc:926] Done queuing 4294967295 requests, which took 30.0s. Waiting for server processing
I20260914 17:52:25.006747 296380 dfly_bench.cc:926] Done queuing 4294967295 requests, which took 30.0s. Waiting for server processing
I20260914 17:52:25.006752 296372 dfly_bench.cc:1001] ReceiveFb done
I20260914 17:52:25.006692 296374 dfly_bench.cc:926] Done queuing 4294967295 requests, which took 30.0s. Waiting for server processing
I20260914 17:52:25.006631 296369 dfly_bench.cc:926] Done queuing 4294967295 requests, which took 30.0s. Waiting for server processing
I20260914 17:52:25.006688 296379 dfly_bench.cc:926] Done queuing 4294967295 requests, which took 30.0s. Waiting for server processing
I20260914 17:52:25.006724 296367 dfly_bench.cc:926] Done queuing 4294967295 requests, which took 30.0s. Waiting for server processing
I20260914 17:52:25.006664 296376 dfly_bench.cc:926] Done queuing 4294967295 requests, which took 30.0s. Waiting for server processing
I20260914 17:52:25.006678 296368 dfly_bench.cc:1001] ReceiveFb done
I20260914 17:52:25.006764 296380 dfly_bench.cc:926] Done queuing 4294967295 requests, which took 30.0s. Waiting for server processing
I20260914 17:52:25.006796 296376 dfly_bench.cc:926] Done queuing 4294967295 requests, which took 30.0s. Waiting for server processing
I20260914 17:52:25.006635 296373 dfly_bench.cc:926] Done queuing 4294967295 requests, which took 30.0s. Waiting for server processing
I20260914 17:52:25.006807 296380 dfly_bench.cc:926] Done queuing 4294967295 requests, which took 30.0s. Waiting for server processing
I20260914 17:52:25.006632 296378 dfly_bench.cc:926] Done queuing 4294967295 requests, which took 30.0s. Waiting for server processing
I20260914 17:52:25.006769 296374 dfly_bench.cc:926] Done queuing 4294967295 requests, which took 30.0s. Waiting for server processing
I20260914 17:52:25.006732 296371 dfly_bench.cc:926] Done queuing 4294967295 requests, which took 30.0s. Waiting for server processing
I20260914 17:52:25.006825 296374 dfly_bench.cc:926] Done queuing 4294967295 requests, which took 30.0s. Waiting for server processing
I20260914 17:52:25.006817 296373 dfly_bench.cc:926] Done queuing 4294967295 requests, which took 30.0s. Waiting for server processing
I20260914 17:52:25.006703 296382 dfly_bench.cc:926] Done queuing 4294967295 requests, which took 30.0s. Waiting for server processing
I20260914 17:52:25.006820 296378 dfly_bench.cc:926] Done queuing 4294967295 requests, which took 30.0s. Waiting for server processing
I20260914 17:52:25.006834 296371 dfly_bench.cc:926] Done queuing 4294967295 requests, which took 30.0s. Waiting for server processing
I20260914 17:52:25.006774 296372 dfly_bench.cc:1001] ReceiveFb done
I20260914 17:52:25.006855 296382 dfly_bench.cc:926] Done queuing 4294967295 requests, which took 30.0s. Waiting for server processing
I20260914 17:52:25.006899 296376 dfly_bench.cc:1001] ReceiveFb done
I20260914 17:52:25.006909 296372 dfly_bench.cc:1001] ReceiveFb done
I20260914 17:52:25.006645 296370 dfly_bench.cc:926] Done queuing 4294967295 requests, which took 30.0s. Waiting for server processing
I20260914 17:52:25.006839 296373 dfly_bench.cc:926] Done queuing 4294967295 requests, which took 30.0s. Waiting for server processing
I20260914 17:52:25.006937 296372 dfly_bench.cc:1001] ReceiveFb done
I20260914 17:52:25.006772 296369 dfly_bench.cc:926] Done queuing 4294967295 requests, which took 30.0s. Waiting for server processing
I20260914 17:52:25.006953 296369 dfly_bench.cc:926] Done queuing 4294967295 requests, which took 30.0s. Waiting for server processing
I20260914 17:52:25.006775 296379 dfly_bench.cc:926] Done queuing 4294967295 requests, which took 30.0s. Waiting for server processing
I20260914 17:52:25.006960 296372 dfly_bench.cc:1001] ReceiveFb done
I20260914 17:52:25.006867 296371 dfly_bench.cc:926] Done queuing 4294967295 requests, which took 30.0s. Waiting for server processing
I20260914 17:52:25.006659 296381 dfly_bench.cc:926] Done queuing 4294967295 requests, which took 30.0s. Waiting for server processing
I20260914 17:52:25.006778 296367 dfly_bench.cc:926] Done queuing 4294967295 requests, which took 30.0s. Waiting for server processing
I20260914 17:52:25.006973 296371 dfly_bench.cc:926] Done queuing 4294967295 requests, which took 30.0s. Waiting for server processing
I20260914 17:52:25.006819 296380 dfly_bench.cc:926] Done queuing 4294967295 requests, which took 30.0s. Waiting for server processing
I20260914 17:52:25.006983 296372 dfly_bench.cc:1001] ReceiveFb done
I20260914 17:52:25.006989 296367 dfly_bench.cc:926] Done queuing 4294967295 requests, which took 30.0s. Waiting for server processing
I20260914 17:52:25.006835 296368 dfly_bench.cc:1001] ReceiveFb done
I20260914 17:52:25.006994 296380 dfly_bench.cc:926] Done queuing 4294967295 requests, which took 30.0s. Waiting for server processing
I20260914 17:52:25.006933 296373 dfly_bench.cc:926] Done queuing 4294967295 requests, which took 30.0s. Waiting for server processing
I20260914 17:52:25.006978 296381 dfly_bench.cc:926] Done queuing 4294967295 requests, which took 30.0s. Waiting for server processing
I20260914 17:52:25.006901 296382 dfly_bench.cc:926] Done queuing 4294967295 requests, which took 30.0s. Waiting for server processing
I20260914 17:52:25.007012 296372 dfly_bench.cc:1001] ReceiveFb done
I20260914 17:52:25.006836 296374 dfly_bench.cc:926] Done queuing 4294967295 requests, which took 30.0s. Waiting for server processing
I20260914 17:52:25.006738 296375 dfly_bench.cc:926] Done queuing 4294967295 requests, which took 30.0s. Waiting for server processing
I20260914 17:52:25.007019 296381 dfly_bench.cc:926] Done queuing 4294967295 requests, which took 30.0s. Waiting for server processing
I20260914 17:52:25.007015 296373 dfly_bench.cc:926] Done queuing 4294967295 requests, which took 30.0s. Waiting for server processing
I20260914 17:52:25.006932 296370 dfly_bench.cc:926] Done queuing 4294967295 requests, which took 30.0s. Waiting for server processing
I20260914 17:52:25.007035 296381 dfly_bench.cc:926] Done queuing 4294967295 requests, which took 30.0s. Waiting for server processing
I20260914 17:52:25.006961 296369 dfly_bench.cc:926] Done queuing 4294967295 requests, which took 30.0s. Waiting for server processing
I20260914 17:52:25.007025 296382 dfly_bench.cc:926] Done queuing 4294967295 requests, which took 30.0s. Waiting for server processing
I20260914 17:52:25.007033 296374 dfly_bench.cc:926] Done queuing 4294967295 requests, which took 30.0s. Waiting for server processing
I20260914 17:52:25.007041 296368 dfly_bench.cc:926] Done queuing 4294967295 requests, which took 30.0s. Waiting for server processing
I20260914 17:52:25.007046 296370 dfly_bench.cc:926] Done queuing 4294967295 requests, which took 30.0s. Waiting for server processing
I20260914 17:52:25.007038 296372 dfly_bench.cc:1001] ReceiveFb done
I20260914 17:52:25.006922 296376 dfly_bench.cc:1001] ReceiveFb done
I20260914 17:52:25.006963 296379 dfly_bench.cc:926] Done queuing 4294967295 requests, which took 30.0s. Waiting for server processing
I20260914 17:52:25.007125 296376 dfly_bench.cc:1001] ReceiveFb done
I20260914 17:52:25.006982 296371 dfly_bench.cc:926] Done queuing 4294967295 requests, which took 30.0s. Waiting for server processing
I20260914 17:52:25.007037 296373 dfly_bench.cc:926] Done queuing 4294967295 requests, which took 30.0s. Waiting for server processing
I20260914 17:52:25.007138 296373 dfly_bench.cc:926] Done queuing 4294967295 requests, which took 30.0s. Waiting for server processing
I20260914 17:52:25.006963 296378 dfly_bench.cc:1001] ReceiveFb done
I20260914 17:52:25.007148 296373 dfly_bench.cc:926] Done queuing 4294967295 requests, which took 30.0s. Waiting for server processing
I20260914 17:52:25.007164 296373 dfly_bench.cc:926] Done queuing 4294967295 requests, which took 30.0s. Waiting for server processing
I20260914 17:52:25.007004 296367 dfly_bench.cc:926] Done queuing 4294967295 requests, which took 30.0s. Waiting for server processing
I20260914 17:52:25.007099 296374 dfly_bench.cc:926] Done queuing 4294967295 requests, which took 30.0s. Waiting for server processing
I20260914 17:52:25.007176 296373 dfly_bench.cc:926] Done queuing 4294967295 requests, which took 30.0s. Waiting for server processing
I20260914 17:52:25.007198 296367 dfly_bench.cc:926] Done queuing 4294967295 requests, which took 30.0s. Waiting for server processing
I20260914 17:52:25.007118 296381 dfly_bench.cc:1001] ReceiveFb done
I20260914 17:52:25.007078 296382 dfly_bench.cc:926] Done queuing 4294967295 requests, which took 30.0s. Waiting for server processing
I20260914 17:52:25.007210 296371 dfly_bench.cc:1001] ReceiveFb done
I20260914 17:52:25.007035 296375 dfly_bench.cc:926] Done queuing 4294967295 requests, which took 30.0s. Waiting for server processing
I20260914 17:52:25.006819 296377 dfly_bench.cc:1001] ReceiveFb done
I20260914 17:52:25.007180 296378 dfly_bench.cc:1001] ReceiveFb done
I20260914 17:52:25.007222 296369 dfly_bench.cc:1001] ReceiveFb done
I20260914 17:52:25.007103 296370 dfly_bench.cc:926] Done queuing 4294967295 requests, which took 30.0s. Waiting for server processing
I20260914 17:52:25.007226 296375 dfly_bench.cc:926] Done queuing 4294967295 requests, which took 30.0s. Waiting for server processing
I20260914 17:52:25.007205 296373 dfly_bench.cc:926] Done queuing 4294967295 requests, which took 30.0s. Waiting for server processing
I20260914 17:52:25.007236 296370 dfly_bench.cc:926] Done queuing 4294967295 requests, which took 30.0s. Waiting for server processing
I20260914 17:52:25.007251 296370 dfly_bench.cc:926] Done queuing 4294967295 requests, which took 30.0s. Waiting for server processing
I20260914 17:52:25.007207 296367 dfly_bench.cc:926] Done queuing 4294967295 requests, which took 30.0s. Waiting for server processing
I20260914 17:52:25.007297 296375 dfly_bench.cc:1001] ReceiveFb done
I20260914 17:52:25.007304 296367 dfly_bench.cc:926] Done queuing 4294967295 requests, which took 30.0s. Waiting for server processing
I20260914 17:52:25.007123 296379 dfly_bench.cc:926] Done queuing 4294967295 requests, which took 30.0s. Waiting for server processing
I20260914 17:52:25.007052 296380 dfly_bench.cc:1001] ReceiveFb done
I20260914 17:52:25.007321 296375 dfly_bench.cc:1001] ReceiveFb done
I20260914 17:52:25.007241 296378 dfly_bench.cc:1001] ReceiveFb done
I20260914 17:52:25.007302 296370 dfly_bench.cc:926] Done queuing 4294967295 requests, which took 30.0s. Waiting for server processing
I20260914 17:52:25.007200 296374 dfly_bench.cc:926] Done queuing 4294967295 requests, which took 30.0s. Waiting for server processing
I20260914 17:52:25.007229 296381 dfly_bench.cc:1001] ReceiveFb done
I20260914 17:52:25.007247 296377 dfly_bench.cc:1001] ReceiveFb done
I20260914 17:52:25.007220 296382 dfly_bench.cc:926] Done queuing 4294967295 requests, which took 30.0s. Waiting for server processing
I20260914 17:52:25.007247 296373 dfly_bench.cc:926] Done queuing 4294967295 requests, which took 30.0s. Waiting for server processing
I20260914 17:52:25.007357 296378 dfly_bench.cc:1001] ReceiveFb done
I20260914 17:52:25.007362 296373 dfly_bench.cc:926] Done queuing 4294967295 requests, which took 30.0s. Waiting for server processing
I20260914 17:52:25.007104 296368 dfly_bench.cc:926] Done queuing 4294967295 requests, which took 30.0s. Waiting for server processing
I20260914 17:52:25.007368 296377 dfly_bench.cc:1001] ReceiveFb done
I20260914 17:52:25.007372 296373 dfly_bench.cc:926] Done queuing 4294967295 requests, which took 30.0s. Waiting for server processing
I20260914 17:52:25.007376 296381 dfly_bench.cc:1001] ReceiveFb done
I20260914 17:52:25.007351 296375 dfly_bench.cc:1001] ReceiveFb done
I20260914 17:52:25.007325 296379 dfly_bench.cc:926] Done queuing 4294967295 requests, which took 30.0s. Waiting for server processing
I20260914 17:52:25.007382 296373 dfly_bench.cc:926] Done queuing 4294967295 requests, which took 30.0s. Waiting for server processing
I20260914 17:52:25.007315 296367 dfly_bench.cc:926] Done queuing 4294967295 requests, which took 30.0s. Waiting for server processing
I20260914 17:52:25.007396 296373 dfly_bench.cc:926] Done queuing 4294967295 requests, which took 30.0s. Waiting for server processing
I20260914 17:52:25.007402 296367 dfly_bench.cc:926] Done queuing 4294967295 requests, which took 30.0s. Waiting for server processing
I20260914 17:52:25.007413 296367 dfly_bench.cc:926] Done queuing 4294967295 requests, which took 30.0s. Waiting for server processing
I20260914 17:52:25.007391 296379 dfly_bench.cc:926] Done queuing 4294967295 requests, which took 30.0s. Waiting for server processing
I20260914 17:52:25.007359 296382 dfly_bench.cc:926] Done queuing 4294967295 requests, which took 30.0s. Waiting for server processing
I20260914 17:52:25.007401 296375 dfly_bench.cc:1001] ReceiveFb done
I20260914 17:52:25.007249 296369 dfly_bench.cc:1001] ReceiveFb done
I20260914 17:52:25.007436 296382 dfly_bench.cc:926] Done queuing 4294967295 requests, which took 30.0s. Waiting for server processing
I20260914 17:52:25.007405 296381 dfly_bench.cc:1001] ReceiveFb done
I20260914 17:52:25.007381 296378 dfly_bench.cc:1001] ReceiveFb done
I20260914 17:52:25.007123 296372 dfly_bench.cc:1001] ReceiveFb done
I20260914 17:52:25.007144 296376 dfly_bench.cc:1001] ReceiveFb done
I20260914 17:52:25.007406 296373 dfly_bench.cc:926] Done queuing 4294967295 requests, which took 30.0s. Waiting for server processing
I20260914 17:52:25.007349 296370 dfly_bench.cc:926] Done queuing 4294967295 requests, which took 30.0s. Waiting for server processing
I20260914 17:52:25.007423 296367 dfly_bench.cc:926] Done queuing 4294967295 requests, which took 30.0s. Waiting for server processing
I20260914 17:52:25.007375 296368 dfly_bench.cc:926] Done queuing 4294967295 requests, which took 30.0s. Waiting for server processing
I20260914 17:52:25.007351 296374 dfly_bench.cc:926] Done queuing 4294967295 requests, which took 30.0s. Waiting for server processing
I20260914 17:52:25.007455 296382 dfly_bench.cc:926] Done queuing 4294967295 requests, which took 30.0s. Waiting for server processing
I20260914 17:52:25.007480 296381 dfly_bench.cc:1001] ReceiveFb done
I20260914 17:52:25.007505 296372 dfly_bench.cc:926] Done queuing 4294967295 requests, which took 30.0s. Waiting for server processing
I20260914 17:52:25.007433 296379 dfly_bench.cc:926] Done queuing 4294967295 requests, which took 30.0s. Waiting for server processing
I20260914 17:52:25.007387 296377 dfly_bench.cc:1001] ReceiveFb done
I20260914 17:52:25.007519 296379 dfly_bench.cc:926] Done queuing 4294967295 requests, which took 30.0s. Waiting for server processing
I20260914 17:52:25.007498 296374 dfly_bench.cc:926] Done queuing 4294967295 requests, which took 30.0s. Waiting for server processing
I20260914 17:52:25.007521 296381 dfly_bench.cc:1001] ReceiveFb done
I20260914 17:52:25.007359 296380 dfly_bench.cc:1001] ReceiveFb done
I20260914 17:52:25.007530 296379 dfly_bench.cc:926] Done queuing 4294967295 requests, which took 30.0s. Waiting for server processing
I20260914 17:52:25.007489 296367 dfly_bench.cc:926] Done queuing 4294967295 requests, which took 30.0s. Waiting for server processing
I20260914 17:52:25.007499 296382 dfly_bench.cc:926] Done queuing 4294967295 requests, which took 30.0s. Waiting for server processing
I20260914 17:52:25.007541 296377 dfly_bench.cc:1001] ReceiveFb done
I20260914 17:52:25.007551 296382 dfly_bench.cc:926] Done queuing 4294967295 requests, which took 30.0s. Waiting for server processing
I20260914 17:52:25.007465 296369 dfly_bench.cc:1001] ReceiveFb done
I20260914 17:52:25.007555 296380 dfly_bench.cc:1001] ReceiveFb done
I20260914 17:52:25.007488 296370 dfly_bench.cc:926] Done queuing 4294967295 requests, which took 30.0s. Waiting for server processing
I20260914 17:52:25.007483 296378 dfly_bench.cc:1001] ReceiveFb done
I20260914 17:52:25.007453 296375 dfly_bench.cc:1001] ReceiveFb done
I20260914 17:52:25.007498 296368 dfly_bench.cc:926] Done queuing 4294967295 requests, which took 30.0s. Waiting for server processing
I20260914 17:52:25.007575 296370 dfly_bench.cc:926] Done queuing 4294967295 requests, which took 30.0s. Waiting for server processing
I20260914 17:52:25.007481 296373 dfly_bench.cc:926] Done queuing 4294967295 requests, which took 30.0s. Waiting for server processing
I20260914 17:52:25.007577 296377 dfly_bench.cc:1001] ReceiveFb done
I20260914 17:52:25.007581 296380 dfly_bench.cc:1001] ReceiveFb done
I20260914 17:52:25.007557 296367 dfly_bench.cc:926] Done queuing 4294967295 requests, which took 30.0s. Waiting for server processing
I20260914 17:52:25.007534 296374 dfly_bench.cc:926] Done queuing 4294967295 requests, which took 30.0s. Waiting for server processing
I20260914 17:52:25.007599 296373 dfly_bench.cc:926] Done queuing 4294967295 requests, which took 30.0s. Waiting for server processing
I20260914 17:52:25.007596 296375 dfly_bench.cc:1001] ReceiveFb done
I20260914 17:52:25.007544 296379 dfly_bench.cc:926] Done queuing 4294967295 requests, which took 30.0s. Waiting for server processing
I20260914 17:52:25.007232 296371 dfly_bench.cc:1001] ReceiveFb done
I20260914 17:52:25.007565 296382 dfly_bench.cc:926] Done queuing 4294967295 requests, which took 30.0s. Waiting for server processing
I20260914 17:52:25.007650 296375 dfly_bench.cc:1001] ReceiveFb done
I20260914 17:52:25.007615 296377 dfly_bench.cc:1001] ReceiveFb done
I20260914 17:52:25.007656 296382 dfly_bench.cc:926] Done queuing 4294967295 requests, which took 30.0s. Waiting for server processing
I20260914 17:52:25.007673 296375 dfly_bench.cc:1001] ReceiveFb done
I20260914 17:52:25.007604 296378 dfly_bench.cc:1001] ReceiveFb done
I20260914 17:52:25.007622 296380 dfly_bench.cc:1001] ReceiveFb done
I20260914 17:52:25.007580 296369 dfly_bench.cc:1001] ReceiveFb done
I20260914 17:52:25.007588 296368 dfly_bench.cc:926] Done queuing 4294967295 requests, which took 30.0s. Waiting for server processing
I20260914 17:52:25.007611 296367 dfly_bench.cc:926] Done queuing 4294967295 requests, which took 30.0s. Waiting for server processing
I20260914 17:52:25.007715 296380 dfly_bench.cc:1001] ReceiveFb done
I20260914 17:52:25.007622 296373 dfly_bench.cc:926] Done queuing 4294967295 requests, which took 30.0s. Waiting for server processing
I20260914 17:52:25.007735 296373 dfly_bench.cc:926] Done queuing 4294967295 requests, which took 30.0s. Waiting for server processing
I20260914 17:52:25.007726 296367 dfly_bench.cc:926] Done queuing 4294967295 requests, which took 30.0s. Waiting for server processing
I20260914 17:52:25.007516 296372 dfly_bench.cc:926] Done queuing 4294967295 requests, which took 30.0s. Waiting for server processing
I20260914 17:52:25.007601 296370 dfly_bench.cc:926] Done queuing 4294967295 requests, which took 30.0s. Waiting for server processing
I20260914 17:52:25.007673 296377 dfly_bench.cc:1001] ReceiveFb done
I20260914 17:52:25.007745 296367 dfly_bench.cc:926] Done queuing 4294967295 requests, which took 30.0s. Waiting for server processing
I20260914 17:52:25.007709 296378 dfly_bench.cc:1001] ReceiveFb done
I20260914 17:52:25.007548 296381 dfly_bench.cc:1001] ReceiveFb done
I20260914 17:52:25.007756 296367 dfly_bench.cc:926] Done queuing 4294967295 requests, which took 30.0s. Waiting for server processing
I20260914 17:52:25.007696 296375 dfly_bench.cc:1001] ReceiveFb done
I20260914 17:52:25.007776 296367 dfly_bench.cc:926] Done queuing 4294967295 requests, which took 30.0s. Waiting for server processing
I20260914 17:52:25.007772 296381 dfly_bench.cc:1001] ReceiveFb done
I20260914 17:52:25.007737 296380 dfly_bench.cc:1001] ReceiveFb done
I20260914 17:52:25.007720 296368 dfly_bench.cc:926] Done queuing 4294967295 requests, which took 30.0s. Waiting for server processing
I20260914 17:52:25.007629 296379 dfly_bench.cc:926] Done queuing 4294967295 requests, which took 30.0s. Waiting for server processing
I20260914 17:52:25.007678 296382 dfly_bench.cc:926] Done queuing 4294967295 requests, which took 30.0s. Waiting for server processing
I20260914 17:52:25.007803 296381 dfly_bench.cc:1001] ReceiveFb done
I20260914 17:52:25.007722 296369 dfly_bench.cc:1001] ReceiveFb done
I20260914 17:52:25.007747 296372 dfly_bench.cc:926] Done queuing 4294967295 requests, which took 30.0s. Waiting for server processing
I20260914 17:52:25.007660 296371 dfly_bench.cc:1001] ReceiveFb done
I20260914 17:52:25.007805 296380 dfly_bench.cc:1001] ReceiveFb done
I20260914 17:52:25.007795 296368 dfly_bench.cc:926] Done queuing 4294967295 requests, which took 30.0s. Waiting for server processing
I20260914 17:52:25.007797 296379 dfly_bench.cc:926] Done queuing 4294967295 requests, which took 30.0s. Waiting for server processing
I20260914 17:52:25.007486 296376 dfly_bench.cc:1001] ReceiveFb done
I20260914 17:52:25.007628 296374 dfly_bench.cc:926] Done queuing 4294967295 requests, which took 30.0s. Waiting for server processing
I20260914 17:52:25.007769 296378 dfly_bench.cc:1001] ReceiveFb done
I20260914 17:52:25.007741 296373 dfly_bench.cc:926] Done queuing 4294967295 requests, which took 30.0s. Waiting for server processing
I20260914 17:52:25.007794 296375 dfly_bench.cc:1001] ReceiveFb done
I20260914 17:52:25.007808 296382 dfly_bench.cc:926] Done queuing 4294967295 requests, which took 30.0s. Waiting for server processing
I20260914 17:52:25.007846 296373 dfly_bench.cc:926] Done queuing 4294967295 requests, which took 30.0s. Waiting for server processing
I20260914 17:52:25.007827 296381 dfly_bench.cc:1001] ReceiveFb done
I20260914 17:52:25.007836 296368 dfly_bench.cc:926] Done queuing 4294967295 requests, which took 30.0s. Waiting for server processing
I20260914 17:52:25.007860 296375 dfly_bench.cc:1001] ReceiveFb done
I20260914 17:52:25.007748 296370 dfly_bench.cc:926] Done queuing 4294967295 requests, which took 30.0s. Waiting for server processing
I20260914 17:52:25.007856 296373 dfly_bench.cc:926] Done queuing 4294967295 requests, which took 30.0s. Waiting for server processing
I20260914 17:52:25.007858 296376 dfly_bench.cc:1001] ReceiveFb done
I20260914 17:52:25.007761 296377 dfly_bench.cc:1001] ReceiveFb done
I20260914 17:52:25.007817 296372 dfly_bench.cc:926] Done queuing 4294967295 requests, which took 30.0s. Waiting for server processing
I20260914 17:52:25.007843 296374 dfly_bench.cc:926] Done queuing 4294967295 requests, which took 30.0s. Waiting for server processing
I20260914 17:52:25.007877 296370 dfly_bench.cc:926] Done queuing 4294967295 requests, which took 30.0s. Waiting for server processing
I20260914 17:52:25.007898 296376 dfly_bench.cc:1001] ReceiveFb done
I20260914 17:52:25.007838 296379 dfly_bench.cc:926] Done queuing 4294967295 requests, which took 30.0s. Waiting for server processing
I20260914 17:52:25.007826 296369 dfly_bench.cc:1001] ReceiveFb done
I20260914 17:52:25.007836 296371 dfly_bench.cc:1001] ReceiveFb done
I20260914 17:52:25.007905 296370 dfly_bench.cc:926] Done queuing 4294967295 requests, which took 30.0s. Waiting for server processing
I20260914 17:52:25.007860 296378 dfly_bench.cc:1001] ReceiveFb done
I20260914 17:52:25.007895 296375 dfly_bench.cc:1001] ReceiveFb done
I20260914 17:52:25.007889 296372 dfly_bench.cc:926] Done queuing 4294967295 requests, which took 30.0s. Waiting for server processing
I20260914 17:52:25.007921 296376 dfly_bench.cc:1001] ReceiveFb done
I20260914 17:52:25.007885 296373 dfly_bench.cc:926] Done queuing 4294967295 requests, which took 30.0s. Waiting for server processing
I20260914 17:52:25.007916 296377 dfly_bench.cc:1001] ReceiveFb done
I20260914 17:52:25.007869 296368 dfly_bench.cc:926] Done queuing 4294967295 requests, which took 30.0s. Waiting for server processing
I20260914 17:52:25.007930 296369 dfly_bench.cc:1001] ReceiveFb done
I20260914 17:52:25.007946 296368 dfly_bench.cc:926] Done queuing 4294967295 requests, which took 30.0s. Waiting for server processing
I20260914 17:52:25.007891 296374 dfly_bench.cc:926] Done queuing 4294967295 requests, which took 30.0s. Waiting for server processing
I20260914 17:52:25.007956 296377 dfly_bench.cc:1001] ReceiveFb done
I20260914 17:52:25.007843 296380 dfly_bench.cc:1001] ReceiveFb done
I20260914 17:52:25.007877 296381 dfly_bench.cc:1001] ReceiveFb done
I20260914 17:52:25.007851 296382 dfly_bench.cc:926] Done queuing 4294967295 requests, which took 30.0s. Waiting for server processing
I20260914 17:52:25.007912 296379 dfly_bench.cc:926] Done queuing 4294967295 requests, which took 30.0s. Waiting for server processing
I20260914 17:52:25.007977 296382 dfly_bench.cc:926] Done queuing 4294967295 requests, which took 30.0s. Waiting for server processing
I20260914 17:52:25.007941 296372 dfly_bench.cc:926] Done queuing 4294967295 requests, which took 30.0s. Waiting for server processing
I20260914 17:52:25.007926 296370 dfly_bench.cc:926] Done queuing 4294967295 requests, which took 30.0s. Waiting for server processing
I20260914 17:52:25.007970 296369 dfly_bench.cc:1001] ReceiveFb done
I20260914 17:52:25.007947 296375 dfly_bench.cc:1001] ReceiveFb done
I20260914 17:52:25.007983 296379 dfly_bench.cc:926] Done queuing 4294967295 requests, which took 30.0s. Waiting for server processing
I20260914 17:52:25.007943 296373 dfly_bench.cc:926] Done queuing 4294967295 requests, which took 30.0s. Waiting for server processing
I20260914 17:52:25.007962 296374 dfly_bench.cc:926] Done queuing 4294967295 requests, which took 30.0s. Waiting for server processing
I20260914 17:52:25.007993 296370 dfly_bench.cc:926] Done queuing 4294967295 requests, which took 30.0s. Waiting for server processing
I20260914 17:52:25.007979 296377 dfly_bench.cc:1001] ReceiveFb done
I20260914 17:52:25.007961 296368 dfly_bench.cc:926] Done queuing 4294967295 requests, which took 30.0s. Waiting for server processing
I20260914 17:52:25.008018 296369 dfly_bench.cc:1001] ReceiveFb done
I20260914 17:52:25.007985 296381 dfly_bench.cc:1001] ReceiveFb done
I20260914 17:52:25.007933 296371 dfly_bench.cc:1001] ReceiveFb done
I20260914 17:52:25.007952 296376 dfly_bench.cc:1001] ReceiveFb done
I20260914 17:52:25.008044 296371 dfly_bench.cc:1001] ReceiveFb done
I20260914 17:52:25.008035 296377 dfly_bench.cc:1001] ReceiveFb done
I20260914 17:52:25.008016 296375 dfly_bench.cc:1001] ReceiveFb done
I20260914 17:52:25.007984 296380 dfly_bench.cc:1001] ReceiveFb done
I20260914 17:52:25.007941 296378 dfly_bench.cc:1001] ReceiveFb done
I20260914 17:52:25.008044 296381 dfly_bench.cc:1001] ReceiveFb done
I20260914 17:52:25.007987 296382 dfly_bench.cc:926] Done queuing 4294967295 requests, which took 30.0s. Waiting for server processing
I20260914 17:52:25.007957 296367 dfly_bench.cc:1001] ReceiveFb done
I20260914 17:52:25.008075 296377 dfly_bench.cc:1001] ReceiveFb done
I20260914 17:52:25.008019 296370 dfly_bench.cc:926] Done queuing 4294967295 requests, which took 30.0s. Waiting for server processing
I20260914 17:52:25.008041 296369 dfly_bench.cc:1001] ReceiveFb done
I20260914 17:52:25.008028 296368 dfly_bench.cc:926] Done queuing 4294967295 requests, which took 30.0s. Waiting for server processing
I20260914 17:52:25.008064 296376 dfly_bench.cc:1001] ReceiveFb done
I20260914 17:52:25.008078 296382 dfly_bench.cc:926] Done queuing 4294967295 requests, which took 30.0s. Waiting for server processing
I20260914 17:52:25.008081 296380 dfly_bench.cc:1001] ReceiveFb done
I20260914 17:52:25.008008 296379 dfly_bench.cc:926] Done queuing 4294967295 requests, which took 30.0s. Waiting for server processing
I20260914 17:52:25.008088 296381 dfly_bench.cc:1001] ReceiveFb done
I20260914 17:52:25.008082 296375 dfly_bench.cc:1001] ReceiveFb done
I20260914 17:52:25.008073 296371 dfly_bench.cc:1001] ReceiveFb done
I20260914 17:52:25.008112 296376 dfly_bench.cc:1001] ReceiveFb done
I20260914 17:52:25.008081 296378 dfly_bench.cc:1001] ReceiveFb done
I20260914 17:52:25.008116 296380 dfly_bench.cc:1001] ReceiveFb done
I20260914 17:52:25.008121 296373 dfly_bench.cc:1001] ReceiveFb done
I20260914 17:52:25.008026 296374 dfly_bench.cc:926] Done queuing 4294967295 requests, which took 30.0s. Waiting for server processing
I20260914 17:52:25.008095 296370 dfly_bench.cc:926] Done queuing 4294967295 requests, which took 30.0s. Waiting for server processing
I20260914 17:52:25.008158 296370 dfly_bench.cc:926] Done queuing 4294967295 requests, which took 30.0s. Waiting for server processing
I20260914 17:52:25.008129 296371 dfly_bench.cc:1001] ReceiveFb done
I20260914 17:52:25.008136 296374 dfly_bench.cc:926] Done queuing 4294967295 requests, which took 30.0s. Waiting for server processing
I20260914 17:52:25.008131 296376 dfly_bench.cc:1001] ReceiveFb done
I20260914 17:52:25.008137 296375 dfly_bench.cc:1001] ReceiveFb done
I20260914 17:52:25.008186 296379 dfly_bench.cc:1001] ReceiveFb done
I20260914 17:52:25.008198 296376 dfly_bench.cc:1001] ReceiveFb done
I20260914 17:52:25.008103 296377 dfly_bench.cc:1001] ReceiveFb done
I20260914 17:52:25.008101 296367 dfly_bench.cc:1001] ReceiveFb done
I20260914 17:52:25.008134 296381 dfly_bench.cc:1001] ReceiveFb done
I20260914 17:52:25.008225 296370 dfly_bench.cc:1001] ReceiveFb done
I20260914 17:52:25.008208 296379 dfly_bench.cc:1001] ReceiveFb done
I20260914 17:52:25.008287 296377 dfly_bench.cc:1001] ReceiveFb done
I20260914 17:52:25.008103 296382 dfly_bench.cc:926] Done queuing 4294967295 requests, which took 30.0s. Waiting for server processing
I20260914 17:52:25.008139 296373 dfly_bench.cc:1001] ReceiveFb done
I20260914 17:52:25.008136 296380 dfly_bench.cc:1001] ReceiveFb done
I20260914 17:52:25.008301 296367 dfly_bench.cc:1001] ReceiveFb done
I20260914 17:52:25.008309 296377 dfly_bench.cc:1001] ReceiveFb done
I20260914 17:52:25.008307 296379 dfly_bench.cc:1001] ReceiveFb done
I20260914 17:52:25.008141 296378 dfly_bench.cc:1001] ReceiveFb done
I20260914 17:52:25.008316 296373 dfly_bench.cc:1001] ReceiveFb done
I20260914 17:52:25.008224 296372 dfly_bench.cc:926] Done queuing 4294967295 requests, which took 30.0s. Waiting for server processing
I20260914 17:52:25.008322 296380 dfly_bench.cc:1001] ReceiveFb done
I20260914 17:52:25.008188 296371 dfly_bench.cc:1001] ReceiveFb done
I20260914 17:52:25.008302 296382 dfly_bench.cc:926] Done queuing 4294967295 requests, which took 30.0s. Waiting for server processing
I20260914 17:52:25.008102 296368 dfly_bench.cc:926] Done queuing 4294967295 requests, which took 30.0s. Waiting for server processing
I20260914 17:52:25.008141 296369 dfly_bench.cc:926] Done queuing 4294967295 requests, which took 30.0s. Waiting for server processing
I20260914 17:52:25.008332 296377 dfly_bench.cc:1001] ReceiveFb done
I20260914 17:52:25.008183 296374 dfly_bench.cc:926] Done queuing 4294967295 requests, which took 30.0s. Waiting for server processing
I20260914 17:52:25.008347 296368 dfly_bench.cc:926] Done queuing 4294967295 requests, which took 30.0s. Waiting for server processing
I20260914 17:52:25.008342 296373 dfly_bench.cc:1001] ReceiveFb done
I20260914 17:52:25.008332 296379 dfly_bench.cc:1001] ReceiveFb done
I20260914 17:52:25.008333 296367 dfly_bench.cc:1001] ReceiveFb done
I20260914 17:52:25.008278 296376 dfly_bench.cc:1001] ReceiveFb done
I20260914 17:52:25.008334 296372 dfly_bench.cc:926] Done queuing 4294967295 requests, which took 30.0s. Waiting for server processing
I20260914 17:52:25.008378 296373 dfly_bench.cc:1001] ReceiveFb done
I20260914 17:52:25.008380 296379 dfly_bench.cc:1001] ReceiveFb done
I20260914 17:52:25.008302 296370 dfly_bench.cc:1001] ReceiveFb done
I20260914 17:52:25.008215 296375 dfly_bench.cc:926] Done queuing 4294967295 requests, which took 30.0s. Waiting for server processing
I20260914 17:52:25.008364 296377 dfly_bench.cc:1001] ReceiveFb done
I20260914 17:52:25.008394 296382 dfly_bench.cc:1001] ReceiveFb done
I20260914 17:52:25.008386 296372 dfly_bench.cc:926] Done queuing 4294967295 requests, which took 30.0s. Waiting for server processing
I20260914 17:52:25.008394 296375 dfly_bench.cc:926] Done queuing 4294967295 requests, which took 30.0s. Waiting for server processing
I20260914 17:52:25.008334 296378 dfly_bench.cc:1001] ReceiveFb done
I20260914 17:52:25.008417 296382 dfly_bench.cc:1001] ReceiveFb done
I20260914 17:52:25.008399 296373 dfly_bench.cc:1001] ReceiveFb done
I20260914 17:52:25.008348 296371 dfly_bench.cc:1001] ReceiveFb done
I20260914 17:52:25.008409 296375 dfly_bench.cc:926] Done queuing 4294967295 requests, which took 30.0s. Waiting for server processing
I20260914 17:52:25.008402 296379 dfly_bench.cc:1001] ReceiveFb done
I20260914 17:52:25.008435 296378 dfly_bench.cc:1001] ReceiveFb done
I20260914 17:52:25.008441 296375 dfly_bench.cc:926] Done queuing 4294967295 requests, which took 30.0s. Waiting for server processing
I20260914 17:52:25.008406 296372 dfly_bench.cc:926] Done queuing 4294967295 requests, which took 30.0s. Waiting for server processing
I20260914 17:52:25.008342 296380 dfly_bench.cc:1001] ReceiveFb done
I20260914 17:52:25.008457 296378 dfly_bench.cc:1001] ReceiveFb done
I20260914 17:52:25.008406 296370 dfly_bench.cc:1001] ReceiveFb done
I20260914 17:52:25.008301 296381 dfly_bench.cc:1001] ReceiveFb done
I20260914 17:52:25.008466 296380 dfly_bench.cc:1001] ReceiveFb done
I20260914 17:52:25.008386 296367 dfly_bench.cc:1001] ReceiveFb done
I20260914 17:52:25.008438 296382 dfly_bench.cc:1001] ReceiveFb done
I20260914 17:52:25.008443 296373 dfly_bench.cc:1001] ReceiveFb done
I20260914 17:52:25.008452 296372 dfly_bench.cc:926] Done queuing 4294967295 requests, which took 30.0s. Waiting for server processing
I20260914 17:52:25.008414 296374 dfly_bench.cc:1001] ReceiveFb done
I20260914 17:52:25.008450 296375 dfly_bench.cc:926] Done queuing 4294967295 requests, which took 30.0s. Waiting for server processing
I20260914 17:52:25.008414 296377 dfly_bench.cc:1001] ReceiveFb done
I20260914 17:52:25.008481 296370 dfly_bench.cc:1001] ReceiveFb done
I20260914 17:52:25.008452 296371 dfly_bench.cc:1001] ReceiveFb done
I20260914 17:52:25.008496 296373 dfly_bench.cc:1001] ReceiveFb done
I20260914 17:52:25.008491 296367 dfly_bench.cc:1001] ReceiveFb done
I20260914 17:52:25.008496 296375 dfly_bench.cc:926] Done queuing 4294967295 requests, which took 30.0s. Waiting for server processing
I20260914 17:52:25.008482 296381 dfly_bench.cc:1001] ReceiveFb done
I20260914 17:52:25.008507 296374 dfly_bench.cc:1001] ReceiveFb done
I20260914 17:52:25.008491 296372 dfly_bench.cc:926] Done queuing 4294967295 requests, which took 30.0s. Waiting for server processing
I20260914 17:52:25.008498 296382 dfly_bench.cc:1001] ReceiveFb done
I20260914 17:52:25.008504 296380 dfly_bench.cc:926] Done queuing 4294967295 requests, which took 30.0s. Waiting for server processing
I20260914 17:52:25.008476 296378 dfly_bench.cc:1001] ReceiveFb done
I20260914 17:52:25.008517 296375 dfly_bench.cc:926] Done queuing 4294967295 requests, which took 30.0s. Waiting for server processing
I20260914 17:52:25.008518 296373 dfly_bench.cc:1001] ReceiveFb done
I20260914 17:52:25.008455 296379 dfly_bench.cc:1001] ReceiveFb done
I20260914 17:52:25.008553 296382 dfly_bench.cc:1001] ReceiveFb done
I20260914 17:52:25.008558 296369 dfly_bench.cc:926] Done queuing 4294967295 requests, which took 30.0s. Waiting for server processing
I20260914 17:52:25.008558 296380 dfly_bench.cc:926] Done queuing 4294967295 requests, which took 30.0s. Waiting for server processing
I20260914 17:52:25.008514 296370 dfly_bench.cc:1001] ReceiveFb done
I20260914 17:52:25.008590 296379 dfly_bench.cc:1001] ReceiveFb done
I20260914 17:52:25.008538 296374 dfly_bench.cc:1001] ReceiveFb done
I20260914 17:52:25.008524 296377 dfly_bench.cc:926] Done queuing 4294967295 requests, which took 30.0s. Waiting for server processing
I20260914 17:52:25.008533 296381 dfly_bench.cc:1001] ReceiveFb done
I20260914 17:52:25.008527 296371 dfly_bench.cc:1001] ReceiveFb done
I20260914 17:52:25.008519 296367 dfly_bench.cc:1001] ReceiveFb done
I20260914 17:52:25.008531 296372 dfly_bench.cc:926] Done queuing 4294967295 requests, which took 30.0s. Waiting for server processing
I20260914 17:52:25.008612 296379 dfly_bench.cc:1001] ReceiveFb done
I20260914 17:52:25.008594 296382 dfly_bench.cc:1001] ReceiveFb done
I20260914 17:52:25.008579 296378 dfly_bench.cc:1001] ReceiveFb done
I20260914 17:52:25.008615 296374 dfly_bench.cc:1001] ReceiveFb done
I20260914 17:52:25.008585 296368 dfly_bench.cc:926] Done queuing 4294967295 requests, which took 30.0s. Waiting for server processing
I20260914 17:52:25.008621 296372 dfly_bench.cc:926] Done queuing 4294967295 requests, which took 30.0s. Waiting for server processing
I20260914 17:52:25.008574 296375 dfly_bench.cc:926] Done queuing 4294967295 requests, which took 30.0s. Waiting for server processing
I20260914 17:52:25.008630 296367 dfly_bench.cc:1001] ReceiveFb done
I20260914 17:52:25.008666 296374 dfly_bench.cc:1001] ReceiveFb done
I20260914 17:52:25.008594 296369 dfly_bench.cc:926] Done queuing 4294967295 requests, which took 30.0s. Waiting for server processing
I20260914 17:52:25.008610 296370 dfly_bench.cc:1001] ReceiveFb done
I20260914 17:52:25.008656 296372 dfly_bench.cc:926] Done queuing 4294967295 requests, which took 30.0s. Waiting for server processing
I20260914 17:52:25.008639 296382 dfly_bench.cc:1001] ReceiveFb done
I20260914 17:52:25.008658 296375 dfly_bench.cc:926] Done queuing 4294967295 requests, which took 30.0s. Waiting for server processing
I20260914 17:52:25.008610 296377 dfly_bench.cc:926] Done queuing 4294967295 requests, which took 30.0s. Waiting for server processing
I20260914 17:52:25.008591 296380 dfly_bench.cc:926] Done queuing 4294967295 requests, which took 30.0s. Waiting for server processing
I20260914 17:52:25.008692 296367 dfly_bench.cc:1001] ReceiveFb done
I20260914 17:52:25.008684 296369 dfly_bench.cc:926] Done queuing 4294967295 requests, which took 30.0s. Waiting for server processing
I20260914 17:52:25.008641 296379 dfly_bench.cc:1001] ReceiveFb done
I20260914 17:52:25.008586 296373 dfly_bench.cc:1001] ReceiveFb done
I20260914 17:52:25.008625 296381 dfly_bench.cc:1001] ReceiveFb done
I20260914 17:52:25.008698 296370 dfly_bench.cc:1001] ReceiveFb done
I20260914 17:52:25.008713 296380 dfly_bench.cc:926] Done queuing 4294967295 requests, which took 30.0s. Waiting for server processing
I20260914 17:52:25.008692 296372 dfly_bench.cc:926] Done queuing 4294967295 requests, which took 30.0s. Waiting for server processing
I20260914 17:52:25.008701 296375 dfly_bench.cc:926] Done queuing 4294967295 requests, which took 30.0s. Waiting for server processing
I20260914 17:52:25.008419 296376 dfly_bench.cc:926] Done queuing 4294967295 requests, which took 30.0s. Waiting for server processing
I20260914 17:52:25.008746 296375 dfly_bench.cc:926] Done queuing 4294967295 requests, which took 30.0s. Waiting for server processing
I20260914 17:52:25.008755 296375 dfly_bench.cc:926] Done queuing 4294967295 requests, which took 30.0s. Waiting for server processing
I20260914 17:52:25.008752 296376 dfly_bench.cc:926] Done queuing 4294967295 requests, which took 30.0s. Waiting for server processing
I20260914 17:52:25.008692 296374 dfly_bench.cc:1001] ReceiveFb done
I20260914 17:52:25.008649 296378 dfly_bench.cc:1001] ReceiveFb done
I20260914 17:52:25.008769 296376 dfly_bench.cc:926] Done queuing 4294967295 requests, which took 30.0s. Waiting for server processing
I20260914 17:52:25.008742 296379 dfly_bench.cc:1001] ReceiveFb done
I20260914 17:52:25.008630 296371 dfly_bench.cc:1001] ReceiveFb done
I20260914 17:52:25.008782 296374 dfly_bench.cc:1001] ReceiveFb done
I20260914 17:52:25.008728 296367 dfly_bench.cc:1001] ReceiveFb done
I20260914 17:52:25.008739 296373 dfly_bench.cc:1001] ReceiveFb done
I20260914 17:52:25.008767 296375 dfly_bench.cc:926] Done queuing 4294967295 requests, which took 30.0s. Waiting for server processing
I20260914 17:52:25.008809 296367 dfly_bench.cc:1001] ReceiveFb done
I20260914 17:52:25.008813 296375 dfly_bench.cc:926] Done queuing 4294967295 requests, which took 30.0s. Waiting for server processing
I20260914 17:52:25.008766 296381 dfly_bench.cc:926] Done queuing 4294967295 requests, which took 30.0s. Waiting for server processing
I20260914 17:52:25.008826 296373 dfly_bench.cc:1001] ReceiveFb done
I20260914 17:52:25.008831 296367 dfly_bench.cc:1001] ReceiveFb done
I20260914 17:52:25.008795 296379 dfly_bench.cc:1001] ReceiveFb done
I20260914 17:52:25.008780 296376 dfly_bench.cc:926] Done queuing 4294967295 requests, which took 30.0s. Waiting for server processing
I20260914 17:52:25.008705 296377 dfly_bench.cc:926] Done queuing 4294967295 requests, which took 30.0s. Waiting for server processing
I20260914 17:52:25.008850 296377 dfly_bench.cc:926] Done queuing 4294967295 requests, which took 30.0s. Waiting for server processing
I20260914 17:52:25.008737 296372 dfly_bench.cc:926] Done queuing 4294967295 requests, which took 30.0s. Waiting for server processing
I20260914 17:52:25.008711 296382 dfly_bench.cc:1001] ReceiveFb done
I20260914 17:52:25.008803 296371 dfly_bench.cc:1001] ReceiveFb done
I20260914 17:52:25.008733 296380 dfly_bench.cc:926] Done queuing 4294967295 requests, which took 30.0s. Waiting for server processing
I20260914 17:52:25.008846 296373 dfly_bench.cc:1001] ReceiveFb done
I20260914 17:52:25.008855 296379 dfly_bench.cc:1001] ReceiveFb done
I20260914 17:52:25.008651 296368 dfly_bench.cc:926] Done queuing 4294967295 requests, which took 30.0s. Waiting for server processing
I20260914 17:52:25.008826 296375 dfly_bench.cc:926] Done queuing 4294967295 requests, which took 30.0s. Waiting for server processing
I20260914 17:52:25.008719 296369 dfly_bench.cc:926] Done queuing 4294967295 requests, which took 30.0s. Waiting for server processing
I20260914 17:52:25.008742 296370 dfly_bench.cc:1001] ReceiveFb done
I20260914 17:52:25.008872 296372 dfly_bench.cc:926] Done queuing 4294967295 requests, which took 30.0s. Waiting for server processing
I20260914 17:52:25.008890 296382 dfly_bench.cc:1001] ReceiveFb done
I20260914 17:52:25.008904 296369 dfly_bench.cc:926] Done queuing 4294967295 requests, which took 30.0s. Waiting for server processing
I20260914 17:52:25.008896 296371 dfly_bench.cc:1001] ReceiveFb done
I20260914 17:52:25.008886 296380 dfly_bench.cc:926] Done queuing 4294967295 requests, which took 30.0s. Waiting for server processing
I20260914 17:52:25.008903 296375 dfly_bench.cc:926] Done queuing 4294967295 requests, which took 30.0s. Waiting for server processing
I20260914 17:52:25.008788 296378 dfly_bench.cc:1001] ReceiveFb done
I20260914 17:52:25.008944 296380 dfly_bench.cc:926] Done queuing 4294967295 requests, which took 30.0s. Waiting for server processing
I20260914 17:52:25.008930 296370 dfly_bench.cc:1001] ReceiveFb done
I20260914 17:52:25.008920 296373 dfly_bench.cc:1001] ReceiveFb done
I20260914 17:52:25.008834 296381 dfly_bench.cc:926] Done queuing 4294967295 requests, which took 30.0s. Waiting for server processing
I20260914 17:52:25.008857 296367 dfly_bench.cc:1001] ReceiveFb done
I20260914 17:52:25.008909 296379 dfly_bench.cc:1001] ReceiveFb done
I20260914 17:52:25.008924 296369 dfly_bench.cc:926] Done queuing 4294967295 requests, which took 30.0s. Waiting for server processing
I20260914 17:52:25.008850 296376 dfly_bench.cc:926] Done queuing 4294967295 requests, which took 30.0s. Waiting for server processing
I20260914 17:52:25.008935 296382 dfly_bench.cc:1001] ReceiveFb done
I20260914 17:52:25.008977 296369 dfly_bench.cc:926] Done queuing 4294967295 requests, which took 30.0s. Waiting for server processing
I20260914 17:52:25.008963 296381 dfly_bench.cc:926] Done queuing 4294967295 requests, which took 30.0s. Waiting for server processing
I20260914 17:52:25.008910 296372 dfly_bench.cc:926] Done queuing 4294967295 requests, which took 30.0s. Waiting for server processing
I20260914 17:52:25.008970 296373 dfly_bench.cc:1001] ReceiveFb done
I20260914 17:52:25.008953 296380 dfly_bench.cc:926] Done queuing 4294967295 requests, which took 30.0s. Waiting for server processing
I20260914 17:52:25.008980 296376 dfly_bench.cc:926] Done queuing 4294967295 requests, which took 30.0s. Waiting for server processing
I20260914 17:52:25.008988 296369 dfly_bench.cc:926] Done queuing 4294967295 requests, which took 30.0s. Waiting for server processing
I20260914 17:52:25.008901 296368 dfly_bench.cc:926] Done queuing 4294967295 requests, which took 30.0s. Waiting for server processing
I20260914 17:52:25.008953 296371 dfly_bench.cc:1001] ReceiveFb done
I20260914 17:52:25.008968 296370 dfly_bench.cc:1001] ReceiveFb done
I20260914 17:52:25.009006 296376 dfly_bench.cc:926] Done queuing 4294967295 requests, which took 30.0s. Waiting for server processing
I20260914 17:52:25.009007 296380 dfly_bench.cc:926] Done queuing 4294967295 requests, which took 30.0s. Waiting for server processing
I20260914 17:52:25.009013 296368 dfly_bench.cc:926] Done queuing 4294967295 requests, which took 30.0s. Waiting for server processing
I20260914 17:52:25.008950 296375 dfly_bench.cc:926] Done queuing 4294967295 requests, which took 30.0s. Waiting for server processing
I20260914 17:52:25.009027 296371 dfly_bench.cc:1001] ReceiveFb done
I20260914 17:52:25.009011 296373 dfly_bench.cc:1001] ReceiveFb done
I20260914 17:52:25.008996 296372 dfly_bench.cc:926] Done queuing 4294967295 requests, which took 30.0s. Waiting for server processing
I20260914 17:52:25.008996 296382 dfly_bench.cc:1001] ReceiveFb done
I20260914 17:52:25.008980 296367 dfly_bench.cc:1001] ReceiveFb done
I20260914 17:52:25.009024 296368 dfly_bench.cc:926] Done queuing 4294967295 requests, which took 30.0s. Waiting for server processing
I20260914 17:52:25.009020 296380 dfly_bench.cc:926] Done queuing 4294967295 requests, which took 30.0s. Waiting for server processing
I20260914 17:52:25.009060 296371 dfly_bench.cc:926] Done queuing 4294967295 requests, which took 30.0s. Waiting for server processing
I20260914 17:52:25.008989 296381 dfly_bench.cc:926] Done queuing 4294967295 requests, which took 30.0s. Waiting for server processing
I20260914 17:52:25.009069 296371 dfly_bench.cc:926] Done queuing 4294967295 requests, which took 30.0s. Waiting for server processing
I20260914 17:52:25.009068 296382 dfly_bench.cc:1001] ReceiveFb done
I20260914 17:52:25.008965 296378 dfly_bench.cc:1001] ReceiveFb done
I20260914 17:52:25.009019 296376 dfly_bench.cc:926] Done queuing 4294967295 requests, which took 30.0s. Waiting for server processing
I20260914 17:52:25.009033 296375 dfly_bench.cc:926] Done queuing 4294967295 requests, which took 30.0s. Waiting for server processing
I20260914 17:52:25.009104 296376 dfly_bench.cc:926] Done queuing 4294967295 requests, which took 30.0s. Waiting for server processing
I20260914 17:52:25.009111 296375 dfly_bench.cc:926] Done queuing 4294967295 requests, which took 30.0s. Waiting for server processing
I20260914 17:52:25.008803 296374 dfly_bench.cc:1001] ReceiveFb done
I20260914 17:52:25.009033 296370 dfly_bench.cc:1001] ReceiveFb done
I20260914 17:52:25.009011 296369 dfly_bench.cc:926] Done queuing 4294967295 requests, which took 30.0s. Waiting for server processing
I20260914 17:52:25.009138 296369 dfly_bench.cc:926] Done queuing 4294967295 requests, which took 30.0s. Waiting for server processing
I20260914 17:52:25.009079 296371 dfly_bench.cc:926] Done queuing 4294967295 requests, which took 30.0s. Waiting for server processing
I20260914 17:52:25.009145 296374 dfly_bench.cc:1001] ReceiveFb done
I20260914 17:52:25.009075 296381 dfly_bench.cc:926] Done queuing 4294967295 requests, which took 30.0s. Waiting for server processing
I20260914 17:52:25.009148 296369 dfly_bench.cc:926] Done queuing 4294967295 requests, which took 30.0s. Waiting for server processing
I20260914 17:52:25.009152 296371 dfly_bench.cc:926] Done queuing 4294967295 requests, which took 30.0s. Waiting for server processing
I20260914 17:52:25.009159 296370 dfly_bench.cc:1001] ReceiveFb done
I20260914 17:52:25.009163 296371 dfly_bench.cc:926] Done queuing 4294967295 requests, which took 30.0s. Waiting for server processing
I20260914 17:52:25.009057 296368 dfly_bench.cc:926] Done queuing 4294967295 requests, which took 30.0s. Waiting for server processing
I20260914 17:52:25.009047 296372 dfly_bench.cc:926] Done queuing 4294967295 requests, which took 30.0s. Waiting for server processing
I20260914 17:52:25.009177 296368 dfly_bench.cc:926] Done queuing 4294967295 requests, which took 30.0s. Waiting for server processing
I20260914 17:52:25.009057 296373 dfly_bench.cc:1001] ReceiveFb done
I20260914 17:52:25.009094 296382 dfly_bench.cc:1001] ReceiveFb done
I20260914 17:52:25.009068 296367 dfly_bench.cc:1001] ReceiveFb done
I20260914 17:52:25.009114 296378 dfly_bench.cc:1001] ReceiveFb done
I20260914 17:52:25.009119 296375 dfly_bench.cc:926] Done queuing 4294967295 requests, which took 30.0s. Waiting for server processing
I20260914 17:52:25.009155 296381 dfly_bench.cc:926] Done queuing 4294967295 requests, which took 30.0s. Waiting for server processing
I20260914 17:52:25.009172 296371 dfly_bench.cc:926] Done queuing 4294967295 requests, which took 30.0s. Waiting for server processing
I20260914 17:52:25.008982 296379 dfly_bench.cc:1001] ReceiveFb done
I20260914 17:52:25.009217 296378 dfly_bench.cc:1001] ReceiveFb done
I20260914 17:52:25.009197 296373 dfly_bench.cc:1001] ReceiveFb done
I20260914 17:52:25.009156 296369 dfly_bench.cc:926] Done queuing 4294967295 requests, which took 30.0s. Waiting for server processing
I20260914 17:52:25.009164 296374 dfly_bench.cc:1001] ReceiveFb done
I20260914 17:52:25.009060 296380 dfly_bench.cc:926] Done queuing 4294967295 requests, which took 30.0s. Waiting for server processing
I20260914 17:52:25.009215 296371 dfly_bench.cc:926] Done queuing 4294967295 requests, which took 30.0s. Waiting for server processing
I20260914 17:52:25.009179 296372 dfly_bench.cc:926] Done queuing 4294967295 requests, which took 30.0s. Waiting for server processing
I20260914 17:52:25.009238 296379 dfly_bench.cc:1001] ReceiveFb done
I20260914 17:52:25.009209 296381 dfly_bench.cc:926] Done queuing 4294967295 requests, which took 30.0s. Waiting for server processing
I20260914 17:52:25.009248 296373 dfly_bench.cc:1001] ReceiveFb done
I20260914 17:52:25.009179 296370 dfly_bench.cc:1001] ReceiveFb done
I20260914 17:52:25.009279 296372 dfly_bench.cc:926] Done queuing 4294967295 requests, which took 30.0s. Waiting for server processing
I20260914 17:52:25.009188 296368 dfly_bench.cc:926] Done queuing 4294967295 requests, which took 30.0s. Waiting for server processing
I20260914 17:52:25.009212 296367 dfly_bench.cc:1001] ReceiveFb done
I20260914 17:52:25.009208 296382 dfly_bench.cc:1001] ReceiveFb done
I20260914 17:52:25.009253 296380 dfly_bench.cc:926] Done queuing 4294967295 requests, which took 30.0s. Waiting for server processing
I20260914 17:52:25.009294 296379 dfly_bench.cc:1001] ReceiveFb done
I20260914 17:52:25.009295 296372 dfly_bench.cc:926] Done queuing 4294967295 requests, which took 30.0s. Waiting for server processing
I20260914 17:52:25.009241 296378 dfly_bench.cc:1001] ReceiveFb done
I20260914 17:52:25.009330 296378 dfly_bench.cc:1001] ReceiveFb done
I20260914 17:52:25.009258 296374 dfly_bench.cc:1001] ReceiveFb done
I20260914 17:52:25.009298 296370 dfly_bench.cc:1001] ReceiveFb done
I20260914 17:52:25.009241 296369 dfly_bench.cc:926] Done queuing 4294967295 requests, which took 30.0s. Waiting for server processing
I20260914 17:52:25.009358 296374 dfly_bench.cc:1001] ReceiveFb done
I20260914 17:52:25.009352 296378 dfly_bench.cc:1001] ReceiveFb done
I20260914 17:52:25.009317 296372 dfly_bench.cc:926] Done queuing 4294967295 requests, which took 30.0s. Waiting for server processing
I20260914 17:52:25.009292 296377 dfly_bench.cc:926] Done queuing 4294967295 requests, which took 30.0s. Waiting for server processing
I20260914 17:52:25.009361 296370 dfly_bench.cc:1001] ReceiveFb done
I20260914 17:52:25.009299 296373 dfly_bench.cc:1001] ReceiveFb done
I20260914 17:52:25.009315 296367 dfly_bench.cc:1001] ReceiveFb done
I20260914 17:52:25.009279 296371 dfly_bench.cc:926] Done queuing 4294967295 requests, which took 30.0s. Waiting for server processing
I20260914 17:52:25.009387 296374 dfly_bench.cc:1001] ReceiveFb done
I20260914 17:52:25.009326 296382 dfly_bench.cc:1001] ReceiveFb done
I20260914 17:52:25.009286 296381 dfly_bench.cc:926] Done queuing 4294967295 requests, which took 30.0s. Waiting for server processing
I20260914 17:52:25.009411 296373 dfly_bench.cc:1001] ReceiveFb done
I20260914 17:52:25.009418 296381 dfly_bench.cc:926] Done queuing 4294967295 requests, which took 30.0s. Waiting for server processing
I20260914 17:52:25.009433 296373 dfly_bench.cc:1001] ReceiveFb done
I20260914 17:52:25.009296 296368 dfly_bench.cc:926] Done queuing 4294967295 requests, which took 30.0s. Waiting for server processing
I20260914 17:52:25.009449 296376 dfly_bench.cc:926] Done queuing 4294967295 requests, which took 30.0s. Waiting for server processing
I20260914 17:52:25.009454 296368 dfly_bench.cc:926] Done queuing 4294967295 requests, which took 30.0s. Waiting for server processing
I20260914 17:52:25.009374 296372 dfly_bench.cc:1001] ReceiveFb done
I20260914 17:52:25.009462 296376 dfly_bench.cc:926] Done queuing 4294967295 requests, which took 30.0s. Waiting for server processing
I20260914 17:52:25.009465 296368 dfly_bench.cc:1001] ReceiveFb done
I20260914 17:52:25.009471 296376 dfly_bench.cc:926] Done queuing 4294967295 requests, which took 30.0s. Waiting for server processing
I20260914 17:52:25.009480 296372 dfly_bench.cc:1001] ReceiveFb done
I20260914 17:52:25.009486 296368 dfly_bench.cc:1001] ReceiveFb done
I20260914 17:52:25.009384 296377 dfly_bench.cc:926] Done queuing 4294967295 requests, which took 30.0s. Waiting for server processing
I20260914 17:52:25.009392 296370 dfly_bench.cc:1001] ReceiveFb done
I20260914 17:52:25.009505 296377 dfly_bench.cc:926] Done queuing 4294967295 requests, which took 30.0s. Waiting for server processing
I20260914 17:52:25.009424 296374 dfly_bench.cc:1001] ReceiveFb done
I20260914 17:52:25.009521 296377 dfly_bench.cc:1001] ReceiveFb done
I20260914 17:52:25.009326 296379 dfly_bench.cc:1001] ReceiveFb done
I20260914 17:52:25.009311 296380 dfly_bench.cc:926] Done queuing 4294967295 requests, which took 30.0s. Waiting for server processing
I20260914 17:52:25.009356 296369 dfly_bench.cc:926] Done queuing 4294967295 requests, which took 30.0s. Waiting for server processing
I20260914 17:52:25.009529 296370 dfly_bench.cc:1001] ReceiveFb done
I20260914 17:52:25.009428 296382 dfly_bench.cc:1001] ReceiveFb done
I20260914 17:52:25.009545 296379 dfly_bench.cc:1001] ReceiveFb done
I20260914 17:52:25.009394 296378 dfly_bench.cc:1001] ReceiveFb done
I20260914 17:52:25.009543 296369 dfly_bench.cc:926] Done queuing 4294967295 requests, which took 30.0s. Waiting for server processing
I20260914 17:52:25.009505 296372 dfly_bench.cc:1001] ReceiveFb done
I20260914 17:52:25.009557 296375 dfly_bench.cc:1001] ReceiveFb done
I20260914 17:52:25.009565 296382 dfly_bench.cc:1001] ReceiveFb done
I20260914 17:52:25.009541 296374 dfly_bench.cc:1001] ReceiveFb done
I20260914 17:52:25.009567 296379 dfly_bench.cc:1001] ReceiveFb done
I20260914 17:52:25.009675 296374 dfly_bench.cc:1001] ReceiveFb done
I20260914 17:52:25.009454 296373 dfly_bench.cc:1001] ReceiveFb done
I20260914 17:52:25.009399 296367 dfly_bench.cc:1001] ReceiveFb done
I20260914 17:52:25.009690 296379 dfly_bench.cc:1001] ReceiveFb done
I20260914 17:52:25.009696 296374 dfly_bench.cc:1001] ReceiveFb done
I20260914 17:52:25.009699 296373 dfly_bench.cc:1001] ReceiveFb done
I20260914 17:52:25.009541 296380 dfly_bench.cc:926] Done queuing 4294967295 requests, which took 30.0s. Waiting for server processing
I20260914 17:52:25.009707 296367 dfly_bench.cc:1001] ReceiveFb done
I20260914 17:52:25.009709 296379 dfly_bench.cc:1001] ReceiveFb done
I20260914 17:52:25.009557 296370 dfly_bench.cc:1001] ReceiveFb done
I20260914 17:52:25.009716 296380 dfly_bench.cc:926] Done queuing 4294967295 requests, which took 30.0s. Waiting for server processing
I20260914 17:52:25.009541 296377 dfly_bench.cc:1001] ReceiveFb done
I20260914 17:52:25.009717 296374 dfly_bench.cc:1001] ReceiveFb done
I20260914 17:52:25.009509 296368 dfly_bench.cc:1001] ReceiveFb done
I20260914 17:52:25.009727 296380 dfly_bench.cc:926] Done queuing 4294967295 requests, which took 30.0s. Waiting for server processing
I20260914 17:52:25.009404 296371 dfly_bench.cc:926] Done queuing 4294967295 requests, which took 30.0s. Waiting for server processing
I20260914 17:52:25.009729 296379 dfly_bench.cc:1001] ReceiveFb done
I20260914 17:52:25.009568 296378 dfly_bench.cc:1001] ReceiveFb done
I20260914 17:52:25.009738 296370 dfly_bench.cc:1001] ReceiveFb done
I20260914 17:52:25.009481 296376 dfly_bench.cc:1001] ReceiveFb done
I20260914 17:52:25.009756 296371 dfly_bench.cc:926] Done queuing 4294967295 requests, which took 30.0s. Waiting for server processing
I20260914 17:52:25.009594 296369 dfly_bench.cc:1001] ReceiveFb done
I20260914 17:52:25.009581 296372 dfly_bench.cc:1001] ReceiveFb done
I20260914 17:52:25.009764 296368 dfly_bench.cc:1001] ReceiveFb done
I20260914 17:52:25.009747 296377 dfly_bench.cc:1001] ReceiveFb done
I20260914 17:52:25.009634 296382 dfly_bench.cc:1001] ReceiveFb done
I20260914 17:52:25.009584 296375 dfly_bench.cc:1001] ReceiveFb done
I20260914 17:52:25.009773 296378 dfly_bench.cc:1001] ReceiveFb done
I20260914 17:52:25.009778 296376 dfly_bench.cc:1001] ReceiveFb done
I20260914 17:52:25.009718 296373 dfly_bench.cc:1001] ReceiveFb done
I20260914 17:52:25.009768 296371 dfly_bench.cc:926] Done queuing 4294967295 requests, which took 30.0s. Waiting for server processing
I20260914 17:52:25.009725 296367 dfly_bench.cc:1001] ReceiveFb done
I20260914 17:52:25.009793 296382 dfly_bench.cc:1001] ReceiveFb done
I20260914 17:52:25.009799 296376 dfly_bench.cc:1001] ReceiveFb done
I20260914 17:52:25.009789 296371 dfly_bench.cc:926] Done queuing 4294967295 requests, which took 30.0s. Waiting for server processing
I20260914 17:52:25.009783 296369 dfly_bench.cc:1001] ReceiveFb done
I20260914 17:52:25.009814 296367 dfly_bench.cc:1001] ReceiveFb done
I20260914 17:52:25.009768 296379 dfly_bench.cc:1001] ReceiveFb done
I20260914 17:52:25.009784 296372 dfly_bench.cc:1001] ReceiveFb done
I20260914 17:52:25.009792 296377 dfly_bench.cc:1001] ReceiveFb done
I20260914 17:52:25.009774 296370 dfly_bench.cc:1001] ReceiveFb done
I20260914 17:52:25.009750 296380 dfly_bench.cc:926] Done queuing 4294967295 requests, which took 30.0s. Waiting for server processing
I20260914 17:52:25.009788 296368 dfly_bench.cc:1001] ReceiveFb done
I20260914 17:52:25.009830 296376 dfly_bench.cc:1001] ReceiveFb done
I20260914 17:52:25.009826 296382 dfly_bench.cc:1001] ReceiveFb done
I20260914 17:52:25.009840 296372 dfly_bench.cc:1001] ReceiveFb done
I20260914 17:52:25.009848 296370 dfly_bench.cc:1001] ReceiveFb done
I20260914 17:52:25.009860 296382 dfly_bench.cc:1001] ReceiveFb done
I20260914 17:52:25.009814 296371 dfly_bench.cc:926] Done queuing 4294967295 requests, which took 30.0s. Waiting for server processing
I20260914 17:52:25.009802 296373 dfly_bench.cc:1001] ReceiveFb done
I20260914 17:52:25.009835 296367 dfly_bench.cc:1001] ReceiveFb done
I20260914 17:52:25.009872 296371 dfly_bench.cc:926] Done queuing 4294967295 requests, which took 30.0s. Waiting for server processing
I20260914 17:52:25.009881 296372 dfly_bench.cc:926] Done queuing 4294967295 requests, which took 30.0s. Waiting for server processing
I20260914 17:52:25.009882 296382 dfly_bench.cc:1001] ReceiveFb done
I20260914 17:52:25.009811 296381 dfly_bench.cc:1001] ReceiveFb done
I20260914 17:52:25.009835 296369 dfly_bench.cc:1001] ReceiveFb done
I20260914 17:52:25.009841 296379 dfly_bench.cc:1001] ReceiveFb done
I20260914 17:52:25.009904 296382 dfly_bench.cc:1001] ReceiveFb done
I20260914 17:52:25.009855 296377 dfly_bench.cc:926] Done queuing 4294967295 requests, which took 30.0s. Waiting for server processing
I20260914 17:52:25.009922 296382 dfly_bench.cc:1001] ReceiveFb done
I20260914 17:52:25.009759 296374 dfly_bench.cc:1001] ReceiveFb done
I20260914 17:52:25.009840 296380 dfly_bench.cc:926] Done queuing 4294967295 requests, which took 30.0s. Waiting for server processing
I20260914 17:52:25.009794 296375 dfly_bench.cc:1001] ReceiveFb done
I20260914 17:52:25.009913 296369 dfly_bench.cc:1001] ReceiveFb done
I20260914 17:52:25.009883 296371 dfly_bench.cc:926] Done queuing 4294967295 requests, which took 30.0s. Waiting for server processing
I20260914 17:52:25.009917 296377 dfly_bench.cc:926] Done queuing 4294967295 requests, which took 30.0s. Waiting for server processing
I20260914 17:52:25.009859 296368 dfly_bench.cc:1001] ReceiveFb done
I20260914 17:52:25.009943 296380 dfly_bench.cc:926] Done queuing 4294967295 requests, which took 30.0s. Waiting for server processing
I20260914 17:52:25.009894 296367 dfly_bench.cc:1001] ReceiveFb done
I20260914 17:52:25.009960 296369 dfly_bench.cc:1001] ReceiveFb done
I20260914 17:52:25.009946 296382 dfly_bench.cc:1001] ReceiveFb done
I20260914 17:52:25.009920 296379 dfly_bench.cc:1001] ReceiveFb done
I20260914 17:52:25.009869 296370 dfly_bench.cc:1001] ReceiveFb done
I20260914 17:52:25.009970 296367 dfly_bench.cc:1001] ReceiveFb done
I20260914 17:52:25.009950 296371 dfly_bench.cc:926] Done queuing 4294967295 requests, which took 30.0s. Waiting for server processing
I20260914 17:52:25.009995 296379 dfly_bench.cc:1001] ReceiveFb done
I20260914 17:52:25.009955 296380 dfly_bench.cc:926] Done queuing 4294967295 requests, which took 30.0s. Waiting for server processing
I20260914 17:52:25.009953 296377 dfly_bench.cc:926] Done queuing 4294967295 requests, which took 30.0s. Waiting for server processing
I20260914 17:52:25.009859 296376 dfly_bench.cc:1001] ReceiveFb done
I20260914 17:52:25.009986 296369 dfly_bench.cc:1001] ReceiveFb done
I20260914 17:52:25.009951 296374 dfly_bench.cc:1001] ReceiveFb done
I20260914 17:52:25.009955 296375 dfly_bench.cc:1001] ReceiveFb done
I20260914 17:52:25.009893 296373 dfly_bench.cc:926] Done queuing 4294967295 requests, which took 30.0s. Waiting for server processing
I20260914 17:52:25.010002 296370 dfly_bench.cc:1001] ReceiveFb done
I20260914 17:52:25.010026 296373 dfly_bench.cc:926] Done queuing 4294967295 requests, which took 30.0s. Waiting for server processing
I20260914 17:52:25.009992 296382 dfly_bench.cc:1001] ReceiveFb done
I20260914 17:52:25.010035 296376 dfly_bench.cc:1001] ReceiveFb done
I20260914 17:52:25.010046 296373 dfly_bench.cc:926] Done queuing 4294967295 requests, which took 30.0s. Waiting for server processing
I20260914 17:52:25.009970 296368 dfly_bench.cc:1001] ReceiveFb done
I20260914 17:52:25.010003 296367 dfly_bench.cc:1001] ReceiveFb done
I20260914 17:52:25.010058 296382 dfly_bench.cc:1001] ReceiveFb done
I20260914 17:52:25.010026 296369 dfly_bench.cc:1001] ReceiveFb done
I20260914 17:52:25.010016 296379 dfly_bench.cc:1001] ReceiveFb done
I20260914 17:52:25.009994 296371 dfly_bench.cc:926] Done queuing 4294967295 requests, which took 30.0s. Waiting for server processing
I20260914 17:52:25.010056 296373 dfly_bench.cc:926] Done queuing 4294967295 requests, which took 30.0s. Waiting for server processing
I20260914 17:52:25.010031 296374 dfly_bench.cc:1001] ReceiveFb done
I20260914 17:52:25.010084 296369 dfly_bench.cc:1001] ReceiveFb done
I20260914 17:52:25.010015 296377 dfly_bench.cc:926] Done queuing 4294967295 requests, which took 30.0s. Waiting for server processing
I20260914 17:52:25.010093 296379 dfly_bench.cc:1001] ReceiveFb done
I20260914 17:52:25.010097 296377 dfly_bench.cc:926] Done queuing 4294967295 requests, which took 30.0s. Waiting for server processing
I20260914 17:52:25.009908 296381 dfly_bench.cc:1001] ReceiveFb done
I20260914 17:52:25.010001 296372 dfly_bench.cc:1001] ReceiveFb done
I20260914 17:52:25.010113 296374 dfly_bench.cc:1001] ReceiveFb done
I20260914 17:52:25.010080 296382 dfly_bench.cc:1001] ReceiveFb done
I20260914 17:52:25.010061 296376 dfly_bench.cc:1001] ReceiveFb done
I20260914 17:52:25.010130 296372 dfly_bench.cc:1001] ReceiveFb done
I20260914 17:52:25.010074 296368 dfly_bench.cc:1001] ReceiveFb done
I20260914 17:52:25.010133 296374 dfly_bench.cc:1001] ReceiveFb done
I20260914 17:52:25.010105 296369 dfly_bench.cc:1001] ReceiveFb done
I20260914 17:52:25.010138 296382 dfly_bench.cc:1001] ReceiveFb done
I20260914 17:52:25.010076 296367 dfly_bench.cc:1001] ReceiveFb done
I20260914 17:52:25.010108 296377 dfly_bench.cc:926] Done queuing 4294967295 requests, which took 30.0s. Waiting for server processing
I20260914 17:52:25.010140 296376 dfly_bench.cc:1001] ReceiveFb done
I20260914 17:52:25.010150 296372 dfly_bench.cc:1001] ReceiveFb done
I20260914 17:52:25.010154 296374 dfly_bench.cc:1001] ReceiveFb done
I20260914 17:52:25.010040 296370 dfly_bench.cc:1001] ReceiveFb done
I20260914 17:52:25.010151 296368 dfly_bench.cc:1001] ReceiveFb done
I20260914 17:52:25.010169 296376 dfly_bench.cc:1001] ReceiveFb done
I20260914 17:52:25.010159 296369 dfly_bench.cc:1001] ReceiveFb done
I20260914 17:52:25.010123 296381 dfly_bench.cc:1001] ReceiveFb done
I20260914 17:52:25.010165 296367 dfly_bench.cc:1001] ReceiveFb done
I20260914 17:52:25.010174 296370 dfly_bench.cc:1001] ReceiveFb done
I20260914 17:52:25.010172 296374 dfly_bench.cc:1001] ReceiveFb done
I20260914 17:52:25.010185 296368 dfly_bench.cc:1001] ReceiveFb done
I20260914 17:52:25.010196 296369 dfly_bench.cc:1001] ReceiveFb done
I20260914 17:52:25.010205 296367 dfly_bench.cc:1001] ReceiveFb done
I20260914 17:52:25.010159 296382 dfly_bench.cc:1001] ReceiveFb done
I20260914 17:52:25.010304 296368 dfly_bench.cc:1001] ReceiveFb done
I20260914 17:52:25.010032 296375 dfly_bench.cc:1001] ReceiveFb done
I20260914 17:52:25.010217 296370 dfly_bench.cc:1001] ReceiveFb done
I20260914 17:52:25.010314 296367 dfly_bench.cc:1001] ReceiveFb done
I20260914 17:52:25.010304 296369 dfly_bench.cc:1001] ReceiveFb done
I20260914 17:52:25.010172 296372 dfly_bench.cc:1001] ReceiveFb done
I20260914 17:52:25.010253 296374 dfly_bench.cc:1001] ReceiveFb done
I20260914 17:52:25.010324 296368 dfly_bench.cc:1001] ReceiveFb done
I20260914 17:52:25.010201 296381 dfly_bench.cc:1001] ReceiveFb done
I20260914 17:52:25.010159 296377 dfly_bench.cc:926] Done queuing 4294967295 requests, which took 30.0s. Waiting for server processing
I20260914 17:52:25.010210 296376 dfly_bench.cc:926] Done queuing 4294967295 requests, which took 30.0s. Waiting for server processing
I20260914 17:52:25.010331 296380 dfly_bench.cc:926] Done queuing 4294967295 requests, which took 30.0s. Waiting for server processing
I20260914 17:52:25.010345 296376 dfly_bench.cc:926] Done queuing 4294967295 requests, which took 30.0s. Waiting for server processing
I20260914 17:52:25.010340 296377 dfly_bench.cc:926] Done queuing 4294967295 requests, which took 30.0s. Waiting for server processing
I20260914 17:52:25.010335 296369 dfly_bench.cc:1001] ReceiveFb done
I20260914 17:52:25.010358 296376 dfly_bench.cc:926] Done queuing 4294967295 requests, which took 30.0s. Waiting for server processing
I20260914 17:52:25.010347 296380 dfly_bench.cc:1001] ReceiveFb done
I20260914 17:52:25.010385 296369 dfly_bench.cc:1001] ReceiveFb done
I20260914 17:52:25.010341 296372 dfly_bench.cc:1001] ReceiveFb done
I20260914 17:52:25.010334 296375 dfly_bench.cc:1001] ReceiveFb done
I20260914 17:52:25.010344 296374 dfly_bench.cc:1001] ReceiveFb done
I20260914 17:52:25.010334 296382 dfly_bench.cc:926] Done queuing 4294967295 requests, which took 30.0s. Waiting for server processing
I20260914 17:52:25.010392 296380 dfly_bench.cc:1001] ReceiveFb done
I20260914 17:52:25.010351 296381 dfly_bench.cc:1001] ReceiveFb done
I20260914 17:52:25.010409 296372 dfly_bench.cc:1001] ReceiveFb done
I20260914 17:52:25.010407 296382 dfly_bench.cc:926] Done queuing 4294967295 requests, which took 30.0s. Waiting for server processing
I20260914 17:52:25.010380 296376 dfly_bench.cc:926] Done queuing 4294967295 requests, which took 30.0s. Waiting for server processing
I20260914 17:52:25.010408 296369 dfly_bench.cc:1001] ReceiveFb done
I20260914 17:52:25.010413 296375 dfly_bench.cc:1001] ReceiveFb done
I20260914 17:52:25.010334 296370 dfly_bench.cc:1001] ReceiveFb done
I20260914 17:52:25.010423 296376 dfly_bench.cc:926] Done queuing 4294967295 requests, which took 30.0s. Waiting for server processing
I20260914 17:52:25.010440 296369 dfly_bench.cc:1001] ReceiveFb done
I20260914 17:52:25.010424 296381 dfly_bench.cc:1001] ReceiveFb done
I20260914 17:52:25.010447 296371 dfly_bench.cc:1001] ReceiveFb done
I20260914 17:52:25.010465 296375 dfly_bench.cc:1001] ReceiveFb done
I20260914 17:52:25.010438 296378 dfly_bench.cc:926] Done queuing 4294967295 requests, which took 30.0s. Waiting for server processing
I20260914 17:52:25.010428 296372 dfly_bench.cc:1001] ReceiveFb done
I20260914 17:52:25.010423 296380 dfly_bench.cc:1001] ReceiveFb done
I20260914 17:52:25.010470 296370 dfly_bench.cc:926] Done queuing 4294967295 requests, which took 30.0s. Waiting for server processing
I20260914 17:52:25.010424 296374 dfly_bench.cc:926] Done queuing 4294967295 requests, which took 30.0s. Waiting for server processing
I20260914 17:52:25.010481 296381 dfly_bench.cc:1001] ReceiveFb done
I20260914 17:52:25.010484 296375 dfly_bench.cc:1001] ReceiveFb done
I20260914 17:52:25.010493 296374 dfly_bench.cc:926] Done queuing 4294967295 requests, which took 30.0s. Waiting for server processing
I20260914 17:52:25.010495 296380 dfly_bench.cc:1001] ReceiveFb done
I20260914 17:52:25.010460 296376 dfly_bench.cc:926] Done queuing 4294967295 requests, which took 30.0s. Waiting for server processing
I20260914 17:52:25.010504 296374 dfly_bench.cc:926] Done queuing 4294967295 requests, which took 30.0s. Waiting for server processing
I20260914 17:52:25.010490 296372 dfly_bench.cc:1001] ReceiveFb done
I20260914 17:52:25.010484 296371 dfly_bench.cc:1001] ReceiveFb done
I20260914 17:52:25.010483 296378 dfly_bench.cc:926] Done queuing 4294967295 requests, which took 30.0s. Waiting for server processing
I20260914 17:52:25.010511 296376 dfly_bench.cc:926] Done queuing 4294967295 requests, which took 30.0s. Waiting for server processing
I20260914 17:52:25.010519 296380 dfly_bench.cc:1001] ReceiveFb done
I20260914 17:52:25.010514 296375 dfly_bench.cc:1001] ReceiveFb done
I20260914 17:52:25.010483 296370 dfly_bench.cc:926] Done queuing 4294967295 requests, which took 30.0s. Waiting for server processing
I20260914 17:52:25.010442 296377 dfly_bench.cc:1001] ReceiveFb done
I20260914 17:52:25.010524 296374 dfly_bench.cc:926] Done queuing 4294967295 requests, which took 30.0s. Waiting for server processing
I20260914 17:52:25.010565 296371 dfly_bench.cc:1001] ReceiveFb done
I20260914 17:52:25.010535 296378 dfly_bench.cc:926] Done queuing 4294967295 requests, which took 30.0s. Waiting for server processing
I20260914 17:52:25.010541 296376 dfly_bench.cc:926] Done queuing 4294967295 requests, which took 30.0s. Waiting for server processing
I20260914 17:52:25.010581 296377 dfly_bench.cc:1001] ReceiveFb done
I20260914 17:52:25.010582 296376 dfly_bench.cc:926] Done queuing 4294967295 requests, which took 30.0s. Waiting for server processing
I20260914 17:52:25.010558 296380 dfly_bench.cc:1001] ReceiveFb done
I20260914 17:52:25.010509 296381 dfly_bench.cc:1001] ReceiveFb done
I20260914 17:52:25.010591 296371 dfly_bench.cc:1001] ReceiveFb done
I20260914 17:52:25.010483 296369 dfly_bench.cc:926] Done queuing 4294967295 requests, which took 30.0s. Waiting for server processing
I20260914 17:52:25.010571 296370 dfly_bench.cc:926] Done queuing 4294967295 requests, which took 30.0s. Waiting for server processing
I20260914 17:52:25.010581 296378 dfly_bench.cc:926] Done queuing 4294967295 requests, which took 30.0s. Waiting for server processing
I20260914 17:52:25.010596 296373 dfly_bench.cc:1001] ReceiveFb done
I20260914 17:52:25.010573 296374 dfly_bench.cc:926] Done queuing 4294967295 requests, which took 30.0s. Waiting for server processing
I20260914 17:52:25.010618 296378 dfly_bench.cc:926] Done queuing 4294967295 requests, which took 30.0s. Waiting for server processing
I20260914 17:52:25.010573 296375 dfly_bench.cc:1001] ReceiveFb done
I20260914 17:52:25.010613 296381 dfly_bench.cc:1001] ReceiveFb done
I20260914 17:52:25.010609 296369 dfly_bench.cc:926] Done queuing 4294967295 requests, which took 30.0s. Waiting for server processing
I20260914 17:52:25.010632 296378 dfly_bench.cc:926] Done queuing 4294967295 requests, which took 30.0s. Waiting for server processing
I20260914 17:52:25.010617 296371 dfly_bench.cc:1001] ReceiveFb done
I20260914 17:52:25.010648 296375 dfly_bench.cc:1001] ReceiveFb done
I20260914 17:52:25.010644 296378 dfly_bench.cc:926] Done queuing 4294967295 requests, which took 30.0s. Waiting for server processing
I20260914 17:52:25.010546 296372 dfly_bench.cc:1001] ReceiveFb done
I20260914 17:52:25.010675 296375 dfly_bench.cc:1001] ReceiveFb done
I20260914 17:52:25.010607 296380 dfly_bench.cc:1001] ReceiveFb done
I20260914 17:52:25.010640 296369 dfly_bench.cc:926] Done queuing 4294967295 requests, which took 30.0s. Waiting for server processing
I20260914 17:52:25.010659 296381 dfly_bench.cc:926] Done queuing 4294967295 requests, which took 30.0s. Waiting for server processing
I20260914 17:52:25.010671 296371 dfly_bench.cc:1001] ReceiveFb done
I20260914 17:52:25.010614 296370 dfly_bench.cc:926] Done queuing 4294967295 requests, which took 30.0s. Waiting for server processing
I20260914 17:52:25.010602 296377 dfly_bench.cc:1001] ReceiveFb done
I20260914 17:52:25.010632 296373 dfly_bench.cc:1001] ReceiveFb done
I20260914 17:52:25.010667 296378 dfly_bench.cc:926] Done queuing 4294967295 requests, which took 30.0s. Waiting for server processing
I20260914 17:52:25.010706 296378 dfly_bench.cc:926] Done queuing 4294967295 requests, which took 30.0s. Waiting for server processing
I20260914 17:52:25.010717 296378 dfly_bench.cc:926] Done queuing 4294967295 requests, which took 30.0s. Waiting for server processing
I20260914 17:52:25.010726 296377 dfly_bench.cc:926] Done queuing 4294967295 requests, which took 30.0s. Waiting for server processing
I20260914 17:52:25.010708 296372 dfly_bench.cc:1001] ReceiveFb done
I20260914 17:52:25.010694 296379 dfly_bench.cc:926] Done queuing 4294967295 requests, which took 30.0s. Waiting for server processing
I20260914 17:52:25.010737 296377 dfly_bench.cc:926] Done queuing 4294967295 requests, which took 30.0s. Waiting for server processing
I20260914 17:52:25.010740 296378 dfly_bench.cc:1001] ReceiveFb done
I20260914 17:52:25.010751 296377 dfly_bench.cc:926] Done queuing 4294967295 requests, which took 30.0s. Waiting for server processing
I20260914 17:52:25.010699 296381 dfly_bench.cc:926] Done queuing 4294967295 requests, which took 30.0s. Waiting for server processing
I20260914 17:52:25.010720 296373 dfly_bench.cc:1001] ReceiveFb done
I20260914 17:52:25.010703 296375 dfly_bench.cc:1001] ReceiveFb done
I20260914 17:52:25.010771 296376 dfly_bench.cc:1001] ReceiveFb done
I20260914 17:52:25.010777 296381 dfly_bench.cc:926] Done queuing 4294967295 requests, which took 30.0s. Waiting for server processing
I20260914 17:52:25.010713 296371 dfly_bench.cc:1001] ReceiveFb done
I20260914 17:52:25.010795 296373 dfly_bench.cc:1001] ReceiveFb done
I20260914 17:52:25.010792 296381 dfly_bench.cc:926] Done queuing 4294967295 requests, which took 30.0s. Waiting for server processing
I20260914 17:52:25.010700 296370 dfly_bench.cc:926] Done queuing 4294967295 requests, which took 30.0s. Waiting for server processing
I20260914 17:52:25.010751 296379 dfly_bench.cc:926] Done queuing 4294967295 requests, which took 30.0s. Waiting for server processing
I20260914 17:52:25.010695 296369 dfly_bench.cc:926] Done queuing 4294967295 requests, which took 30.0s. Waiting for server processing
I20260914 17:52:25.010762 296378 dfly_bench.cc:1001] ReceiveFb done
I20260914 17:52:25.010812 296381 dfly_bench.cc:926] Done queuing 4294967295 requests, which took 30.0s. Waiting for server processing
I20260914 17:52:25.010802 296376 dfly_bench.cc:1001] ReceiveFb done
I20260914 17:52:25.010756 296372 dfly_bench.cc:1001] ReceiveFb done
I20260914 17:52:25.010850 296376 dfly_bench.cc:1001] ReceiveFb done
I20260914 17:52:25.010816 296379 dfly_bench.cc:926] Done queuing 4294967295 requests, which took 30.0s. Waiting for server processing
I20260914 17:52:25.010800 296375 dfly_bench.cc:1001] ReceiveFb done
I20260914 17:52:25.010842 296378 dfly_bench.cc:1001] ReceiveFb done
I20260914 17:52:25.010878 296375 dfly_bench.cc:1001] ReceiveFb done
I20260914 17:52:25.010865 296372 dfly_bench.cc:1001] ReceiveFb done
I20260914 17:52:25.010883 296376 dfly_bench.cc:926] Done queuing 4294967295 requests, which took 30.0s. Waiting for server processing
I20260914 17:52:25.010841 296377 dfly_bench.cc:1001] ReceiveFb done
I20260914 17:52:25.010862 296379 dfly_bench.cc:926] Done queuing 4294967295 requests, which took 30.0s. Waiting for server processing
I20260914 17:52:25.010896 296378 dfly_bench.cc:1001] ReceiveFb done
I20260914 17:52:25.010713 296380 dfly_bench.cc:1001] ReceiveFb done
I20260914 17:52:25.010905 296379 dfly_bench.cc:1001] ReceiveFb done
I20260914 17:52:25.010916 296380 dfly_bench.cc:1001] ReceiveFb done
I20260914 17:52:25.010900 296372 dfly_bench.cc:1001] ReceiveFb done
I20260914 17:52:25.010926 296378 dfly_bench.cc:1001] ReceiveFb done
I20260914 17:52:25.010936 296379 dfly_bench.cc:1001] ReceiveFb done
I20260914 17:52:25.010941 296372 dfly_bench.cc:1001] ReceiveFb done
I20260914 17:52:25.010807 296371 dfly_bench.cc:1001] ReceiveFb done
I20260914 17:52:25.010937 296380 dfly_bench.cc:1001] ReceiveFb done
I20260914 17:52:25.010902 296375 dfly_bench.cc:1001] ReceiveFb done
I20260914 17:52:25.010946 296378 dfly_bench.cc:1001] ReceiveFb done
I20260914 17:52:25.010962 296372 dfly_bench.cc:1001] ReceiveFb done
I20260914 17:52:25.010974 296375 dfly_bench.cc:1001] ReceiveFb done
I20260914 17:52:25.010969 296380 dfly_bench.cc:1001] ReceiveFb done
I20260914 17:52:25.010985 296378 dfly_bench.cc:1001] ReceiveFb done
I20260914 17:52:25.010895 296376 dfly_bench.cc:926] Done queuing 4294967295 requests, which took 30.0s. Waiting for server processing
I20260914 17:52:25.010821 296369 dfly_bench.cc:926] Done queuing 4294967295 requests, which took 30.0s. Waiting for server processing
I20260914 17:52:25.010344 296368 dfly_bench.cc:1001] ReceiveFb done
I20260914 17:52:25.010912 296367 dfly_bench.cc:926] Done queuing 4294967295 requests, which took 30.0s. Waiting for server processing
I20260914 17:52:25.010982 296372 dfly_bench.cc:1001] ReceiveFb done
I20260914 17:52:25.010965 296371 dfly_bench.cc:1001] ReceiveFb done
I20260914 17:52:25.011016 296369 dfly_bench.cc:926] Done queuing 4294967295 requests, which took 30.0s. Waiting for server processing
I20260914 17:52:25.011024 296367 dfly_bench.cc:926] Done queuing 4294967295 requests, which took 30.0s. Waiting for server processing
I20260914 17:52:25.011011 296375 dfly_bench.cc:1001] ReceiveFb done
I20260914 17:52:25.010906 296377 dfly_bench.cc:1001] ReceiveFb done
I20260914 17:52:25.010906 296373 dfly_bench.cc:1126] Total hits: 1965761
I20260914 17:52:25.011042 296371 dfly_bench.cc:1001] ReceiveFb done
I20260914 17:52:25.011019 296381 dfly_bench.cc:926] Done queuing 4294967295 requests, which took 30.0s. Waiting for server processing
I20260914 17:52:25.011009 296380 dfly_bench.cc:1001] ReceiveFb done
I20260914 17:52:25.011008 296376 dfly_bench.cc:926] Done queuing 4294967295 requests, which took 30.0s. Waiting for server processing
I20260914 17:52:25.011039 296367 dfly_bench.cc:926] Done queuing 4294967295 requests, which took 30.0s. Waiting for server processing
I20260914 17:52:25.011049 296375 dfly_bench.cc:1001] ReceiveFb done
I20260914 17:52:25.010967 296379 dfly_bench.cc:1001] ReceiveFb done
I20260914 17:52:25.011055 296377 dfly_bench.cc:1001] ReceiveFb done
I20260914 17:52:25.011085 296379 dfly_bench.cc:1001] ReceiveFb done
I20260914 17:52:25.011063 296376 dfly_bench.cc:926] Done queuing 4294967295 requests, which took 30.0s. Waiting for server processing
I20260914 17:52:25.011059 296381 dfly_bench.cc:926] Done queuing 4294967295 requests, which took 30.0s. Waiting for server processing
I20260914 17:52:25.011030 296368 dfly_bench.cc:1001] ReceiveFb done
I20260914 17:52:25.011109 296381 dfly_bench.cc:926] Done queuing 4294967295 requests, which took 30.0s. Waiting for server processing
I20260914 17:52:25.011008 296382 dfly_bench.cc:1001] ReceiveFb done
I20260914 17:52:25.011011 296378 dfly_bench.cc:1001] ReceiveFb done
I20260914 17:52:25.011031 296369 dfly_bench.cc:926] Done queuing 4294967295 requests, which took 30.0s. Waiting for server processing
I20260914 17:52:25.011121 296381 dfly_bench.cc:926] Done queuing 4294967295 requests, which took 30.0s. Waiting for server processing
I20260914 17:52:25.011125 296369 dfly_bench.cc:926] Done queuing 4294967295 requests, which took 30.0s. Waiting for server processing
I20260914 17:52:25.011106 296379 dfly_bench.cc:926] Done queuing 4294967295 requests, which took 30.0s. Waiting for server processing
I20260914 17:52:25.011075 296380 dfly_bench.cc:1001] ReceiveFb done
I20260914 17:52:25.011132 296381 dfly_bench.cc:926] Done queuing 4294967295 requests, which took 30.0s. Waiting for server processing
I20260914 17:52:25.011096 296377 dfly_bench.cc:1001] ReceiveFb done
I20260914 17:52:25.011139 296368 dfly_bench.cc:926] Done queuing 4294967295 requests, which took 30.0s. Waiting for server processing
I20260914 17:52:25.011157 296381 dfly_bench.cc:926] Done queuing 4294967295 requests, which took 30.0s. Waiting for server processing
I20260914 17:52:25.011160 296376 dfly_bench.cc:1001] ReceiveFb done
I20260914 17:52:25.011134 296382 dfly_bench.cc:1001] ReceiveFb done
I20260914 17:52:25.011171 296374 dfly_bench.cc:926] Done queuing 4294967295 requests, which took 30.0s. Waiting for server processing
I20260914 17:52:25.011175 296381 dfly_bench.cc:1001] ReceiveFb done
I20260914 17:52:25.011185 296374 dfly_bench.cc:926] Done queuing 4294967295 requests, which took 30.0s. Waiting for server processing
I20260914 17:52:25.011034 296372 dfly_bench.cc:1001] ReceiveFb done
I20260914 17:52:25.011168 296380 dfly_bench.cc:1001] ReceiveFb done
I20260914 17:52:25.011147 296379 dfly_bench.cc:926] Done queuing 4294967295 requests, which took 30.0s. Waiting for server processing
I20260914 17:52:25.011217 296379 dfly_bench.cc:926] Done queuing 4294967295 requests, which took 30.0s. Waiting for server processing
I20260914 17:52:25.011135 296378 dfly_bench.cc:1001] ReceiveFb done
I20260914 17:52:25.011183 296376 dfly_bench.cc:1001] ReceiveFb done
I20260914 17:52:25.011227 296379 dfly_bench.cc:926] Done queuing 4294967295 requests, which took 30.0s. Waiting for server processing
I20260914 17:52:25.011168 296368 dfly_bench.cc:926] Done queuing 4294967295 requests, which took 30.0s. Waiting for server processing
I20260914 17:52:25.011072 296367 dfly_bench.cc:1001] ReceiveFb done
I20260914 17:52:25.011242 296368 dfly_bench.cc:926] Done queuing 4294967295 requests, which took 30.0s. Waiting for server processing
I20260914 17:52:25.011250 296378 dfly_bench.cc:1001] ReceiveFb done
I20260914 17:52:25.011073 296371 dfly_bench.cc:1001] ReceiveFb done
I20260914 17:52:25.011186 296382 dfly_bench.cc:926] Done queuing 4294967295 requests, which took 30.0s. Waiting for server processing
I20260914 17:52:25.011257 296376 dfly_bench.cc:1001] ReceiveFb done
I20260914 17:52:25.011237 296379 dfly_bench.cc:926] Done queuing 4294967295 requests, which took 30.0s. Waiting for server processing
I20260914 17:52:25.011262 296367 dfly_bench.cc:1001] ReceiveFb done
I20260914 17:52:25.011169 296377 dfly_bench.cc:1001] ReceiveFb done
I20260914 17:52:25.011284 296371 dfly_bench.cc:1001] ReceiveFb done
I20260914 17:52:25.011214 296380 dfly_bench.cc:1001] ReceiveFb done
I20260914 17:52:25.011209 296372 dfly_bench.cc:1001] ReceiveFb done
I20260914 17:52:25.011294 296367 dfly_bench.cc:1001] ReceiveFb done
I20260914 17:52:25.011196 296374 dfly_bench.cc:1001] ReceiveFb done
I20260914 17:52:25.011288 296376 dfly_bench.cc:1001] ReceiveFb done
I20260914 17:52:25.011303 296377 dfly_bench.cc:1001] ReceiveFb done
I20260914 17:52:25.011307 296380 dfly_bench.cc:1001] ReceiveFb done
I20260914 17:52:25.011197 296381 dfly_bench.cc:1001] ReceiveFb done
I20260914 17:52:25.011253 296368 dfly_bench.cc:926] Done queuing 4294967295 requests, which took 30.0s. Waiting for server processing
I20260914 17:52:25.011303 296371 dfly_bench.cc:1001] ReceiveFb done
I20260914 17:52:25.011322 296376 dfly_bench.cc:1001] ReceiveFb done
I20260914 17:52:25.011317 296374 dfly_bench.cc:1001] ReceiveFb done
I20260914 17:52:25.011317 296372 dfly_bench.cc:1001] ReceiveFb done
I20260914 17:52:25.011318 296382 dfly_bench.cc:1001] ReceiveFb done
I20260914 17:52:25.011368 296376 dfly_bench.cc:1001] ReceiveFb done
I20260914 17:52:25.011372 296367 dfly_bench.cc:1126] Total hits: 2030370
I20260914 17:52:25.011364 296382 dfly_bench.cc:926] Done queuing 4294967295 requests, which took 30.0s. Waiting for server processing
I20260914 17:52:25.011329 296377 dfly_bench.cc:1001] ReceiveFb done
I20260914 17:52:25.011348 296371 dfly_bench.cc:1001] ReceiveFb done
I20260914 17:52:25.011382 296382 dfly_bench.cc:926] Done queuing 4294967295 requests, which took 30.0s. Waiting for server processing
I20260914 17:52:25.011332 296370 dfly_bench.cc:1001] ReceiveFb done
I20260914 17:52:25.011334 296380 dfly_bench.cc:1001] ReceiveFb done
I20260914 17:52:25.011390 296376 dfly_bench.cc:1001] ReceiveFb done
I20260914 17:52:25.011397 296371 dfly_bench.cc:1001] ReceiveFb done
I20260914 17:52:25.011408 296377 dfly_bench.cc:1001] ReceiveFb done
I20260914 17:52:25.011392 296382 dfly_bench.cc:926] Done queuing 4294967295 requests, which took 30.0s. Waiting for server processing
I20260914 17:52:25.011418 296380 dfly_bench.cc:1001] ReceiveFb done
I20260914 17:52:25.011420 296382 dfly_bench.cc:926] Done queuing 4294967295 requests, which took 30.0s. Waiting for server processing
I20260914 17:52:25.011338 296381 dfly_bench.cc:1001] ReceiveFb done
I20260914 17:52:25.011415 296370 dfly_bench.cc:1001] ReceiveFb done
I20260914 17:52:25.011355 296379 dfly_bench.cc:1001] ReceiveFb done
I20260914 17:52:25.011330 296368 dfly_bench.cc:926] Done queuing 4294967295 requests, which took 30.0s. Waiting for server processing
I20260914 17:52:25.011359 296374 dfly_bench.cc:1001] ReceiveFb done
I20260914 17:52:25.011420 296376 dfly_bench.cc:1001] ReceiveFb done
I20260914 17:52:25.011451 296382 dfly_bench.cc:1001] ReceiveFb done
I20260914 17:52:25.011456 296370 dfly_bench.cc:1001] ReceiveFb done
I20260914 17:52:25.011452 296369 dfly_bench.cc:1001] ReceiveFb done
I20260914 17:52:25.011441 296380 dfly_bench.cc:1001] ReceiveFb done
I20260914 17:52:25.011464 296379 dfly_bench.cc:1001] ReceiveFb done
I20260914 17:52:25.011476 296382 dfly_bench.cc:1001] ReceiveFb done
I20260914 17:52:25.011456 296381 dfly_bench.cc:1001] ReceiveFb done
I20260914 17:52:25.011474 296376 dfly_bench.cc:1001] ReceiveFb done
I20260914 17:52:25.011478 296375 dfly_bench.cc:926] Done queuing 4294967295 requests, which took 30.0s. Waiting for server processing
I20260914 17:52:25.011480 296369 dfly_bench.cc:1001] ReceiveFb done
I20260914 17:52:25.011478 296370 dfly_bench.cc:1001] ReceiveFb done
I20260914 17:52:25.011489 296379 dfly_bench.cc:1001] ReceiveFb done
I20260914 17:52:25.011488 296380 dfly_bench.cc:1001] ReceiveFb done
I20260914 17:52:25.011497 296382 dfly_bench.cc:1001] ReceiveFb done
I20260914 17:52:25.011421 296371 dfly_bench.cc:1001] ReceiveFb done
I20260914 17:52:25.011523 296369 dfly_bench.cc:1001] ReceiveFb done
I20260914 17:52:25.011528 296370 dfly_bench.cc:1001] ReceiveFb done
I20260914 17:52:25.011479 296374 dfly_bench.cc:1001] ReceiveFb done
I20260914 17:52:25.011538 296380 dfly_bench.cc:926] Done queuing 4294967295 requests, which took 30.0s. Waiting for server processing
I20260914 17:52:25.011536 296382 dfly_bench.cc:1001] ReceiveFb done
I20260914 17:52:25.011551 296374 dfly_bench.cc:1001] ReceiveFb done
I20260914 17:52:25.011549 296370 dfly_bench.cc:926] Done queuing 4294967295 requests, which took 30.0s. Waiting for server processing
I20260914 17:52:25.011541 296379 dfly_bench.cc:1001] ReceiveFb done
I20260914 17:52:25.011511 296375 dfly_bench.cc:926] Done queuing 4294967295 requests, which took 30.0s. Waiting for server processing
I20260914 17:52:25.011452 296368 dfly_bench.cc:926] Done queuing 4294967295 requests, which took 30.0s. Waiting for server processing
I20260914 17:52:25.011569 296375 dfly_bench.cc:926] Done queuing 4294967295 requests, which took 30.0s. Waiting for server processing
I20260914 17:52:25.011507 296381 dfly_bench.cc:1001] ReceiveFb done
I20260914 17:52:25.011582 296377 dfly_bench.cc:1001] ReceiveFb done
I20260914 17:52:25.011544 296369 dfly_bench.cc:1001] ReceiveFb done
I20260914 17:52:25.011518 296378 dfly_bench.cc:1126] Total hits: 2033784
I20260914 17:52:25.011580 296379 dfly_bench.cc:1001] ReceiveFb done
I20260914 17:52:25.011600 296381 dfly_bench.cc:1001] ReceiveFb done
I20260914 17:52:25.011606 296369 dfly_bench.cc:1001] ReceiveFb done
I20260914 17:52:25.011544 296371 dfly_bench.cc:1001] ReceiveFb done
I20260914 17:52:25.011570 296374 dfly_bench.cc:926] Done queuing 4294967295 requests, which took 30.0s. Waiting for server processing
I20260914 17:52:25.011603 296377 dfly_bench.cc:1001] ReceiveFb done
I20260914 17:52:25.011590 296375 dfly_bench.cc:1001] ReceiveFb done
I20260914 17:52:25.011618 296381 dfly_bench.cc:1001] ReceiveFb done
I20260914 17:52:25.011628 296369 dfly_bench.cc:1001] ReceiveFb done
I20260914 17:52:25.011632 296377 dfly_bench.cc:1001] ReceiveFb done
I20260914 17:52:25.011637 296375 dfly_bench.cc:1001] ReceiveFb done
I20260914 17:52:25.011633 296371 dfly_bench.cc:926] Done queuing 4294967295 requests, which took 30.0s. Waiting for server processing
I20260914 17:52:25.011644 296381 dfly_bench.cc:1001] ReceiveFb done
I20260914 17:52:25.011647 296369 dfly_bench.cc:1001] ReceiveFb done
I20260914 17:52:25.011656 296375 dfly_bench.cc:1001] ReceiveFb done
I20260914 17:52:25.011660 296382 dfly_bench.cc:1126] Total hits: 1902498
I20260914 17:52:25.011663 296381 dfly_bench.cc:1001] ReceiveFb done
I20260914 17:52:25.011657 296370 dfly_bench.cc:1001] ReceiveFb done
I20260914 17:52:25.011680 296376 dfly_bench.cc:1001] ReceiveFb done
I20260914 17:52:25.011667 296369 dfly_bench.cc:1001] ReceiveFb done
I20260914 17:52:25.011691 296381 dfly_bench.cc:1001] ReceiveFb done
I20260914 17:52:25.011698 296370 dfly_bench.cc:926] Done queuing 4294967295 requests, which took 30.0s. Waiting for server processing
I20260914 17:52:25.011700 296376 dfly_bench.cc:1001] ReceiveFb done
I20260914 17:52:25.011705 296370 dfly_bench.cc:926] Done queuing 4294967295 requests, which took 30.0s. Waiting for server processing
I20260914 17:52:25.011709 296379 dfly_bench.cc:1126] Total hits: 1990139
I20260914 17:52:25.011721 296374 dfly_bench.cc:1001] ReceiveFb done
I20260914 17:52:25.011719 296376 dfly_bench.cc:1001] ReceiveFb done
I20260914 17:52:25.011713 296372 dfly_bench.cc:1001] ReceiveFb done
I20260914 17:52:25.011741 296374 dfly_bench.cc:1001] ReceiveFb done
I20260914 17:52:25.011710 296381 dfly_bench.cc:1001] ReceiveFb done
I20260914 17:52:25.011741 296375 dfly_bench.cc:1126] Total hits: 2064061
I20260914 17:52:25.011761 296374 dfly_bench.cc:1001] ReceiveFb done
I20260914 17:52:25.011737 296370 dfly_bench.cc:1001] ReceiveFb done
I20260914 17:52:25.011714 296377 dfly_bench.cc:1126] Total hits: 2003259
I20260914 17:52:25.011742 296376 dfly_bench.cc:1001] ReceiveFb done
I20260914 17:52:25.011778 296372 dfly_bench.cc:1126] Total hits: 1922144
I20260914 17:52:25.011783 296374 dfly_bench.cc:926] Done queuing 4294967295 requests, which took 30.0s. Waiting for server processing
I20260914 17:52:25.011786 296370 dfly_bench.cc:1001] ReceiveFb done
I20260914 17:52:25.011791 296374 dfly_bench.cc:926] Done queuing 4294967295 requests, which took 30.0s. Waiting for server processing
I20260914 17:52:25.011798 296374 dfly_bench.cc:926] Done queuing 4294967295 requests, which took 30.0s. Waiting for server processing
I20260914 17:52:25.011806 296374 dfly_bench.cc:926] Done queuing 4294967295 requests, which took 30.0s. Waiting for server processing
I20260914 17:52:25.011838 296370 dfly_bench.cc:1126] Total hits: 2068160
I20260914 17:52:25.011842 296368 dfly_bench.cc:1001] ReceiveFb done
I20260914 17:52:25.011850 296369 dfly_bench.cc:1126] Total hits: 2061706
I20260914 17:52:25.011862 296368 dfly_bench.cc:1001] ReceiveFb done
I20260914 17:52:25.011874 296374 dfly_bench.cc:1001] ReceiveFb done
I20260914 17:52:25.011881 296368 dfly_bench.cc:1001] ReceiveFb done
I20260914 17:52:25.011884 296376 dfly_bench.cc:1126] Total hits: 1973332
I20260914 17:52:25.011893 296374 dfly_bench.cc:1001] ReceiveFb done
I20260914 17:52:25.011899 296368 dfly_bench.cc:1001] ReceiveFb done
I20260914 17:52:25.011911 296374 dfly_bench.cc:1001] ReceiveFb done
I20260914 17:52:25.011919 296368 dfly_bench.cc:1001] ReceiveFb done
I20260914 17:52:25.011919 296380 dfly_bench.cc:1001] ReceiveFb done
I20260914 17:52:25.011941 296368 dfly_bench.cc:1001] ReceiveFb done
I20260914 17:52:25.011929 296374 dfly_bench.cc:1001] ReceiveFb done
I20260914 17:52:25.011961 296368 dfly_bench.cc:1001] ReceiveFb done
I20260914 17:52:25.011981 296381 dfly_bench.cc:1126] Total hits: 2017086
I20260914 17:52:25.011981 296380 dfly_bench.cc:1001] ReceiveFb done
I20260914 17:52:25.011981 296371 dfly_bench.cc:926] Done queuing 4294967295 requests, which took 30.0s. Waiting for server processing
I20260914 17:52:25.012010 296371 dfly_bench.cc:926] Done queuing 4294967295 requests, which took 30.0s. Waiting for server processing
I20260914 17:52:25.012017 296371 dfly_bench.cc:926] Done queuing 4294967295 requests, which took 30.0s. Waiting for server processing
I20260914 17:52:25.012032 296371 dfly_bench.cc:1001] ReceiveFb done
I20260914 17:52:25.012034 296380 dfly_bench.cc:1126] Total hits: 2034787
I20260914 17:52:25.012039 296374 dfly_bench.cc:1126] Total hits: 2014917
I20260914 17:52:25.012049 296371 dfly_bench.cc:1001] ReceiveFb done
I20260914 17:52:25.012068 296371 dfly_bench.cc:1001] ReceiveFb done
I20260914 17:52:25.011981 296368 dfly_bench.cc:1001] ReceiveFb done
I20260914 17:52:25.012091 296371 dfly_bench.cc:1001] ReceiveFb done
I20260914 17:52:25.012094 296368 dfly_bench.cc:1001] ReceiveFb done
I20260914 17:52:25.012121 296368 dfly_bench.cc:1001] ReceiveFb done
I20260914 17:52:25.012180 296371 dfly_bench.cc:1126] Total hits: 2012544
I20260914 17:52:25.012338 296368 dfly_bench.cc:1001] ReceiveFb done
I20260914 17:52:25.012360 296368 dfly_bench.cc:1001] ReceiveFb done
I20260914 17:52:25.012382 296368 dfly_bench.cc:1001] ReceiveFb done
I20260914 17:52:25.012404 296368 dfly_bench.cc:1001] ReceiveFb done
I20260914 17:52:25.012426 296368 dfly_bench.cc:1001] ReceiveFb done
I20260914 17:52:25.012452 296368 dfly_bench.cc:1001] ReceiveFb done
I20260914 17:52:25.012581 296368 dfly_bench.cc:1126] Total hits: 2070422
30s: 100.1% done, RPS(now/agg): 1083983/1071487, errs: 0, hitrate: 100.0%, clients: 0
done_min: 100.00%, done_max: 100.07%, p99_lat(us): 870, max_pending: 0
I20260914 17:52:25.024704 296369 dfly_bench.cc:1466] 30s: 100.1% done, RPS(now/agg): 1083983/1071487, errs: 0, hitrate: 100.0%, clients: 0
done_min: 100.00%, done_max: 100.07%, p99_lat(us): 870, max_pending: 0
I20260914 17:52:25.024744 296366 dfly_bench.cc:1711] Resetting all threads

Total time: 30.008112988s. Overall number of requests: 32164970, QPS: 1070896, P99 lat: 895.551us
I20260914 17:52:25.025003 296366 dfly_bench.cc:1721] 
Total time: 30.008112988s. Overall number of requests: 32164970, QPS: 1070896, P99 lat: 895.551us
Latency summary, all times are in usec:
Count: 32164970 Average: 593.7703
Min: 197.0000  Median: 575.5072  Max: 62738.0000
------------------------------------------------------
[     180,     200 ) 1   0.000%   0.000% 
[     200,     250 ) 7506   0.023%   0.023% 
[     250,     300 ) 46551   0.145%   0.168% 
[     300,     350 ) 136792   0.425%   0.593% 
[     350,     400 ) 607817   1.890%   2.483% 
[     400,     450 ) 1837687   5.713%   8.196% #
[     450,     500 ) 3876224  12.051%  20.247% ##
[     500,     600 ) 12674162  39.404%  59.651% ########
[     600,     700 ) 9213508  28.645%  88.296% ######
[     700,     800 ) 2905020   9.032%  97.327% ##
[     800,     900 ) 563103   1.751%  99.078% 
[     900,    1000 ) 104191   0.324%  99.402% 
[    1000,    1200 ) 52149   0.162%  99.564% 
[    1200,    1400 ) 26325   0.082%  99.646% 
[    1400,    1600 ) 21847   0.068%  99.714% 
[    1600,    1800 ) 20287   0.063%  99.777% 
[    1800,    2000 ) 16847   0.052%  99.829% 
[    2000,    2500 ) 21519   0.067%  99.896% 
[    2500,    3000 ) 8217   0.026%  99.922% 
[    3000,    3500 ) 4311   0.013%  99.935% 
[    3500,    4000 ) 2560   0.008%  99.943% 
[    4000,    4500 ) 1401   0.004%  99.947% 
[    4500,    5000 ) 738   0.002%  99.950% 
[    5000,    6000 ) 1100   0.003%  99.953% 
[    6000,    7000 ) 1886   0.006%  99.959% 
[    7000,    8000 ) 1259   0.004%  99.963% 
[    8000,    9000 ) 758   0.002%  99.965% 
[    9000,   10000 ) 738   0.002%  99.967% 
[   10000,   12000 ) 1214   0.004%  99.971% 
[   12000,   14000 ) 961   0.003%  99.974% 
[   14000,   16000 ) 793   0.002%  99.977% 
[   16000,   18000 ) 813   0.003%  99.979% 
[   18000,   20000 ) 973   0.003%  99.982% 
[   20000,   25000 ) 2730   0.008%  99.991% 
[   25000,   30000 ) 1887   0.006%  99.997% 
[   30000,   35000 ) 625   0.002%  99.999% 
[   35000,   40000 ) 272   0.001%  99.999% 
[   40000,   45000 ) 145   0.000% 100.000% 
[   45000,   50000 ) 19   0.000% 100.000% 
[   50000,   60000 ) 33   0.000% 100.000% 
[   60000,   70000 ) 1   0.000% 100.000% 
----------------------------------
Hit rate: 100%
I20260914 17:52:25.025027 296366 dfly_bench.cc:1730] Latency summary, all times are in usec:
Count: 32164970 Average: 593.7703
Min: 197.0000  Median: 575.5072  Max: 62738.0000
------------------------------------------------------
[     180,     200 ) 1   0.000%   0.000% 
[     200,     250 ) 7506   0.023%   0.023% 
[     250,     300 ) 46551   0.145%   0.168% 
[     300,     350 ) 136792   0.425%   0.593% 
[     350,     400 ) 607817   1.890%   2.483% 
[     400,     450 ) 1837687   5.713%   8.196% #
[     450,     500 ) 3876224  12.051%  20.247% ##
[     500,     600 ) 12674162  39.404%  59.651% ########
[     600,     700 ) 9213508  28.645%  88.296% ######
[     700,     800 ) 2905020   9.032%  97.327% ##
[     800,     900 ) 563103   1.751%  99.078% 
[     900,    1000 ) 104191   0.324%  99.402% 
[    1000,    1200 ) 52149   0.162%  99.564% 
[    1200,    1400 ) 26325   0.082%  99.646% 
[    1400,    1600 ) 21847   0.068%  99.714% 
[    1600,    1800 ) 20287   0.063%  99.777% 
[    1800,    2000 ) 16847   0.052%  99.829% 
[    2000,    2500 ) 21519   0.067%  99.896% 
[    2500,    3000 ) 8217   0.026%  99.922% 
[    3000,    3500 ) 4311   0.013%  99.935% 
[    3500,    4000 ) 2560   0.008%  99.943% 
[    4000,    4500 ) 1401   0.004%  99.947% 
[    4500,    5000 ) 738   0.002%  99.950% 
[    5000,    6000 ) 1100   0.003%  99.953% 
[    6000,    7000 ) 1886   0.006%  99.959% 
[    7000,    8000 ) 1259   0.004%  99.963% 
[    8000,    9000 ) 758   0.002%  99.965% 
[    9000,   10000 ) 738   0.002%  99.967% 
[   10000,   12000 ) 1214   0.004%  99.971% 
[   12000,   14000 ) 961   0.003%  99.974% 
[   14000,   16000 ) 793   0.002%  99.977% 
[   16000,   18000 ) 813   0.003%  99.979% 
[   18000,   20000 ) 973   0.003%  99.982% 
[   20000,   25000 ) 2730   0.008%  99.991% 
[   25000,   30000 ) 1887   0.006%  99.997% 
[   30000,   35000 ) 625   0.002%  99.999% 
[   35000,   40000 ) 272   0.001%  99.999% 
[   40000,   45000 ) 145   0.000% 100.000% 
[   45000,   50000 ) 19   0.000% 100.000% 
[   50000,   60000 ) 33   0.000% 100.000% 
[   60000,   70000 ) 1   0.000% 100.000% 
I20260914 17:52:25.025074 296366 dfly_bench.cc:1732] ----------------------------------
Hit rate: 100%
