I20260914 17:39:40.049547 295503 init.cc:144] /mnt/dev/dfly-get-issue20-20260909/dfly_bench-x86_64 running in opt mode.
I20260914 17:39:40.050189 295504 uring_proactor.cc:263] IORing with 256 entries, allocated 24640 bytes, cq_entries is 512
I20260914 17:39:40.051513 295503 proactor_pool.cc:149] Running 16 io threads
I20260914 17:39:40.055238 295505 dfly_bench.cc:1512] Cluster spec: d2b3372d0d8645b07f706c8e8aacb7db8704473d 172.16.0.4:6379@0 myself,master - 0 0 1 connected 0-16383
Connecting to 1 shard cluster
I20260914 17:39:40.055325 295503 dfly_bench.cc:1624] Connecting to 1 shard cluster
I20260914 17:39:40.055382 295511 dfly_bench.cc:1640] Seeding bitgen with seed 16895792424643493586
I20260914 17:39:40.055362 295505 dfly_bench.cc:1640] Seeding bitgen with seed 10822700762264828896
I20260914 17:39:40.055372 295508 dfly_bench.cc:1640] Seeding bitgen with seed 17216034358484725089
I20260914 17:39:40.055378 295512 dfly_bench.cc:1640] Seeding bitgen with seed 12118589563438863789
I20260914 17:39:40.055366 295506 dfly_bench.cc:1640] Seeding bitgen with seed 5494342264434493627
I20260914 17:39:40.055408 295516 dfly_bench.cc:1640] Seeding bitgen with seed 1572231070121490324
I20260914 17:39:40.055398 295513 dfly_bench.cc:1640] Seeding bitgen with seed 11307208369450389195
I20260914 17:39:40.055399 295514 dfly_bench.cc:1640] Seeding bitgen with seed 10195239939060650412
I20260914 17:39:40.055402 295515 dfly_bench.cc:1640] Seeding bitgen with seed 1874761853549885278
I20260914 17:39:40.055418 295519 dfly_bench.cc:1640] Seeding bitgen with seed 7869241381331718183
I20260914 17:39:40.055413 295517 dfly_bench.cc:1640] Seeding bitgen with seed 1170942096379108118
I20260914 17:39:40.055378 295510 dfly_bench.cc:1640] Seeding bitgen with seed 17687344794123191778
I20260914 17:39:40.055369 295507 dfly_bench.cc:1640] Seeding bitgen with seed 5591683215506142111
I20260914 17:39:40.055362 295504 dfly_bench.cc:1640] Seeding bitgen with seed 15060681878671775511
I20260914 17:39:40.055416 295518 dfly_bench.cc:1640] Seeding bitgen with seed 15276590866534493727
I20260914 17:39:40.055375 295509 dfly_bench.cc:1640] Seeding bitgen with seed 13573634044124876488
Coordinated omission mode - the rate is determined by the server
I20260914 17:39:40.108739 295503 dfly_bench.cc:1686] Coordinated omission mode - the rate is determined by the server
I20260914 17:39:40.112074 295506 dfly_bench.cc:1418] Started watching
5s: 16.7% done, RPS(now/agg): 1064833/1064833, errs: 0, hitrate: 100.0%, clients: 640
done_min: 16.68%, done_max: 16.68%, p99_lat(us): 942, max_pending: 1
I20260914 17:39:45.115087 295506 dfly_bench.cc:1466] 5s: 16.7% done, RPS(now/agg): 1064833/1064833, errs: 0, hitrate: 100.0%, clients: 640
done_min: 16.68%, done_max: 16.68%, p99_lat(us): 942, max_pending: 1
10s: 33.3% done, RPS(now/agg): 1017456/1041045, errs: 0, hitrate: 100.0%, clients: 640
done_min: 33.35%, done_max: 33.35%, p99_lat(us): 960, max_pending: 1
I20260914 17:39:50.116048 295506 dfly_bench.cc:1466] 10s: 33.3% done, RPS(now/agg): 1017456/1041045, errs: 0, hitrate: 100.0%, clients: 640
done_min: 33.35%, done_max: 33.35%, p99_lat(us): 960, max_pending: 1
15s: 50.0% done, RPS(now/agg): 1085456/1055777, errs: 0, hitrate: 100.0%, clients: 640
done_min: 50.02%, done_max: 50.02%, p99_lat(us): 882, max_pending: 1
I20260914 17:39:55.118427 295506 dfly_bench.cc:1466] 15s: 50.0% done, RPS(now/agg): 1085456/1055777, errs: 0, hitrate: 100.0%, clients: 640
done_min: 50.02%, done_max: 50.02%, p99_lat(us): 882, max_pending: 1
20s: 66.7% done, RPS(now/agg): 1060481/1056900, errs: 0, hitrate: 100.0%, clients: 640
done_min: 66.69%, done_max: 66.69%, p99_lat(us): 943, max_pending: 1
I20260914 17:40:00.119709 295506 dfly_bench.cc:1466] 20s: 66.7% done, RPS(now/agg): 1060481/1056900, errs: 0, hitrate: 100.0%, clients: 640
done_min: 66.69%, done_max: 66.69%, p99_lat(us): 943, max_pending: 1
25s: 83.4% done, RPS(now/agg): 1079776/1061475, errs: 0, hitrate: 100.0%, clients: 640
done_min: 83.37%, done_max: 83.37%, p99_lat(us): 895, max_pending: 1
I20260914 17:40:05.122160 295506 dfly_bench.cc:1466] 25s: 83.4% done, RPS(now/agg): 1079776/1061475, errs: 0, hitrate: 100.0%, clients: 640
done_min: 83.37%, done_max: 83.37%, p99_lat(us): 895, max_pending: 1
I20260914 17:40:10.111852 295507 dfly_bench.cc:926] Done queuing 4294967295 requests, which took 30.0s. Waiting for server processing
I20260914 17:40:10.111907 295507 dfly_bench.cc:926] Done queuing 4294967295 requests, which took 30.0s. Waiting for server processing
I20260914 17:40:10.111935 295507 dfly_bench.cc:1001] ReceiveFb done
I20260914 17:40:10.111827 295508 dfly_bench.cc:926] Done queuing 4294967295 requests, which took 30.0s. Waiting for server processing
I20260914 17:40:10.111953 295519 dfly_bench.cc:926] Done queuing 4294967295 requests, which took 30.0s. Waiting for server processing
I20260914 17:40:10.112010 295504 dfly_bench.cc:926] Done queuing 4294967295 requests, which took 30.0s. Waiting for server processing
I20260914 17:40:10.111971 295507 dfly_bench.cc:1001] ReceiveFb done
I20260914 17:40:10.112032 295510 dfly_bench.cc:926] Done queuing 4294967295 requests, which took 30.0s. Waiting for server processing
I20260914 17:40:10.112059 295512 dfly_bench.cc:926] Done queuing 4294967295 requests, which took 30.0s. Waiting for server processing
I20260914 17:40:10.112097 295514 dfly_bench.cc:926] Done queuing 4294967295 requests, which took 30.0s. Waiting for server processing
I20260914 17:40:10.112033 295504 dfly_bench.cc:926] Done queuing 4294967295 requests, which took 30.0s. Waiting for server processing
I20260914 17:40:10.112035 295508 dfly_bench.cc:1001] ReceiveFb done
I20260914 17:40:10.112011 295509 dfly_bench.cc:926] Done queuing 4294967295 requests, which took 30.0s. Waiting for server processing
I20260914 17:40:10.111951 295515 dfly_bench.cc:926] Done queuing 4294967295 requests, which took 30.0s. Waiting for server processing
I20260914 17:40:10.112093 295519 dfly_bench.cc:1001] ReceiveFb done
I20260914 17:40:10.112123 295512 dfly_bench.cc:1001] ReceiveFb done
I20260914 17:40:10.112157 295504 dfly_bench.cc:1001] ReceiveFb done
I20260914 17:40:10.112154 295518 dfly_bench.cc:926] Done queuing 4294967295 requests, which took 30.0s. Waiting for server processing
I20260914 17:40:10.112205 295515 dfly_bench.cc:1001] ReceiveFb done
I20260914 17:40:10.112126 295514 dfly_bench.cc:926] Done queuing 4294967295 requests, which took 30.0s. Waiting for server processing
I20260914 17:40:10.112172 295513 dfly_bench.cc:926] Done queuing 4294967295 requests, which took 30.0s. Waiting for server processing
I20260914 17:40:10.112162 295517 dfly_bench.cc:926] Done queuing 4294967295 requests, which took 30.0s. Waiting for server processing
I20260914 17:40:10.112191 295509 dfly_bench.cc:1001] ReceiveFb done
I20260914 17:40:10.112306 295514 dfly_bench.cc:1001] ReceiveFb done
I20260914 17:40:10.112172 295505 dfly_bench.cc:926] Done queuing 4294967295 requests, which took 30.0s. Waiting for server processing
I20260914 17:40:10.112135 295510 dfly_bench.cc:1001] ReceiveFb done
I20260914 17:40:10.112151 295516 dfly_bench.cc:926] Done queuing 4294967295 requests, which took 30.0s. Waiting for server processing
I20260914 17:40:10.112365 295510 dfly_bench.cc:926] Done queuing 4294967295 requests, which took 30.0s. Waiting for server processing
I20260914 17:40:10.112387 295510 dfly_bench.cc:926] Done queuing 4294967295 requests, which took 30.0s. Waiting for server processing
I20260914 17:40:10.112161 295511 dfly_bench.cc:926] Done queuing 4294967295 requests, which took 30.0s. Waiting for server processing
I20260914 17:40:10.112290 295517 dfly_bench.cc:926] Done queuing 4294967295 requests, which took 30.0s. Waiting for server processing
I20260914 17:40:10.112192 295519 dfly_bench.cc:926] Done queuing 4294967295 requests, which took 30.0s. Waiting for server processing
I20260914 17:40:10.112469 295516 dfly_bench.cc:1001] ReceiveFb done
I20260914 17:40:10.112345 295514 dfly_bench.cc:1001] ReceiveFb done
I20260914 17:40:10.112497 295511 dfly_bench.cc:1001] ReceiveFb done
I20260914 17:40:10.112195 295512 dfly_bench.cc:926] Done queuing 4294967295 requests, which took 30.0s. Waiting for server processing
I20260914 17:40:10.112537 295511 dfly_bench.cc:926] Done queuing 4294967295 requests, which took 30.0s. Waiting for server processing
I20260914 17:40:10.112190 295504 dfly_bench.cc:1001] ReceiveFb done
I20260914 17:40:10.112555 295511 dfly_bench.cc:926] Done queuing 4294967295 requests, which took 30.0s. Waiting for server processing
I20260914 17:40:10.112268 295506 dfly_bench.cc:926] Done queuing 4294967295 requests, which took 30.0s. Waiting for server processing
I20260914 17:40:10.112223 295507 dfly_bench.cc:926] Done queuing 4294967295 requests, which took 30.0s. Waiting for server processing
I20260914 17:40:10.112289 295513 dfly_bench.cc:926] Done queuing 4294967295 requests, which took 30.0s. Waiting for server processing
I20260914 17:40:10.112238 295518 dfly_bench.cc:1001] ReceiveFb done
I20260914 17:40:10.112375 295505 dfly_bench.cc:1001] ReceiveFb done
I20260914 17:40:10.112548 295509 dfly_bench.cc:926] Done queuing 4294967295 requests, which took 30.0s. Waiting for server processing
I20260914 17:40:10.112498 295517 dfly_bench.cc:1001] ReceiveFb done
I20260914 17:40:10.112578 295507 dfly_bench.cc:926] Done queuing 4294967295 requests, which took 30.0s. Waiting for server processing
I20260914 17:40:10.112601 295516 dfly_bench.cc:926] Done queuing 4294967295 requests, which took 30.0s. Waiting for server processing
I20260914 17:40:10.112599 295509 dfly_bench.cc:926] Done queuing 4294967295 requests, which took 30.0s. Waiting for server processing
I20260914 17:40:10.112308 295508 dfly_bench.cc:926] Done queuing 4294967295 requests, which took 30.0s. Waiting for server processing
I20260914 17:40:10.112569 295504 dfly_bench.cc:926] Done queuing 4294967295 requests, which took 30.0s. Waiting for server processing
I20260914 17:40:10.112628 295509 dfly_bench.cc:926] Done queuing 4294967295 requests, which took 30.0s. Waiting for server processing
I20260914 17:40:10.112581 295513 dfly_bench.cc:926] Done queuing 4294967295 requests, which took 30.0s. Waiting for server processing
I20260914 17:40:10.112603 295505 dfly_bench.cc:926] Done queuing 4294967295 requests, which took 30.0s. Waiting for server processing
I20260914 17:40:10.112645 295511 dfly_bench.cc:1001] ReceiveFb done
I20260914 17:40:10.112623 295507 dfly_bench.cc:926] Done queuing 4294967295 requests, which took 30.0s. Waiting for server processing
I20260914 17:40:10.112638 295509 dfly_bench.cc:926] Done queuing 4294967295 requests, which took 30.0s. Waiting for server processing
I20260914 17:40:10.112639 295506 dfly_bench.cc:1001] ReceiveFb done
I20260914 17:40:10.112474 295515 dfly_bench.cc:926] Done queuing 4294967295 requests, which took 30.0s. Waiting for server processing
I20260914 17:40:10.112624 295517 dfly_bench.cc:1001] ReceiveFb done
I20260914 17:40:10.112694 295513 dfly_bench.cc:1001] ReceiveFb done
I20260914 17:40:10.112673 295514 dfly_bench.cc:926] Done queuing 4294967295 requests, which took 30.0s. Waiting for server processing
I20260914 17:40:10.112696 295515 dfly_bench.cc:926] Done queuing 4294967295 requests, which took 30.0s. Waiting for server processing
I20260914 17:40:10.112679 295509 dfly_bench.cc:926] Done queuing 4294967295 requests, which took 30.0s. Waiting for server processing
I20260914 17:40:10.112530 295510 dfly_bench.cc:1001] ReceiveFb done
I20260914 17:40:10.112640 295512 dfly_bench.cc:1001] ReceiveFb done
I20260914 17:40:10.112703 295514 dfly_bench.cc:926] Done queuing 4294967295 requests, which took 30.0s. Waiting for server processing
I20260914 17:40:10.112550 295519 dfly_bench.cc:1001] ReceiveFb done
I20260914 17:40:10.112720 295514 dfly_bench.cc:926] Done queuing 4294967295 requests, which took 30.0s. Waiting for server processing
I20260914 17:40:10.112637 295504 dfly_bench.cc:926] Done queuing 4294967295 requests, which took 30.0s. Waiting for server processing
I20260914 17:40:10.112639 295508 dfly_bench.cc:926] Done queuing 4294967295 requests, which took 30.0s. Waiting for server processing
I20260914 17:40:10.112671 295511 dfly_bench.cc:1001] ReceiveFb done
I20260914 17:40:10.112704 295518 dfly_bench.cc:926] Done queuing 4294967295 requests, which took 30.0s. Waiting for server processing
I20260914 17:40:10.112712 295513 dfly_bench.cc:1001] ReceiveFb done
I20260914 17:40:10.112720 295505 dfly_bench.cc:1001] ReceiveFb done
I20260914 17:40:10.112707 295515 dfly_bench.cc:926] Done queuing 4294967295 requests, which took 30.0s. Waiting for server processing
I20260914 17:40:10.112726 295514 dfly_bench.cc:926] Done queuing 4294967295 requests, which took 30.0s. Waiting for server processing
I20260914 17:40:10.112788 295509 dfly_bench.cc:1001] ReceiveFb done
I20260914 17:40:10.112752 295510 dfly_bench.cc:1001] ReceiveFb done
I20260914 17:40:10.112731 295508 dfly_bench.cc:926] Done queuing 4294967295 requests, which took 30.0s. Waiting for server processing
I20260914 17:40:10.112712 295507 dfly_bench.cc:1001] ReceiveFb done
I20260914 17:40:10.112799 295514 dfly_bench.cc:926] Done queuing 4294967295 requests, which took 30.0s. Waiting for server processing
I20260914 17:40:10.112805 295508 dfly_bench.cc:926] Done queuing 4294967295 requests, which took 30.0s. Waiting for server processing
I20260914 17:40:10.112815 295519 dfly_bench.cc:926] Done queuing 4294967295 requests, which took 30.0s. Waiting for server processing
I20260914 17:40:10.112809 295509 dfly_bench.cc:1001] ReceiveFb done
I20260914 17:40:10.112625 295516 dfly_bench.cc:926] Done queuing 4294967295 requests, which took 30.0s. Waiting for server processing
I20260914 17:40:10.112788 295515 dfly_bench.cc:926] Done queuing 4294967295 requests, which took 30.0s. Waiting for server processing
I20260914 17:40:10.112829 295519 dfly_bench.cc:926] Done queuing 4294967295 requests, which took 30.0s. Waiting for server processing
I20260914 17:40:10.112766 295518 dfly_bench.cc:926] Done queuing 4294967295 requests, which took 30.0s. Waiting for server processing
I20260914 17:40:10.112845 295515 dfly_bench.cc:926] Done queuing 4294967295 requests, which took 30.0s. Waiting for server processing
I20260914 17:40:10.112788 295512 dfly_bench.cc:926] Done queuing 4294967295 requests, which took 30.0s. Waiting for server processing
I20260914 17:40:10.112810 295514 dfly_bench.cc:926] Done queuing 4294967295 requests, which took 30.0s. Waiting for server processing
I20260914 17:40:10.112850 295519 dfly_bench.cc:926] Done queuing 4294967295 requests, which took 30.0s. Waiting for server processing
I20260914 17:40:10.112820 295507 dfly_bench.cc:1001] ReceiveFb done
I20260914 17:40:10.112820 295510 dfly_bench.cc:926] Done queuing 4294967295 requests, which took 30.0s. Waiting for server processing
I20260914 17:40:10.112807 295506 dfly_bench.cc:926] Done queuing 4294967295 requests, which took 30.0s. Waiting for server processing
I20260914 17:40:10.112866 295515 dfly_bench.cc:926] Done queuing 4294967295 requests, which took 30.0s. Waiting for server processing
I20260914 17:40:10.112848 295505 dfly_bench.cc:926] Done queuing 4294967295 requests, which took 30.0s. Waiting for server processing
I20260914 17:40:10.112910 295505 dfly_bench.cc:926] Done queuing 4294967295 requests, which took 30.0s. Waiting for server processing
I20260914 17:40:10.112906 295507 dfly_bench.cc:1001] ReceiveFb done
I20260914 17:40:10.112882 295512 dfly_bench.cc:926] Done queuing 4294967295 requests, which took 30.0s. Waiting for server processing
I20260914 17:40:10.112917 295505 dfly_bench.cc:926] Done queuing 4294967295 requests, which took 30.0s. Waiting for server processing
I20260914 17:40:10.112882 295514 dfly_bench.cc:926] Done queuing 4294967295 requests, which took 30.0s. Waiting for server processing
I20260914 17:40:10.112888 295510 dfly_bench.cc:926] Done queuing 4294967295 requests, which took 30.0s. Waiting for server processing
I20260914 17:40:10.112857 295517 dfly_bench.cc:926] Done queuing 4294967295 requests, which took 30.0s. Waiting for server processing
I20260914 17:40:10.112936 295514 dfly_bench.cc:926] Done queuing 4294967295 requests, which took 30.0s. Waiting for server processing
I20260914 17:40:10.112950 295517 dfly_bench.cc:926] Done queuing 4294967295 requests, which took 30.0s. Waiting for server processing
I20260914 17:40:10.112931 295505 dfly_bench.cc:926] Done queuing 4294967295 requests, which took 30.0s. Waiting for server processing
I20260914 17:40:10.112970 295512 dfly_bench.cc:1001] ReceiveFb done
I20260914 17:40:10.112857 295511 dfly_bench.cc:926] Done queuing 4294967295 requests, which took 30.0s. Waiting for server processing
I20260914 17:40:10.112852 295509 dfly_bench.cc:1001] ReceiveFb done
I20260914 17:40:10.112954 295514 dfly_bench.cc:926] Done queuing 4294967295 requests, which took 30.0s. Waiting for server processing
I20260914 17:40:10.112989 295511 dfly_bench.cc:926] Done queuing 4294967295 requests, which took 30.0s. Waiting for server processing
I20260914 17:40:10.112962 295517 dfly_bench.cc:926] Done queuing 4294967295 requests, which took 30.0s. Waiting for server processing
I20260914 17:40:10.112879 295516 dfly_bench.cc:1001] ReceiveFb done
I20260914 17:40:10.112926 295518 dfly_bench.cc:1001] ReceiveFb done
I20260914 17:40:10.112767 295513 dfly_bench.cc:1001] ReceiveFb done
I20260914 17:40:10.113018 295516 dfly_bench.cc:1001] ReceiveFb done
I20260914 17:40:10.112998 295514 dfly_bench.cc:926] Done queuing 4294967295 requests, which took 30.0s. Waiting for server processing
I20260914 17:40:10.113003 295517 dfly_bench.cc:926] Done queuing 4294967295 requests, which took 30.0s. Waiting for server processing
I20260914 17:40:10.113030 295514 dfly_bench.cc:926] Done queuing 4294967295 requests, which took 30.0s. Waiting for server processing
I20260914 17:40:10.112892 295506 dfly_bench.cc:926] Done queuing 4294967295 requests, which took 30.0s. Waiting for server processing
I20260914 17:40:10.113040 295517 dfly_bench.cc:926] Done queuing 4294967295 requests, which took 30.0s. Waiting for server processing
I20260914 17:40:10.113004 295512 dfly_bench.cc:1001] ReceiveFb done
I20260914 17:40:10.112824 295508 dfly_bench.cc:926] Done queuing 4294967295 requests, which took 30.0s. Waiting for server processing
I20260914 17:40:10.113072 295508 dfly_bench.cc:926] Done queuing 4294967295 requests, which took 30.0s. Waiting for server processing
I20260914 17:40:10.113004 295509 dfly_bench.cc:1001] ReceiveFb done
I20260914 17:40:10.112932 295507 dfly_bench.cc:926] Done queuing 4294967295 requests, which took 30.0s. Waiting for server processing
I20260914 17:40:10.113082 295510 dfly_bench.cc:1001] ReceiveFb done
I20260914 17:40:10.112892 295519 dfly_bench.cc:926] Done queuing 4294967295 requests, which took 30.0s. Waiting for server processing
I20260914 17:40:10.112982 295505 dfly_bench.cc:926] Done queuing 4294967295 requests, which took 30.0s. Waiting for server processing
I20260914 17:40:10.113070 295516 dfly_bench.cc:926] Done queuing 4294967295 requests, which took 30.0s. Waiting for server processing
I20260914 17:40:10.113116 295509 dfly_bench.cc:1001] ReceiveFb done
I20260914 17:40:10.113131 295505 dfly_bench.cc:926] Done queuing 4294967295 requests, which took 30.0s. Waiting for server processing
I20260914 17:40:10.113045 295506 dfly_bench.cc:926] Done queuing 4294967295 requests, which took 30.0s. Waiting for server processing
I20260914 17:40:10.112906 295515 dfly_bench.cc:926] Done queuing 4294967295 requests, which took 30.0s. Waiting for server processing
I20260914 17:40:10.113148 295506 dfly_bench.cc:926] Done queuing 4294967295 requests, which took 30.0s. Waiting for server processing
I20260914 17:40:10.112999 295511 dfly_bench.cc:926] Done queuing 4294967295 requests, which took 30.0s. Waiting for server processing
I20260914 17:40:10.112831 295504 dfly_bench.cc:1001] ReceiveFb done
I20260914 17:40:10.113125 295510 dfly_bench.cc:1001] ReceiveFb done
I20260914 17:40:10.113157 295515 dfly_bench.cc:926] Done queuing 4294967295 requests, which took 30.0s. Waiting for server processing
I20260914 17:40:10.113050 295517 dfly_bench.cc:926] Done queuing 4294967295 requests, which took 30.0s. Waiting for server processing
I20260914 17:40:10.113153 295509 dfly_bench.cc:926] Done queuing 4294967295 requests, which took 30.0s. Waiting for server processing
I20260914 17:40:10.113142 295505 dfly_bench.cc:926] Done queuing 4294967295 requests, which took 30.0s. Waiting for server processing
I20260914 17:40:10.113031 295518 dfly_bench.cc:1001] ReceiveFb done
I20260914 17:40:10.113111 295507 dfly_bench.cc:926] Done queuing 4294967295 requests, which took 30.0s. Waiting for server processing
I20260914 17:40:10.113178 295511 dfly_bench.cc:926] Done queuing 4294967295 requests, which took 30.0s. Waiting for server processing
I20260914 17:40:10.113190 295515 dfly_bench.cc:926] Done queuing 4294967295 requests, which took 30.0s. Waiting for server processing
I20260914 17:40:10.113127 295519 dfly_bench.cc:926] Done queuing 4294967295 requests, which took 30.0s. Waiting for server processing
I20260914 17:40:10.113131 295516 dfly_bench.cc:926] Done queuing 4294967295 requests, which took 30.0s. Waiting for server processing
I20260914 17:40:10.113193 295517 dfly_bench.cc:926] Done queuing 4294967295 requests, which took 30.0s. Waiting for server processing
I20260914 17:40:10.113195 295505 dfly_bench.cc:926] Done queuing 4294967295 requests, which took 30.0s. Waiting for server processing
I20260914 17:40:10.113232 295516 dfly_bench.cc:926] Done queuing 4294967295 requests, which took 30.0s. Waiting for server processing
I20260914 17:40:10.113188 295504 dfly_bench.cc:1001] ReceiveFb done
I20260914 17:40:10.113240 295505 dfly_bench.cc:926] Done queuing 4294967295 requests, which took 30.0s. Waiting for server processing
I20260914 17:40:10.113086 295508 dfly_bench.cc:926] Done queuing 4294967295 requests, which took 30.0s. Waiting for server processing
I20260914 17:40:10.113209 295510 dfly_bench.cc:926] Done queuing 4294967295 requests, which took 30.0s. Waiting for server processing
I20260914 17:40:10.113260 295508 dfly_bench.cc:926] Done queuing 4294967295 requests, which took 30.0s. Waiting for server processing
I20260914 17:40:10.113190 295513 dfly_bench.cc:926] Done queuing 4294967295 requests, which took 30.0s. Waiting for server processing
I20260914 17:40:10.113269 295510 dfly_bench.cc:926] Done queuing 4294967295 requests, which took 30.0s. Waiting for server processing
I20260914 17:40:10.113085 295514 dfly_bench.cc:1001] ReceiveFb done
I20260914 17:40:10.113289 295510 dfly_bench.cc:926] Done queuing 4294967295 requests, which took 30.0s. Waiting for server processing
I20260914 17:40:10.113075 295512 dfly_bench.cc:926] Done queuing 4294967295 requests, which took 30.0s. Waiting for server processing
I20260914 17:40:10.113224 295518 dfly_bench.cc:926] Done queuing 4294967295 requests, which took 30.0s. Waiting for server processing
I20260914 17:40:10.113305 295514 dfly_bench.cc:1001] ReceiveFb done
I20260914 17:40:10.113224 295511 dfly_bench.cc:926] Done queuing 4294967295 requests, which took 30.0s. Waiting for server processing
I20260914 17:40:10.113246 295516 dfly_bench.cc:926] Done queuing 4294967295 requests, which took 30.0s. Waiting for server processing
I20260914 17:40:10.113194 295509 dfly_bench.cc:926] Done queuing 4294967295 requests, which took 30.0s. Waiting for server processing
I20260914 17:40:10.113304 295512 dfly_bench.cc:926] Done queuing 4294967295 requests, which took 30.0s. Waiting for server processing
I20260914 17:40:10.113308 295518 dfly_bench.cc:926] Done queuing 4294967295 requests, which took 30.0s. Waiting for server processing
I20260914 17:40:10.113250 295505 dfly_bench.cc:926] Done queuing 4294967295 requests, which took 30.0s. Waiting for server processing
I20260914 17:40:10.113327 295511 dfly_bench.cc:926] Done queuing 4294967295 requests, which took 30.0s. Waiting for server processing
I20260914 17:40:10.113229 295515 dfly_bench.cc:926] Done queuing 4294967295 requests, which took 30.0s. Waiting for server processing
I20260914 17:40:10.113210 295507 dfly_bench.cc:926] Done queuing 4294967295 requests, which took 30.0s. Waiting for server processing
I20260914 17:40:10.113162 295506 dfly_bench.cc:926] Done queuing 4294967295 requests, which took 30.0s. Waiting for server processing
I20260914 17:40:10.113350 295518 dfly_bench.cc:926] Done queuing 4294967295 requests, which took 30.0s. Waiting for server processing
I20260914 17:40:10.113324 295513 dfly_bench.cc:1001] ReceiveFb done
I20260914 17:40:10.113230 295519 dfly_bench.cc:926] Done queuing 4294967295 requests, which took 30.0s. Waiting for server processing
I20260914 17:40:10.113281 295508 dfly_bench.cc:926] Done queuing 4294967295 requests, which took 30.0s. Waiting for server processing
I20260914 17:40:10.113335 295516 dfly_bench.cc:926] Done queuing 4294967295 requests, which took 30.0s. Waiting for server processing
I20260914 17:40:10.113329 295514 dfly_bench.cc:1001] ReceiveFb done
I20260914 17:40:10.113400 295516 dfly_bench.cc:926] Done queuing 4294967295 requests, which took 30.0s. Waiting for server processing
I20260914 17:40:10.113404 295510 dfly_bench.cc:1001] ReceiveFb done
I20260914 17:40:10.113343 295512 dfly_bench.cc:926] Done queuing 4294967295 requests, which took 30.0s. Waiting for server processing
I20260914 17:40:10.113233 295517 dfly_bench.cc:926] Done queuing 4294967295 requests, which took 30.0s. Waiting for server processing
I20260914 17:40:10.113344 295509 dfly_bench.cc:926] Done queuing 4294967295 requests, which took 30.0s. Waiting for server processing
I20260914 17:40:10.113353 295505 dfly_bench.cc:926] Done queuing 4294967295 requests, which took 30.0s. Waiting for server processing
I20260914 17:40:10.113386 295519 dfly_bench.cc:926] Done queuing 4294967295 requests, which took 30.0s. Waiting for server processing
I20260914 17:40:10.113370 295511 dfly_bench.cc:926] Done queuing 4294967295 requests, which took 30.0s. Waiting for server processing
I20260914 17:40:10.113420 295512 dfly_bench.cc:926] Done queuing 4294967295 requests, which took 30.0s. Waiting for server processing
I20260914 17:40:10.113374 295507 dfly_bench.cc:926] Done queuing 4294967295 requests, which took 30.0s. Waiting for server processing
I20260914 17:40:10.113431 295511 dfly_bench.cc:926] Done queuing 4294967295 requests, which took 30.0s. Waiting for server processing
I20260914 17:40:10.113425 295509 dfly_bench.cc:926] Done queuing 4294967295 requests, which took 30.0s. Waiting for server processing
I20260914 17:40:10.113422 295517 dfly_bench.cc:926] Done queuing 4294967295 requests, which took 30.0s. Waiting for server processing
I20260914 17:40:10.113410 295516 dfly_bench.cc:926] Done queuing 4294967295 requests, which took 30.0s. Waiting for server processing
I20260914 17:40:10.113430 295510 dfly_bench.cc:1001] ReceiveFb done
I20260914 17:40:10.113372 295515 dfly_bench.cc:926] Done queuing 4294967295 requests, which took 30.0s. Waiting for server processing
I20260914 17:40:10.113384 295506 dfly_bench.cc:926] Done queuing 4294967295 requests, which took 30.0s. Waiting for server processing
I20260914 17:40:10.113343 295504 dfly_bench.cc:926] Done queuing 4294967295 requests, which took 30.0s. Waiting for server processing
I20260914 17:40:10.113426 295519 dfly_bench.cc:926] Done queuing 4294967295 requests, which took 30.0s. Waiting for server processing
I20260914 17:40:10.113487 295506 dfly_bench.cc:926] Done queuing 4294967295 requests, which took 30.0s. Waiting for server processing
I20260914 17:40:10.113473 295515 dfly_bench.cc:926] Done queuing 4294967295 requests, which took 30.0s. Waiting for server processing
I20260914 17:40:10.113445 295507 dfly_bench.cc:926] Done queuing 4294967295 requests, which took 30.0s. Waiting for server processing
I20260914 17:40:10.113529 295506 dfly_bench.cc:926] Done queuing 4294967295 requests, which took 30.0s. Waiting for server processing
I20260914 17:40:10.113447 295511 dfly_bench.cc:926] Done queuing 4294967295 requests, which took 30.0s. Waiting for server processing
I20260914 17:40:10.113494 295510 dfly_bench.cc:1001] ReceiveFb done
I20260914 17:40:10.113399 295508 dfly_bench.cc:926] Done queuing 4294967295 requests, which took 30.0s. Waiting for server processing
I20260914 17:40:10.113433 295512 dfly_bench.cc:926] Done queuing 4294967295 requests, which took 30.0s. Waiting for server processing
I20260914 17:40:10.113536 295507 dfly_bench.cc:926] Done queuing 4294967295 requests, which took 30.0s. Waiting for server processing
I20260914 17:40:10.113498 295504 dfly_bench.cc:926] Done queuing 4294967295 requests, which took 30.0s. Waiting for server processing
I20260914 17:40:10.113567 295507 dfly_bench.cc:926] Done queuing 4294967295 requests, which took 30.0s. Waiting for server processing
I20260914 17:40:10.113572 295504 dfly_bench.cc:926] Done queuing 4294967295 requests, which took 30.0s. Waiting for server processing
I20260914 17:40:10.113423 295514 dfly_bench.cc:1001] ReceiveFb done
I20260914 17:40:10.113449 295509 dfly_bench.cc:926] Done queuing 4294967295 requests, which took 30.0s. Waiting for server processing
I20260914 17:40:10.113423 295505 dfly_bench.cc:926] Done queuing 4294967295 requests, which took 30.0s. Waiting for server processing
I20260914 17:40:10.113549 295511 dfly_bench.cc:926] Done queuing 4294967295 requests, which took 30.0s. Waiting for server processing
I20260914 17:40:10.113467 295516 dfly_bench.cc:926] Done queuing 4294967295 requests, which took 30.0s. Waiting for server processing
I20260914 17:40:10.113598 295511 dfly_bench.cc:926] Done queuing 4294967295 requests, which took 30.0s. Waiting for server processing
I20260914 17:40:10.113456 295517 dfly_bench.cc:926] Done queuing 4294967295 requests, which took 30.0s. Waiting for server processing
I20260914 17:40:10.113595 295505 dfly_bench.cc:926] Done queuing 4294967295 requests, which took 30.0s. Waiting for server processing
I20260914 17:40:10.113592 295509 dfly_bench.cc:926] Done queuing 4294967295 requests, which took 30.0s. Waiting for server processing
I20260914 17:40:10.113384 295518 dfly_bench.cc:926] Done queuing 4294967295 requests, which took 30.0s. Waiting for server processing
I20260914 17:40:10.113636 295505 dfly_bench.cc:926] Done queuing 4294967295 requests, which took 30.0s. Waiting for server processing
I20260914 17:40:10.113399 295513 dfly_bench.cc:926] Done queuing 4294967295 requests, which took 30.0s. Waiting for server processing
I20260914 17:40:10.113538 295515 dfly_bench.cc:926] Done queuing 4294967295 requests, which took 30.0s. Waiting for server processing
I20260914 17:40:10.113642 295509 dfly_bench.cc:926] Done queuing 4294967295 requests, which took 30.0s. Waiting for server processing
I20260914 17:40:10.113515 295519 dfly_bench.cc:926] Done queuing 4294967295 requests, which took 30.0s. Waiting for server processing
I20260914 17:40:10.113581 295504 dfly_bench.cc:926] Done queuing 4294967295 requests, which took 30.0s. Waiting for server processing
I20260914 17:40:10.113656 295509 dfly_bench.cc:926] Done queuing 4294967295 requests, which took 30.0s. Waiting for server processing
I20260914 17:40:10.113648 295513 dfly_bench.cc:926] Done queuing 4294967295 requests, which took 30.0s. Waiting for server processing
I20260914 17:40:10.113660 295519 dfly_bench.cc:926] Done queuing 4294967295 requests, which took 30.0s. Waiting for server processing
I20260914 17:40:10.113641 295518 dfly_bench.cc:926] Done queuing 4294967295 requests, which took 30.0s. Waiting for server processing
I20260914 17:40:10.113663 295504 dfly_bench.cc:926] Done queuing 4294967295 requests, which took 30.0s. Waiting for server processing
I20260914 17:40:10.113564 295508 dfly_bench.cc:926] Done queuing 4294967295 requests, which took 30.0s. Waiting for server processing
I20260914 17:40:10.113674 295508 dfly_bench.cc:926] Done queuing 4294967295 requests, which took 30.0s. Waiting for server processing
I20260914 17:40:10.113605 295516 dfly_bench.cc:926] Done queuing 4294967295 requests, which took 30.0s. Waiting for server processing
I20260914 17:40:10.113664 295509 dfly_bench.cc:926] Done queuing 4294967295 requests, which took 30.0s. Waiting for server processing
I20260914 17:40:10.113668 295519 dfly_bench.cc:926] Done queuing 4294967295 requests, which took 30.0s. Waiting for server processing
I20260914 17:40:10.113611 295517 dfly_bench.cc:926] Done queuing 4294967295 requests, which took 30.0s. Waiting for server processing
I20260914 17:40:10.113672 295518 dfly_bench.cc:926] Done queuing 4294967295 requests, which took 30.0s. Waiting for server processing
I20260914 17:40:10.113574 295510 dfly_bench.cc:926] Done queuing 4294967295 requests, which took 30.0s. Waiting for server processing
I20260914 17:40:10.113667 295513 dfly_bench.cc:926] Done queuing 4294967295 requests, which took 30.0s. Waiting for server processing
I20260914 17:40:10.113725 295510 dfly_bench.cc:926] Done queuing 4294967295 requests, which took 30.0s. Waiting for server processing
I20260914 17:40:10.113610 295511 dfly_bench.cc:926] Done queuing 4294967295 requests, which took 30.0s. Waiting for server processing
I20260914 17:40:10.113597 295514 dfly_bench.cc:1001] ReceiveFb done
I20260914 17:40:10.113582 295507 dfly_bench.cc:926] Done queuing 4294967295 requests, which took 30.0s. Waiting for server processing
I20260914 17:40:10.113758 295511 dfly_bench.cc:926] Done queuing 4294967295 requests, which took 30.0s. Waiting for server processing
I20260914 17:40:10.113708 295509 dfly_bench.cc:926] Done queuing 4294967295 requests, which took 30.0s. Waiting for server processing
I20260914 17:40:10.113673 295504 dfly_bench.cc:926] Done queuing 4294967295 requests, which took 30.0s. Waiting for server processing
I20260914 17:40:10.113776 295514 dfly_bench.cc:1001] ReceiveFb done
I20260914 17:40:10.113770 295511 dfly_bench.cc:926] Done queuing 4294967295 requests, which took 30.0s. Waiting for server processing
I20260914 17:40:10.113755 295510 dfly_bench.cc:926] Done queuing 4294967295 requests, which took 30.0s. Waiting for server processing
I20260914 17:40:10.113569 295512 dfly_bench.cc:926] Done queuing 4294967295 requests, which took 30.0s. Waiting for server processing
I20260914 17:40:10.113720 295518 dfly_bench.cc:926] Done queuing 4294967295 requests, which took 30.0s. Waiting for server processing
I20260914 17:40:10.113797 295514 dfly_bench.cc:1001] ReceiveFb done
I20260914 17:40:10.113801 295518 dfly_bench.cc:926] Done queuing 4294967295 requests, which took 30.0s. Waiting for server processing
I20260914 17:40:10.113765 295507 dfly_bench.cc:926] Done queuing 4294967295 requests, which took 30.0s. Waiting for server processing
I20260914 17:40:10.113819 295514 dfly_bench.cc:1001] ReceiveFb done
I20260914 17:40:10.113786 295511 dfly_bench.cc:926] Done queuing 4294967295 requests, which took 30.0s. Waiting for server processing
I20260914 17:40:10.113696 295516 dfly_bench.cc:926] Done queuing 4294967295 requests, which took 30.0s. Waiting for server processing
I20260914 17:40:10.113844 295511 dfly_bench.cc:926] Done queuing 4294967295 requests, which took 30.0s. Waiting for server processing
I20260914 17:40:10.113852 295511 dfly_bench.cc:926] Done queuing 4294967295 requests, which took 30.0s. Waiting for server processing
I20260914 17:40:10.113847 295516 dfly_bench.cc:926] Done queuing 4294967295 requests, which took 30.0s. Waiting for server processing
I20260914 17:40:10.113718 295517 dfly_bench.cc:926] Done queuing 4294967295 requests, which took 30.0s. Waiting for server processing
I20260914 17:40:10.113723 295515 dfly_bench.cc:1001] ReceiveFb done
I20260914 17:40:10.113536 295506 dfly_bench.cc:926] Done queuing 4294967295 requests, which took 30.0s. Waiting for server processing
I20260914 17:40:10.113802 295510 dfly_bench.cc:926] Done queuing 4294967295 requests, which took 30.0s. Waiting for server processing
I20260914 17:40:10.113754 295508 dfly_bench.cc:1001] ReceiveFb done
I20260914 17:40:10.113874 295517 dfly_bench.cc:926] Done queuing 4294967295 requests, which took 30.0s. Waiting for server processing
I20260914 17:40:10.113848 295514 dfly_bench.cc:1001] ReceiveFb done
I20260914 17:40:10.113862 295511 dfly_bench.cc:926] Done queuing 4294967295 requests, which took 30.0s. Waiting for server processing
I20260914 17:40:10.113899 295510 dfly_bench.cc:926] Done queuing 4294967295 requests, which took 30.0s. Waiting for server processing
I20260914 17:40:10.113690 295505 dfly_bench.cc:1001] ReceiveFb done
I20260914 17:40:10.113906 295511 dfly_bench.cc:926] Done queuing 4294967295 requests, which took 30.0s. Waiting for server processing
I20260914 17:40:10.113903 295508 dfly_bench.cc:1001] ReceiveFb done
I20260914 17:40:10.113813 295518 dfly_bench.cc:926] Done queuing 4294967295 requests, which took 30.0s. Waiting for server processing
I20260914 17:40:10.113862 295516 dfly_bench.cc:926] Done queuing 4294967295 requests, which took 30.0s. Waiting for server processing
I20260914 17:40:10.113798 295512 dfly_bench.cc:926] Done queuing 4294967295 requests, which took 30.0s. Waiting for server processing
I20260914 17:40:10.113823 295507 dfly_bench.cc:926] Done queuing 4294967295 requests, which took 30.0s. Waiting for server processing
I20260914 17:40:10.113730 295513 dfly_bench.cc:926] Done queuing 4294967295 requests, which took 30.0s. Waiting for server processing
I20260914 17:40:10.113933 295508 dfly_bench.cc:1001] ReceiveFb done
I20260914 17:40:10.113938 295512 dfly_bench.cc:926] Done queuing 4294967295 requests, which took 30.0s. Waiting for server processing
I20260914 17:40:10.113935 295510 dfly_bench.cc:926] Done queuing 4294967295 requests, which took 30.0s. Waiting for server processing
I20260914 17:40:10.113946 295512 dfly_bench.cc:926] Done queuing 4294967295 requests, which took 30.0s. Waiting for server processing
I20260914 17:40:10.113775 295509 dfly_bench.cc:926] Done queuing 4294967295 requests, which took 30.0s. Waiting for server processing
I20260914 17:40:10.113914 295514 dfly_bench.cc:1001] ReceiveFb done
I20260914 17:40:10.113955 295508 dfly_bench.cc:1001] ReceiveFb done
I20260914 17:40:10.113919 295511 dfly_bench.cc:926] Done queuing 4294967295 requests, which took 30.0s. Waiting for server processing
I20260914 17:40:10.113935 295505 dfly_bench.cc:1001] ReceiveFb done
I20260914 17:40:10.113888 295506 dfly_bench.cc:926] Done queuing 4294967295 requests, which took 30.0s. Waiting for server processing
I20260914 17:40:10.113896 295517 dfly_bench.cc:926] Done queuing 4294967295 requests, which took 30.0s. Waiting for server processing
I20260914 17:40:10.113942 295513 dfly_bench.cc:926] Done queuing 4294967295 requests, which took 30.0s. Waiting for server processing
I20260914 17:40:10.113996 295506 dfly_bench.cc:926] Done queuing 4294967295 requests, which took 30.0s. Waiting for server processing
I20260914 17:40:10.113930 295516 dfly_bench.cc:926] Done queuing 4294967295 requests, which took 30.0s. Waiting for server processing
I20260914 17:40:10.113998 295517 dfly_bench.cc:926] Done queuing 4294967295 requests, which took 30.0s. Waiting for server processing
I20260914 17:40:10.113896 295515 dfly_bench.cc:1001] ReceiveFb done
I20260914 17:40:10.114017 295517 dfly_bench.cc:926] Done queuing 4294967295 requests, which took 30.0s. Waiting for server processing
I20260914 17:40:10.113961 295510 dfly_bench.cc:926] Done queuing 4294967295 requests, which took 30.0s. Waiting for server processing
I20260914 17:40:10.113783 295504 dfly_bench.cc:926] Done queuing 4294967295 requests, which took 30.0s. Waiting for server processing
I20260914 17:40:10.114015 295505 dfly_bench.cc:1001] ReceiveFb done
I20260914 17:40:10.113765 295519 dfly_bench.cc:1001] ReceiveFb done
I20260914 17:40:10.113986 295514 dfly_bench.cc:1001] ReceiveFb done
I20260914 17:40:10.113929 295518 dfly_bench.cc:926] Done queuing 4294967295 requests, which took 30.0s. Waiting for server processing
I20260914 17:40:10.114009 295516 dfly_bench.cc:926] Done queuing 4294967295 requests, which took 30.0s. Waiting for server processing
I20260914 17:40:10.114069 295518 dfly_bench.cc:926] Done queuing 4294967295 requests, which took 30.0s. Waiting for server processing
I20260914 17:40:10.114079 295519 dfly_bench.cc:1001] ReceiveFb done
I20260914 17:40:10.113986 295511 dfly_bench.cc:926] Done queuing 4294967295 requests, which took 30.0s. Waiting for server processing
I20260914 17:40:10.114006 295506 dfly_bench.cc:926] Done queuing 4294967295 requests, which took 30.0s. Waiting for server processing
I20260914 17:40:10.114035 295504 dfly_bench.cc:926] Done queuing 4294967295 requests, which took 30.0s. Waiting for server processing
I20260914 17:40:10.114091 295514 dfly_bench.cc:926] Done queuing 4294967295 requests, which took 30.0s. Waiting for server processing
I20260914 17:40:10.114038 295510 dfly_bench.cc:926] Done queuing 4294967295 requests, which took 30.0s. Waiting for server processing
I20260914 17:40:10.114035 295515 dfly_bench.cc:1001] ReceiveFb done
I20260914 17:40:10.114104 295510 dfly_bench.cc:926] Done queuing 4294967295 requests, which took 30.0s. Waiting for server processing
I20260914 17:40:10.113986 295508 dfly_bench.cc:1001] ReceiveFb done
I20260914 17:40:10.114024 295517 dfly_bench.cc:926] Done queuing 4294967295 requests, which took 30.0s. Waiting for server processing
I20260914 17:40:10.114125 295515 dfly_bench.cc:1001] ReceiveFb done
I20260914 17:40:10.114101 295519 dfly_bench.cc:1001] ReceiveFb done
I20260914 17:40:10.114080 295518 dfly_bench.cc:926] Done queuing 4294967295 requests, which took 30.0s. Waiting for server processing
I20260914 17:40:10.114073 295516 dfly_bench.cc:926] Done queuing 4294967295 requests, which took 30.0s. Waiting for server processing
I20260914 17:40:10.114152 295519 dfly_bench.cc:1001] ReceiveFb done
I20260914 17:40:10.114092 295511 dfly_bench.cc:926] Done queuing 4294967295 requests, which took 30.0s. Waiting for server processing
I20260914 17:40:10.113963 295509 dfly_bench.cc:926] Done queuing 4294967295 requests, which took 30.0s. Waiting for server processing
I20260914 17:40:10.114176 295519 dfly_bench.cc:1001] ReceiveFb done
I20260914 17:40:10.114138 295508 dfly_bench.cc:1001] ReceiveFb done
I20260914 17:40:10.114198 295519 dfly_bench.cc:1001] ReceiveFb done
I20260914 17:40:10.114144 295516 dfly_bench.cc:926] Done queuing 4294967295 requests, which took 30.0s. Waiting for server processing
I20260914 17:40:10.114207 295508 dfly_bench.cc:1001] ReceiveFb done
I20260914 17:40:10.114152 295515 dfly_bench.cc:1001] ReceiveFb done
I20260914 17:40:10.114219 295519 dfly_bench.cc:1001] ReceiveFb done
I20260914 17:40:10.114228 295508 dfly_bench.cc:1001] ReceiveFb done
I20260914 17:40:10.114121 295510 dfly_bench.cc:926] Done queuing 4294967295 requests, which took 30.0s. Waiting for server processing
I20260914 17:40:10.113935 295507 dfly_bench.cc:926] Done queuing 4294967295 requests, which took 30.0s. Waiting for server processing
I20260914 17:40:10.114128 295517 dfly_bench.cc:926] Done queuing 4294967295 requests, which took 30.0s. Waiting for server processing
I20260914 17:40:10.114070 295505 dfly_bench.cc:1001] ReceiveFb done
I20260914 17:40:10.114215 295516 dfly_bench.cc:926] Done queuing 4294967295 requests, which took 30.0s. Waiting for server processing
I20260914 17:40:10.114240 295515 dfly_bench.cc:1001] ReceiveFb done
I20260914 17:40:10.114104 295514 dfly_bench.cc:926] Done queuing 4294967295 requests, which took 30.0s. Waiting for server processing
I20260914 17:40:10.114117 295504 dfly_bench.cc:926] Done queuing 4294967295 requests, which took 30.0s. Waiting for server processing
I20260914 17:40:10.114248 295508 dfly_bench.cc:1001] ReceiveFb done
I20260914 17:40:10.114177 295509 dfly_bench.cc:926] Done queuing 4294967295 requests, which took 30.0s. Waiting for server processing
I20260914 17:40:10.114214 295511 dfly_bench.cc:1001] ReceiveFb done
I20260914 17:40:10.114269 295517 dfly_bench.cc:926] Done queuing 4294967295 requests, which took 30.0s. Waiting for server processing
I20260914 17:40:10.114310 295509 dfly_bench.cc:926] Done queuing 4294967295 requests, which took 30.0s. Waiting for server processing
I20260914 17:40:10.114010 295513 dfly_bench.cc:926] Done queuing 4294967295 requests, which took 30.0s. Waiting for server processing
I20260914 17:40:10.114323 295511 dfly_bench.cc:1001] ReceiveFb done
I20260914 17:40:10.114101 295506 dfly_bench.cc:926] Done queuing 4294967295 requests, which took 30.0s. Waiting for server processing
I20260914 17:40:10.114267 295507 dfly_bench.cc:926] Done queuing 4294967295 requests, which took 30.0s. Waiting for server processing
I20260914 17:40:10.114296 295505 dfly_bench.cc:1001] ReceiveFb done
I20260914 17:40:10.114300 295515 dfly_bench.cc:1001] ReceiveFb done
I20260914 17:40:10.114243 295519 dfly_bench.cc:1001] ReceiveFb done
I20260914 17:40:10.114320 295508 dfly_bench.cc:1001] ReceiveFb done
I20260914 17:40:10.114317 295517 dfly_bench.cc:926] Done queuing 4294967295 requests, which took 30.0s. Waiting for server processing
I20260914 17:40:10.114286 295516 dfly_bench.cc:926] Done queuing 4294967295 requests, which took 30.0s. Waiting for server processing
I20260914 17:40:10.114141 295518 dfly_bench.cc:926] Done queuing 4294967295 requests, which took 30.0s. Waiting for server processing
I20260914 17:40:10.114364 295505 dfly_bench.cc:1001] ReceiveFb done
I20260914 17:40:10.114324 295513 dfly_bench.cc:926] Done queuing 4294967295 requests, which took 30.0s. Waiting for server processing
I20260914 17:40:10.114267 295510 dfly_bench.cc:926] Done queuing 4294967295 requests, which took 30.0s. Waiting for server processing
I20260914 17:40:10.114398 295510 dfly_bench.cc:926] Done queuing 4294967295 requests, which took 30.0s. Waiting for server processing
I20260914 17:40:10.114364 295517 dfly_bench.cc:926] Done queuing 4294967295 requests, which took 30.0s. Waiting for server processing
I20260914 17:40:10.113957 295512 dfly_bench.cc:926] Done queuing 4294967295 requests, which took 30.0s. Waiting for server processing
I20260914 17:40:10.114413 295510 dfly_bench.cc:926] Done queuing 4294967295 requests, which took 30.0s. Waiting for server processing
I20260914 17:40:10.114418 295517 dfly_bench.cc:926] Done queuing 4294967295 requests, which took 30.0s. Waiting for server processing
I20260914 17:40:10.114338 295506 dfly_bench.cc:926] Done queuing 4294967295 requests, which took 30.0s. Waiting for server processing
I20260914 17:40:10.114393 295505 dfly_bench.cc:1001] ReceiveFb done
I20260914 17:40:10.114436 295517 dfly_bench.cc:926] Done queuing 4294967295 requests, which took 30.0s. Waiting for server processing
I20260914 17:40:10.114375 295518 dfly_bench.cc:926] Done queuing 4294967295 requests, which took 30.0s. Waiting for server processing
I20260914 17:40:10.114446 295517 dfly_bench.cc:926] Done queuing 4294967295 requests, which took 30.0s. Waiting for server processing
I20260914 17:40:10.114454 295518 dfly_bench.cc:926] Done queuing 4294967295 requests, which took 30.0s. Waiting for server processing
I20260914 17:40:10.114297 295514 dfly_bench.cc:926] Done queuing 4294967295 requests, which took 30.0s. Waiting for server processing
I20260914 17:40:10.114459 295505 dfly_bench.cc:1001] ReceiveFb done
I20260914 17:40:10.114470 295518 dfly_bench.cc:926] Done queuing 4294967295 requests, which took 30.0s. Waiting for server processing
I20260914 17:40:10.114300 295504 dfly_bench.cc:926] Done queuing 4294967295 requests, which took 30.0s. Waiting for server processing
I20260914 17:40:10.114387 295513 dfly_bench.cc:926] Done queuing 4294967295 requests, which took 30.0s. Waiting for server processing
I20260914 17:40:10.114432 295510 dfly_bench.cc:926] Done queuing 4294967295 requests, which took 30.0s. Waiting for server processing
I20260914 17:40:10.114482 295518 dfly_bench.cc:926] Done queuing 4294967295 requests, which took 30.0s. Waiting for server processing
I20260914 17:40:10.114352 295507 dfly_bench.cc:926] Done queuing 4294967295 requests, which took 30.0s. Waiting for server processing
I20260914 17:40:10.114367 295516 dfly_bench.cc:926] Done queuing 4294967295 requests, which took 30.0s. Waiting for server processing
I20260914 17:40:10.114346 295511 dfly_bench.cc:1001] ReceiveFb done
I20260914 17:40:10.114493 295510 dfly_bench.cc:926] Done queuing 4294967295 requests, which took 30.0s. Waiting for server processing
I20260914 17:40:10.114320 295509 dfly_bench.cc:926] Done queuing 4294967295 requests, which took 30.0s. Waiting for server processing
I20260914 17:40:10.114370 295515 dfly_bench.cc:1001] ReceiveFb done
I20260914 17:40:10.114421 295512 dfly_bench.cc:926] Done queuing 4294967295 requests, which took 30.0s. Waiting for server processing
I20260914 17:40:10.114528 295510 dfly_bench.cc:926] Done queuing 4294967295 requests, which took 30.0s. Waiting for server processing
I20260914 17:40:10.114457 295517 dfly_bench.cc:926] Done queuing 4294967295 requests, which took 30.0s. Waiting for server processing
I20260914 17:40:10.114490 295513 dfly_bench.cc:926] Done queuing 4294967295 requests, which took 30.0s. Waiting for server processing
I20260914 17:40:10.114490 295505 dfly_bench.cc:1001] ReceiveFb done
I20260914 17:40:10.114372 295508 dfly_bench.cc:1001] ReceiveFb done
I20260914 17:40:10.114379 295519 dfly_bench.cc:1001] ReceiveFb done
I20260914 17:40:10.114545 295515 dfly_bench.cc:1001] ReceiveFb done
I20260914 17:40:10.114538 295512 dfly_bench.cc:926] Done queuing 4294967295 requests, which took 30.0s. Waiting for server processing
I20260914 17:40:10.114563 295505 dfly_bench.cc:1001] ReceiveFb done
I20260914 17:40:10.114439 295506 dfly_bench.cc:926] Done queuing 4294967295 requests, which took 30.0s. Waiting for server processing
I20260914 17:40:10.114494 295518 dfly_bench.cc:926] Done queuing 4294967295 requests, which took 30.0s. Waiting for server processing
I20260914 17:40:10.114539 295511 dfly_bench.cc:1001] ReceiveFb done
I20260914 17:40:10.114585 295506 dfly_bench.cc:926] Done queuing 4294967295 requests, which took 30.0s. Waiting for server processing
I20260914 17:40:10.114526 295516 dfly_bench.cc:926] Done queuing 4294967295 requests, which took 30.0s. Waiting for server processing
I20260914 17:40:10.114576 295508 dfly_bench.cc:1001] ReceiveFb done
I20260914 17:40:10.114609 295511 dfly_bench.cc:1001] ReceiveFb done
I20260914 17:40:10.114573 295512 dfly_bench.cc:926] Done queuing 4294967295 requests, which took 30.0s. Waiting for server processing
I20260914 17:40:10.114575 295519 dfly_bench.cc:1001] ReceiveFb done
I20260914 17:40:10.114596 295506 dfly_bench.cc:926] Done queuing 4294967295 requests, which took 30.0s. Waiting for server processing
I20260914 17:40:10.114624 295512 dfly_bench.cc:926] Done queuing 4294967295 requests, which took 30.0s. Waiting for server processing
I20260914 17:40:10.114599 295505 dfly_bench.cc:1001] ReceiveFb done
I20260914 17:40:10.114471 295514 dfly_bench.cc:926] Done queuing 4294967295 requests, which took 30.0s. Waiting for server processing
I20260914 17:40:10.114578 295515 dfly_bench.cc:1001] ReceiveFb done
I20260914 17:40:10.114634 295512 dfly_bench.cc:926] Done queuing 4294967295 requests, which took 30.0s. Waiting for server processing
I20260914 17:40:10.114630 295511 dfly_bench.cc:1001] ReceiveFb done
I20260914 17:40:10.114539 295510 dfly_bench.cc:926] Done queuing 4294967295 requests, which took 30.0s. Waiting for server processing
I20260914 17:40:10.114519 295507 dfly_bench.cc:926] Done queuing 4294967295 requests, which took 30.0s. Waiting for server processing
I20260914 17:40:10.114526 295509 dfly_bench.cc:926] Done queuing 4294967295 requests, which took 30.0s. Waiting for server processing
I20260914 17:40:10.114676 295507 dfly_bench.cc:926] Done queuing 4294967295 requests, which took 30.0s. Waiting for server processing
I20260914 17:40:10.114630 295506 dfly_bench.cc:926] Done queuing 4294967295 requests, which took 30.0s. Waiting for server processing
I20260914 17:40:10.114594 295517 dfly_bench.cc:1001] ReceiveFb done
I20260914 17:40:10.114689 295506 dfly_bench.cc:926] Done queuing 4294967295 requests, which took 30.0s. Waiting for server processing
I20260914 17:40:10.114650 295508 dfly_bench.cc:926] Done queuing 4294967295 requests, which took 30.0s. Waiting for server processing
I20260914 17:40:10.114642 295514 dfly_bench.cc:926] Done queuing 4294967295 requests, which took 30.0s. Waiting for server processing
I20260914 17:40:10.114549 295513 dfly_bench.cc:926] Done queuing 4294967295 requests, which took 30.0s. Waiting for server processing
I20260914 17:40:10.114661 295515 dfly_bench.cc:1001] ReceiveFb done
I20260914 17:40:10.114727 295513 dfly_bench.cc:926] Done queuing 4294967295 requests, which took 30.0s. Waiting for server processing
I20260914 17:40:10.114589 295518 dfly_bench.cc:926] Done queuing 4294967295 requests, which took 30.0s. Waiting for server processing
I20260914 17:40:10.114526 295504 dfly_bench.cc:1001] ReceiveFb done
I20260914 17:40:10.114645 295519 dfly_bench.cc:1001] ReceiveFb done
I20260914 17:40:10.114696 295511 dfly_bench.cc:1001] ReceiveFb done
I20260914 17:40:10.114678 295510 dfly_bench.cc:926] Done queuing 4294967295 requests, which took 30.0s. Waiting for server processing
I20260914 17:40:10.114688 295507 dfly_bench.cc:926] Done queuing 4294967295 requests, which took 30.0s. Waiting for server processing
I20260914 17:40:10.114651 295512 dfly_bench.cc:926] Done queuing 4294967295 requests, which took 30.0s. Waiting for server processing
I20260914 17:40:10.114739 295518 dfly_bench.cc:926] Done queuing 4294967295 requests, which took 30.0s. Waiting for server processing
I20260914 17:40:10.114599 295516 dfly_bench.cc:926] Done queuing 4294967295 requests, which took 30.0s. Waiting for server processing
I20260914 17:40:10.114701 295506 dfly_bench.cc:926] Done queuing 4294967295 requests, which took 30.0s. Waiting for server processing
I20260914 17:40:10.114688 295509 dfly_bench.cc:926] Done queuing 4294967295 requests, which took 30.0s. Waiting for server processing
I20260914 17:40:10.114771 295516 dfly_bench.cc:926] Done queuing 4294967295 requests, which took 30.0s. Waiting for server processing
I20260914 17:40:10.114758 295510 dfly_bench.cc:926] Done queuing 4294967295 requests, which took 30.0s. Waiting for server processing
I20260914 17:40:10.114710 295508 dfly_bench.cc:926] Done queuing 4294967295 requests, which took 30.0s. Waiting for server processing
I20260914 17:40:10.114784 295509 dfly_bench.cc:926] Done queuing 4294967295 requests, which took 30.0s. Waiting for server processing
I20260914 17:40:10.114650 295505 dfly_bench.cc:1001] ReceiveFb done
I20260914 17:40:10.114709 295517 dfly_bench.cc:1001] ReceiveFb done
I20260914 17:40:10.114768 295512 dfly_bench.cc:926] Done queuing 4294967295 requests, which took 30.0s. Waiting for server processing
I20260914 17:40:10.114800 295508 dfly_bench.cc:926] Done queuing 4294967295 requests, which took 30.0s. Waiting for server processing
I20260914 17:40:10.114737 295513 dfly_bench.cc:926] Done queuing 4294967295 requests, which took 30.0s. Waiting for server processing
I20260914 17:40:10.114759 295507 dfly_bench.cc:926] Done queuing 4294967295 requests, which took 30.0s. Waiting for server processing
I20260914 17:40:10.114773 295518 dfly_bench.cc:926] Done queuing 4294967295 requests, which took 30.0s. Waiting for server processing
I20260914 17:40:10.114826 295513 dfly_bench.cc:926] Done queuing 4294967295 requests, which took 30.0s. Waiting for server processing
I20260914 17:40:10.114837 295513 dfly_bench.cc:926] Done queuing 4294967295 requests, which took 30.0s. Waiting for server processing
I20260914 17:40:10.114792 295510 dfly_bench.cc:926] Done queuing 4294967295 requests, which took 30.0s. Waiting for server processing
I20260914 17:40:10.114756 295504 dfly_bench.cc:1001] ReceiveFb done
I20260914 17:40:10.114768 295519 dfly_bench.cc:926] Done queuing 4294967295 requests, which took 30.0s. Waiting for server processing
I20260914 17:40:10.114884 295510 dfly_bench.cc:926] Done queuing 4294967295 requests, which took 30.0s. Waiting for server processing
I20260914 17:40:10.114816 295512 dfly_bench.cc:926] Done queuing 4294967295 requests, which took 30.0s. Waiting for server processing
I20260914 17:40:10.114743 295515 dfly_bench.cc:1001] ReceiveFb done
I20260914 17:40:10.114816 295505 dfly_bench.cc:1001] ReceiveFb done
I20260914 17:40:10.114827 295518 dfly_bench.cc:926] Done queuing 4294967295 requests, which took 30.0s. Waiting for server processing
I20260914 17:40:10.114777 295506 dfly_bench.cc:926] Done queuing 4294967295 requests, which took 30.0s. Waiting for server processing
I20260914 17:40:10.114895 295519 dfly_bench.cc:926] Done queuing 4294967295 requests, which took 30.0s. Waiting for server processing
I20260914 17:40:10.114715 295514 dfly_bench.cc:926] Done queuing 4294967295 requests, which took 30.0s. Waiting for server processing
I20260914 17:40:10.114882 295513 dfly_bench.cc:926] Done queuing 4294967295 requests, which took 30.0s. Waiting for server processing
I20260914 17:40:10.114909 295518 dfly_bench.cc:926] Done queuing 4294967295 requests, which took 30.0s. Waiting for server processing
I20260914 17:40:10.114825 295517 dfly_bench.cc:1001] ReceiveFb done
I20260914 17:40:10.114912 295519 dfly_bench.cc:926] Done queuing 4294967295 requests, which took 30.0s. Waiting for server processing
I20260914 17:40:10.114773 295511 dfly_bench.cc:1001] ReceiveFb done
I20260914 17:40:10.114786 295516 dfly_bench.cc:926] Done queuing 4294967295 requests, which took 30.0s. Waiting for server processing
I20260914 17:40:10.114816 295508 dfly_bench.cc:926] Done queuing 4294967295 requests, which took 30.0s. Waiting for server processing
I20260914 17:40:10.114895 295512 dfly_bench.cc:926] Done queuing 4294967295 requests, which took 30.0s. Waiting for server processing
I20260914 17:40:10.114941 295508 dfly_bench.cc:926] Done queuing 4294967295 requests, which took 30.0s. Waiting for server processing
I20260914 17:40:10.114925 295515 dfly_bench.cc:1001] ReceiveFb done
I20260914 17:40:10.114949 295508 dfly_bench.cc:926] Done queuing 4294967295 requests, which took 30.0s. Waiting for server processing
I20260914 17:40:10.114902 295504 dfly_bench.cc:1001] ReceiveFb done
I20260914 17:40:10.114953 295511 dfly_bench.cc:1001] ReceiveFb done
I20260914 17:40:10.114925 295505 dfly_bench.cc:1001] ReceiveFb done
I20260914 17:40:10.114945 295509 dfly_bench.cc:1001] ReceiveFb done
I20260914 17:40:10.114920 295514 dfly_bench.cc:926] Done queuing 4294967295 requests, which took 30.0s. Waiting for server processing
I20260914 17:40:10.114897 295510 dfly_bench.cc:926] Done queuing 4294967295 requests, which took 30.0s. Waiting for server processing
I20260914 17:40:10.114934 295517 dfly_bench.cc:1001] ReceiveFb done
I20260914 17:40:10.114918 295513 dfly_bench.cc:926] Done queuing 4294967295 requests, which took 30.0s. Waiting for server processing
I20260914 17:40:10.114996 295514 dfly_bench.cc:926] Done queuing 4294967295 requests, which took 30.0s. Waiting for server processing
I20260914 17:40:10.114919 295518 dfly_bench.cc:926] Done queuing 4294967295 requests, which took 30.0s. Waiting for server processing
I20260914 17:40:10.115006 295514 dfly_bench.cc:926] Done queuing 4294967295 requests, which took 30.0s. Waiting for server processing
I20260914 17:40:10.114923 295519 dfly_bench.cc:926] Done queuing 4294967295 requests, which took 30.0s. Waiting for server processing
I20260914 17:40:10.115010 295517 dfly_bench.cc:1001] ReceiveFb done
I20260914 17:40:10.114924 295507 dfly_bench.cc:1001] ReceiveFb done
I20260914 17:40:10.114982 295504 dfly_bench.cc:1001] ReceiveFb done
I20260914 17:40:10.115027 295505 dfly_bench.cc:926] Done queuing 4294967295 requests, which took 30.0s. Waiting for server processing
I20260914 17:40:10.115041 295505 dfly_bench.cc:926] Done queuing 4294967295 requests, which took 30.0s. Waiting for server processing
I20260914 17:40:10.115032 295517 dfly_bench.cc:1001] ReceiveFb done
I20260914 17:40:10.115000 295509 dfly_bench.cc:1001] ReceiveFb done
I20260914 17:40:10.115010 295518 dfly_bench.cc:926] Done queuing 4294967295 requests, which took 30.0s. Waiting for server processing
I20260914 17:40:10.114964 295508 dfly_bench.cc:926] Done queuing 4294967295 requests, which took 30.0s. Waiting for server processing
I20260914 17:40:10.115046 295504 dfly_bench.cc:1001] ReceiveFb done
I20260914 17:40:10.115016 295514 dfly_bench.cc:926] Done queuing 4294967295 requests, which took 30.0s. Waiting for server processing
I20260914 17:40:10.115070 295508 dfly_bench.cc:926] Done queuing 4294967295 requests, which took 30.0s. Waiting for server processing
I20260914 17:40:10.115070 295516 dfly_bench.cc:1001] ReceiveFb done
I20260914 17:40:10.114913 295506 dfly_bench.cc:926] Done queuing 4294967295 requests, which took 30.0s. Waiting for server processing
I20260914 17:40:10.115108 295508 dfly_bench.cc:926] Done queuing 4294967295 requests, which took 30.0s. Waiting for server processing
I20260914 17:40:10.114979 295511 dfly_bench.cc:1001] ReceiveFb done
I20260914 17:40:10.115118 295508 dfly_bench.cc:926] Done queuing 4294967295 requests, which took 30.0s. Waiting for server processing
I20260914 17:40:10.115114 295506 dfly_bench.cc:926] Done queuing 4294967295 requests, which took 30.0s. Waiting for server processing
I20260914 17:40:10.115000 295513 dfly_bench.cc:926] Done queuing 4294967295 requests, which took 30.0s. Waiting for server processing
I20260914 17:40:10.115054 295505 dfly_bench.cc:926] Done queuing 4294967295 requests, which took 30.0s. Waiting for server processing
I20260914 17:40:10.115159 295513 dfly_bench.cc:926] Done queuing 4294967295 requests, which took 30.0s. Waiting for server processing
I20260914 17:40:10.115155 295511 dfly_bench.cc:1001] ReceiveFb done
I20260914 17:40:10.115130 295508 dfly_bench.cc:926] Done queuing 4294967295 requests, which took 30.0s. Waiting for server processing
I20260914 17:40:10.115166 295505 dfly_bench.cc:926] Done queuing 4294967295 requests, which took 30.0s. Waiting for server processing
I20260914 17:40:10.115170 295518 dfly_bench.cc:1001] ReceiveFb done
I20260914 17:40:10.115176 295508 dfly_bench.cc:926] Done queuing 4294967295 requests, which took 30.0s. Waiting for server processing
I20260914 17:40:10.115044 295507 dfly_bench.cc:1001] ReceiveFb done
I20260914 17:40:10.115067 295517 dfly_bench.cc:1001] ReceiveFb done
I20260914 17:40:10.115085 295514 dfly_bench.cc:926] Done queuing 4294967295 requests, which took 30.0s. Waiting for server processing
I20260914 17:40:10.114948 295512 dfly_bench.cc:926] Done queuing 4294967295 requests, which took 30.0s. Waiting for server processing
I20260914 17:40:10.115196 295518 dfly_bench.cc:1001] ReceiveFb done
I20260914 17:40:10.115134 295516 dfly_bench.cc:1001] ReceiveFb done
I20260914 17:40:10.115180 295511 dfly_bench.cc:1001] ReceiveFb done
I20260914 17:40:10.115168 295513 dfly_bench.cc:926] Done queuing 4294967295 requests, which took 30.0s. Waiting for server processing
I20260914 17:40:10.115204 295514 dfly_bench.cc:926] Done queuing 4294967295 requests, which took 30.0s. Waiting for server processing
I20260914 17:40:10.115080 295509 dfly_bench.cc:1001] ReceiveFb done
I20260914 17:40:10.115191 295508 dfly_bench.cc:926] Done queuing 4294967295 requests, which took 30.0s. Waiting for server processing
I20260914 17:40:10.115213 295513 dfly_bench.cc:926] Done queuing 4294967295 requests, which took 30.0s. Waiting for server processing
I20260914 17:40:10.115222 295516 dfly_bench.cc:1001] ReceiveFb done
I20260914 17:40:10.115233 295509 dfly_bench.cc:1001] ReceiveFb done
I20260914 17:40:10.115217 295518 dfly_bench.cc:1001] ReceiveFb done
I20260914 17:40:10.115214 295514 dfly_bench.cc:926] Done queuing 4294967295 requests, which took 30.0s. Waiting for server processing
I20260914 17:40:10.115248 295516 dfly_bench.cc:1001] ReceiveFb done
I20260914 17:40:10.115209 295507 dfly_bench.cc:1001] ReceiveFb done
I20260914 17:40:10.115258 295518 dfly_bench.cc:1001] ReceiveFb done
I20260914 17:40:10.115017 295519 dfly_bench.cc:926] Done queuing 4294967295 requests, which took 30.0s. Waiting for server processing
I20260914 17:40:10.115267 295516 dfly_bench.cc:1001] ReceiveFb done
I20260914 17:40:10.115288 295519 dfly_bench.cc:926] Done queuing 4294967295 requests, which took 30.0s. Waiting for server processing
I20260914 17:40:10.115252 295514 dfly_bench.cc:926] Done queuing 4294967295 requests, which took 30.0s. Waiting for server processing
I20260914 17:40:10.115221 295508 dfly_bench.cc:926] Done queuing 4294967295 requests, which took 30.0s. Waiting for server processing
I20260914 17:40:10.115252 295509 dfly_bench.cc:1001] ReceiveFb done
I20260914 17:40:10.115203 295512 dfly_bench.cc:926] Done queuing 4294967295 requests, which took 30.0s. Waiting for server processing
I20260914 17:40:10.115094 295504 dfly_bench.cc:1001] ReceiveFb done
I20260914 17:40:10.115329 295509 dfly_bench.cc:1001] ReceiveFb done
I20260914 17:40:10.115334 295512 dfly_bench.cc:926] Done queuing 4294967295 requests, which took 30.0s. Waiting for server processing
I20260914 17:40:10.115341 295512 dfly_bench.cc:926] Done queuing 4294967295 requests, which took 30.0s. Waiting for server processing
I20260914 17:40:10.115351 295509 dfly_bench.cc:1001] ReceiveFb done
I20260914 17:40:10.115309 295514 dfly_bench.cc:926] Done queuing 4294967295 requests, which took 30.0s. Waiting for server processing
I20260914 17:40:10.115368 295514 dfly_bench.cc:926] Done queuing 4294967295 requests, which took 30.0s. Waiting for server processing
I20260914 17:40:10.115314 295508 dfly_bench.cc:926] Done queuing 4294967295 requests, which took 30.0s. Waiting for server processing
I20260914 17:40:10.115374 295509 dfly_bench.cc:1001] ReceiveFb done
I20260914 17:40:10.115389 295508 dfly_bench.cc:926] Done queuing 4294967295 requests, which took 30.0s. Waiting for server processing
I20260914 17:40:10.115341 295504 dfly_bench.cc:1001] ReceiveFb done
I20260914 17:40:10.115224 295511 dfly_bench.cc:1001] ReceiveFb done
I20260914 17:40:10.115401 295508 dfly_bench.cc:926] Done queuing 4294967295 requests, which took 30.0s. Waiting for server processing
I20260914 17:40:10.115305 295516 dfly_bench.cc:1001] ReceiveFb done
I20260914 17:40:10.115156 295506 dfly_bench.cc:926] Done queuing 4294967295 requests, which took 30.0s. Waiting for server processing
I20260914 17:40:10.115417 295511 dfly_bench.cc:1001] ReceiveFb done
I20260914 17:40:10.114992 295510 dfly_bench.cc:926] Done queuing 4294967295 requests, which took 30.0s. Waiting for server processing
I20260914 17:40:10.115278 295507 dfly_bench.cc:1001] ReceiveFb done
I20260914 17:40:10.115180 295505 dfly_bench.cc:926] Done queuing 4294967295 requests, which took 30.0s. Waiting for server processing
I20260914 17:40:10.115289 295518 dfly_bench.cc:1001] ReceiveFb done
I20260914 17:40:10.114991 295515 dfly_bench.cc:926] Done queuing 4294967295 requests, which took 30.0s. Waiting for server processing
I20260914 17:40:10.115458 295507 dfly_bench.cc:1001] ReceiveFb done
I20260914 17:40:10.115427 295516 dfly_bench.cc:1001] ReceiveFb done
I20260914 17:40:10.115226 295513 dfly_bench.cc:926] Done queuing 4294967295 requests, which took 30.0s. Waiting for server processing
I20260914 17:40:10.115463 295515 dfly_bench.cc:926] Done queuing 4294967295 requests, which took 30.0s. Waiting for server processing
I20260914 17:40:10.115412 295504 dfly_bench.cc:1001] ReceiveFb done
I20260914 17:40:10.115227 295517 dfly_bench.cc:1001] ReceiveFb done
I20260914 17:40:10.115471 295513 dfly_bench.cc:926] Done queuing 4294967295 requests, which took 30.0s. Waiting for server processing
I20260914 17:40:10.115388 295514 dfly_bench.cc:926] Done queuing 4294967295 requests, which took 30.0s. Waiting for server processing
I20260914 17:40:10.115298 295519 dfly_bench.cc:926] Done queuing 4294967295 requests, which took 30.0s. Waiting for server processing
I20260914 17:40:10.115480 295507 dfly_bench.cc:1001] ReceiveFb done
I20260914 17:40:10.115450 295505 dfly_bench.cc:926] Done queuing 4294967295 requests, which took 30.0s. Waiting for server processing
I20260914 17:40:10.115413 295508 dfly_bench.cc:926] Done queuing 4294967295 requests, which took 30.0s. Waiting for server processing
I20260914 17:40:10.115445 295511 dfly_bench.cc:1001] ReceiveFb done
I20260914 17:40:10.115404 295509 dfly_bench.cc:1001] ReceiveFb done
I20260914 17:40:10.115495 295515 dfly_bench.cc:926] Done queuing 4294967295 requests, which took 30.0s. Waiting for server processing
I20260914 17:40:10.115482 295516 dfly_bench.cc:1001] ReceiveFb done
I20260914 17:40:10.115475 295518 dfly_bench.cc:1001] ReceiveFb done
I20260914 17:40:10.115352 295512 dfly_bench.cc:926] Done queuing 4294967295 requests, which took 30.0s. Waiting for server processing
I20260914 17:40:10.115500 295517 dfly_bench.cc:1001] ReceiveFb done
I20260914 17:40:10.115444 295510 dfly_bench.cc:926] Done queuing 4294967295 requests, which took 30.0s. Waiting for server processing
I20260914 17:40:10.115427 295506 dfly_bench.cc:926] Done queuing 4294967295 requests, which took 30.0s. Waiting for server processing
I20260914 17:40:10.115509 295515 dfly_bench.cc:926] Done queuing 4294967295 requests, which took 30.0s. Waiting for server processing
I20260914 17:40:10.115530 295506 dfly_bench.cc:926] Done queuing 4294967295 requests, which took 30.0s. Waiting for server processing
I20260914 17:40:10.115542 295506 dfly_bench.cc:926] Done queuing 4294967295 requests, which took 30.0s. Waiting for server processing
I20260914 17:40:10.115494 295519 dfly_bench.cc:926] Done queuing 4294967295 requests, which took 30.0s. Waiting for server processing
I20260914 17:40:10.115504 295507 dfly_bench.cc:1001] ReceiveFb done
I20260914 17:40:10.115499 295505 dfly_bench.cc:926] Done queuing 4294967295 requests, which took 30.0s. Waiting for server processing
I20260914 17:40:10.115478 295513 dfly_bench.cc:926] Done queuing 4294967295 requests, which took 30.0s. Waiting for server processing
I20260914 17:40:10.115518 295509 dfly_bench.cc:1001] ReceiveFb done
I20260914 17:40:10.115483 295514 dfly_bench.cc:926] Done queuing 4294967295 requests, which took 30.0s. Waiting for server processing
I20260914 17:40:10.115489 295504 dfly_bench.cc:1001] ReceiveFb done
I20260914 17:40:10.115527 295518 dfly_bench.cc:1001] ReceiveFb done
I20260914 17:40:10.115517 295512 dfly_bench.cc:926] Done queuing 4294967295 requests, which took 30.0s. Waiting for server processing
I20260914 17:40:10.115541 295515 dfly_bench.cc:926] Done queuing 4294967295 requests, which took 30.0s. Waiting for server processing
I20260914 17:40:10.115573 295514 dfly_bench.cc:926] Done queuing 4294967295 requests, which took 30.0s. Waiting for server processing
I20260914 17:40:10.115557 295519 dfly_bench.cc:926] Done queuing 4294967295 requests, which took 30.0s. Waiting for server processing
I20260914 17:40:10.115542 295517 dfly_bench.cc:1001] ReceiveFb done
I20260914 17:40:10.115567 295505 dfly_bench.cc:926] Done queuing 4294967295 requests, which took 30.0s. Waiting for server processing
I20260914 17:40:10.115513 295511 dfly_bench.cc:1001] ReceiveFb done
I20260914 17:40:10.115573 295507 dfly_bench.cc:1001] ReceiveFb done
I20260914 17:40:10.115590 295512 dfly_bench.cc:926] Done queuing 4294967295 requests, which took 30.0s. Waiting for server processing
I20260914 17:40:10.115605 295519 dfly_bench.cc:926] Done queuing 4294967295 requests, which took 30.0s. Waiting for server processing
I20260914 17:40:10.115622 295511 dfly_bench.cc:1001] ReceiveFb done
I20260914 17:40:10.115629 295510 dfly_bench.cc:1001] ReceiveFb done
I20260914 17:40:10.115589 295504 dfly_bench.cc:1001] ReceiveFb done
I20260914 17:40:10.115532 295516 dfly_bench.cc:1001] ReceiveFb done
I20260914 17:40:10.115648 295511 dfly_bench.cc:1001] ReceiveFb done
I20260914 17:40:10.115624 295507 dfly_bench.cc:1001] ReceiveFb done
I20260914 17:40:10.115593 295515 dfly_bench.cc:926] Done queuing 4294967295 requests, which took 30.0s. Waiting for server processing
I20260914 17:40:10.115667 295511 dfly_bench.cc:1001] ReceiveFb done
I20260914 17:40:10.115597 295518 dfly_bench.cc:1001] ReceiveFb done
I20260914 17:40:10.115559 295506 dfly_bench.cc:926] Done queuing 4294967295 requests, which took 30.0s. Waiting for server processing
I20260914 17:40:10.115582 295509 dfly_bench.cc:1001] ReceiveFb done
I20260914 17:40:10.115617 295512 dfly_bench.cc:926] Done queuing 4294967295 requests, which took 30.0s. Waiting for server processing
I20260914 17:40:10.115711 295509 dfly_bench.cc:1001] ReceiveFb done
I20260914 17:40:10.115595 295514 dfly_bench.cc:926] Done queuing 4294967295 requests, which took 30.0s. Waiting for server processing
I20260914 17:40:10.115674 295504 dfly_bench.cc:926] Done queuing 4294967295 requests, which took 30.0s. Waiting for server processing
I20260914 17:40:10.115679 295507 dfly_bench.cc:1001] ReceiveFb done
I20260914 17:40:10.115741 295514 dfly_bench.cc:926] Done queuing 4294967295 requests, which took 30.0s. Waiting for server processing
I20260914 17:40:10.115700 295511 dfly_bench.cc:1001] ReceiveFb done
I20260914 17:40:10.115746 295504 dfly_bench.cc:926] Done queuing 4294967295 requests, which took 30.0s. Waiting for server processing
I20260914 17:40:10.115741 295509 dfly_bench.cc:1001] ReceiveFb done
I20260914 17:40:10.115707 295512 dfly_bench.cc:926] Done queuing 4294967295 requests, which took 30.0s. Waiting for server processing
I20260914 17:40:10.115628 295519 dfly_bench.cc:926] Done queuing 4294967295 requests, which took 30.0s. Waiting for server processing
I20260914 17:40:10.115770 295511 dfly_bench.cc:1001] ReceiveFb done
I20260914 17:40:10.115706 295518 dfly_bench.cc:1001] ReceiveFb done
I20260914 17:40:10.115672 295516 dfly_bench.cc:1001] ReceiveFb done
I20260914 17:40:10.115779 295519 dfly_bench.cc:926] Done queuing 4294967295 requests, which took 30.0s. Waiting for server processing
I20260914 17:40:10.115566 295513 dfly_bench.cc:926] Done queuing 4294967295 requests, which took 30.0s. Waiting for server processing
I20260914 17:40:10.115777 295512 dfly_bench.cc:926] Done queuing 4294967295 requests, which took 30.0s. Waiting for server processing
I20260914 17:40:10.115763 295504 dfly_bench.cc:926] Done queuing 4294967295 requests, which took 30.0s. Waiting for server processing
I20260914 17:40:10.115809 295512 dfly_bench.cc:926] Done queuing 4294967295 requests, which took 30.0s. Waiting for server processing
I20260914 17:40:10.115763 295507 dfly_bench.cc:1001] ReceiveFb done
I20260914 17:40:10.115815 295516 dfly_bench.cc:1001] ReceiveFb done
I20260914 17:40:10.115615 295517 dfly_bench.cc:1001] ReceiveFb done
I20260914 17:40:10.115695 295506 dfly_bench.cc:926] Done queuing 4294967295 requests, which took 30.0s. Waiting for server processing
I20260914 17:40:10.115800 295513 dfly_bench.cc:926] Done queuing 4294967295 requests, which took 30.0s. Waiting for server processing
I20260914 17:40:10.115777 295509 dfly_bench.cc:1001] ReceiveFb done
I20260914 17:40:10.115613 295505 dfly_bench.cc:926] Done queuing 4294967295 requests, which took 30.0s. Waiting for server processing
I20260914 17:40:10.115798 295508 dfly_bench.cc:926] Done queuing 4294967295 requests, which took 30.0s. Waiting for server processing
I20260914 17:40:10.115671 295510 dfly_bench.cc:1001] ReceiveFb done
I20260914 17:40:10.115816 295518 dfly_bench.cc:1001] ReceiveFb done
I20260914 17:40:10.115800 295511 dfly_bench.cc:1001] ReceiveFb done
I20260914 17:40:10.115754 295514 dfly_bench.cc:926] Done queuing 4294967295 requests, which took 30.0s. Waiting for server processing
I20260914 17:40:10.115825 295512 dfly_bench.cc:926] Done queuing 4294967295 requests, which took 30.0s. Waiting for server processing
I20260914 17:40:10.115670 295515 dfly_bench.cc:926] Done queuing 4294967295 requests, which took 30.0s. Waiting for server processing
I20260914 17:40:10.115880 295518 dfly_bench.cc:1001] ReceiveFb done
I20260914 17:40:10.115885 295515 dfly_bench.cc:926] Done queuing 4294967295 requests, which took 30.0s. Waiting for server processing
I20260914 17:40:10.115877 295512 dfly_bench.cc:926] Done queuing 4294967295 requests, which took 30.0s. Waiting for server processing
I20260914 17:40:10.115857 295508 dfly_bench.cc:926] Done queuing 4294967295 requests, which took 30.0s. Waiting for server processing
I20260914 17:40:10.115854 295505 dfly_bench.cc:926] Done queuing 4294967295 requests, which took 30.0s. Waiting for server processing
I20260914 17:40:10.115898 295508 dfly_bench.cc:926] Done queuing 4294967295 requests, which took 30.0s. Waiting for server processing
I20260914 17:40:10.115895 295512 dfly_bench.cc:926] Done queuing 4294967295 requests, which took 30.0s. Waiting for server processing
I20260914 17:40:10.115904 295511 dfly_bench.cc:926] Done queuing 4294967295 requests, which took 30.0s. Waiting for server processing
I20260914 17:40:10.115926 295511 dfly_bench.cc:926] Done queuing 4294967295 requests, which took 30.0s. Waiting for server processing
I20260914 17:40:10.115871 295514 dfly_bench.cc:926] Done queuing 4294967295 requests, which took 30.0s. Waiting for server processing
I20260914 17:40:10.115937 295514 dfly_bench.cc:926] Done queuing 4294967295 requests, which took 30.0s. Waiting for server processing
I20260914 17:40:10.115869 295510 dfly_bench.cc:1001] ReceiveFb done
I20260914 17:40:10.115849 295516 dfly_bench.cc:1001] ReceiveFb done
I20260914 17:40:10.115948 295514 dfly_bench.cc:926] Done queuing 4294967295 requests, which took 30.0s. Waiting for server processing
I20260914 17:40:10.115895 295515 dfly_bench.cc:926] Done queuing 4294967295 requests, which took 30.0s. Waiting for server processing
I20260914 17:40:10.115970 295516 dfly_bench.cc:1001] ReceiveFb done
I20260914 17:40:10.115913 295518 dfly_bench.cc:1001] ReceiveFb done
I20260914 17:40:10.115933 295511 dfly_bench.cc:926] Done queuing 4294967295 requests, which took 30.0s. Waiting for server processing
I20260914 17:40:10.115797 295519 dfly_bench.cc:926] Done queuing 4294967295 requests, which took 30.0s. Waiting for server processing
I20260914 17:40:10.115850 295513 dfly_bench.cc:926] Done queuing 4294967295 requests, which took 30.0s. Waiting for server processing
I20260914 17:40:10.115841 295507 dfly_bench.cc:1001] ReceiveFb done
I20260914 17:40:10.115991 295511 dfly_bench.cc:926] Done queuing 4294967295 requests, which took 30.0s. Waiting for server processing
I20260914 17:40:10.115906 295505 dfly_bench.cc:926] Done queuing 4294967295 requests, which took 30.0s. Waiting for server processing
I20260914 17:40:10.115864 295509 dfly_bench.cc:1001] ReceiveFb done
I20260914 17:40:10.116010 295518 dfly_bench.cc:1001] ReceiveFb done
I20260914 17:40:10.116006 295511 dfly_bench.cc:926] Done queuing 4294967295 requests, which took 30.0s. Waiting for server processing
I20260914 17:40:10.115824 295504 dfly_bench.cc:926] Done queuing 4294967295 requests, which took 30.0s. Waiting for server processing
I20260914 17:40:10.115993 295519 dfly_bench.cc:926] Done queuing 4294967295 requests, which took 30.0s. Waiting for server processing
I20260914 17:40:10.115856 295517 dfly_bench.cc:1001] ReceiveFb done
I20260914 17:40:10.115999 295512 dfly_bench.cc:1001] ReceiveFb done
I20260914 17:40:10.116030 295518 dfly_bench.cc:1001] ReceiveFb done
I20260914 17:40:10.116008 295507 dfly_bench.cc:1001] ReceiveFb done
I20260914 17:40:10.116031 295511 dfly_bench.cc:926] Done queuing 4294967295 requests, which took 30.0s. Waiting for server processing
I20260914 17:40:10.116021 295509 dfly_bench.cc:1001] ReceiveFb done
I20260914 17:40:10.115993 295516 dfly_bench.cc:1001] ReceiveFb done
I20260914 17:40:10.116065 295511 dfly_bench.cc:926] Done queuing 4294967295 requests, which took 30.0s. Waiting for server processing
I20260914 17:40:10.115968 295515 dfly_bench.cc:926] Done queuing 4294967295 requests, which took 30.0s. Waiting for server processing
I20260914 17:40:10.115846 295506 dfly_bench.cc:926] Done queuing 4294967295 requests, which took 30.0s. Waiting for server processing
I20260914 17:40:10.116070 295507 dfly_bench.cc:1001] ReceiveFb done
I20260914 17:40:10.116039 295504 dfly_bench.cc:926] Done queuing 4294967295 requests, which took 30.0s. Waiting for server processing
I20260914 17:40:10.116060 295512 dfly_bench.cc:1001] ReceiveFb done
I20260914 17:40:10.115909 295508 dfly_bench.cc:1001] ReceiveFb done
I20260914 17:40:10.116067 295518 dfly_bench.cc:1001] ReceiveFb done
I20260914 17:40:10.116055 295517 dfly_bench.cc:1001] ReceiveFb done
I20260914 17:40:10.116006 295505 dfly_bench.cc:926] Done queuing 4294967295 requests, which took 30.0s. Waiting for server processing
I20260914 17:40:10.116034 295519 dfly_bench.cc:926] Done queuing 4294967295 requests, which took 30.0s. Waiting for server processing
I20260914 17:40:10.115975 295510 dfly_bench.cc:1001] ReceiveFb done
I20260914 17:40:10.116074 295511 dfly_bench.cc:926] Done queuing 4294967295 requests, which took 30.0s. Waiting for server processing
I20260914 17:40:10.116078 295515 dfly_bench.cc:926] Done queuing 4294967295 requests, which took 30.0s. Waiting for server processing
I20260914 17:40:10.116078 295506 dfly_bench.cc:926] Done queuing 4294967295 requests, which took 30.0s. Waiting for server processing
I20260914 17:40:10.116108 295519 dfly_bench.cc:926] Done queuing 4294967295 requests, which took 30.0s. Waiting for server processing
I20260914 17:40:10.116077 295509 dfly_bench.cc:1001] ReceiveFb done
I20260914 17:40:10.116106 295505 dfly_bench.cc:926] Done queuing 4294967295 requests, which took 30.0s. Waiting for server processing
I20260914 17:40:10.116125 295506 dfly_bench.cc:926] Done queuing 4294967295 requests, which took 30.0s. Waiting for server processing
I20260914 17:40:10.116142 295505 dfly_bench.cc:926] Done queuing 4294967295 requests, which took 30.0s. Waiting for server processing
I20260914 17:40:10.116148 295509 dfly_bench.cc:1001] ReceiveFb done
I20260914 17:40:10.116154 295505 dfly_bench.cc:926] Done queuing 4294967295 requests, which took 30.0s. Waiting for server processing
I20260914 17:40:10.116117 295511 dfly_bench.cc:926] Done queuing 4294967295 requests, which took 30.0s. Waiting for server processing
I20260914 17:40:10.116104 295507 dfly_bench.cc:1001] ReceiveFb done
I20260914 17:40:10.116171 295511 dfly_bench.cc:926] Done queuing 4294967295 requests, which took 30.0s. Waiting for server processing
I20260914 17:40:10.116185 295507 dfly_bench.cc:1001] ReceiveFb done
I20260914 17:40:10.116129 295519 dfly_bench.cc:926] Done queuing 4294967295 requests, which took 30.0s. Waiting for server processing
I20260914 17:40:10.116206 295507 dfly_bench.cc:1001] ReceiveFb done
I20260914 17:40:10.116132 295510 dfly_bench.cc:1001] ReceiveFb done
I20260914 17:40:10.116115 295517 dfly_bench.cc:1001] ReceiveFb done
I20260914 17:40:10.116110 295518 dfly_bench.cc:1001] ReceiveFb done
I20260914 17:40:10.116080 295504 dfly_bench.cc:926] Done queuing 4294967295 requests, which took 30.0s. Waiting for server processing
I20260914 17:40:10.116227 295514 dfly_bench.cc:1001] ReceiveFb done
I20260914 17:40:10.116087 295516 dfly_bench.cc:1001] ReceiveFb done
I20260914 17:40:10.116240 295518 dfly_bench.cc:1001] ReceiveFb done
I20260914 17:40:10.116235 295517 dfly_bench.cc:1001] ReceiveFb done
I20260914 17:40:10.115993 295513 dfly_bench.cc:926] Done queuing 4294967295 requests, which took 30.0s. Waiting for server processing
I20260914 17:40:10.116230 295510 dfly_bench.cc:1001] ReceiveFb done
I20260914 17:40:10.116266 295517 dfly_bench.cc:1001] ReceiveFb done
I20260914 17:40:10.116267 295514 dfly_bench.cc:1001] ReceiveFb done
I20260914 17:40:10.116098 295508 dfly_bench.cc:1001] ReceiveFb done
I20260914 17:40:10.116263 295518 dfly_bench.cc:1001] ReceiveFb done
I20260914 17:40:10.116093 295512 dfly_bench.cc:1001] ReceiveFb done
I20260914 17:40:10.116204 295519 dfly_bench.cc:926] Done queuing 4294967295 requests, which took 30.0s. Waiting for server processing
I20260914 17:40:10.116293 295517 dfly_bench.cc:1001] ReceiveFb done
I20260914 17:40:10.116130 295515 dfly_bench.cc:926] Done queuing 4294967295 requests, which took 30.0s. Waiting for server processing
I20260914 17:40:10.116303 295508 dfly_bench.cc:1001] ReceiveFb done
I20260914 17:40:10.116302 295519 dfly_bench.cc:926] Done queuing 4294967295 requests, which took 30.0s. Waiting for server processing
I20260914 17:40:10.116253 295507 dfly_bench.cc:926] Done queuing 4294967295 requests, which took 30.0s. Waiting for server processing
I20260914 17:40:10.116235 295504 dfly_bench.cc:926] Done queuing 4294967295 requests, which took 30.0s. Waiting for server processing
I20260914 17:40:10.116259 295513 dfly_bench.cc:926] Done queuing 4294967295 requests, which took 30.0s. Waiting for server processing
I20260914 17:40:10.116186 295509 dfly_bench.cc:926] Done queuing 4294967295 requests, which took 30.0s. Waiting for server processing
I20260914 17:40:10.116164 295505 dfly_bench.cc:926] Done queuing 4294967295 requests, which took 30.0s. Waiting for server processing
I20260914 17:40:10.116204 295506 dfly_bench.cc:1001] ReceiveFb done
I20260914 17:40:10.116324 295507 dfly_bench.cc:926] Done queuing 4294967295 requests, which took 30.0s. Waiting for server processing
I20260914 17:40:10.116330 295513 dfly_bench.cc:926] Done queuing 4294967295 requests, which took 30.0s. Waiting for server processing
I20260914 17:40:10.116308 295512 dfly_bench.cc:1001] ReceiveFb done
I20260914 17:40:10.116319 295519 dfly_bench.cc:926] Done queuing 4294967295 requests, which took 30.0s. Waiting for server processing
I20260914 17:40:10.116338 295507 dfly_bench.cc:926] Done queuing 4294967295 requests, which took 30.0s. Waiting for server processing
I20260914 17:40:10.116326 295504 dfly_bench.cc:926] Done queuing 4294967295 requests, which took 30.0s. Waiting for server processing
I20260914 17:40:10.116315 295518 dfly_bench.cc:1001] ReceiveFb done
I20260914 17:40:10.116358 295504 dfly_bench.cc:926] Done queuing 4294967295 requests, which took 30.0s. Waiting for server processing
I20260914 17:40:10.116333 295505 dfly_bench.cc:926] Done queuing 4294967295 requests, which took 30.0s. Waiting for server processing
I20260914 17:40:10.116341 295513 dfly_bench.cc:926] Done queuing 4294967295 requests, which took 30.0s. Waiting for server processing
I20260914 17:40:10.116361 295512 dfly_bench.cc:1001] ReceiveFb done
I20260914 17:40:10.116354 295519 dfly_bench.cc:926] Done queuing 4294967295 requests, which took 30.0s. Waiting for server processing
I20260914 17:40:10.116331 295508 dfly_bench.cc:1001] ReceiveFb done
I20260914 17:40:10.116376 295505 dfly_bench.cc:926] Done queuing 4294967295 requests, which took 30.0s. Waiting for server processing
I20260914 17:40:10.116397 295512 dfly_bench.cc:1001] ReceiveFb done
I20260914 17:40:10.116374 295518 dfly_bench.cc:1001] ReceiveFb done
I20260914 17:40:10.116309 295514 dfly_bench.cc:1001] ReceiveFb done
I20260914 17:40:10.116374 295504 dfly_bench.cc:926] Done queuing 4294967295 requests, which took 30.0s. Waiting for server processing
I20260914 17:40:10.116351 295506 dfly_bench.cc:1001] ReceiveFb done
I20260914 17:40:10.116381 295513 dfly_bench.cc:926] Done queuing 4294967295 requests, which took 30.0s. Waiting for server processing
I20260914 17:40:10.116426 295504 dfly_bench.cc:926] Done queuing 4294967295 requests, which took 30.0s. Waiting for server processing
I20260914 17:40:10.116315 295517 dfly_bench.cc:1001] ReceiveFb done
I20260914 17:40:10.116429 295514 dfly_bench.cc:1001] ReceiveFb done
I20260914 17:40:10.116438 295513 dfly_bench.cc:926] Done queuing 4294967295 requests, which took 30.0s. Waiting for server processing
I20260914 17:40:10.116282 295510 dfly_bench.cc:1001] ReceiveFb done
I20260914 17:40:10.116443 295504 dfly_bench.cc:926] Done queuing 4294967295 requests, which took 30.0s. Waiting for server processing
I20260914 17:40:10.116422 295512 dfly_bench.cc:1001] ReceiveFb done
I20260914 17:40:10.116426 295518 dfly_bench.cc:1001] ReceiveFb done
I20260914 17:40:10.116456 295517 dfly_bench.cc:1001] ReceiveFb done
I20260914 17:40:10.116467 295514 dfly_bench.cc:1001] ReceiveFb done
I20260914 17:40:10.116405 295508 dfly_bench.cc:1001] ReceiveFb done
I20260914 17:40:10.116281 295516 dfly_bench.cc:1001] ReceiveFb done
I20260914 17:40:10.116394 295519 dfly_bench.cc:926] Done queuing 4294967295 requests, which took 30.0s. Waiting for server processing
I20260914 17:40:10.116472 295512 dfly_bench.cc:1001] ReceiveFb done
I20260914 17:40:10.116492 295519 dfly_bench.cc:926] Done queuing 4294967295 requests, which took 30.0s. Waiting for server processing
I20260914 17:40:10.116495 295517 dfly_bench.cc:1001] ReceiveFb done
I20260914 17:40:10.116464 295510 dfly_bench.cc:1001] ReceiveFb done
I20260914 17:40:10.116520 295510 dfly_bench.cc:1001] ReceiveFb done
I20260914 17:40:10.116510 295516 dfly_bench.cc:1001] ReceiveFb done
I20260914 17:40:10.116391 295505 dfly_bench.cc:926] Done queuing 4294967295 requests, which took 30.0s. Waiting for server processing
I20260914 17:40:10.116475 295518 dfly_bench.cc:1001] ReceiveFb done
I20260914 17:40:10.116539 295513 dfly_bench.cc:1001] ReceiveFb done
I20260914 17:40:10.116500 295514 dfly_bench.cc:1001] ReceiveFb done
I20260914 17:40:10.116438 295506 dfly_bench.cc:1001] ReceiveFb done
I20260914 17:40:10.116516 295517 dfly_bench.cc:1001] ReceiveFb done
I20260914 17:40:10.116504 295519 dfly_bench.cc:926] Done queuing 4294967295 requests, which took 30.0s. Waiting for server processing
I20260914 17:40:10.116504 295512 dfly_bench.cc:1001] ReceiveFb done
I20260914 17:40:10.116583 295512 dfly_bench.cc:1001] ReceiveFb done
I20260914 17:40:10.116453 295504 dfly_bench.cc:926] Done queuing 4294967295 requests, which took 30.0s. Waiting for server processing
I20260914 17:40:10.116566 295519 dfly_bench.cc:926] Done queuing 4294967295 requests, which took 30.0s. Waiting for server processing
I20260914 17:40:10.116539 295505 dfly_bench.cc:926] Done queuing 4294967295 requests, which took 30.0s. Waiting for server processing
I20260914 17:40:10.116545 295516 dfly_bench.cc:1001] ReceiveFb done
I20260914 17:40:10.116546 295510 dfly_bench.cc:1001] ReceiveFb done
I20260914 17:40:10.116573 295517 dfly_bench.cc:1001] ReceiveFb done
I20260914 17:40:10.116597 295515 dfly_bench.cc:926] Done queuing 4294967295 requests, which took 30.0s. Waiting for server processing
I20260914 17:40:10.116556 295518 dfly_bench.cc:1001] ReceiveFb done
I20260914 17:40:10.116604 295512 dfly_bench.cc:1001] ReceiveFb done
I20260914 17:40:10.116595 295504 dfly_bench.cc:926] Done queuing 4294967295 requests, which took 30.0s. Waiting for server processing
I20260914 17:40:10.116636 295518 dfly_bench.cc:1001] ReceiveFb done
I20260914 17:40:10.116564 295514 dfly_bench.cc:1001] ReceiveFb done
I20260914 17:40:10.116636 295517 dfly_bench.cc:1001] ReceiveFb done
I20260914 17:40:10.116638 295512 dfly_bench.cc:1001] ReceiveFb done
I20260914 17:40:10.116496 295508 dfly_bench.cc:1001] ReceiveFb done
I20260914 17:40:10.116628 295504 dfly_bench.cc:926] Done queuing 4294967295 requests, which took 30.0s. Waiting for server processing
I20260914 17:40:10.116570 295506 dfly_bench.cc:1001] ReceiveFb done
I20260914 17:40:10.116611 295505 dfly_bench.cc:926] Done queuing 4294967295 requests, which took 30.0s. Waiting for server processing
I20260914 17:40:10.116647 295510 dfly_bench.cc:1001] ReceiveFb done
I20260914 17:40:10.116659 295514 dfly_bench.cc:1001] ReceiveFb done
I20260914 17:40:10.116688 295508 dfly_bench.cc:1001] ReceiveFb done
I20260914 17:40:10.116623 295515 dfly_bench.cc:926] Done queuing 4294967295 requests, which took 30.0s. Waiting for server processing
I20260914 17:40:10.116660 295517 dfly_bench.cc:1001] ReceiveFb done
I20260914 17:40:10.116561 295513 dfly_bench.cc:1001] ReceiveFb done
I20260914 17:40:10.116657 295511 dfly_bench.cc:926] Done queuing 4294967295 requests, which took 30.0s. Waiting for server processing
I20260914 17:40:10.116714 295517 dfly_bench.cc:1001] ReceiveFb done
I20260914 17:40:10.116674 295512 dfly_bench.cc:1001] ReceiveFb done
I20260914 17:40:10.116701 295515 dfly_bench.cc:926] Done queuing 4294967295 requests, which took 30.0s. Waiting for server processing
I20260914 17:40:10.116710 295514 dfly_bench.cc:1001] ReceiveFb done
I20260914 17:40:10.116736 295512 dfly_bench.cc:1001] ReceiveFb done
I20260914 17:40:10.116716 295511 dfly_bench.cc:926] Done queuing 4294967295 requests, which took 30.0s. Waiting for server processing
I20260914 17:40:10.116721 295513 dfly_bench.cc:1001] ReceiveFb done
I20260914 17:40:10.116629 295516 dfly_bench.cc:1001] ReceiveFb done
I20260914 17:40:10.116753 295514 dfly_bench.cc:1001] ReceiveFb done
I20260914 17:40:10.116695 295506 dfly_bench.cc:1001] ReceiveFb done
I20260914 17:40:10.116752 295511 dfly_bench.cc:1001] ReceiveFb done
I20260914 17:40:10.116703 295510 dfly_bench.cc:1001] ReceiveFb done
I20260914 17:40:10.116773 295516 dfly_bench.cc:1001] ReceiveFb done
I20260914 17:40:10.116745 295517 dfly_bench.cc:926] Done queuing 4294967295 requests, which took 30.0s. Waiting for server processing
I20260914 17:40:10.116705 295509 dfly_bench.cc:926] Done queuing 4294967295 requests, which took 30.0s. Waiting for server processing
I20260914 17:40:10.116657 295518 dfly_bench.cc:1001] ReceiveFb done
I20260914 17:40:10.116685 295507 dfly_bench.cc:926] Done queuing 4294967295 requests, which took 30.0s. Waiting for server processing
I20260914 17:40:10.116758 295512 dfly_bench.cc:1001] ReceiveFb done
I20260914 17:40:10.116767 295513 dfly_bench.cc:1001] ReceiveFb done
I20260914 17:40:10.116801 295516 dfly_bench.cc:1001] ReceiveFb done
I20260914 17:40:10.116793 295517 dfly_bench.cc:926] Done queuing 4294967295 requests, which took 30.0s. Waiting for server processing
I20260914 17:40:10.116791 295511 dfly_bench.cc:1001] ReceiveFb done
I20260914 17:40:10.116678 295504 dfly_bench.cc:926] Done queuing 4294967295 requests, which took 30.0s. Waiting for server processing
I20260914 17:40:10.116827 295516 dfly_bench.cc:1001] ReceiveFb done
I20260914 17:40:10.116783 295514 dfly_bench.cc:1001] ReceiveFb done
I20260914 17:40:10.116808 295510 dfly_bench.cc:1001] ReceiveFb done
I20260914 17:40:10.116794 295509 dfly_bench.cc:926] Done queuing 4294967295 requests, which took 30.0s. Waiting for server processing
I20260914 17:40:10.116844 295511 dfly_bench.cc:1001] ReceiveFb done
I20260914 17:40:10.116837 295504 dfly_bench.cc:926] Done queuing 4294967295 requests, which took 30.0s. Waiting for server processing
I20260914 17:40:10.116850 295516 dfly_bench.cc:1001] ReceiveFb done
I20260914 17:40:10.116734 295515 dfly_bench.cc:926] Done queuing 4294967295 requests, which took 30.0s. Waiting for server processing
I20260914 17:40:10.116858 295514 dfly_bench.cc:1001] ReceiveFb done
I20260914 17:40:10.116868 295515 dfly_bench.cc:1001] ReceiveFb done
I20260914 17:40:10.116791 295506 dfly_bench.cc:1001] ReceiveFb done
I20260914 17:40:10.116819 295513 dfly_bench.cc:1001] ReceiveFb done
I20260914 17:40:10.116856 295504 dfly_bench.cc:926] Done queuing 4294967295 requests, which took 30.0s. Waiting for server processing
I20260914 17:40:10.116816 295512 dfly_bench.cc:1001] ReceiveFb done
I20260914 17:40:10.116851 295519 dfly_bench.cc:926] Done queuing 4294967295 requests, which took 30.0s. Waiting for server processing
I20260914 17:40:10.116894 295513 dfly_bench.cc:1001] ReceiveFb done
I20260914 17:40:10.116897 295506 dfly_bench.cc:1001] ReceiveFb done
I20260914 17:40:10.116906 295516 dfly_bench.cc:926] Done queuing 4294967295 requests, which took 30.0s. Waiting for server processing
I20260914 17:40:10.116882 295514 dfly_bench.cc:1001] ReceiveFb done
I20260914 17:40:10.116806 295507 dfly_bench.cc:926] Done queuing 4294967295 requests, which took 30.0s. Waiting for server processing
I20260914 17:40:10.116865 295511 dfly_bench.cc:1001] ReceiveFb done
I20260914 17:40:10.116918 295506 dfly_bench.cc:1001] ReceiveFb done
I20260914 17:40:10.116889 295515 dfly_bench.cc:1001] ReceiveFb done
I20260914 17:40:10.116922 295507 dfly_bench.cc:926] Done queuing 4294967295 requests, which took 30.0s. Waiting for server processing
I20260914 17:40:10.116895 295519 dfly_bench.cc:1001] ReceiveFb done
I20260914 17:40:10.116950 295515 dfly_bench.cc:1001] ReceiveFb done
I20260914 17:40:10.116918 295516 dfly_bench.cc:926] Done queuing 4294967295 requests, which took 30.0s. Waiting for server processing
I20260914 17:40:10.116884 295504 dfly_bench.cc:926] Done queuing 4294967295 requests, which took 30.0s. Waiting for server processing
I20260914 17:40:10.116899 295512 dfly_bench.cc:1001] ReceiveFb done
I20260914 17:40:10.116967 295504 dfly_bench.cc:926] Done queuing 4294967295 requests, which took 30.0s. Waiting for server processing
I20260914 17:40:10.116972 295515 dfly_bench.cc:1001] ReceiveFb done
I20260914 17:40:10.116981 295512 dfly_bench.cc:1001] ReceiveFb done
I20260914 17:40:10.116851 295509 dfly_bench.cc:926] Done queuing 4294967295 requests, which took 30.0s. Waiting for server processing
I20260914 17:40:10.117002 295512 dfly_bench.cc:1001] ReceiveFb done
I20260914 17:40:10.116937 295511 dfly_bench.cc:1001] ReceiveFb done
I20260914 17:40:10.116916 295513 dfly_bench.cc:1001] ReceiveFb done
I20260914 17:40:10.116863 295510 dfly_bench.cc:1001] ReceiveFb done
I20260914 17:40:10.116945 295507 dfly_bench.cc:926] Done queuing 4294967295 requests, which took 30.0s. Waiting for server processing
I20260914 17:40:10.116977 295504 dfly_bench.cc:926] Done queuing 4294967295 requests, which took 30.0s. Waiting for server processing
I20260914 17:40:10.116945 295506 dfly_bench.cc:1001] ReceiveFb done
I20260914 17:40:10.116997 295505 dfly_bench.cc:1001] ReceiveFb done
I20260914 17:40:10.116963 295519 dfly_bench.cc:1001] ReceiveFb done
I20260914 17:40:10.117033 295510 dfly_bench.cc:1001] ReceiveFb done
I20260914 17:40:10.117043 295506 dfly_bench.cc:1001] ReceiveFb done
I20260914 17:40:10.116992 295509 dfly_bench.cc:926] Done queuing 4294967295 requests, which took 30.0s. Waiting for server processing
I20260914 17:40:10.116828 295517 dfly_bench.cc:926] Done queuing 4294967295 requests, which took 30.0s. Waiting for server processing
I20260914 17:40:10.116991 295515 dfly_bench.cc:1001] ReceiveFb done
I20260914 17:40:10.117066 295506 dfly_bench.cc:1001] ReceiveFb done
I20260914 17:40:10.117053 295505 dfly_bench.cc:1001] ReceiveFb done
I20260914 17:40:10.116932 295514 dfly_bench.cc:1001] ReceiveFb done
I20260914 17:40:10.116711 295508 dfly_bench.cc:1001] ReceiveFb done
I20260914 17:40:10.117074 295509 dfly_bench.cc:1001] ReceiveFb done
I20260914 17:40:10.117027 295507 dfly_bench.cc:926] Done queuing 4294967295 requests, which took 30.0s. Waiting for server processing
I20260914 17:40:10.117027 295511 dfly_bench.cc:1001] ReceiveFb done
I20260914 17:40:10.117031 295513 dfly_bench.cc:1001] ReceiveFb done
I20260914 17:40:10.117059 295510 dfly_bench.cc:1001] ReceiveFb done
I20260914 17:40:10.117089 295507 dfly_bench.cc:926] Done queuing 4294967295 requests, which took 30.0s. Waiting for server processing
I20260914 17:40:10.117094 295508 dfly_bench.cc:1001] ReceiveFb done
I20260914 17:40:10.117097 295506 dfly_bench.cc:1001] ReceiveFb done
I20260914 17:40:10.117029 295504 dfly_bench.cc:926] Done queuing 4294967295 requests, which took 30.0s. Waiting for server processing
I20260914 17:40:10.117105 295507 dfly_bench.cc:926] Done queuing 4294967295 requests, which took 30.0s. Waiting for server processing
I20260914 17:40:10.116964 295516 dfly_bench.cc:926] Done queuing 4294967295 requests, which took 30.0s. Waiting for server processing
I20260914 17:40:10.117118 295506 dfly_bench.cc:1001] ReceiveFb done
I20260914 17:40:10.117125 295516 dfly_bench.cc:926] Done queuing 4294967295 requests, which took 30.0s. Waiting for server processing
I20260914 17:40:10.117090 295515 dfly_bench.cc:1001] ReceiveFb done
I20260914 17:40:10.117111 295504 dfly_bench.cc:926] Done queuing 4294967295 requests, which took 30.0s. Waiting for server processing
I20260914 17:40:10.117092 295514 dfly_bench.cc:1001] ReceiveFb done
I20260914 17:40:10.117058 295519 dfly_bench.cc:1001] ReceiveFb done
I20260914 17:40:10.117141 295516 dfly_bench.cc:926] Done queuing 4294967295 requests, which took 30.0s. Waiting for server processing
I20260914 17:40:10.117115 295507 dfly_bench.cc:926] Done queuing 4294967295 requests, which took 30.0s. Waiting for server processing
I20260914 17:40:10.117132 295510 dfly_bench.cc:1001] ReceiveFb done
I20260914 17:40:10.117182 295507 dfly_bench.cc:926] Done queuing 4294967295 requests, which took 30.0s. Waiting for server processing
I20260914 17:40:10.117100 295509 dfly_bench.cc:926] Done queuing 4294967295 requests, which took 30.0s. Waiting for server processing
I20260914 17:40:10.117146 295506 dfly_bench.cc:1001] ReceiveFb done
I20260914 17:40:10.117105 295513 dfly_bench.cc:1001] ReceiveFb done
I20260914 17:40:10.117193 295507 dfly_bench.cc:926] Done queuing 4294967295 requests, which took 30.0s. Waiting for server processing
I20260914 17:40:10.117197 295509 dfly_bench.cc:926] Done queuing 4294967295 requests, which took 30.0s. Waiting for server processing
I20260914 17:40:10.117116 295508 dfly_bench.cc:1001] ReceiveFb done
I20260914 17:40:10.117106 295511 dfly_bench.cc:1001] ReceiveFb done
I20260914 17:40:10.117206 295509 dfly_bench.cc:926] Done queuing 4294967295 requests, which took 30.0s. Waiting for server processing
I20260914 17:40:10.117067 295517 dfly_bench.cc:926] Done queuing 4294967295 requests, which took 30.0s. Waiting for server processing
I20260914 17:40:10.117215 295513 dfly_bench.cc:1001] ReceiveFb done
I20260914 17:40:10.117090 295505 dfly_bench.cc:1001] ReceiveFb done
I20260914 17:40:10.117228 295511 dfly_bench.cc:1001] ReceiveFb done
I20260914 17:40:10.117028 295512 dfly_bench.cc:1001] ReceiveFb done
I20260914 17:40:10.117236 295513 dfly_bench.cc:1001] ReceiveFb done
I20260914 17:40:10.117162 295515 dfly_bench.cc:1001] ReceiveFb done
I20260914 17:40:10.117208 295507 dfly_bench.cc:926] Done queuing 4294967295 requests, which took 30.0s. Waiting for server processing
I20260914 17:40:10.117213 295506 dfly_bench.cc:1001] ReceiveFb done
I20260914 17:40:10.117185 295514 dfly_bench.cc:1001] ReceiveFb done
I20260914 17:40:10.117249 295505 dfly_bench.cc:1001] ReceiveFb done
I20260914 17:40:10.117209 295510 dfly_bench.cc:1001] ReceiveFb done
I20260914 17:40:10.117255 295512 dfly_bench.cc:1001] ReceiveFb done
I20260914 17:40:10.117281 295506 dfly_bench.cc:1001] ReceiveFb done
I20260914 17:40:10.117218 295509 dfly_bench.cc:926] Done queuing 4294967295 requests, which took 30.0s. Waiting for server processing
I20260914 17:40:10.117293 295505 dfly_bench.cc:1001] ReceiveFb done
I20260914 17:40:10.117230 295517 dfly_bench.cc:926] Done queuing 4294967295 requests, which took 30.0s. Waiting for server processing
I20260914 17:40:10.117262 295507 dfly_bench.cc:926] Done queuing 4294967295 requests, which took 30.0s. Waiting for server processing
I20260914 17:40:10.117307 295509 dfly_bench.cc:926] Done queuing 4294967295 requests, which took 30.0s. Waiting for server processing
I20260914 17:40:10.117183 295516 dfly_bench.cc:926] Done queuing 4294967295 requests, which took 30.0s. Waiting for server processing
I20260914 17:40:10.117185 295519 dfly_bench.cc:1001] ReceiveFb done
I20260914 17:40:10.117286 295514 dfly_bench.cc:1001] ReceiveFb done
I20260914 17:40:10.117300 295510 dfly_bench.cc:1001] ReceiveFb done
I20260914 17:40:10.117316 295507 dfly_bench.cc:926] Done queuing 4294967295 requests, which took 30.0s. Waiting for server processing
I20260914 17:40:10.117223 295508 dfly_bench.cc:1001] ReceiveFb done
I20260914 17:40:10.117343 295510 dfly_bench.cc:1001] ReceiveFb done
I20260914 17:40:10.117260 295511 dfly_bench.cc:1001] ReceiveFb done
I20260914 17:40:10.117259 295513 dfly_bench.cc:1001] ReceiveFb done
I20260914 17:40:10.117334 295514 dfly_bench.cc:1001] ReceiveFb done
I20260914 17:40:10.117260 295515 dfly_bench.cc:1001] ReceiveFb done
I20260914 17:40:10.117326 295505 dfly_bench.cc:1001] ReceiveFb done
I20260914 17:40:10.117300 295512 dfly_bench.cc:1001] ReceiveFb done
I20260914 17:40:10.117373 295510 dfly_bench.cc:1001] ReceiveFb done
I20260914 17:40:10.117388 295515 dfly_bench.cc:1001] ReceiveFb done
I20260914 17:40:10.117333 295519 dfly_bench.cc:1001] ReceiveFb done
I20260914 17:40:10.117374 295504 dfly_bench.cc:926] Done queuing 4294967295 requests, which took 30.0s. Waiting for server processing
I20260914 17:40:10.117359 295518 dfly_bench.cc:926] Done queuing 4294967295 requests, which took 30.0s. Waiting for server processing
I20260914 17:40:10.117410 295510 dfly_bench.cc:1001] ReceiveFb done
I20260914 17:40:10.117363 295507 dfly_bench.cc:1001] ReceiveFb done
I20260914 17:40:10.117319 295516 dfly_bench.cc:926] Done queuing 4294967295 requests, which took 30.0s. Waiting for server processing
I20260914 17:40:10.117380 295508 dfly_bench.cc:1001] ReceiveFb done
I20260914 17:40:10.117306 295506 dfly_bench.cc:1001] ReceiveFb done
I20260914 17:40:10.117317 295517 dfly_bench.cc:926] Done queuing 4294967295 requests, which took 30.0s. Waiting for server processing
I20260914 17:40:10.117388 295505 dfly_bench.cc:1001] ReceiveFb done
I20260914 17:40:10.117434 295516 dfly_bench.cc:926] Done queuing 4294967295 requests, which took 30.0s. Waiting for server processing
I20260914 17:40:10.117416 295504 dfly_bench.cc:1001] ReceiveFb done
I20260914 17:40:10.117412 295515 dfly_bench.cc:1001] ReceiveFb done
I20260914 17:40:10.117377 295514 dfly_bench.cc:1001] ReceiveFb done
I20260914 17:40:10.117446 295508 dfly_bench.cc:1001] ReceiveFb done
I20260914 17:40:10.117452 295506 dfly_bench.cc:1001] ReceiveFb done
I20260914 17:40:10.117421 295519 dfly_bench.cc:1001] ReceiveFb done
I20260914 17:40:10.117317 295509 dfly_bench.cc:926] Done queuing 4294967295 requests, which took 30.0s. Waiting for server processing
I20260914 17:40:10.117420 295518 dfly_bench.cc:926] Done queuing 4294967295 requests, which took 30.0s. Waiting for server processing
I20260914 17:40:10.117483 295515 dfly_bench.cc:1001] ReceiveFb done
I20260914 17:40:10.117491 295508 dfly_bench.cc:1001] ReceiveFb done
I20260914 17:40:10.117441 295507 dfly_bench.cc:1001] ReceiveFb done
I20260914 17:40:10.117486 295509 dfly_bench.cc:926] Done queuing 4294967295 requests, which took 30.0s. Waiting for server processing
I20260914 17:40:10.117479 295504 dfly_bench.cc:1001] ReceiveFb done
I20260914 17:40:10.117498 295519 dfly_bench.cc:1001] ReceiveFb done
I20260914 17:40:10.117440 295510 dfly_bench.cc:1001] ReceiveFb done
I20260914 17:40:10.117488 295518 dfly_bench.cc:926] Done queuing 4294967295 requests, which took 30.0s. Waiting for server processing
I20260914 17:40:10.117376 295513 dfly_bench.cc:1001] ReceiveFb done
I20260914 17:40:10.117403 295512 dfly_bench.cc:1001] ReceiveFb done
I20260914 17:40:10.117440 295517 dfly_bench.cc:926] Done queuing 4294967295 requests, which took 30.0s. Waiting for server processing
I20260914 17:40:10.117468 295505 dfly_bench.cc:1001] ReceiveFb done
I20260914 17:40:10.117538 295518 dfly_bench.cc:926] Done queuing 4294967295 requests, which took 30.0s. Waiting for server processing
I20260914 17:40:10.117496 295506 dfly_bench.cc:1001] ReceiveFb done
I20260914 17:40:10.117540 295504 dfly_bench.cc:1001] ReceiveFb done
I20260914 17:40:10.117548 295510 dfly_bench.cc:1001] ReceiveFb done
I20260914 17:40:10.117381 295511 dfly_bench.cc:1001] ReceiveFb done
I20260914 17:40:10.117522 295509 dfly_bench.cc:926] Done queuing 4294967295 requests, which took 30.0s. Waiting for server processing
I20260914 17:40:10.117558 295505 dfly_bench.cc:1001] ReceiveFb done
I20260914 17:40:10.117563 295504 dfly_bench.cc:1001] ReceiveFb done
I20260914 17:40:10.117564 295506 dfly_bench.cc:1001] ReceiveFb done
I20260914 17:40:10.117549 295518 dfly_bench.cc:926] Done queuing 4294967295 requests, which took 30.0s. Waiting for server processing
I20260914 17:40:10.117551 295513 dfly_bench.cc:1001] ReceiveFb done
I20260914 17:40:10.117548 295517 dfly_bench.cc:926] Done queuing 4294967295 requests, which took 30.0s. Waiting for server processing
I20260914 17:40:10.117484 295514 dfly_bench.cc:1001] ReceiveFb done
I20260914 17:40:10.117528 295507 dfly_bench.cc:1001] ReceiveFb done
I20260914 17:40:10.117506 295515 dfly_bench.cc:1001] ReceiveFb done
I20260914 17:40:10.117554 295512 dfly_bench.cc:1001] ReceiveFb done
I20260914 17:40:10.117589 295517 dfly_bench.cc:926] Done queuing 4294967295 requests, which took 30.0s. Waiting for server processing
I20260914 17:40:10.117604 295514 dfly_bench.cc:1001] ReceiveFb done
I20260914 17:40:10.117611 295512 dfly_bench.cc:1001] ReceiveFb done
I20260914 17:40:10.117599 295513 dfly_bench.cc:1001] ReceiveFb done
I20260914 17:40:10.117571 295509 dfly_bench.cc:926] Done queuing 4294967295 requests, which took 30.0s. Waiting for server processing
I20260914 17:40:10.117581 295518 dfly_bench.cc:926] Done queuing 4294967295 requests, which took 30.0s. Waiting for server processing
I20260914 17:40:10.117628 295514 dfly_bench.cc:1001] ReceiveFb done
I20260914 17:40:10.117584 295510 dfly_bench.cc:926] Done queuing 4294967295 requests, which took 30.0s. Waiting for server processing
I20260914 17:40:10.117650 295514 dfly_bench.cc:1001] ReceiveFb done
I20260914 17:40:10.117547 295519 dfly_bench.cc:1001] ReceiveFb done
I20260914 17:40:10.117671 295514 dfly_bench.cc:1001] ReceiveFb done
I20260914 17:40:10.117655 295510 dfly_bench.cc:926] Done queuing 4294967295 requests, which took 30.0s. Waiting for server processing
I20260914 17:40:10.117632 295509 dfly_bench.cc:926] Done queuing 4294967295 requests, which took 30.0s. Waiting for server processing
I20260914 17:40:10.117686 295510 dfly_bench.cc:926] Done queuing 4294967295 requests, which took 30.0s. Waiting for server processing
I20260914 17:40:10.117693 295514 dfly_bench.cc:1001] ReceiveFb done
I20260914 17:40:10.117606 295507 dfly_bench.cc:1001] ReceiveFb done
I20260914 17:40:10.117586 295511 dfly_bench.cc:926] Done queuing 4294967295 requests, which took 30.0s. Waiting for server processing
I20260914 17:40:10.117586 295506 dfly_bench.cc:1001] ReceiveFb done
I20260914 17:40:10.117513 295508 dfly_bench.cc:1001] ReceiveFb done
I20260914 17:40:10.117717 295511 dfly_bench.cc:926] Done queuing 4294967295 requests, which took 30.0s. Waiting for server processing
I20260914 17:40:10.117729 295514 dfly_bench.cc:926] Done queuing 4294967295 requests, which took 30.0s. Waiting for server processing
I20260914 17:40:10.117727 295507 dfly_bench.cc:1001] ReceiveFb done
I20260914 17:40:10.117594 295505 dfly_bench.cc:1001] ReceiveFb done
I20260914 17:40:10.117681 295519 dfly_bench.cc:1001] ReceiveFb done
I20260914 17:40:10.117585 295504 dfly_bench.cc:1001] ReceiveFb done
I20260914 17:40:10.117686 295509 dfly_bench.cc:926] Done queuing 4294967295 requests, which took 30.0s. Waiting for server processing
I20260914 17:40:10.117619 295515 dfly_bench.cc:926] Done queuing 4294967295 requests, which took 30.0s. Waiting for server processing
I20260914 17:40:10.117730 295506 dfly_bench.cc:1001] ReceiveFb done
I20260914 17:40:10.117767 295519 dfly_bench.cc:1001] ReceiveFb done
I20260914 17:40:10.117744 295508 dfly_bench.cc:1001] ReceiveFb done
I20260914 17:40:10.117763 295505 dfly_bench.cc:1001] ReceiveFb done
I20260914 17:40:10.117635 295518 dfly_bench.cc:926] Done queuing 4294967295 requests, which took 30.0s. Waiting for server processing
I20260914 17:40:10.117769 295504 dfly_bench.cc:1001] ReceiveFb done
I20260914 17:40:10.117807 295518 dfly_bench.cc:1001] ReceiveFb done
I20260914 17:40:10.117791 295519 dfly_bench.cc:1001] ReceiveFb done
I20260914 17:40:10.117798 295509 dfly_bench.cc:1001] ReceiveFb done
I20260914 17:40:10.117821 295504 dfly_bench.cc:1001] ReceiveFb done
I20260914 17:40:10.117771 295515 dfly_bench.cc:926] Done queuing 4294967295 requests, which took 30.0s. Waiting for server processing
I20260914 17:40:10.117797 295508 dfly_bench.cc:1001] ReceiveFb done
I20260914 17:40:10.117784 295506 dfly_bench.cc:1001] ReceiveFb done
I20260914 17:40:10.117841 295509 dfly_bench.cc:1001] ReceiveFb done
I20260914 17:40:10.117755 295507 dfly_bench.cc:1001] ReceiveFb done
I20260914 17:40:10.117830 295518 dfly_bench.cc:1001] ReceiveFb done
I20260914 17:40:10.117805 295505 dfly_bench.cc:1001] ReceiveFb done
I20260914 17:40:10.117831 295519 dfly_bench.cc:1001] ReceiveFb done
I20260914 17:40:10.117836 295515 dfly_bench.cc:926] Done queuing 4294967295 requests, which took 30.0s. Waiting for server processing
I20260914 17:40:10.117856 295508 dfly_bench.cc:1001] ReceiveFb done
I20260914 17:40:10.117842 295504 dfly_bench.cc:1001] ReceiveFb done
I20260914 17:40:10.117869 295518 dfly_bench.cc:1001] ReceiveFb done
I20260914 17:40:10.117640 295513 dfly_bench.cc:1001] ReceiveFb done
I20260914 17:40:10.117862 295515 dfly_bench.cc:926] Done queuing 4294967295 requests, which took 30.0s. Waiting for server processing
I20260914 17:40:10.117866 295507 dfly_bench.cc:1001] ReceiveFb done
I20260914 17:40:10.117866 295509 dfly_bench.cc:1001] ReceiveFb done
I20260914 17:40:10.117892 295515 dfly_bench.cc:926] Done queuing 4294967295 requests, which took 30.0s. Waiting for server processing
I20260914 17:40:10.117894 295518 dfly_bench.cc:1001] ReceiveFb done
I20260914 17:40:10.117905 295507 dfly_bench.cc:1001] ReceiveFb done
I20260914 17:40:10.117897 295508 dfly_bench.cc:926] Done queuing 4294967295 requests, which took 30.0s. Waiting for server processing
I20260914 17:40:10.117633 295512 dfly_bench.cc:1001] ReceiveFb done
I20260914 17:40:10.117895 295504 dfly_bench.cc:1001] ReceiveFb done
I20260914 17:40:10.117899 295513 dfly_bench.cc:1001] ReceiveFb done
I20260914 17:40:10.117928 295511 dfly_bench.cc:1001] ReceiveFb done
I20260914 17:40:10.117872 295519 dfly_bench.cc:1001] ReceiveFb done
I20260914 17:40:10.117903 295515 dfly_bench.cc:926] Done queuing 4294967295 requests, which took 30.0s. Waiting for server processing
I20260914 17:40:10.117944 295504 dfly_bench.cc:1001] ReceiveFb done
I20260914 17:40:10.117916 295518 dfly_bench.cc:1001] ReceiveFb done
I20260914 17:40:10.117870 295505 dfly_bench.cc:1001] ReceiveFb done
I20260914 17:40:10.117966 295518 dfly_bench.cc:1001] ReceiveFb done
I20260914 17:40:10.117947 295515 dfly_bench.cc:926] Done queuing 4294967295 requests, which took 30.0s. Waiting for server processing
I20260914 17:40:10.117946 295513 dfly_bench.cc:1001] ReceiveFb done
I20260914 17:40:10.117918 295516 dfly_bench.cc:926] Done queuing 4294967295 requests, which took 30.0s. Waiting for server processing
I20260914 17:40:10.117857 295506 dfly_bench.cc:1001] ReceiveFb done
I20260914 17:40:10.117941 295512 dfly_bench.cc:1001] ReceiveFb done
I20260914 17:40:10.117956 295519 dfly_bench.cc:1001] ReceiveFb done
I20260914 17:40:10.117986 295505 dfly_bench.cc:1001] ReceiveFb done
I20260914 17:40:10.117951 295511 dfly_bench.cc:1001] ReceiveFb done
I20260914 17:40:10.117995 295513 dfly_bench.cc:1001] ReceiveFb done
I20260914 17:40:10.117909 295509 dfly_bench.cc:1001] ReceiveFb done
I20260914 17:40:10.117990 295518 dfly_bench.cc:1001] ReceiveFb done
I20260914 17:40:10.118002 295512 dfly_bench.cc:1001] ReceiveFb done
I20260914 17:40:10.118008 295505 dfly_bench.cc:1001] ReceiveFb done
I20260914 17:40:10.118008 295519 dfly_bench.cc:1001] ReceiveFb done
I20260914 17:40:10.118026 295518 dfly_bench.cc:926] Done queuing 4294967295 requests, which took 30.0s. Waiting for server processing
I20260914 17:40:10.118027 295512 dfly_bench.cc:1001] ReceiveFb done
I20260914 17:40:10.117965 295504 dfly_bench.cc:1001] ReceiveFb done
I20260914 17:40:10.117991 295516 dfly_bench.cc:926] Done queuing 4294967295 requests, which took 30.0s. Waiting for server processing
I20260914 17:40:10.118031 295509 dfly_bench.cc:1001] ReceiveFb done
I20260914 17:40:10.118003 295506 dfly_bench.cc:1001] ReceiveFb done
I20260914 17:40:10.118047 295519 dfly_bench.cc:1001] ReceiveFb done
I20260914 17:40:10.118065 295504 dfly_bench.cc:1001] ReceiveFb done
I20260914 17:40:10.118016 295511 dfly_bench.cc:926] Done queuing 4294967295 requests, which took 30.0s. Waiting for server processing
I20260914 17:40:10.118031 295505 dfly_bench.cc:1001] ReceiveFb done
I20260914 17:40:10.118050 295518 dfly_bench.cc:926] Done queuing 4294967295 requests, which took 30.0s. Waiting for server processing
I20260914 17:40:10.118018 295513 dfly_bench.cc:1001] ReceiveFb done
I20260914 17:40:10.118064 295516 dfly_bench.cc:926] Done queuing 4294967295 requests, which took 30.0s. Waiting for server processing
I20260914 17:40:10.118085 295518 dfly_bench.cc:926] Done queuing 4294967295 requests, which took 30.0s. Waiting for server processing
I20260914 17:40:10.117935 295507 dfly_bench.cc:1001] ReceiveFb done
I20260914 17:40:10.118078 295509 dfly_bench.cc:1001] ReceiveFb done
I20260914 17:40:10.118088 295519 dfly_bench.cc:1001] ReceiveFb done
I20260914 17:40:10.118119 295511 dfly_bench.cc:1001] ReceiveFb done
I20260914 17:40:10.118098 295518 dfly_bench.cc:926] Done queuing 4294967295 requests, which took 30.0s. Waiting for server processing
I20260914 17:40:10.118098 295513 dfly_bench.cc:1001] ReceiveFb done
I20260914 17:40:10.118109 295517 dfly_bench.cc:1001] ReceiveFb done
I20260914 17:40:10.118081 295506 dfly_bench.cc:1001] ReceiveFb done
I20260914 17:40:10.118122 295519 dfly_bench.cc:1001] ReceiveFb done
I20260914 17:40:10.118110 295507 dfly_bench.cc:1001] ReceiveFb done
I20260914 17:40:10.118116 295509 dfly_bench.cc:1001] ReceiveFb done
I20260914 17:40:10.118088 295504 dfly_bench.cc:1001] ReceiveFb done
I20260914 17:40:10.118095 295516 dfly_bench.cc:926] Done queuing 4294967295 requests, which took 30.0s. Waiting for server processing
I20260914 17:40:10.118136 295518 dfly_bench.cc:926] Done queuing 4294967295 requests, which took 30.0s. Waiting for server processing
I20260914 17:40:10.118095 295505 dfly_bench.cc:1001] ReceiveFb done
I20260914 17:40:10.118162 295509 dfly_bench.cc:1001] ReceiveFb done
I20260914 17:40:10.118152 295517 dfly_bench.cc:1001] ReceiveFb done
I20260914 17:40:10.118149 295513 dfly_bench.cc:1001] ReceiveFb done
I20260914 17:40:10.118165 295507 dfly_bench.cc:1001] ReceiveFb done
I20260914 17:40:10.118157 295519 dfly_bench.cc:1001] ReceiveFb done
I20260914 17:40:10.118153 295511 dfly_bench.cc:1001] ReceiveFb done
I20260914 17:40:10.118191 295507 dfly_bench.cc:1001] ReceiveFb done
I20260914 17:40:10.118183 295505 dfly_bench.cc:1001] ReceiveFb done
I20260914 17:40:10.118072 295512 dfly_bench.cc:1001] ReceiveFb done
I20260914 17:40:10.118186 295517 dfly_bench.cc:1001] ReceiveFb done
I20260914 17:40:10.118194 295519 dfly_bench.cc:1001] ReceiveFb done
I20260914 17:40:10.118208 295515 dfly_bench.cc:1001] ReceiveFb done
I20260914 17:40:10.118156 295506 dfly_bench.cc:1001] ReceiveFb done
I20260914 17:40:10.118223 295514 dfly_bench.cc:926] Done queuing 4294967295 requests, which took 30.0s. Waiting for server processing
I20260914 17:40:10.118189 295513 dfly_bench.cc:1001] ReceiveFb done
I20260914 17:40:10.118187 295509 dfly_bench.cc:1001] ReceiveFb done
I20260914 17:40:10.118232 295515 dfly_bench.cc:1001] ReceiveFb done
I20260914 17:40:10.118161 295516 dfly_bench.cc:1001] ReceiveFb done
I20260914 17:40:10.118258 295509 dfly_bench.cc:1001] ReceiveFb done
I20260914 17:40:10.118263 295515 dfly_bench.cc:1001] ReceiveFb done
I20260914 17:40:10.118218 295505 dfly_bench.cc:1001] ReceiveFb done
I20260914 17:40:10.118287 295508 dfly_bench.cc:1001] ReceiveFb done
I20260914 17:40:10.118171 295504 dfly_bench.cc:1001] ReceiveFb done
I20260914 17:40:10.118221 295512 dfly_bench.cc:1001] ReceiveFb done
I20260914 17:40:10.118239 295514 dfly_bench.cc:1001] ReceiveFb done
I20260914 17:40:10.118249 295513 dfly_bench.cc:1001] ReceiveFb done
I20260914 17:40:10.118217 295511 dfly_bench.cc:1001] ReceiveFb done
I20260914 17:40:10.118284 295509 dfly_bench.cc:1001] ReceiveFb done
I20260914 17:40:10.118245 295506 dfly_bench.cc:1001] ReceiveFb done
I20260914 17:40:10.118225 295517 dfly_bench.cc:1001] ReceiveFb done
I20260914 17:40:10.118292 295515 dfly_bench.cc:1001] ReceiveFb done
I20260914 17:40:10.118227 295519 dfly_bench.cc:1001] ReceiveFb done
I20260914 17:40:10.118325 295513 dfly_bench.cc:1001] ReceiveFb done
I20260914 17:40:10.118312 295508 dfly_bench.cc:1001] ReceiveFb done
I20260914 17:40:10.118319 295518 dfly_bench.cc:1001] ReceiveFb done
I20260914 17:40:10.118218 295507 dfly_bench.cc:1001] ReceiveFb done
I20260914 17:40:10.118330 295506 dfly_bench.cc:1001] ReceiveFb done
I20260914 17:40:10.118328 295509 dfly_bench.cc:1001] ReceiveFb done
I20260914 17:40:10.118321 295514 dfly_bench.cc:1001] ReceiveFb done
I20260914 17:40:10.118371 295509 dfly_bench.cc:1001] ReceiveFb done
I20260914 17:40:10.118369 295506 dfly_bench.cc:1001] ReceiveFb done
I20260914 17:40:10.118335 295517 dfly_bench.cc:1001] ReceiveFb done
I20260914 17:40:10.118314 295510 dfly_bench.cc:926] Done queuing 4294967295 requests, which took 30.0s. Waiting for server processing
I20260914 17:40:10.118314 295504 dfly_bench.cc:1001] ReceiveFb done
I20260914 17:40:10.118358 295515 dfly_bench.cc:926] Done queuing 4294967295 requests, which took 30.0s. Waiting for server processing
I20260914 17:40:10.118284 295516 dfly_bench.cc:1001] ReceiveFb done
I20260914 17:40:10.118391 295509 dfly_bench.cc:1001] ReceiveFb done
I20260914 17:40:10.118363 295518 dfly_bench.cc:1001] ReceiveFb done
I20260914 17:40:10.118361 295508 dfly_bench.cc:1001] ReceiveFb done
I20260914 17:40:10.118304 295505 dfly_bench.cc:1001] ReceiveFb done
I20260914 17:40:10.118392 295506 dfly_bench.cc:1001] ReceiveFb done
I20260914 17:40:10.118417 295509 dfly_bench.cc:1001] ReceiveFb done
I20260914 17:40:10.118405 295504 dfly_bench.cc:1001] ReceiveFb done
I20260914 17:40:10.118386 295511 dfly_bench.cc:1126] Total hits: 2009617
I20260914 17:40:10.118347 295513 dfly_bench.cc:1001] ReceiveFb done
I20260914 17:40:10.118367 295507 dfly_bench.cc:1001] ReceiveFb done
I20260914 17:40:10.118402 295515 dfly_bench.cc:926] Done queuing 4294967295 requests, which took 30.0s. Waiting for server processing
I20260914 17:40:10.118345 295519 dfly_bench.cc:1001] ReceiveFb done
I20260914 17:40:10.118450 295504 dfly_bench.cc:1001] ReceiveFb done
I20260914 17:40:10.118402 295517 dfly_bench.cc:1001] ReceiveFb done
I20260914 17:40:10.118459 295515 dfly_bench.cc:926] Done queuing 4294967295 requests, which took 30.0s. Waiting for server processing
I20260914 17:40:10.118462 295513 dfly_bench.cc:1001] ReceiveFb done
I20260914 17:40:10.118429 295514 dfly_bench.cc:1126] Total hits: 2056561
I20260914 17:40:10.118435 295505 dfly_bench.cc:1001] ReceiveFb done
I20260914 17:40:10.118465 295507 dfly_bench.cc:1001] ReceiveFb done
I20260914 17:40:10.118438 295508 dfly_bench.cc:926] Done queuing 4294967295 requests, which took 30.0s. Waiting for server processing
I20260914 17:40:10.118479 295517 dfly_bench.cc:1001] ReceiveFb done
I20260914 17:40:10.118431 295518 dfly_bench.cc:1001] ReceiveFb done
I20260914 17:40:10.118484 295513 dfly_bench.cc:1001] ReceiveFb done
I20260914 17:40:10.118485 295508 dfly_bench.cc:926] Done queuing 4294967295 requests, which took 30.0s. Waiting for server processing
I20260914 17:40:10.118492 295505 dfly_bench.cc:926] Done queuing 4294967295 requests, which took 30.0s. Waiting for server processing
I20260914 17:40:10.118500 295508 dfly_bench.cc:926] Done queuing 4294967295 requests, which took 30.0s. Waiting for server processing
I20260914 17:40:10.118438 295506 dfly_bench.cc:1001] ReceiveFb done
I20260914 17:40:10.118474 295519 dfly_bench.cc:1001] ReceiveFb done
I20260914 17:40:10.118414 295516 dfly_bench.cc:1001] ReceiveFb done
I20260914 17:40:10.118479 295504 dfly_bench.cc:1001] ReceiveFb done
I20260914 17:40:10.118505 295518 dfly_bench.cc:1001] ReceiveFb done
I20260914 17:40:10.118395 295510 dfly_bench.cc:1001] ReceiveFb done
I20260914 17:40:10.118505 295513 dfly_bench.cc:1001] ReceiveFb done
I20260914 17:40:10.118534 295506 dfly_bench.cc:926] Done queuing 4294967295 requests, which took 30.0s. Waiting for server processing
I20260914 17:40:10.118498 295517 dfly_bench.cc:1001] ReceiveFb done
I20260914 17:40:10.118528 295519 dfly_bench.cc:1001] ReceiveFb done
I20260914 17:40:10.118561 295510 dfly_bench.cc:1001] ReceiveFb done
I20260914 17:40:10.118575 295517 dfly_bench.cc:1001] ReceiveFb done
I20260914 17:40:10.118505 295505 dfly_bench.cc:926] Done queuing 4294967295 requests, which took 30.0s. Waiting for server processing
I20260914 17:40:10.118597 295510 dfly_bench.cc:1001] ReceiveFb done
I20260914 17:40:10.118511 295508 dfly_bench.cc:926] Done queuing 4294967295 requests, which took 30.0s. Waiting for server processing
I20260914 17:40:10.118532 295516 dfly_bench.cc:1001] ReceiveFb done
I20260914 17:40:10.118584 295519 dfly_bench.cc:1001] ReceiveFb done
I20260914 17:40:10.118494 295507 dfly_bench.cc:1001] ReceiveFb done
I20260914 17:40:10.118554 295506 dfly_bench.cc:926] Done queuing 4294967295 requests, which took 30.0s. Waiting for server processing
I20260914 17:40:10.118630 295516 dfly_bench.cc:1001] ReceiveFb done
I20260914 17:40:10.118534 295504 dfly_bench.cc:1001] ReceiveFb done
I20260914 17:40:10.118317 295512 dfly_bench.cc:1001] ReceiveFb done
I20260914 17:40:10.118615 295508 dfly_bench.cc:926] Done queuing 4294967295 requests, which took 30.0s. Waiting for server processing
I20260914 17:40:10.118551 295518 dfly_bench.cc:1001] ReceiveFb done
I20260914 17:40:10.118635 295507 dfly_bench.cc:926] Done queuing 4294967295 requests, which took 30.0s. Waiting for server processing
I20260914 17:40:10.118543 295515 dfly_bench.cc:1001] ReceiveFb done
I20260914 17:40:10.118598 295517 dfly_bench.cc:926] Done queuing 4294967295 requests, which took 30.0s. Waiting for server processing
I20260914 17:40:10.118659 295504 dfly_bench.cc:1001] ReceiveFb done
I20260914 17:40:10.118662 295512 dfly_bench.cc:1001] ReceiveFb done
I20260914 17:40:10.118660 295507 dfly_bench.cc:926] Done queuing 4294967295 requests, which took 30.0s. Waiting for server processing
I20260914 17:40:10.118652 295516 dfly_bench.cc:1001] ReceiveFb done
I20260914 17:40:10.118680 295504 dfly_bench.cc:1001] ReceiveFb done
I20260914 17:40:10.118562 295513 dfly_bench.cc:1001] ReceiveFb done
I20260914 17:40:10.118624 295510 dfly_bench.cc:926] Done queuing 4294967295 requests, which took 30.0s. Waiting for server processing
I20260914 17:40:10.118703 295504 dfly_bench.cc:1001] ReceiveFb done
I20260914 17:40:10.118712 295508 dfly_bench.cc:1001] ReceiveFb done
I20260914 17:40:10.118718 295513 dfly_bench.cc:1001] ReceiveFb done
I20260914 17:40:10.118714 295509 dfly_bench.cc:1126] Total hits: 1999545
I20260914 17:40:10.118693 295516 dfly_bench.cc:1001] ReceiveFb done
I20260914 17:40:10.118724 295504 dfly_bench.cc:1001] ReceiveFb done
I20260914 17:40:10.118672 295515 dfly_bench.cc:1001] ReceiveFb done
I20260914 17:40:10.118741 295513 dfly_bench.cc:1001] ReceiveFb done
I20260914 17:40:10.118752 295516 dfly_bench.cc:1001] ReceiveFb done
I20260914 17:40:10.118757 295508 dfly_bench.cc:1001] ReceiveFb done
I20260914 17:40:10.118711 295510 dfly_bench.cc:926] Done queuing 4294967295 requests, which took 30.0s. Waiting for server processing
I20260914 17:40:10.118778 295508 dfly_bench.cc:1001] ReceiveFb done
I20260914 17:40:10.118765 295515 dfly_bench.cc:1001] ReceiveFb done
I20260914 17:40:10.118773 295513 dfly_bench.cc:926] Done queuing 4294967295 requests, which took 30.0s. Waiting for server processing
I20260914 17:40:10.118775 295510 dfly_bench.cc:926] Done queuing 4294967295 requests, which took 30.0s. Waiting for server processing
I20260914 17:40:10.118800 295508 dfly_bench.cc:1001] ReceiveFb done
I20260914 17:40:10.118806 295510 dfly_bench.cc:926] Done queuing 4294967295 requests, which took 30.0s. Waiting for server processing
I20260914 17:40:10.118763 295518 dfly_bench.cc:1126] Total hits: 1987434
I20260914 17:40:10.118804 295513 dfly_bench.cc:926] Done queuing 4294967295 requests, which took 30.0s. Waiting for server processing
I20260914 17:40:10.118831 295517 dfly_bench.cc:1001] ReceiveFb done
I20260914 17:40:10.118808 295515 dfly_bench.cc:1001] ReceiveFb done
I20260914 17:40:10.118818 295508 dfly_bench.cc:1001] ReceiveFb done
I20260914 17:40:10.118850 295517 dfly_bench.cc:926] Done queuing 4294967295 requests, which took 30.0s. Waiting for server processing
I20260914 17:40:10.118858 295515 dfly_bench.cc:1001] ReceiveFb done
I20260914 17:40:10.118861 295517 dfly_bench.cc:926] Done queuing 4294967295 requests, which took 30.0s. Waiting for server processing
I20260914 17:40:10.118868 295508 dfly_bench.cc:1001] ReceiveFb done
I20260914 17:40:10.118868 295517 dfly_bench.cc:926] Done queuing 4294967295 requests, which took 30.0s. Waiting for server processing
I20260914 17:40:10.118877 295510 dfly_bench.cc:1001] ReceiveFb done
I20260914 17:40:10.118877 295515 dfly_bench.cc:1001] ReceiveFb done
I20260914 17:40:10.118909 295517 dfly_bench.cc:1001] ReceiveFb done
I20260914 17:40:10.118912 295510 dfly_bench.cc:1001] ReceiveFb done
I20260914 17:40:10.118919 295515 dfly_bench.cc:1001] ReceiveFb done
I20260914 17:40:10.118927 295517 dfly_bench.cc:1001] ReceiveFb done
I20260914 17:40:10.118932 295510 dfly_bench.cc:1001] ReceiveFb done
I20260914 17:40:10.118947 295517 dfly_bench.cc:1001] ReceiveFb done
I20260914 17:40:10.118949 295510 dfly_bench.cc:1001] ReceiveFb done
I20260914 17:40:10.118968 295510 dfly_bench.cc:1001] ReceiveFb done
I20260914 17:40:10.118978 295516 dfly_bench.cc:1001] ReceiveFb done
I20260914 17:40:10.118984 295505 dfly_bench.cc:926] Done queuing 4294967295 requests, which took 30.0s. Waiting for server processing
I20260914 17:40:10.118986 295508 dfly_bench.cc:1126] Total hits: 2070056
I20260914 17:40:10.118997 295516 dfly_bench.cc:1001] ReceiveFb done
I20260914 17:40:10.119011 295505 dfly_bench.cc:1001] ReceiveFb done
I20260914 17:40:10.119016 295516 dfly_bench.cc:1001] ReceiveFb done
I20260914 17:40:10.119021 295517 dfly_bench.cc:1126] Total hits: 2026072
I20260914 17:40:10.119026 295507 dfly_bench.cc:1001] ReceiveFb done
I20260914 17:40:10.119030 295505 dfly_bench.cc:1001] ReceiveFb done
I20260914 17:40:10.119035 295516 dfly_bench.cc:1001] ReceiveFb done
I20260914 17:40:10.119046 295507 dfly_bench.cc:1001] ReceiveFb done
I20260914 17:40:10.119050 295505 dfly_bench.cc:1001] ReceiveFb done
I20260914 17:40:10.119055 295516 dfly_bench.cc:926] Done queuing 4294967295 requests, which took 30.0s. Waiting for server processing
I20260914 17:40:10.119063 295516 dfly_bench.cc:926] Done queuing 4294967295 requests, which took 30.0s. Waiting for server processing
I20260914 17:40:10.119071 295515 dfly_bench.cc:1001] ReceiveFb done
I20260914 17:40:10.119083 295510 dfly_bench.cc:1126] Total hits: 1906260
I20260914 17:40:10.119089 295515 dfly_bench.cc:1001] ReceiveFb done
I20260914 17:40:10.119103 295507 dfly_bench.cc:1126] Total hits: 2043044
I20260914 17:40:10.119108 295515 dfly_bench.cc:1001] ReceiveFb done
I20260914 17:40:10.119118 295519 dfly_bench.cc:1001] ReceiveFb done
I20260914 17:40:10.119125 295505 dfly_bench.cc:1126] Total hits: 1980494
I20260914 17:40:10.119139 295519 dfly_bench.cc:926] Done queuing 4294967295 requests, which took 30.0s. Waiting for server processing
I20260914 17:40:10.119163 295516 dfly_bench.cc:1001] ReceiveFb done
I20260914 17:40:10.119174 295519 dfly_bench.cc:1001] ReceiveFb done
I20260914 17:40:10.119182 295516 dfly_bench.cc:1001] ReceiveFb done
I20260914 17:40:10.119182 295515 dfly_bench.cc:1126] Total hits: 1957166
I20260914 17:40:10.119205 295504 dfly_bench.cc:1001] ReceiveFb done
I20260914 17:40:10.119210 295519 dfly_bench.cc:1126] Total hits: 1969934
I20260914 17:40:10.119226 295504 dfly_bench.cc:926] Done queuing 4294967295 requests, which took 30.0s. Waiting for server processing
I20260914 17:40:10.119234 295504 dfly_bench.cc:926] Done queuing 4294967295 requests, which took 30.0s. Waiting for server processing
I20260914 17:40:10.119236 295506 dfly_bench.cc:1001] ReceiveFb done
I20260914 17:40:10.119238 295516 dfly_bench.cc:1126] Total hits: 2038357
I20260914 17:40:10.119262 295504 dfly_bench.cc:1001] ReceiveFb done
I20260914 17:40:10.119264 295506 dfly_bench.cc:1001] ReceiveFb done
I20260914 17:40:10.119293 295504 dfly_bench.cc:1001] ReceiveFb done
I20260914 17:40:10.119299 295506 dfly_bench.cc:926] Done queuing 4294967295 requests, which took 30.0s. Waiting for server processing
I20260914 17:40:10.119319 295512 dfly_bench.cc:926] Done queuing 4294967295 requests, which took 30.0s. Waiting for server processing
I20260914 17:40:10.119334 295512 dfly_bench.cc:1001] ReceiveFb done
I20260914 17:40:10.119350 295506 dfly_bench.cc:1001] ReceiveFb done
I20260914 17:40:10.119357 295504 dfly_bench.cc:1126] Total hits: 1976750
I20260914 17:40:10.119374 295506 dfly_bench.cc:926] Done queuing 4294967295 requests, which took 30.0s. Waiting for server processing
I20260914 17:40:10.119382 295506 dfly_bench.cc:926] Done queuing 4294967295 requests, which took 30.0s. Waiting for server processing
I20260914 17:40:10.119393 295506 dfly_bench.cc:926] Done queuing 4294967295 requests, which took 30.0s. Waiting for server processing
I20260914 17:40:10.119400 295506 dfly_bench.cc:926] Done queuing 4294967295 requests, which took 30.0s. Waiting for server processing
I20260914 17:40:10.119352 295512 dfly_bench.cc:926] Done queuing 4294967295 requests, which took 30.0s. Waiting for server processing
I20260914 17:40:10.119431 295506 dfly_bench.cc:1001] ReceiveFb done
I20260914 17:40:10.119446 295512 dfly_bench.cc:926] Done queuing 4294967295 requests, which took 30.0s. Waiting for server processing
I20260914 17:40:10.119477 295513 dfly_bench.cc:1001] ReceiveFb done
I20260914 17:40:10.119550 295512 dfly_bench.cc:1001] ReceiveFb done
I20260914 17:40:10.119570 295513 dfly_bench.cc:1001] ReceiveFb done
I20260914 17:40:10.119588 295512 dfly_bench.cc:1001] ReceiveFb done
I20260914 17:40:10.119608 295513 dfly_bench.cc:926] Done queuing 4294967295 requests, which took 30.0s. Waiting for server processing
I20260914 17:40:10.119506 295506 dfly_bench.cc:1001] ReceiveFb done
I20260914 17:40:10.119663 295512 dfly_bench.cc:1126] Total hits: 2002401
I20260914 17:40:10.119676 295513 dfly_bench.cc:1001] ReceiveFb done
I20260914 17:40:10.119680 295506 dfly_bench.cc:1001] ReceiveFb done
I20260914 17:40:10.119730 295513 dfly_bench.cc:926] Done queuing 4294967295 requests, which took 30.0s. Waiting for server processing
I20260914 17:40:10.119761 295506 dfly_bench.cc:1001] ReceiveFb done
I20260914 17:40:10.119800 295513 dfly_bench.cc:1001] ReceiveFb done
I20260914 17:40:10.119880 295513 dfly_bench.cc:1126] Total hits: 1908027
I20260914 17:40:10.119911 295506 dfly_bench.cc:1126] Total hits: 1998669
30s: 100.0% done, RPS(now/agg): 1076572/1063956, errs: 0, hitrate: 100.0%, clients: 0
done_min: 100.00%, done_max: 100.04%, p99_lat(us): 880, max_pending: 0
I20260914 17:40:10.123764 295506 dfly_bench.cc:1466] 30s: 100.0% done, RPS(now/agg): 1076572/1063956, errs: 0, hitrate: 100.0%, clients: 0
done_min: 100.00%, done_max: 100.04%, p99_lat(us): 880, max_pending: 0
I20260914 17:40:10.123845 295503 dfly_bench.cc:1711] Resetting all threads

Total time: 30.007874326s. Overall number of requests: 31930387, QPS: 1063603, P99 lat: 898.674us
Latency summary, all times are in usec:
Count: 31930387 Average: 598.1701
Min: 195.0000  Median: 578.1633  Max: 66342.0000
------------------------------------------------------
[     180,     200 ) 3   0.000%   0.000% 
[     200,     250 ) 7409   0.023%   0.023% 
[     250,     300 ) 51725   0.162%   0.185% 
[     300,     350 ) 146533   0.459%   0.644% 
[     350,     400 ) 597428   1.871%   2.515% 
[     400,     450 ) 1773761   5.555%   8.070% #
[     450,     500 ) 3752552  11.752%  19.823% ##
[     500,     600 ) 12327757  38.608%  58.431% ########
[     600,     700 ) 9210389  28.845%  87.276% ######
[     700,     800 ) 3087260   9.669%  96.945% ##
[     800,     900 ) 665082   2.083%  99.028% 
[     900,    1000 ) 129064   0.404%  99.432% 
[    1000,    1200 ) 52728   0.165%  99.597% 
[    1200,    1400 ) 22232   0.070%  99.667% 
[    1400,    1600 ) 17899   0.056%  99.723% 
[    1600,    1800 ) 16206   0.051%  99.773% 
[    1800,    2000 ) 13595   0.043%  99.816% 
[    2000,    2500 ) 17255   0.054%  99.870% 
[    2500,    3000 ) 8466   0.027%  99.897% 
[    3000,    3500 ) 5830   0.018%  99.915% 
[    3500,    4000 ) 4820   0.015%  99.930% 
[    4000,    4500 ) 1984   0.006%  99.936% 
[    4500,    5000 ) 1386   0.004%  99.940% 
[    5000,    6000 ) 2252   0.007%  99.947% 
[    6000,    7000 ) 1898   0.006%  99.953% 
[    7000,    8000 ) 1327   0.004%  99.958% 
[    8000,    9000 ) 1488   0.005%  99.962% 
[    9000,   10000 ) 804   0.003%  99.965% 
[   10000,   12000 ) 1311   0.004%  99.969% 
[   12000,   14000 ) 989   0.003%  99.972% 
[   14000,   16000 ) 922   0.003%  99.975% 
[   16000,   18000 ) 882   0.003%  99.978% 
[   18000,   20000 ) 898   0.003%  99.980% 
[   20000,   25000 ) 2679   0.008%  99.989% 
[   25000,   30000 ) 1725   0.005%  99.994% 
[   30000,   35000 ) 804   0.003%  99.997% 
[   35000,   40000 ) 548   0.002%  99.998% 
[   40000,   45000 ) 123   0.000%  99.999% 
[   45000,   50000 ) 160   0.001%  99.999% 
[   50000,   60000 ) 202   0.001% 100.000% 
[   60000,   70000 ) 11   0.000% 100.000% 
----------------------------------
Hit rate: 100%
I20260914 17:40:10.124238 295503 dfly_bench.cc:1721] 
Total time: 30.007874326s. Overall number of requests: 31930387, QPS: 1063603, P99 lat: 898.674us
I20260914 17:40:10.124307 295503 dfly_bench.cc:1730] Latency summary, all times are in usec:
Count: 31930387 Average: 598.1701
Min: 195.0000  Median: 578.1633  Max: 66342.0000
------------------------------------------------------
[     180,     200 ) 3   0.000%   0.000% 
[     200,     250 ) 7409   0.023%   0.023% 
[     250,     300 ) 51725   0.162%   0.185% 
[     300,     350 ) 146533   0.459%   0.644% 
[     350,     400 ) 597428   1.871%   2.515% 
[     400,     450 ) 1773761   5.555%   8.070% #
[     450,     500 ) 3752552  11.752%  19.823% ##
[     500,     600 ) 12327757  38.608%  58.431% ########
[     600,     700 ) 9210389  28.845%  87.276% ######
[     700,     800 ) 3087260   9.669%  96.945% ##
[     800,     900 ) 665082   2.083%  99.028% 
[     900,    1000 ) 129064   0.404%  99.432% 
[    1000,    1200 ) 52728   0.165%  99.597% 
[    1200,    1400 ) 22232   0.070%  99.667% 
[    1400,    1600 ) 17899   0.056%  99.723% 
[    1600,    1800 ) 16206   0.051%  99.773% 
[    1800,    2000 ) 13595   0.043%  99.816% 
[    2000,    2500 ) 17255   0.054%  99.870% 
[    2500,    3000 ) 8466   0.027%  99.897% 
[    3000,    3500 ) 5830   0.018%  99.915% 
[    3500,    4000 ) 4820   0.015%  99.930% 
[    4000,    4500 ) 1984   0.006%  99.936% 
[    4500,    5000 ) 1386   0.004%  99.940% 
[    5000,    6000 ) 2252   0.007%  99.947% 
[    6000,    7000 ) 1898   0.006%  99.953% 
[    7000,    8000 ) 1327   0.004%  99.958% 
[    8000,    9000 ) 1488   0.005%  99.962% 
[    9000,   10000 ) 804   0.003%  99.965% 
[   10000,   12000 ) 1311   0.004%  99.969% 
[   12000,   14000 ) 989   0.003%  99.972% 
[   14000,   16000 ) 922   0.003%  99.975% 
[   16000,   18000 ) 882   0.003%  99.978% 
[   18000,   20000 ) 898   0.003%  99.980% 
[   20000,   25000 ) 2679   0.008%  99.989% 
[   25000,   30000 ) 1725   0.005%  99.994% 
[   30000,   35000 ) 804   0.003%  99.997% 
[   35000,   40000 ) 548   0.002%  99.998% 
[   40000,   45000 ) 123   0.000%  99.999% 
[   45000,   50000 ) 160   0.001%  99.999% 
[   50000,   60000 ) 202   0.001% 100.000% 
[   60000,   70000 ) 11   0.000% 100.000% 
I20260914 17:40:10.124368 295503 dfly_bench.cc:1732] ----------------------------------
Hit rate: 100%
