I20260914 18:59:27.051923 301141 init.cc:144] /mnt/dev/dfly-get-issue20-20260909/dfly_bench-x86_64 running in opt mode.
I20260914 18:59:27.052524 301142 uring_proactor.cc:263] IORing with 256 entries, allocated 24640 bytes, cq_entries is 512
I20260914 18:59:27.053721 301141 proactor_pool.cc:149] Running 16 io threads
I20260914 18:59:27.055027 301143 dfly_bench.cc:1512] Cluster spec: efdb4ebb0f594e5c4119cc389066357122762bde 172.16.0.4:6379@0 myself,master - 0 0 1 connected 0-16383
Connecting to 1 shard cluster
I20260914 18:59:27.055094 301141 dfly_bench.cc:1624] Connecting to 1 shard cluster
I20260914 18:59:27.055119 301142 dfly_bench.cc:1640] Seeding bitgen with seed 1243045329627533100
I20260914 18:59:27.055137 301148 dfly_bench.cc:1640] Seeding bitgen with seed 8553092770456429563
I20260914 18:59:27.055123 301144 dfly_bench.cc:1640] Seeding bitgen with seed 5026942987894540730
I20260914 18:59:27.055135 301147 dfly_bench.cc:1640] Seeding bitgen with seed 7783080522614556570
I20260914 18:59:27.055164 301152 dfly_bench.cc:1640] Seeding bitgen with seed 15311748232098192072
I20260914 18:59:27.055176 301154 dfly_bench.cc:1640] Seeding bitgen with seed 11500936686357013570
I20260914 18:59:27.055160 301150 dfly_bench.cc:1640] Seeding bitgen with seed 7899212067029863666
I20260914 18:59:27.055168 301153 dfly_bench.cc:1640] Seeding bitgen with seed 18399147859668680938
I20260914 18:59:27.055181 301155 dfly_bench.cc:1640] Seeding bitgen with seed 1719932836085518364
I20260914 18:59:27.055133 301146 dfly_bench.cc:1640] Seeding bitgen with seed 508857288589211280
I20260914 18:59:27.055183 301156 dfly_bench.cc:1640] Seeding bitgen with seed 4362168205812275373
I20260914 18:59:27.055219 301157 dfly_bench.cc:1640] Seeding bitgen with seed 10034119853181570522
I20260914 18:59:27.055140 301149 dfly_bench.cc:1640] Seeding bitgen with seed 3143944105604282987
I20260914 18:59:27.055121 301145 dfly_bench.cc:1640] Seeding bitgen with seed 12765069434044475710
I20260914 18:59:27.055120 301143 dfly_bench.cc:1640] Seeding bitgen with seed 9942575301384282853
I20260914 18:59:27.055161 301151 dfly_bench.cc:1640] Seeding bitgen with seed 6179063934678835493
Coordinated omission mode - the rate is determined by the server
I20260914 18:59:27.110399 301141 dfly_bench.cc:1686] Coordinated omission mode - the rate is determined by the server
I20260914 18:59:27.113713 301144 dfly_bench.cc:1418] Started watching
5s: 16.7% done, RPS(now/agg): 730707/730707, errs: 0, hitrate: 100.0%, clients: 640
done_min: 16.67%, done_max: 16.67%, p99_lat(us): 5785, max_pending: 1
I20260914 18:59:32.114413 301144 dfly_bench.cc:1466] 5s: 16.7% done, RPS(now/agg): 730707/730707, errs: 0, hitrate: 100.0%, clients: 640
done_min: 16.67%, done_max: 16.67%, p99_lat(us): 5785, max_pending: 1
10s: 33.3% done, RPS(now/agg): 713621/722164, errs: 0, hitrate: 100.0%, clients: 640
done_min: 33.34%, done_max: 33.34%, p99_lat(us): 6184, max_pending: 1
I20260914 18:59:37.114784 301144 dfly_bench.cc:1466] 10s: 33.3% done, RPS(now/agg): 713621/722164, errs: 0, hitrate: 100.0%, clients: 640
done_min: 33.34%, done_max: 33.34%, p99_lat(us): 6184, max_pending: 1
15s: 50.0% done, RPS(now/agg): 731367/725183, errs: 0, hitrate: 100.0%, clients: 640
done_min: 50.00%, done_max: 50.01%, p99_lat(us): 5828, max_pending: 1
I20260914 18:59:42.115770 301144 dfly_bench.cc:1466] 15s: 50.0% done, RPS(now/agg): 731367/725183, errs: 0, hitrate: 100.0%, clients: 640
done_min: 50.00%, done_max: 50.01%, p99_lat(us): 5828, max_pending: 1
20s: 66.7% done, RPS(now/agg): 749929/731333, errs: 0, hitrate: 100.0%, clients: 640
done_min: 66.67%, done_max: 66.68%, p99_lat(us): 5524, max_pending: 1
I20260914 18:59:47.116573 301144 dfly_bench.cc:1466] 20s: 66.7% done, RPS(now/agg): 749929/731333, errs: 0, hitrate: 100.0%, clients: 640
done_min: 66.67%, done_max: 66.68%, p99_lat(us): 5524, max_pending: 1
25s: 83.3% done, RPS(now/agg): 736655/732368, errs: 0, hitrate: 100.0%, clients: 640
done_min: 83.34%, done_max: 83.35%, p99_lat(us): 5634, max_pending: 1
I20260914 18:59:52.117306 301144 dfly_bench.cc:1466] 25s: 83.3% done, RPS(now/agg): 736655/732368, errs: 0, hitrate: 100.0%, clients: 640
done_min: 83.34%, done_max: 83.35%, p99_lat(us): 5634, max_pending: 1
I20260914 18:59:57.113577 301154 dfly_bench.cc:926] Done queuing 4294967295 requests, which took 30.0s. Waiting for server processing
I20260914 18:59:57.113597 301151 dfly_bench.cc:926] Done queuing 4294967295 requests, which took 30.0s. Waiting for server processing
I20260914 18:59:57.113694 301154 dfly_bench.cc:1001] ReceiveFb done
I20260914 18:59:57.113695 301151 dfly_bench.cc:1001] ReceiveFb done
I20260914 18:59:57.113729 301144 dfly_bench.cc:926] Done queuing 4294967295 requests, which took 30.0s. Waiting for server processing
I20260914 18:59:57.113776 301143 dfly_bench.cc:926] Done queuing 4294967295 requests, which took 30.0s. Waiting for server processing
I20260914 18:59:57.113792 301142 dfly_bench.cc:926] Done queuing 4294967295 requests, which took 30.0s. Waiting for server processing
I20260914 18:59:57.113804 301144 dfly_bench.cc:1001] ReceiveFb done
I20260914 18:59:57.113812 301143 dfly_bench.cc:1001] ReceiveFb done
I20260914 18:59:57.113816 301142 dfly_bench.cc:1001] ReceiveFb done
I20260914 18:59:57.113813 301157 dfly_bench.cc:926] Done queuing 4294967295 requests, which took 30.0s. Waiting for server processing
I20260914 18:59:57.113838 301152 dfly_bench.cc:926] Done queuing 4294967295 requests, which took 30.0s. Waiting for server processing
I20260914 18:59:57.113828 301150 dfly_bench.cc:926] Done queuing 4294967295 requests, which took 30.0s. Waiting for server processing
I20260914 18:59:57.113744 301151 dfly_bench.cc:926] Done queuing 4294967295 requests, which took 30.0s. Waiting for server processing
I20260914 18:59:57.113880 301152 dfly_bench.cc:1001] ReceiveFb done
I20260914 18:59:57.113734 301154 dfly_bench.cc:926] Done queuing 4294967295 requests, which took 30.0s. Waiting for server processing
I20260914 18:59:57.113909 301156 dfly_bench.cc:926] Done queuing 4294967295 requests, which took 30.0s. Waiting for server processing
I20260914 18:59:57.113935 301142 dfly_bench.cc:926] Done queuing 4294967295 requests, which took 30.0s. Waiting for server processing
I20260914 18:59:57.113951 301145 dfly_bench.cc:926] Done queuing 4294967295 requests, which took 30.0s. Waiting for server processing
I20260914 18:59:57.113979 301156 dfly_bench.cc:1001] ReceiveFb done
I20260914 18:59:57.113966 301152 dfly_bench.cc:926] Done queuing 4294967295 requests, which took 30.0s. Waiting for server processing
I20260914 18:59:57.113991 301142 dfly_bench.cc:1001] ReceiveFb done
I20260914 18:59:57.114004 301152 dfly_bench.cc:1001] ReceiveFb done
I20260914 18:59:57.113878 301144 dfly_bench.cc:926] Done queuing 4294967295 requests, which took 30.0s. Waiting for server processing
I20260914 18:59:57.113857 301157 dfly_bench.cc:1001] ReceiveFb done
I20260914 18:59:57.113879 301151 dfly_bench.cc:926] Done queuing 4294967295 requests, which took 30.0s. Waiting for server processing
I20260914 18:59:57.114063 301156 dfly_bench.cc:926] Done queuing 4294967295 requests, which took 30.0s. Waiting for server processing
I20260914 18:59:57.113924 301147 dfly_bench.cc:926] Done queuing 4294967295 requests, which took 30.0s. Waiting for server processing
I20260914 18:59:57.114032 301142 dfly_bench.cc:926] Done queuing 4294967295 requests, which took 30.0s. Waiting for server processing
I20260914 18:59:57.113941 301155 dfly_bench.cc:926] Done queuing 4294967295 requests, which took 30.0s. Waiting for server processing
I20260914 18:59:57.114138 301151 dfly_bench.cc:1001] ReceiveFb done
I20260914 18:59:57.114123 301146 dfly_bench.cc:926] Done queuing 4294967295 requests, which took 30.0s. Waiting for server processing
I20260914 18:59:57.113910 301143 dfly_bench.cc:926] Done queuing 4294967295 requests, which took 30.0s. Waiting for server processing
I20260914 18:59:57.113893 301150 dfly_bench.cc:1001] ReceiveFb done
I20260914 18:59:57.113839 301148 dfly_bench.cc:926] Done queuing 4294967295 requests, which took 30.0s. Waiting for server processing
I20260914 18:59:57.113904 301154 dfly_bench.cc:926] Done queuing 4294967295 requests, which took 30.0s. Waiting for server processing
I20260914 18:59:57.114034 301152 dfly_bench.cc:926] Done queuing 4294967295 requests, which took 30.0s. Waiting for server processing
I20260914 18:59:57.114164 301143 dfly_bench.cc:926] Done queuing 4294967295 requests, which took 30.0s. Waiting for server processing
I20260914 18:59:57.113940 301153 dfly_bench.cc:926] Done queuing 4294967295 requests, which took 30.0s. Waiting for server processing
I20260914 18:59:57.114187 301143 dfly_bench.cc:926] Done queuing 4294967295 requests, which took 30.0s. Waiting for server processing
I20260914 18:59:57.114157 301146 dfly_bench.cc:926] Done queuing 4294967295 requests, which took 30.0s. Waiting for server processing
I20260914 18:59:57.114126 301147 dfly_bench.cc:1001] ReceiveFb done
I20260914 18:59:57.114110 301144 dfly_bench.cc:1001] ReceiveFb done
I20260914 18:59:57.114166 301151 dfly_bench.cc:1001] ReceiveFb done
I20260914 18:59:57.113994 301145 dfly_bench.cc:926] Done queuing 4294967295 requests, which took 30.0s. Waiting for server processing
I20260914 18:59:57.114233 301144 dfly_bench.cc:926] Done queuing 4294967295 requests, which took 30.0s. Waiting for server processing
I20260914 18:59:57.114234 301147 dfly_bench.cc:926] Done queuing 4294967295 requests, which took 30.0s. Waiting for server processing
I20260914 18:59:57.114248 301151 dfly_bench.cc:926] Done queuing 4294967295 requests, which took 30.0s. Waiting for server processing
I20260914 18:59:57.114144 301157 dfly_bench.cc:926] Done queuing 4294967295 requests, which took 30.0s. Waiting for server processing
I20260914 18:59:57.114106 301142 dfly_bench.cc:926] Done queuing 4294967295 requests, which took 30.0s. Waiting for server processing
I20260914 18:59:57.114236 301148 dfly_bench.cc:1001] ReceiveFb done
I20260914 18:59:57.114217 301155 dfly_bench.cc:1001] ReceiveFb done
I20260914 18:59:57.114244 301144 dfly_bench.cc:926] Done queuing 4294967295 requests, which took 30.0s. Waiting for server processing
I20260914 18:59:57.114171 301150 dfly_bench.cc:926] Done queuing 4294967295 requests, which took 30.0s. Waiting for server processing
I20260914 18:59:57.114180 301152 dfly_bench.cc:926] Done queuing 4294967295 requests, which took 30.0s. Waiting for server processing
I20260914 18:59:57.114264 301147 dfly_bench.cc:926] Done queuing 4294967295 requests, which took 30.0s. Waiting for server processing
I20260914 18:59:57.114130 301156 dfly_bench.cc:1001] ReceiveFb done
I20260914 18:59:57.114266 301142 dfly_bench.cc:926] Done queuing 4294967295 requests, which took 30.0s. Waiting for server processing
I20260914 18:59:57.114223 301146 dfly_bench.cc:1001] ReceiveFb done
I20260914 18:59:57.114298 301148 dfly_bench.cc:926] Done queuing 4294967295 requests, which took 30.0s. Waiting for server processing
I20260914 18:59:57.114259 301151 dfly_bench.cc:926] Done queuing 4294967295 requests, which took 30.0s. Waiting for server processing
I20260914 18:59:57.114337 301148 dfly_bench.cc:926] Done queuing 4294967295 requests, which took 30.0s. Waiting for server processing
I20260914 18:59:57.114177 301149 dfly_bench.cc:926] Done queuing 4294967295 requests, which took 30.0s. Waiting for server processing
I20260914 18:59:57.114295 301144 dfly_bench.cc:926] Done queuing 4294967295 requests, which took 30.0s. Waiting for server processing
I20260914 18:59:57.114311 301147 dfly_bench.cc:926] Done queuing 4294967295 requests, which took 30.0s. Waiting for server processing
I20260914 18:59:57.114300 301150 dfly_bench.cc:926] Done queuing 4294967295 requests, which took 30.0s. Waiting for server processing
I20260914 18:59:57.114226 301143 dfly_bench.cc:1001] ReceiveFb done
I20260914 18:59:57.114387 301152 dfly_bench.cc:1001] ReceiveFb done
I20260914 18:59:57.114264 301157 dfly_bench.cc:926] Done queuing 4294967295 requests, which took 30.0s. Waiting for server processing
I20260914 18:59:57.114374 301147 dfly_bench.cc:926] Done queuing 4294967295 requests, which took 30.0s. Waiting for server processing
I20260914 18:59:57.114255 301154 dfly_bench.cc:1001] ReceiveFb done
I20260914 18:59:57.114377 301144 dfly_bench.cc:926] Done queuing 4294967295 requests, which took 30.0s. Waiting for server processing
I20260914 18:59:57.114305 301155 dfly_bench.cc:926] Done queuing 4294967295 requests, which took 30.0s. Waiting for server processing
I20260914 18:59:57.114347 301148 dfly_bench.cc:926] Done queuing 4294967295 requests, which took 30.0s. Waiting for server processing
I20260914 18:59:57.114384 301142 dfly_bench.cc:1001] ReceiveFb done
I20260914 18:59:57.114346 301146 dfly_bench.cc:1001] ReceiveFb done
I20260914 18:59:57.114428 301154 dfly_bench.cc:1001] ReceiveFb done
I20260914 18:59:57.114305 301145 dfly_bench.cc:1001] ReceiveFb done
I20260914 18:59:57.114440 301156 dfly_bench.cc:926] Done queuing 4294967295 requests, which took 30.0s. Waiting for server processing
I20260914 18:59:57.114284 301153 dfly_bench.cc:1001] ReceiveFb done
I20260914 18:59:57.114398 301157 dfly_bench.cc:926] Done queuing 4294967295 requests, which took 30.0s. Waiting for server processing
I20260914 18:59:57.114450 301146 dfly_bench.cc:926] Done queuing 4294967295 requests, which took 30.0s. Waiting for server processing
I20260914 18:59:57.114429 301155 dfly_bench.cc:926] Done queuing 4294967295 requests, which took 30.0s. Waiting for server processing
I20260914 18:59:57.114394 301143 dfly_bench.cc:1001] ReceiveFb done
I20260914 18:59:57.114431 301148 dfly_bench.cc:926] Done queuing 4294967295 requests, which took 30.0s. Waiting for server processing
I20260914 18:59:57.114424 301144 dfly_bench.cc:926] Done queuing 4294967295 requests, which took 30.0s. Waiting for server processing
I20260914 18:59:57.114344 301151 dfly_bench.cc:926] Done queuing 4294967295 requests, which took 30.0s. Waiting for server processing
I20260914 18:59:57.114404 301149 dfly_bench.cc:1001] ReceiveFb done
I20260914 18:59:57.114423 301147 dfly_bench.cc:926] Done queuing 4294967295 requests, which took 30.0s. Waiting for server processing
I20260914 18:59:57.114459 301156 dfly_bench.cc:926] Done queuing 4294967295 requests, which took 30.0s. Waiting for server processing
I20260914 18:59:57.114481 301155 dfly_bench.cc:926] Done queuing 4294967295 requests, which took 30.0s. Waiting for server processing
I20260914 18:59:57.114471 301145 dfly_bench.cc:1001] ReceiveFb done
I20260914 18:59:57.114375 301150 dfly_bench.cc:926] Done queuing 4294967295 requests, which took 30.0s. Waiting for server processing
I20260914 18:59:57.114452 301154 dfly_bench.cc:926] Done queuing 4294967295 requests, which took 30.0s. Waiting for server processing
I20260914 18:59:57.114498 301148 dfly_bench.cc:926] Done queuing 4294967295 requests, which took 30.0s. Waiting for server processing
I20260914 18:59:57.114475 301157 dfly_bench.cc:926] Done queuing 4294967295 requests, which took 30.0s. Waiting for server processing
I20260914 18:59:57.114483 301146 dfly_bench.cc:926] Done queuing 4294967295 requests, which took 30.0s. Waiting for server processing
I20260914 18:59:57.114523 301157 dfly_bench.cc:926] Done queuing 4294967295 requests, which took 30.0s. Waiting for server processing
I20260914 18:59:57.114491 301153 dfly_bench.cc:926] Done queuing 4294967295 requests, which took 30.0s. Waiting for server processing
I20260914 18:59:57.114447 301142 dfly_bench.cc:1001] ReceiveFb done
I20260914 18:59:57.114496 301151 dfly_bench.cc:926] Done queuing 4294967295 requests, which took 30.0s. Waiting for server processing
I20260914 18:59:57.114542 301157 dfly_bench.cc:926] Done queuing 4294967295 requests, which took 30.0s. Waiting for server processing
I20260914 18:59:57.114521 301148 dfly_bench.cc:926] Done queuing 4294967295 requests, which took 30.0s. Waiting for server processing
I20260914 18:59:57.114535 301145 dfly_bench.cc:926] Done queuing 4294967295 requests, which took 30.0s. Waiting for server processing
I20260914 18:59:57.114494 301144 dfly_bench.cc:926] Done queuing 4294967295 requests, which took 30.0s. Waiting for server processing
I20260914 18:59:57.114562 301157 dfly_bench.cc:926] Done queuing 4294967295 requests, which took 30.0s. Waiting for server processing
I20260914 18:59:57.114523 301149 dfly_bench.cc:926] Done queuing 4294967295 requests, which took 30.0s. Waiting for server processing
I20260914 18:59:57.114511 301147 dfly_bench.cc:926] Done queuing 4294967295 requests, which took 30.0s. Waiting for server processing
I20260914 18:59:57.114562 301148 dfly_bench.cc:926] Done queuing 4294967295 requests, which took 30.0s. Waiting for server processing
I20260914 18:59:57.114411 301152 dfly_bench.cc:1001] ReceiveFb done
I20260914 18:59:57.114627 301146 dfly_bench.cc:1001] ReceiveFb done
I20260914 18:59:57.114552 301153 dfly_bench.cc:926] Done queuing 4294967295 requests, which took 30.0s. Waiting for server processing
I20260914 18:59:57.114641 301153 dfly_bench.cc:926] Done queuing 4294967295 requests, which took 30.0s. Waiting for server processing
I20260914 18:59:57.114655 301153 dfly_bench.cc:926] Done queuing 4294967295 requests, which took 30.0s. Waiting for server processing
I20260914 18:59:57.114596 301147 dfly_bench.cc:926] Done queuing 4294967295 requests, which took 30.0s. Waiting for server processing
I20260914 18:59:57.114606 301144 dfly_bench.cc:926] Done queuing 4294967295 requests, which took 30.0s. Waiting for server processing
I20260914 18:59:57.114521 301154 dfly_bench.cc:926] Done queuing 4294967295 requests, which took 30.0s. Waiting for server processing
I20260914 18:59:57.114552 301151 dfly_bench.cc:926] Done queuing 4294967295 requests, which took 30.0s. Waiting for server processing
I20260914 18:59:57.114709 301151 dfly_bench.cc:926] Done queuing 4294967295 requests, which took 30.0s. Waiting for server processing
I20260914 18:59:57.114713 301148 dfly_bench.cc:1001] ReceiveFb done
I20260914 18:59:57.114717 301151 dfly_bench.cc:926] Done queuing 4294967295 requests, which took 30.0s. Waiting for server processing
I20260914 18:59:57.114724 301151 dfly_bench.cc:926] Done queuing 4294967295 requests, which took 30.0s. Waiting for server processing
I20260914 18:59:57.114733 301148 dfly_bench.cc:1001] ReceiveFb done
I20260914 18:59:57.114753 301148 dfly_bench.cc:1001] ReceiveFb done
I20260914 18:59:57.114596 301149 dfly_bench.cc:926] Done queuing 4294967295 requests, which took 30.0s. Waiting for server processing
I20260914 18:59:57.114786 301147 dfly_bench.cc:1001] ReceiveFb done
I20260914 18:59:57.114521 301143 dfly_bench.cc:1001] ReceiveFb done
I20260914 18:59:57.114519 301150 dfly_bench.cc:926] Done queuing 4294967295 requests, which took 30.0s. Waiting for server processing
I20260914 18:59:57.114801 301149 dfly_bench.cc:926] Done queuing 4294967295 requests, which took 30.0s. Waiting for server processing
I20260914 18:59:57.114579 301157 dfly_bench.cc:926] Done queuing 4294967295 requests, which took 30.0s. Waiting for server processing
I20260914 18:59:57.114807 301147 dfly_bench.cc:1001] ReceiveFb done
I20260914 18:59:57.114812 301149 dfly_bench.cc:926] Done queuing 4294967295 requests, which took 30.0s. Waiting for server processing
I20260914 18:59:57.114511 301156 dfly_bench.cc:926] Done queuing 4294967295 requests, which took 30.0s. Waiting for server processing
I20260914 18:59:57.114562 301142 dfly_bench.cc:1001] ReceiveFb done
I20260914 18:59:57.114825 301149 dfly_bench.cc:926] Done queuing 4294967295 requests, which took 30.0s. Waiting for server processing
I20260914 18:59:57.114665 301153 dfly_bench.cc:926] Done queuing 4294967295 requests, which took 30.0s. Waiting for server processing
I20260914 18:59:57.114843 301143 dfly_bench.cc:926] Done queuing 4294967295 requests, which took 30.0s. Waiting for server processing
I20260914 18:59:57.114814 301157 dfly_bench.cc:926] Done queuing 4294967295 requests, which took 30.0s. Waiting for server processing
I20260914 18:59:57.114816 301151 dfly_bench.cc:1001] ReceiveFb done
I20260914 18:59:57.114648 301146 dfly_bench.cc:1001] ReceiveFb done
I20260914 18:59:57.114859 301143 dfly_bench.cc:926] Done queuing 4294967295 requests, which took 30.0s. Waiting for server processing
I20260914 18:59:57.114840 301156 dfly_bench.cc:926] Done queuing 4294967295 requests, which took 30.0s. Waiting for server processing
I20260914 18:59:57.114521 301155 dfly_bench.cc:926] Done queuing 4294967295 requests, which took 30.0s. Waiting for server processing
I20260914 18:59:57.114877 301151 dfly_bench.cc:1001] ReceiveFb done
I20260914 18:59:57.114570 301145 dfly_bench.cc:926] Done queuing 4294967295 requests, which took 30.0s. Waiting for server processing
I20260914 18:59:57.114900 301151 dfly_bench.cc:1001] ReceiveFb done
I20260914 18:59:57.114696 301154 dfly_bench.cc:926] Done queuing 4294967295 requests, which took 30.0s. Waiting for server processing
I20260914 18:59:57.114881 301143 dfly_bench.cc:926] Done queuing 4294967295 requests, which took 30.0s. Waiting for server processing
I20260914 18:59:57.114873 301156 dfly_bench.cc:926] Done queuing 4294967295 requests, which took 30.0s. Waiting for server processing
I20260914 18:59:57.114647 301152 dfly_bench.cc:926] Done queuing 4294967295 requests, which took 30.0s. Waiting for server processing
I20260914 18:59:57.114837 301147 dfly_bench.cc:1001] ReceiveFb done
I20260914 18:59:57.114782 301148 dfly_bench.cc:1001] ReceiveFb done
I20260914 18:59:57.114689 301144 dfly_bench.cc:926] Done queuing 4294967295 requests, which took 30.0s. Waiting for server processing
I20260914 18:59:57.114847 301153 dfly_bench.cc:926] Done queuing 4294967295 requests, which took 30.0s. Waiting for server processing
I20260914 18:59:57.114852 301142 dfly_bench.cc:926] Done queuing 4294967295 requests, which took 30.0s. Waiting for server processing
I20260914 18:59:57.114867 301157 dfly_bench.cc:926] Done queuing 4294967295 requests, which took 30.0s. Waiting for server processing
I20260914 18:59:57.114908 301150 dfly_bench.cc:1001] ReceiveFb done
I20260914 18:59:57.114886 301146 dfly_bench.cc:926] Done queuing 4294967295 requests, which took 30.0s. Waiting for server processing
I20260914 18:59:57.114943 301142 dfly_bench.cc:926] Done queuing 4294967295 requests, which took 30.0s. Waiting for server processing
I20260914 18:59:57.114921 301145 dfly_bench.cc:926] Done queuing 4294967295 requests, which took 30.0s. Waiting for server processing
I20260914 18:59:57.114953 301147 dfly_bench.cc:1001] ReceiveFb done
I20260914 18:59:57.114943 301148 dfly_bench.cc:1001] ReceiveFb done
I20260914 18:59:57.114975 301144 dfly_bench.cc:1001] ReceiveFb done
I20260914 18:59:57.114918 301154 dfly_bench.cc:926] Done queuing 4294967295 requests, which took 30.0s. Waiting for server processing
I20260914 18:59:57.114946 301157 dfly_bench.cc:926] Done queuing 4294967295 requests, which took 30.0s. Waiting for server processing
I20260914 18:59:57.114928 301152 dfly_bench.cc:926] Done queuing 4294967295 requests, which took 30.0s. Waiting for server processing
I20260914 18:59:57.114991 301148 dfly_bench.cc:1001] ReceiveFb done
I20260914 18:59:57.114876 301149 dfly_bench.cc:926] Done queuing 4294967295 requests, which took 30.0s. Waiting for server processing
I20260914 18:59:57.114959 301150 dfly_bench.cc:1001] ReceiveFb done
I20260914 18:59:57.114998 301154 dfly_bench.cc:926] Done queuing 4294967295 requests, which took 30.0s. Waiting for server processing
I20260914 18:59:57.114962 301145 dfly_bench.cc:926] Done queuing 4294967295 requests, which took 30.0s. Waiting for server processing
I20260914 18:59:57.114888 301155 dfly_bench.cc:926] Done queuing 4294967295 requests, which took 30.0s. Waiting for server processing
I20260914 18:59:57.114951 301146 dfly_bench.cc:926] Done queuing 4294967295 requests, which took 30.0s. Waiting for server processing
I20260914 18:59:57.115031 301155 dfly_bench.cc:926] Done queuing 4294967295 requests, which took 30.0s. Waiting for server processing
I20260914 18:59:57.114989 301147 dfly_bench.cc:1001] ReceiveFb done
I20260914 18:59:57.114938 301153 dfly_bench.cc:926] Done queuing 4294967295 requests, which took 30.0s. Waiting for server processing
I20260914 18:59:57.114924 301156 dfly_bench.cc:926] Done queuing 4294967295 requests, which took 30.0s. Waiting for server processing
I20260914 18:59:57.114955 301142 dfly_bench.cc:926] Done queuing 4294967295 requests, which took 30.0s. Waiting for server processing
I20260914 18:59:57.115020 301148 dfly_bench.cc:1001] ReceiveFb done
I20260914 18:59:57.115005 301143 dfly_bench.cc:926] Done queuing 4294967295 requests, which took 30.0s. Waiting for server processing
I20260914 18:59:57.115022 301154 dfly_bench.cc:926] Done queuing 4294967295 requests, which took 30.0s. Waiting for server processing
I20260914 18:59:57.115000 301157 dfly_bench.cc:926] Done queuing 4294967295 requests, which took 30.0s. Waiting for server processing
I20260914 18:59:57.115061 301147 dfly_bench.cc:1001] ReceiveFb done
I20260914 18:59:57.115000 301144 dfly_bench.cc:1001] ReceiveFb done
I20260914 18:59:57.115099 301147 dfly_bench.cc:1001] ReceiveFb done
I20260914 18:59:57.115105 301144 dfly_bench.cc:1001] ReceiveFb done
I20260914 18:59:57.115033 301150 dfly_bench.cc:1001] ReceiveFb done
I20260914 18:59:57.115074 301157 dfly_bench.cc:926] Done queuing 4294967295 requests, which took 30.0s. Waiting for server processing
I20260914 18:59:57.114952 301151 dfly_bench.cc:1001] ReceiveFb done
I20260914 18:59:57.115046 301146 dfly_bench.cc:926] Done queuing 4294967295 requests, which took 30.0s. Waiting for server processing
I20260914 18:59:57.115059 301156 dfly_bench.cc:926] Done queuing 4294967295 requests, which took 30.0s. Waiting for server processing
I20260914 18:59:57.115069 301155 dfly_bench.cc:926] Done queuing 4294967295 requests, which took 30.0s. Waiting for server processing
I20260914 18:59:57.115069 301153 dfly_bench.cc:926] Done queuing 4294967295 requests, which took 30.0s. Waiting for server processing
I20260914 18:59:57.115134 301150 dfly_bench.cc:1001] ReceiveFb done
I20260914 18:59:57.115152 301156 dfly_bench.cc:926] Done queuing 4294967295 requests, which took 30.0s. Waiting for server processing
I20260914 18:59:57.115080 301149 dfly_bench.cc:1001] ReceiveFb done
I20260914 18:59:57.115062 301142 dfly_bench.cc:926] Done queuing 4294967295 requests, which took 30.0s. Waiting for server processing
I20260914 18:59:57.115072 301143 dfly_bench.cc:926] Done queuing 4294967295 requests, which took 30.0s. Waiting for server processing
I20260914 18:59:57.115182 301156 dfly_bench.cc:926] Done queuing 4294967295 requests, which took 30.0s. Waiting for server processing
I20260914 18:59:57.115026 301145 dfly_bench.cc:926] Done queuing 4294967295 requests, which took 30.0s. Waiting for server processing
I20260914 18:59:57.115072 301154 dfly_bench.cc:926] Done queuing 4294967295 requests, which took 30.0s. Waiting for server processing
I20260914 18:59:57.115085 301148 dfly_bench.cc:926] Done queuing 4294967295 requests, which took 30.0s. Waiting for server processing
I20260914 18:59:57.115003 301152 dfly_bench.cc:926] Done queuing 4294967295 requests, which took 30.0s. Waiting for server processing
I20260914 18:59:57.115187 301142 dfly_bench.cc:926] Done queuing 4294967295 requests, which took 30.0s. Waiting for server processing
I20260914 18:59:57.115218 301152 dfly_bench.cc:926] Done queuing 4294967295 requests, which took 30.0s. Waiting for server processing
I20260914 18:59:57.115203 301154 dfly_bench.cc:926] Done queuing 4294967295 requests, which took 30.0s. Waiting for server processing
I20260914 18:59:57.115187 301143 dfly_bench.cc:926] Done queuing 4294967295 requests, which took 30.0s. Waiting for server processing
I20260914 18:59:57.115238 301143 dfly_bench.cc:926] Done queuing 4294967295 requests, which took 30.0s. Waiting for server processing
I20260914 18:59:57.115182 301157 dfly_bench.cc:1001] ReceiveFb done
I20260914 18:59:57.115244 301156 dfly_bench.cc:1001] ReceiveFb done
I20260914 18:59:57.115206 301149 dfly_bench.cc:1001] ReceiveFb done
I20260914 18:59:57.115206 301153 dfly_bench.cc:926] Done queuing 4294967295 requests, which took 30.0s. Waiting for server processing
I20260914 18:59:57.115260 301157 dfly_bench.cc:1001] ReceiveFb done
I20260914 18:59:57.115226 301142 dfly_bench.cc:926] Done queuing 4294967295 requests, which took 30.0s. Waiting for server processing
I20260914 18:59:57.115157 301146 dfly_bench.cc:926] Done queuing 4294967295 requests, which took 30.0s. Waiting for server processing
I20260914 18:59:57.115307 301157 dfly_bench.cc:1001] ReceiveFb done
I20260914 18:59:57.115136 301144 dfly_bench.cc:1001] ReceiveFb done
I20260914 18:59:57.115135 301147 dfly_bench.cc:926] Done queuing 4294967295 requests, which took 30.0s. Waiting for server processing
I20260914 18:59:57.115245 301143 dfly_bench.cc:926] Done queuing 4294967295 requests, which took 30.0s. Waiting for server processing
I20260914 18:59:57.115314 301146 dfly_bench.cc:926] Done queuing 4294967295 requests, which took 30.0s. Waiting for server processing
I20260914 18:59:57.115334 301144 dfly_bench.cc:1001] ReceiveFb done
I20260914 18:59:57.115233 301154 dfly_bench.cc:926] Done queuing 4294967295 requests, which took 30.0s. Waiting for server processing
I20260914 18:59:57.115303 301142 dfly_bench.cc:926] Done queuing 4294967295 requests, which took 30.0s. Waiting for server processing
I20260914 18:59:57.115265 301156 dfly_bench.cc:1001] ReceiveFb done
I20260914 18:59:57.115223 301148 dfly_bench.cc:926] Done queuing 4294967295 requests, which took 30.0s. Waiting for server processing
I20260914 18:59:57.115342 301146 dfly_bench.cc:926] Done queuing 4294967295 requests, which took 30.0s. Waiting for server processing
I20260914 18:59:57.115200 301145 dfly_bench.cc:926] Done queuing 4294967295 requests, which took 30.0s. Waiting for server processing
I20260914 18:59:57.115356 301148 dfly_bench.cc:926] Done queuing 4294967295 requests, which took 30.0s. Waiting for server processing
I20260914 18:59:57.115361 301156 dfly_bench.cc:1001] ReceiveFb done
I20260914 18:59:57.115348 301142 dfly_bench.cc:926] Done queuing 4294967295 requests, which took 30.0s. Waiting for server processing
I20260914 18:59:57.115360 301146 dfly_bench.cc:926] Done queuing 4294967295 requests, which took 30.0s. Waiting for server processing
I20260914 18:59:57.115226 301152 dfly_bench.cc:926] Done queuing 4294967295 requests, which took 30.0s. Waiting for server processing
I20260914 18:59:57.115358 301144 dfly_bench.cc:1001] ReceiveFb done
I20260914 18:59:57.115195 301155 dfly_bench.cc:1001] ReceiveFb done
I20260914 18:59:57.115378 301152 dfly_bench.cc:926] Done queuing 4294967295 requests, which took 30.0s. Waiting for server processing
I20260914 18:59:57.115278 301153 dfly_bench.cc:926] Done queuing 4294967295 requests, which took 30.0s. Waiting for server processing
I20260914 18:59:57.115374 301142 dfly_bench.cc:926] Done queuing 4294967295 requests, which took 30.0s. Waiting for server processing
I20260914 18:59:57.115299 301149 dfly_bench.cc:1001] ReceiveFb done
I20260914 18:59:57.115332 301147 dfly_bench.cc:926] Done queuing 4294967295 requests, which took 30.0s. Waiting for server processing
I20260914 18:59:57.115397 301155 dfly_bench.cc:1001] ReceiveFb done
I20260914 18:59:57.115330 301157 dfly_bench.cc:1001] ReceiveFb done
I20260914 18:59:57.115393 301144 dfly_bench.cc:1001] ReceiveFb done
I20260914 18:59:57.115341 301143 dfly_bench.cc:926] Done queuing 4294967295 requests, which took 30.0s. Waiting for server processing
I20260914 18:59:57.115424 301155 dfly_bench.cc:1001] ReceiveFb done
I20260914 18:59:57.115345 301154 dfly_bench.cc:926] Done queuing 4294967295 requests, which took 30.0s. Waiting for server processing
I20260914 18:59:57.115195 301150 dfly_bench.cc:926] Done queuing 4294967295 requests, which took 30.0s. Waiting for server processing
I20260914 18:59:57.115383 301156 dfly_bench.cc:1001] ReceiveFb done
I20260914 18:59:57.115443 301155 dfly_bench.cc:1001] ReceiveFb done
I20260914 18:59:57.115466 301146 dfly_bench.cc:1001] ReceiveFb done
I20260914 18:59:57.115456 301153 dfly_bench.cc:1001] ReceiveFb done
I20260914 18:59:57.115476 301156 dfly_bench.cc:1001] ReceiveFb done
I20260914 18:59:57.115449 301144 dfly_bench.cc:1001] ReceiveFb done
I20260914 18:59:57.115490 301146 dfly_bench.cc:1001] ReceiveFb done
I20260914 18:59:57.115407 301142 dfly_bench.cc:926] Done queuing 4294967295 requests, which took 30.0s. Waiting for server processing
I20260914 18:59:57.115514 301146 dfly_bench.cc:1001] ReceiveFb done
I20260914 18:59:57.115520 301142 dfly_bench.cc:926] Done queuing 4294967295 requests, which took 30.0s. Waiting for server processing
I20260914 18:59:57.115432 301157 dfly_bench.cc:1001] ReceiveFb done
I20260914 18:59:57.115161 301151 dfly_bench.cc:1001] ReceiveFb done
I20260914 18:59:57.115532 301146 dfly_bench.cc:1001] ReceiveFb done
I20260914 18:59:57.115420 301149 dfly_bench.cc:1001] ReceiveFb done
I20260914 18:59:57.115545 301157 dfly_bench.cc:1001] ReceiveFb done
I20260914 18:59:57.115379 301145 dfly_bench.cc:926] Done queuing 4294967295 requests, which took 30.0s. Waiting for server processing
I20260914 18:59:57.115548 301151 dfly_bench.cc:1001] ReceiveFb done
I20260914 18:59:57.115492 301152 dfly_bench.cc:1001] ReceiveFb done
I20260914 18:59:57.115481 301155 dfly_bench.cc:1001] ReceiveFb done
I20260914 18:59:57.115486 301143 dfly_bench.cc:1001] ReceiveFb done
I20260914 18:59:57.115556 301145 dfly_bench.cc:926] Done queuing 4294967295 requests, which took 30.0s. Waiting for server processing
I20260914 18:59:57.115438 301154 dfly_bench.cc:926] Done queuing 4294967295 requests, which took 30.0s. Waiting for server processing
I20260914 18:59:57.115411 301147 dfly_bench.cc:926] Done queuing 4294967295 requests, which took 30.0s. Waiting for server processing
I20260914 18:59:57.115556 301146 dfly_bench.cc:1001] ReceiveFb done
I20260914 18:59:57.115590 301143 dfly_bench.cc:1001] ReceiveFb done
I20260914 18:59:57.115561 301149 dfly_bench.cc:1001] ReceiveFb done
I20260914 18:59:57.115502 301153 dfly_bench.cc:1001] ReceiveFb done
I20260914 18:59:57.115502 301156 dfly_bench.cc:1001] ReceiveFb done
I20260914 18:59:57.115574 301148 dfly_bench.cc:1001] ReceiveFb done
I20260914 18:59:57.115594 301147 dfly_bench.cc:926] Done queuing 4294967295 requests, which took 30.0s. Waiting for server processing
I20260914 18:59:57.115585 301155 dfly_bench.cc:1001] ReceiveFb done
I20260914 18:59:57.115581 301145 dfly_bench.cc:926] Done queuing 4294967295 requests, which took 30.0s. Waiting for server processing
I20260914 18:59:57.115585 301154 dfly_bench.cc:926] Done queuing 4294967295 requests, which took 30.0s. Waiting for server processing
I20260914 18:59:57.115631 301145 dfly_bench.cc:926] Done queuing 4294967295 requests, which took 30.0s. Waiting for server processing
I20260914 18:59:57.115634 301142 dfly_bench.cc:1001] ReceiveFb done
I20260914 18:59:57.115571 301151 dfly_bench.cc:1001] ReceiveFb done
I20260914 18:59:57.115549 301144 dfly_bench.cc:926] Done queuing 4294967295 requests, which took 30.0s. Waiting for server processing
I20260914 18:59:57.115617 301147 dfly_bench.cc:926] Done queuing 4294967295 requests, which took 30.0s. Waiting for server processing
I20260914 18:59:57.115573 301152 dfly_bench.cc:1001] ReceiveFb done
I20260914 18:59:57.115671 301152 dfly_bench.cc:1001] ReceiveFb done
I20260914 18:59:57.115653 301147 dfly_bench.cc:926] Done queuing 4294967295 requests, which took 30.0s. Waiting for server processing
I20260914 18:59:57.115621 301153 dfly_bench.cc:1001] ReceiveFb done
I20260914 18:59:57.115686 301147 dfly_bench.cc:926] Done queuing 4294967295 requests, which took 30.0s. Waiting for server processing
I20260914 18:59:57.115628 301148 dfly_bench.cc:1001] ReceiveFb done
I20260914 18:59:57.115693 301152 dfly_bench.cc:1001] ReceiveFb done
I20260914 18:59:57.115703 301153 dfly_bench.cc:1001] ReceiveFb done
I20260914 18:59:57.115640 301155 dfly_bench.cc:1001] ReceiveFb done
I20260914 18:59:57.115608 301146 dfly_bench.cc:1001] ReceiveFb done
I20260914 18:59:57.115643 301154 dfly_bench.cc:926] Done queuing 4294967295 requests, which took 30.0s. Waiting for server processing
I20260914 18:59:57.115720 301148 dfly_bench.cc:1001] ReceiveFb done
I20260914 18:59:57.115723 301154 dfly_bench.cc:926] Done queuing 4294967295 requests, which took 30.0s. Waiting for server processing
I20260914 18:59:57.115648 301144 dfly_bench.cc:926] Done queuing 4294967295 requests, which took 30.0s. Waiting for server processing
I20260914 18:59:57.115583 301157 dfly_bench.cc:1001] ReceiveFb done
I20260914 18:59:57.115622 301156 dfly_bench.cc:1001] ReceiveFb done
I20260914 18:59:57.115449 301150 dfly_bench.cc:926] Done queuing 4294967295 requests, which took 30.0s. Waiting for server processing
I20260914 18:59:57.115748 301155 dfly_bench.cc:926] Done queuing 4294967295 requests, which took 30.0s. Waiting for server processing
I20260914 18:59:57.115767 301150 dfly_bench.cc:926] Done queuing 4294967295 requests, which took 30.0s. Waiting for server processing
I20260914 18:59:57.115742 301148 dfly_bench.cc:926] Done queuing 4294967295 requests, which took 30.0s. Waiting for server processing
I20260914 18:59:57.115763 301157 dfly_bench.cc:1001] ReceiveFb done
I20260914 18:59:57.115768 301156 dfly_bench.cc:1001] ReceiveFb done
I20260914 18:59:57.115653 301142 dfly_bench.cc:1001] ReceiveFb done
I20260914 18:59:57.115731 301146 dfly_bench.cc:1001] ReceiveFb done
I20260914 18:59:57.115777 301150 dfly_bench.cc:926] Done queuing 4294967295 requests, which took 30.0s. Waiting for server processing
I20260914 18:59:57.115640 301145 dfly_bench.cc:926] Done queuing 4294967295 requests, which took 30.0s. Waiting for server processing
I20260914 18:59:57.115772 301155 dfly_bench.cc:926] Done queuing 4294967295 requests, which took 30.0s. Waiting for server processing
I20260914 18:59:57.115656 301151 dfly_bench.cc:1001] ReceiveFb done
I20260914 18:59:57.115821 301154 dfly_bench.cc:1001] ReceiveFb done
I20260914 18:59:57.115808 301150 dfly_bench.cc:926] Done queuing 4294967295 requests, which took 30.0s. Waiting for server processing
I20260914 18:59:57.115622 301143 dfly_bench.cc:1001] ReceiveFb done
I20260914 18:59:57.115810 301142 dfly_bench.cc:1001] ReceiveFb done
I20260914 18:59:57.115813 301155 dfly_bench.cc:926] Done queuing 4294967295 requests, which took 30.0s. Waiting for server processing
I20260914 18:59:57.115806 301156 dfly_bench.cc:1001] ReceiveFb done
I20260914 18:59:57.115863 301142 dfly_bench.cc:1001] ReceiveFb done
I20260914 18:59:57.115865 301143 dfly_bench.cc:1001] ReceiveFb done
I20260914 18:59:57.115818 301146 dfly_bench.cc:926] Done queuing 4294967295 requests, which took 30.0s. Waiting for server processing
I20260914 18:59:57.115898 301156 dfly_bench.cc:926] Done queuing 4294967295 requests, which took 30.0s. Waiting for server processing
I20260914 18:59:57.115857 301155 dfly_bench.cc:926] Done queuing 4294967295 requests, which took 30.0s. Waiting for server processing
I20260914 18:59:57.115911 301156 dfly_bench.cc:926] Done queuing 4294967295 requests, which took 30.0s. Waiting for server processing
I20260914 18:59:57.115849 301154 dfly_bench.cc:1001] ReceiveFb done
I20260914 18:59:57.115846 301150 dfly_bench.cc:926] Done queuing 4294967295 requests, which took 30.0s. Waiting for server processing
I20260914 18:59:57.115921 301156 dfly_bench.cc:926] Done queuing 4294967295 requests, which took 30.0s. Waiting for server processing
I20260914 18:59:57.115813 301145 dfly_bench.cc:926] Done queuing 4294967295 requests, which took 30.0s. Waiting for server processing
I20260914 18:59:57.115731 301153 dfly_bench.cc:1001] ReceiveFb done
I20260914 18:59:57.115887 301143 dfly_bench.cc:1001] ReceiveFb done
I20260914 18:59:57.115814 301157 dfly_bench.cc:1001] ReceiveFb done
I20260914 18:59:57.115911 301144 dfly_bench.cc:926] Done queuing 4294967295 requests, which took 30.0s. Waiting for server processing
I20260914 18:59:57.115962 301153 dfly_bench.cc:1001] ReceiveFb done
I20260914 18:59:57.115880 301146 dfly_bench.cc:926] Done queuing 4294967295 requests, which took 30.0s. Waiting for server processing
I20260914 18:59:57.115921 301155 dfly_bench.cc:926] Done queuing 4294967295 requests, which took 30.0s. Waiting for server processing
I20260914 18:59:57.115792 301148 dfly_bench.cc:926] Done queuing 4294967295 requests, which took 30.0s. Waiting for server processing
I20260914 18:59:57.115973 301157 dfly_bench.cc:1001] ReceiveFb done
I20260914 18:59:57.115933 301154 dfly_bench.cc:1001] ReceiveFb done
I20260914 18:59:57.115980 301148 dfly_bench.cc:926] Done queuing 4294967295 requests, which took 30.0s. Waiting for server processing
I20260914 18:59:57.115885 301142 dfly_bench.cc:1001] ReceiveFb done
I20260914 18:59:57.115694 301147 dfly_bench.cc:926] Done queuing 4294967295 requests, which took 30.0s. Waiting for server processing
I20260914 18:59:57.115990 301148 dfly_bench.cc:926] Done queuing 4294967295 requests, which took 30.0s. Waiting for server processing
I20260914 18:59:57.115724 301152 dfly_bench.cc:1001] ReceiveFb done
I20260914 18:59:57.115928 301150 dfly_bench.cc:926] Done queuing 4294967295 requests, which took 30.0s. Waiting for server processing
I20260914 18:59:57.115996 301157 dfly_bench.cc:1001] ReceiveFb done
I20260914 18:59:57.116007 301142 dfly_bench.cc:1001] ReceiveFb done
I20260914 18:59:57.115993 301153 dfly_bench.cc:1001] ReceiveFb done
I20260914 18:59:57.115973 301146 dfly_bench.cc:926] Done queuing 4294967295 requests, which took 30.0s. Waiting for server processing
I20260914 18:59:57.116021 301157 dfly_bench.cc:1001] ReceiveFb done
I20260914 18:59:57.116034 301153 dfly_bench.cc:1001] ReceiveFb done
I20260914 18:59:57.115962 301143 dfly_bench.cc:1001] ReceiveFb done
I20260914 18:59:57.116046 301151 dfly_bench.cc:926] Done queuing 4294967295 requests, which took 30.0s. Waiting for server processing
I20260914 18:59:57.115934 301145 dfly_bench.cc:926] Done queuing 4294967295 requests, which took 30.0s. Waiting for server processing
I20260914 18:59:57.116050 301157 dfly_bench.cc:1001] ReceiveFb done
I20260914 18:59:57.116052 301153 dfly_bench.cc:1001] ReceiveFb done
I20260914 18:59:57.115964 301144 dfly_bench.cc:926] Done queuing 4294967295 requests, which took 30.0s. Waiting for server processing
I20260914 18:59:57.116019 301152 dfly_bench.cc:1001] ReceiveFb done
I20260914 18:59:57.115615 301149 dfly_bench.cc:1001] ReceiveFb done
I20260914 18:59:57.115998 301154 dfly_bench.cc:1001] ReceiveFb done
I20260914 18:59:57.116078 301143 dfly_bench.cc:1001] ReceiveFb done
I20260914 18:59:57.116030 301142 dfly_bench.cc:1001] ReceiveFb done
I20260914 18:59:57.116024 301146 dfly_bench.cc:926] Done queuing 4294967295 requests, which took 30.0s. Waiting for server processing
I20260914 18:59:57.115995 301147 dfly_bench.cc:926] Done queuing 4294967295 requests, which took 30.0s. Waiting for server processing
I20260914 18:59:57.116099 301156 dfly_bench.cc:926] Done queuing 4294967295 requests, which took 30.0s. Waiting for server processing
I20260914 18:59:57.116118 301142 dfly_bench.cc:1001] ReceiveFb done
I20260914 18:59:57.116125 301148 dfly_bench.cc:1001] ReceiveFb done
I20260914 18:59:57.116110 301143 dfly_bench.cc:1001] ReceiveFb done
I20260914 18:59:57.116078 301144 dfly_bench.cc:926] Done queuing 4294967295 requests, which took 30.0s. Waiting for server processing
I20260914 18:59:57.116120 301152 dfly_bench.cc:926] Done queuing 4294967295 requests, which took 30.0s. Waiting for server processing
I20260914 18:59:57.116086 301153 dfly_bench.cc:1001] ReceiveFb done
I20260914 18:59:57.116139 301145 dfly_bench.cc:926] Done queuing 4294967295 requests, which took 30.0s. Waiting for server processing
I20260914 18:59:57.116129 301149 dfly_bench.cc:926] Done queuing 4294967295 requests, which took 30.0s. Waiting for server processing
I20260914 18:59:57.116122 301155 dfly_bench.cc:926] Done queuing 4294967295 requests, which took 30.0s. Waiting for server processing
I20260914 18:59:57.116148 301143 dfly_bench.cc:1001] ReceiveFb done
I20260914 18:59:57.116107 301157 dfly_bench.cc:926] Done queuing 4294967295 requests, which took 30.0s. Waiting for server processing
I20260914 18:59:57.116120 301146 dfly_bench.cc:926] Done queuing 4294967295 requests, which took 30.0s. Waiting for server processing
I20260914 18:59:57.116170 301157 dfly_bench.cc:926] Done queuing 4294967295 requests, which took 30.0s. Waiting for server processing
I20260914 18:59:57.116144 301148 dfly_bench.cc:1001] ReceiveFb done
I20260914 18:59:57.116170 301155 dfly_bench.cc:926] Done queuing 4294967295 requests, which took 30.0s. Waiting for server processing
I20260914 18:59:57.116153 301142 dfly_bench.cc:1001] ReceiveFb done
I20260914 18:59:57.116108 301154 dfly_bench.cc:1001] ReceiveFb done
I20260914 18:59:57.116156 301150 dfly_bench.cc:1001] ReceiveFb done
I20260914 18:59:57.116189 301157 dfly_bench.cc:926] Done queuing 4294967295 requests, which took 30.0s. Waiting for server processing
I20260914 18:59:57.116145 301152 dfly_bench.cc:926] Done queuing 4294967295 requests, which took 30.0s. Waiting for server processing
I20260914 18:59:57.116178 301146 dfly_bench.cc:926] Done queuing 4294967295 requests, which took 30.0s. Waiting for server processing
I20260914 18:59:57.116214 301157 dfly_bench.cc:926] Done queuing 4294967295 requests, which took 30.0s. Waiting for server processing
I20260914 18:59:57.116200 301143 dfly_bench.cc:926] Done queuing 4294967295 requests, which took 30.0s. Waiting for server processing
I20260914 18:59:57.116221 301150 dfly_bench.cc:1001] ReceiveFb done
I20260914 18:59:57.116212 301154 dfly_bench.cc:1001] ReceiveFb done
I20260914 18:59:57.116140 301144 dfly_bench.cc:926] Done queuing 4294967295 requests, which took 30.0s. Waiting for server processing
I20260914 18:59:57.116212 301142 dfly_bench.cc:1001] ReceiveFb done
I20260914 18:59:57.116163 301149 dfly_bench.cc:926] Done queuing 4294967295 requests, which took 30.0s. Waiting for server processing
I20260914 18:59:57.116206 301148 dfly_bench.cc:1001] ReceiveFb done
I20260914 18:59:57.116246 301150 dfly_bench.cc:1001] ReceiveFb done
I20260914 18:59:57.116122 301156 dfly_bench.cc:926] Done queuing 4294967295 requests, which took 30.0s. Waiting for server processing
I20260914 18:59:57.116223 301146 dfly_bench.cc:926] Done queuing 4294967295 requests, which took 30.0s. Waiting for server processing
I20260914 18:59:57.116201 301153 dfly_bench.cc:926] Done queuing 4294967295 requests, which took 30.0s. Waiting for server processing
I20260914 18:59:57.116195 301155 dfly_bench.cc:926] Done queuing 4294967295 requests, which took 30.0s. Waiting for server processing
I20260914 18:59:57.116268 301148 dfly_bench.cc:1001] ReceiveFb done
I20260914 18:59:57.116261 301149 dfly_bench.cc:926] Done queuing 4294967295 requests, which took 30.0s. Waiting for server processing
I20260914 18:59:57.116253 301154 dfly_bench.cc:1001] ReceiveFb done
I20260914 18:59:57.116283 301150 dfly_bench.cc:1001] ReceiveFb done
I20260914 18:59:57.116241 301145 dfly_bench.cc:1001] ReceiveFb done
I20260914 18:59:57.116308 301148 dfly_bench.cc:926] Done queuing 4294967295 requests, which took 30.0s. Waiting for server processing
I20260914 18:59:57.116288 301153 dfly_bench.cc:926] Done queuing 4294967295 requests, which took 30.0s. Waiting for server processing
I20260914 18:59:57.116317 301148 dfly_bench.cc:926] Done queuing 4294967295 requests, which took 30.0s. Waiting for server processing
I20260914 18:59:57.116247 301144 dfly_bench.cc:926] Done queuing 4294967295 requests, which took 30.0s. Waiting for server processing
I20260914 18:59:57.116321 301147 dfly_bench.cc:1001] ReceiveFb done
I20260914 18:59:57.116324 301150 dfly_bench.cc:1001] ReceiveFb done
I20260914 18:59:57.116264 301142 dfly_bench.cc:1001] ReceiveFb done
I20260914 18:59:57.116333 301144 dfly_bench.cc:926] Done queuing 4294967295 requests, which took 30.0s. Waiting for server processing
I20260914 18:59:57.116231 301143 dfly_bench.cc:926] Done queuing 4294967295 requests, which took 30.0s. Waiting for server processing
I20260914 18:59:57.116300 301149 dfly_bench.cc:926] Done queuing 4294967295 requests, which took 30.0s. Waiting for server processing
I20260914 18:59:57.116326 301148 dfly_bench.cc:926] Done queuing 4294967295 requests, which took 30.0s. Waiting for server processing
I20260914 18:59:57.116362 301152 dfly_bench.cc:926] Done queuing 4294967295 requests, which took 30.0s. Waiting for server processing
I20260914 18:59:57.116353 301143 dfly_bench.cc:926] Done queuing 4294967295 requests, which took 30.0s. Waiting for server processing
I20260914 18:59:57.116375 301142 dfly_bench.cc:926] Done queuing 4294967295 requests, which took 30.0s. Waiting for server processing
I20260914 18:59:57.116384 301142 dfly_bench.cc:926] Done queuing 4294967295 requests, which took 30.0s. Waiting for server processing
I20260914 18:59:57.116393 301142 dfly_bench.cc:926] Done queuing 4294967295 requests, which took 30.0s. Waiting for server processing
I20260914 18:59:57.116354 301149 dfly_bench.cc:926] Done queuing 4294967295 requests, which took 30.0s. Waiting for server processing
I20260914 18:59:57.116331 301145 dfly_bench.cc:1001] ReceiveFb done
I20260914 18:59:57.116382 301143 dfly_bench.cc:926] Done queuing 4294967295 requests, which took 30.0s. Waiting for server processing
I20260914 18:59:57.116415 301143 dfly_bench.cc:926] Done queuing 4294967295 requests, which took 30.0s. Waiting for server processing
I20260914 18:59:57.116264 301156 dfly_bench.cc:926] Done queuing 4294967295 requests, which took 30.0s. Waiting for server processing
I20260914 18:59:57.116382 301152 dfly_bench.cc:926] Done queuing 4294967295 requests, which took 30.0s. Waiting for server processing
I20260914 18:59:57.116422 301143 dfly_bench.cc:926] Done queuing 4294967295 requests, which took 30.0s. Waiting for server processing
I20260914 18:59:57.116425 301156 dfly_bench.cc:926] Done queuing 4294967295 requests, which took 30.0s. Waiting for server processing
I20260914 18:59:57.116355 301148 dfly_bench.cc:926] Done queuing 4294967295 requests, which took 30.0s. Waiting for server processing
I20260914 18:59:57.116346 301150 dfly_bench.cc:1001] ReceiveFb done
I20260914 18:59:57.116427 301152 dfly_bench.cc:926] Done queuing 4294967295 requests, which took 30.0s. Waiting for server processing
I20260914 18:59:57.116464 301146 dfly_bench.cc:1001] ReceiveFb done
I20260914 18:59:57.116331 301154 dfly_bench.cc:1001] ReceiveFb done
I20260914 18:59:57.116428 301145 dfly_bench.cc:1001] ReceiveFb done
I20260914 18:59:57.116293 301155 dfly_bench.cc:926] Done queuing 4294967295 requests, which took 30.0s. Waiting for server processing
I20260914 18:59:57.116464 301152 dfly_bench.cc:926] Done queuing 4294967295 requests, which took 30.0s. Waiting for server processing
I20260914 18:59:57.116483 301150 dfly_bench.cc:1001] ReceiveFb done
I20260914 18:59:57.116437 301156 dfly_bench.cc:926] Done queuing 4294967295 requests, which took 30.0s. Waiting for server processing
I20260914 18:59:57.116353 301147 dfly_bench.cc:1001] ReceiveFb done
I20260914 18:59:57.116488 301152 dfly_bench.cc:926] Done queuing 4294967295 requests, which took 30.0s. Waiting for server processing
I20260914 18:59:57.116487 301155 dfly_bench.cc:926] Done queuing 4294967295 requests, which took 30.0s. Waiting for server processing
I20260914 18:59:57.116461 301148 dfly_bench.cc:926] Done queuing 4294967295 requests, which took 30.0s. Waiting for server processing
I20260914 18:59:57.116504 301157 dfly_bench.cc:926] Done queuing 4294967295 requests, which took 30.0s. Waiting for server processing
I20260914 18:59:57.116510 301155 dfly_bench.cc:926] Done queuing 4294967295 requests, which took 30.0s. Waiting for server processing
I20260914 18:59:57.116513 301150 dfly_bench.cc:926] Done queuing 4294967295 requests, which took 30.0s. Waiting for server processing
I20260914 18:59:57.116071 301151 dfly_bench.cc:926] Done queuing 4294967295 requests, which took 30.0s. Waiting for server processing
I20260914 18:59:57.116528 301150 dfly_bench.cc:926] Done queuing 4294967295 requests, which took 30.0s. Waiting for server processing
I20260914 18:59:57.116488 301154 dfly_bench.cc:1001] ReceiveFb done
I20260914 18:59:57.116511 301148 dfly_bench.cc:926] Done queuing 4294967295 requests, which took 30.0s. Waiting for server processing
I20260914 18:59:57.116516 301152 dfly_bench.cc:926] Done queuing 4294967295 requests, which took 30.0s. Waiting for server processing
I20260914 18:59:57.116524 301155 dfly_bench.cc:926] Done queuing 4294967295 requests, which took 30.0s. Waiting for server processing
I20260914 18:59:57.116487 301146 dfly_bench.cc:1001] ReceiveFb done
I20260914 18:59:57.116556 301153 dfly_bench.cc:926] Done queuing 4294967295 requests, which took 30.0s. Waiting for server processing
I20260914 18:59:57.116562 301149 dfly_bench.cc:926] Done queuing 4294967295 requests, which took 30.0s. Waiting for server processing
I20260914 18:59:57.116514 301147 dfly_bench.cc:1001] ReceiveFb done
I20260914 18:59:57.116423 301144 dfly_bench.cc:1001] ReceiveFb done
I20260914 18:59:57.116586 301146 dfly_bench.cc:1001] ReceiveFb done
I20260914 18:59:57.116500 301145 dfly_bench.cc:1001] ReceiveFb done
I20260914 18:59:57.116500 301156 dfly_bench.cc:926] Done queuing 4294967295 requests, which took 30.0s. Waiting for server processing
I20260914 18:59:57.116600 301144 dfly_bench.cc:1001] ReceiveFb done
I20260914 18:59:57.116607 301146 dfly_bench.cc:1001] ReceiveFb done
I20260914 18:59:57.116582 301149 dfly_bench.cc:926] Done queuing 4294967295 requests, which took 30.0s. Waiting for server processing
I20260914 18:59:57.116588 301147 dfly_bench.cc:1001] ReceiveFb done
I20260914 18:59:57.116559 301148 dfly_bench.cc:926] Done queuing 4294967295 requests, which took 30.0s. Waiting for server processing
I20260914 18:59:57.116570 301152 dfly_bench.cc:926] Done queuing 4294967295 requests, which took 30.0s. Waiting for server processing
I20260914 18:59:57.116572 301155 dfly_bench.cc:926] Done queuing 4294967295 requests, which took 30.0s. Waiting for server processing
I20260914 18:59:57.116518 301157 dfly_bench.cc:926] Done queuing 4294967295 requests, which took 30.0s. Waiting for server processing
I20260914 18:59:57.116606 301156 dfly_bench.cc:926] Done queuing 4294967295 requests, which took 30.0s. Waiting for server processing
I20260914 18:59:57.116647 301155 dfly_bench.cc:926] Done queuing 4294967295 requests, which took 30.0s. Waiting for server processing
I20260914 18:59:57.116616 301143 dfly_bench.cc:926] Done queuing 4294967295 requests, which took 30.0s. Waiting for server processing
I20260914 18:59:57.116662 301143 dfly_bench.cc:926] Done queuing 4294967295 requests, which took 30.0s. Waiting for server processing
I20260914 18:59:57.116638 301147 dfly_bench.cc:1001] ReceiveFb done
I20260914 18:59:57.116559 301154 dfly_bench.cc:1001] ReceiveFb done
I20260914 18:59:57.116624 301142 dfly_bench.cc:926] Done queuing 4294967295 requests, which took 30.0s. Waiting for server processing
I20260914 18:59:57.116671 301143 dfly_bench.cc:926] Done queuing 4294967295 requests, which took 30.0s. Waiting for server processing
I20260914 18:59:57.116650 301156 dfly_bench.cc:926] Done queuing 4294967295 requests, which took 30.0s. Waiting for server processing
I20260914 18:59:57.116573 301153 dfly_bench.cc:926] Done queuing 4294967295 requests, which took 30.0s. Waiting for server processing
I20260914 18:59:57.116636 301146 dfly_bench.cc:1001] ReceiveFb done
I20260914 18:59:57.116685 301142 dfly_bench.cc:926] Done queuing 4294967295 requests, which took 30.0s. Waiting for server processing
I20260914 18:59:57.116626 301145 dfly_bench.cc:1001] ReceiveFb done
I20260914 18:59:57.116657 301155 dfly_bench.cc:926] Done queuing 4294967295 requests, which took 30.0s. Waiting for server processing
I20260914 18:59:57.116643 301152 dfly_bench.cc:926] Done queuing 4294967295 requests, which took 30.0s. Waiting for server processing
I20260914 18:59:57.116694 301147 dfly_bench.cc:1001] ReceiveFb done
I20260914 18:59:57.116699 301143 dfly_bench.cc:926] Done queuing 4294967295 requests, which took 30.0s. Waiting for server processing
I20260914 18:59:57.116706 301150 dfly_bench.cc:1001] ReceiveFb done
I20260914 18:59:57.116529 301151 dfly_bench.cc:926] Done queuing 4294967295 requests, which took 30.0s. Waiting for server processing
I20260914 18:59:57.116622 301144 dfly_bench.cc:1001] ReceiveFb done
I20260914 18:59:57.116735 301151 dfly_bench.cc:926] Done queuing 4294967295 requests, which took 30.0s. Waiting for server processing
I20260914 18:59:57.116745 301151 dfly_bench.cc:926] Done queuing 4294967295 requests, which took 30.0s. Waiting for server processing
I20260914 18:59:57.116719 301146 dfly_bench.cc:1001] ReceiveFb done
I20260914 18:59:57.116758 301151 dfly_bench.cc:926] Done queuing 4294967295 requests, which took 30.0s. Waiting for server processing
I20260914 18:59:57.116755 301150 dfly_bench.cc:1001] ReceiveFb done
I20260914 18:59:57.116732 301152 dfly_bench.cc:926] Done queuing 4294967295 requests, which took 30.0s. Waiting for server processing
I20260914 18:59:57.116624 301149 dfly_bench.cc:926] Done queuing 4294967295 requests, which took 30.0s. Waiting for server processing
I20260914 18:59:57.116788 301152 dfly_bench.cc:926] Done queuing 4294967295 requests, which took 30.0s. Waiting for server processing
I20260914 18:59:57.116710 301153 dfly_bench.cc:926] Done queuing 4294967295 requests, which took 30.0s. Waiting for server processing
I20260914 18:59:57.116729 301143 dfly_bench.cc:926] Done queuing 4294967295 requests, which took 30.0s. Waiting for server processing
I20260914 18:59:57.116792 301149 dfly_bench.cc:926] Done queuing 4294967295 requests, which took 30.0s. Waiting for server processing
I20260914 18:59:57.116746 301145 dfly_bench.cc:1001] ReceiveFb done
I20260914 18:59:57.116639 301148 dfly_bench.cc:926] Done queuing 4294967295 requests, which took 30.0s. Waiting for server processing
I20260914 18:59:57.116811 301143 dfly_bench.cc:926] Done queuing 4294967295 requests, which took 30.0s. Waiting for server processing
I20260914 18:59:57.116828 301143 dfly_bench.cc:926] Done queuing 4294967295 requests, which took 30.0s. Waiting for server processing
I20260914 18:59:57.116647 301157 dfly_bench.cc:926] Done queuing 4294967295 requests, which took 30.0s. Waiting for server processing
I20260914 18:59:57.116839 301143 dfly_bench.cc:926] Done queuing 4294967295 requests, which took 30.0s. Waiting for server processing
I20260914 18:59:57.116799 301150 dfly_bench.cc:926] Done queuing 4294967295 requests, which took 30.0s. Waiting for server processing
I20260914 18:59:57.116707 301156 dfly_bench.cc:926] Done queuing 4294967295 requests, which took 30.0s. Waiting for server processing
I20260914 18:59:57.116714 301154 dfly_bench.cc:1001] ReceiveFb done
I20260914 18:59:57.116858 301150 dfly_bench.cc:926] Done queuing 4294967295 requests, which took 30.0s. Waiting for server processing
I20260914 18:59:57.116825 301145 dfly_bench.cc:1001] ReceiveFb done
I20260914 18:59:57.116726 301155 dfly_bench.cc:926] Done queuing 4294967295 requests, which took 30.0s. Waiting for server processing
I20260914 18:59:57.116873 301154 dfly_bench.cc:1001] ReceiveFb done
I20260914 18:59:57.116742 301147 dfly_bench.cc:1001] ReceiveFb done
I20260914 18:59:57.116770 301146 dfly_bench.cc:1001] ReceiveFb done
I20260914 18:59:57.116724 301142 dfly_bench.cc:926] Done queuing 4294967295 requests, which took 30.0s. Waiting for server processing
I20260914 18:59:57.116804 301153 dfly_bench.cc:926] Done queuing 4294967295 requests, which took 30.0s. Waiting for server processing
I20260914 18:59:57.116760 301144 dfly_bench.cc:1001] ReceiveFb done
I20260914 18:59:57.116814 301148 dfly_bench.cc:926] Done queuing 4294967295 requests, which took 30.0s. Waiting for server processing
I20260914 18:59:57.116892 301142 dfly_bench.cc:926] Done queuing 4294967295 requests, which took 30.0s. Waiting for server processing
I20260914 18:59:57.116801 301152 dfly_bench.cc:926] Done queuing 4294967295 requests, which took 30.0s. Waiting for server processing
I20260914 18:59:57.116904 301145 dfly_bench.cc:1001] ReceiveFb done
I20260914 18:59:57.116897 301154 dfly_bench.cc:1001] ReceiveFb done
I20260914 18:59:57.116911 301142 dfly_bench.cc:926] Done queuing 4294967295 requests, which took 30.0s. Waiting for server processing
I20260914 18:59:57.116767 301151 dfly_bench.cc:926] Done queuing 4294967295 requests, which took 30.0s. Waiting for server processing
I20260914 18:59:57.116901 301146 dfly_bench.cc:926] Done queuing 4294967295 requests, which took 30.0s. Waiting for server processing
I20260914 18:59:57.116918 301143 dfly_bench.cc:1001] ReceiveFb done
I20260914 18:59:57.116868 301150 dfly_bench.cc:926] Done queuing 4294967295 requests, which took 30.0s. Waiting for server processing
I20260914 18:59:57.116842 301157 dfly_bench.cc:926] Done queuing 4294967295 requests, which took 30.0s. Waiting for server processing
I20260914 18:59:57.116902 301147 dfly_bench.cc:1001] ReceiveFb done
I20260914 18:59:57.116859 301156 dfly_bench.cc:926] Done queuing 4294967295 requests, which took 30.0s. Waiting for server processing
I20260914 18:59:57.116916 301152 dfly_bench.cc:926] Done queuing 4294967295 requests, which took 30.0s. Waiting for server processing
I20260914 18:59:57.116954 301156 dfly_bench.cc:926] Done queuing 4294967295 requests, which took 30.0s. Waiting for server processing
I20260914 18:59:57.116923 301142 dfly_bench.cc:926] Done queuing 4294967295 requests, which took 30.0s. Waiting for server processing
I20260914 18:59:57.116964 301153 dfly_bench.cc:1001] ReceiveFb done
I20260914 18:59:57.116972 301142 dfly_bench.cc:926] Done queuing 4294967295 requests, which took 30.0s. Waiting for server processing
I20260914 18:59:57.116812 301149 dfly_bench.cc:926] Done queuing 4294967295 requests, which took 30.0s. Waiting for server processing
I20260914 18:59:57.116927 301151 dfly_bench.cc:926] Done queuing 4294967295 requests, which took 30.0s. Waiting for server processing
I20260914 18:59:57.116931 301154 dfly_bench.cc:1001] ReceiveFb done
I20260914 18:59:57.116942 301143 dfly_bench.cc:1001] ReceiveFb done
I20260914 18:59:57.116935 301155 dfly_bench.cc:1001] ReceiveFb done
I20260914 18:59:57.116936 301150 dfly_bench.cc:926] Done queuing 4294967295 requests, which took 30.0s. Waiting for server processing
I20260914 18:59:57.116914 301144 dfly_bench.cc:1001] ReceiveFb done
I20260914 18:59:57.116930 301145 dfly_bench.cc:1001] ReceiveFb done
I20260914 18:59:57.117003 301143 dfly_bench.cc:1001] ReceiveFb done
I20260914 18:59:57.116946 301157 dfly_bench.cc:926] Done queuing 4294967295 requests, which took 30.0s. Waiting for server processing
I20260914 18:59:57.116997 301150 dfly_bench.cc:926] Done queuing 4294967295 requests, which took 30.0s. Waiting for server processing
I20260914 18:59:57.116986 301149 dfly_bench.cc:926] Done queuing 4294967295 requests, which took 30.0s. Waiting for server processing
I20260914 18:59:57.117013 301145 dfly_bench.cc:1001] ReceiveFb done
I20260914 18:59:57.117018 301149 dfly_bench.cc:926] Done queuing 4294967295 requests, which took 30.0s. Waiting for server processing
I20260914 18:59:57.117010 301144 dfly_bench.cc:1001] ReceiveFb done
I20260914 18:59:57.116987 301142 dfly_bench.cc:926] Done queuing 4294967295 requests, which took 30.0s. Waiting for server processing
I20260914 18:59:57.117041 301142 dfly_bench.cc:926] Done queuing 4294967295 requests, which took 30.0s. Waiting for server processing
I20260914 18:59:57.116964 301147 dfly_bench.cc:1001] ReceiveFb done
I20260914 18:59:57.117014 301157 dfly_bench.cc:926] Done queuing 4294967295 requests, which took 30.0s. Waiting for server processing
I20260914 18:59:57.117005 301155 dfly_bench.cc:1001] ReceiveFb done
I20260914 18:59:57.116933 301146 dfly_bench.cc:926] Done queuing 4294967295 requests, which took 30.0s. Waiting for server processing
I20260914 18:59:57.116986 301151 dfly_bench.cc:926] Done queuing 4294967295 requests, which took 30.0s. Waiting for server processing
I20260914 18:59:57.117022 301152 dfly_bench.cc:1001] ReceiveFb done
I20260914 18:59:57.117074 301155 dfly_bench.cc:1001] ReceiveFb done
I20260914 18:59:57.117035 301149 dfly_bench.cc:926] Done queuing 4294967295 requests, which took 30.0s. Waiting for server processing
I20260914 18:59:57.117062 301157 dfly_bench.cc:926] Done queuing 4294967295 requests, which took 30.0s. Waiting for server processing
I20260914 18:59:57.117102 301147 dfly_bench.cc:926] Done queuing 4294967295 requests, which took 30.0s. Waiting for server processing
I20260914 18:59:57.117084 301152 dfly_bench.cc:1001] ReceiveFb done
I20260914 18:59:57.117022 301148 dfly_bench.cc:1001] ReceiveFb done
I20260914 18:59:57.117069 301146 dfly_bench.cc:926] Done queuing 4294967295 requests, which took 30.0s. Waiting for server processing
I20260914 18:59:57.117038 301154 dfly_bench.cc:926] Done queuing 4294967295 requests, which took 30.0s. Waiting for server processing
I20260914 18:59:57.116999 301153 dfly_bench.cc:1001] ReceiveFb done
I20260914 18:59:57.117015 301150 dfly_bench.cc:926] Done queuing 4294967295 requests, which took 30.0s. Waiting for server processing
I20260914 18:59:57.117131 301151 dfly_bench.cc:1001] ReceiveFb done
I20260914 18:59:57.117117 301147 dfly_bench.cc:926] Done queuing 4294967295 requests, which took 30.0s. Waiting for server processing
I20260914 18:59:57.117015 301156 dfly_bench.cc:1001] ReceiveFb done
I20260914 18:59:57.117035 301143 dfly_bench.cc:1001] ReceiveFb done
I20260914 18:59:57.117153 301153 dfly_bench.cc:1001] ReceiveFb done
I20260914 18:59:57.117163 301157 dfly_bench.cc:1001] ReceiveFb done
I20260914 18:59:57.117048 301144 dfly_bench.cc:1001] ReceiveFb done
I20260914 18:59:57.117172 301156 dfly_bench.cc:1001] ReceiveFb done
I20260914 18:59:57.117141 301152 dfly_bench.cc:1001] ReceiveFb done
I20260914 18:59:57.117128 301146 dfly_bench.cc:926] Done queuing 4294967295 requests, which took 30.0s. Waiting for server processing
I20260914 18:59:57.117182 301153 dfly_bench.cc:1001] ReceiveFb done
I20260914 18:59:57.117154 301147 dfly_bench.cc:926] Done queuing 4294967295 requests, which took 30.0s. Waiting for server processing
I20260914 18:59:57.117194 301156 dfly_bench.cc:1001] ReceiveFb done
I20260914 18:59:57.117139 301150 dfly_bench.cc:926] Done queuing 4294967295 requests, which took 30.0s. Waiting for server processing
I20260914 18:59:57.117136 301154 dfly_bench.cc:926] Done queuing 4294967295 requests, which took 30.0s. Waiting for server processing
I20260914 18:59:57.117096 301149 dfly_bench.cc:926] Done queuing 4294967295 requests, which took 30.0s. Waiting for server processing
I20260914 18:59:57.117101 301155 dfly_bench.cc:1001] ReceiveFb done
I20260914 18:59:57.117159 301151 dfly_bench.cc:1001] ReceiveFb done
I20260914 18:59:57.117208 301153 dfly_bench.cc:1001] ReceiveFb done
I20260914 18:59:57.117180 301143 dfly_bench.cc:1001] ReceiveFb done
I20260914 18:59:57.117215 301154 dfly_bench.cc:926] Done queuing 4294967295 requests, which took 30.0s. Waiting for server processing
I20260914 18:59:57.117209 301150 dfly_bench.cc:926] Done queuing 4294967295 requests, which took 30.0s. Waiting for server processing
I20260914 18:59:57.117053 301142 dfly_bench.cc:926] Done queuing 4294967295 requests, which took 30.0s. Waiting for server processing
I20260914 18:59:57.117192 301144 dfly_bench.cc:1001] ReceiveFb done
I20260914 18:59:57.117131 301148 dfly_bench.cc:1001] ReceiveFb done
I20260914 18:59:57.117216 301156 dfly_bench.cc:1001] ReceiveFb done
I20260914 18:59:57.117201 301152 dfly_bench.cc:1001] ReceiveFb done
I20260914 18:59:57.117270 301150 dfly_bench.cc:926] Done queuing 4294967295 requests, which took 30.0s. Waiting for server processing
I20260914 18:59:57.117188 301146 dfly_bench.cc:926] Done queuing 4294967295 requests, which took 30.0s. Waiting for server processing
I20260914 18:59:57.117278 301151 dfly_bench.cc:1001] ReceiveFb done
I20260914 18:59:57.117280 301153 dfly_bench.cc:1001] ReceiveFb done
I20260914 18:59:57.117270 301155 dfly_bench.cc:1001] ReceiveFb done
I20260914 18:59:57.117323 301144 dfly_bench.cc:926] Done queuing 4294967295 requests, which took 30.0s. Waiting for server processing
I20260914 18:59:57.117309 301150 dfly_bench.cc:926] Done queuing 4294967295 requests, which took 30.0s. Waiting for server processing
I20260914 18:59:57.117329 301151 dfly_bench.cc:1001] ReceiveFb done
I20260914 18:59:57.117336 301152 dfly_bench.cc:1001] ReceiveFb done
I20260914 18:59:57.117314 301146 dfly_bench.cc:926] Done queuing 4294967295 requests, which took 30.0s. Waiting for server processing
I20260914 18:59:57.117349 301142 dfly_bench.cc:1001] ReceiveFb done
I20260914 18:59:57.117352 301151 dfly_bench.cc:1001] ReceiveFb done
I20260914 18:59:57.117357 301152 dfly_bench.cc:1001] ReceiveFb done
I20260914 18:59:57.117314 301156 dfly_bench.cc:1001] ReceiveFb done
I20260914 18:59:57.117331 301144 dfly_bench.cc:926] Done queuing 4294967295 requests, which took 30.0s. Waiting for server processing
I20260914 18:59:57.117223 301149 dfly_bench.cc:926] Done queuing 4294967295 requests, which took 30.0s. Waiting for server processing
I20260914 18:59:57.117338 301150 dfly_bench.cc:926] Done queuing 4294967295 requests, which took 30.0s. Waiting for server processing
I20260914 18:59:57.117383 301144 dfly_bench.cc:926] Done queuing 4294967295 requests, which took 30.0s. Waiting for server processing
I20260914 18:59:57.117369 301142 dfly_bench.cc:1001] ReceiveFb done
I20260914 18:59:57.117393 301144 dfly_bench.cc:926] Done queuing 4294967295 requests, which took 30.0s. Waiting for server processing
I20260914 18:59:57.117384 301149 dfly_bench.cc:926] Done queuing 4294967295 requests, which took 30.0s. Waiting for server processing
I20260914 18:59:57.117377 301152 dfly_bench.cc:1001] ReceiveFb done
I20260914 18:59:57.117386 301150 dfly_bench.cc:926] Done queuing 4294967295 requests, which took 30.0s. Waiting for server processing
I20260914 18:59:57.117409 301149 dfly_bench.cc:926] Done queuing 4294967295 requests, which took 30.0s. Waiting for server processing
I20260914 18:59:57.117344 301153 dfly_bench.cc:926] Done queuing 4294967295 requests, which took 30.0s. Waiting for server processing
I20260914 18:59:57.117413 301142 dfly_bench.cc:1001] ReceiveFb done
I20260914 18:59:57.117286 301143 dfly_bench.cc:1001] ReceiveFb done
I20260914 18:59:57.117446 301150 dfly_bench.cc:926] Done queuing 4294967295 requests, which took 30.0s. Waiting for server processing
I20260914 18:59:57.117197 301157 dfly_bench.cc:1001] ReceiveFb done
I20260914 18:59:57.117357 301146 dfly_bench.cc:926] Done queuing 4294967295 requests, which took 30.0s. Waiting for server processing
I20260914 18:59:57.117311 301148 dfly_bench.cc:1001] ReceiveFb done
I20260914 18:59:57.117039 301145 dfly_bench.cc:1001] ReceiveFb done
I20260914 18:59:57.117462 301146 dfly_bench.cc:926] Done queuing 4294967295 requests, which took 30.0s. Waiting for server processing
I20260914 18:59:57.117439 301149 dfly_bench.cc:926] Done queuing 4294967295 requests, which took 30.0s. Waiting for server processing
I20260914 18:59:57.117470 301157 dfly_bench.cc:1001] ReceiveFb done
I20260914 18:59:57.117455 301150 dfly_bench.cc:926] Done queuing 4294967295 requests, which took 30.0s. Waiting for server processing
I20260914 18:59:57.117372 301151 dfly_bench.cc:1001] ReceiveFb done
I20260914 18:59:57.117408 301144 dfly_bench.cc:926] Done queuing 4294967295 requests, which took 30.0s. Waiting for server processing
I20260914 18:59:57.117441 301153 dfly_bench.cc:926] Done queuing 4294967295 requests, which took 30.0s. Waiting for server processing
I20260914 18:59:57.117383 301156 dfly_bench.cc:1001] ReceiveFb done
I20260914 18:59:57.117494 301157 dfly_bench.cc:1001] ReceiveFb done
I20260914 18:59:57.117460 301142 dfly_bench.cc:1001] ReceiveFb done
I20260914 18:59:57.117442 301147 dfly_bench.cc:926] Done queuing 4294967295 requests, which took 30.0s. Waiting for server processing
I20260914 18:59:57.117340 301155 dfly_bench.cc:1001] ReceiveFb done
I20260914 18:59:57.117499 301153 dfly_bench.cc:926] Done queuing 4294967295 requests, which took 30.0s. Waiting for server processing
I20260914 18:59:57.117483 301148 dfly_bench.cc:1001] ReceiveFb done
I20260914 18:59:57.117511 301145 dfly_bench.cc:1001] ReceiveFb done
I20260914 18:59:57.117486 301150 dfly_bench.cc:926] Done queuing 4294967295 requests, which took 30.0s. Waiting for server processing
I20260914 18:59:57.117476 301146 dfly_bench.cc:926] Done queuing 4294967295 requests, which took 30.0s. Waiting for server processing
I20260914 18:59:57.117519 301157 dfly_bench.cc:1001] ReceiveFb done
I20260914 18:59:57.117514 301156 dfly_bench.cc:1001] ReceiveFb done
I20260914 18:59:57.117532 301155 dfly_bench.cc:1001] ReceiveFb done
I20260914 18:59:57.117465 301143 dfly_bench.cc:1001] ReceiveFb done
I20260914 18:59:57.117447 301152 dfly_bench.cc:1001] ReceiveFb done
I20260914 18:59:57.117568 301149 dfly_bench.cc:1001] ReceiveFb done
I20260914 18:59:57.117515 301147 dfly_bench.cc:926] Done queuing 4294967295 requests, which took 30.0s. Waiting for server processing
I20260914 18:59:57.117496 301144 dfly_bench.cc:926] Done queuing 4294967295 requests, which took 30.0s. Waiting for server processing
I20260914 18:59:57.117532 301153 dfly_bench.cc:926] Done queuing 4294967295 requests, which took 30.0s. Waiting for server processing
I20260914 18:59:57.117587 301143 dfly_bench.cc:1001] ReceiveFb done
I20260914 18:59:57.117615 301143 dfly_bench.cc:1001] ReceiveFb done
I20260914 18:59:57.117594 301152 dfly_bench.cc:1001] ReceiveFb done
I20260914 18:59:57.117542 301150 dfly_bench.cc:926] Done queuing 4294967295 requests, which took 30.0s. Waiting for server processing
I20260914 18:59:57.117594 301149 dfly_bench.cc:1001] ReceiveFb done
I20260914 18:59:57.117566 301156 dfly_bench.cc:1001] ReceiveFb done
I20260914 18:59:57.117663 301156 dfly_bench.cc:1001] ReceiveFb done
I20260914 18:59:57.117553 301145 dfly_bench.cc:1001] ReceiveFb done
I20260914 18:59:57.117584 301147 dfly_bench.cc:926] Done queuing 4294967295 requests, which took 30.0s. Waiting for server processing
I20260914 18:59:57.117547 301148 dfly_bench.cc:1001] ReceiveFb done
I20260914 18:59:57.117682 301147 dfly_bench.cc:926] Done queuing 4294967295 requests, which took 30.0s. Waiting for server processing
I20260914 18:59:57.117686 301156 dfly_bench.cc:1001] ReceiveFb done
I20260914 18:59:57.117579 301155 dfly_bench.cc:1001] ReceiveFb done
I20260914 18:59:57.117504 301151 dfly_bench.cc:1001] ReceiveFb done
I20260914 18:59:57.117648 301152 dfly_bench.cc:1001] ReceiveFb done
I20260914 18:59:57.117527 301142 dfly_bench.cc:1001] ReceiveFb done
I20260914 18:59:57.117650 301143 dfly_bench.cc:1001] ReceiveFb done
I20260914 18:59:57.117558 301157 dfly_bench.cc:1001] ReceiveFb done
I20260914 18:59:57.117713 301155 dfly_bench.cc:1001] ReceiveFb done
I20260914 18:59:57.117693 301147 dfly_bench.cc:926] Done queuing 4294967295 requests, which took 30.0s. Waiting for server processing
I20260914 18:59:57.117724 301151 dfly_bench.cc:1001] ReceiveFb done
I20260914 18:59:57.117599 301153 dfly_bench.cc:926] Done queuing 4294967295 requests, which took 30.0s. Waiting for server processing
I20260914 18:59:57.117611 301154 dfly_bench.cc:926] Done queuing 4294967295 requests, which took 30.0s. Waiting for server processing
I20260914 18:59:57.117693 301145 dfly_bench.cc:1001] ReceiveFb done
I20260914 18:59:57.117743 301147 dfly_bench.cc:926] Done queuing 4294967295 requests, which took 30.0s. Waiting for server processing
I20260914 18:59:57.117785 301147 dfly_bench.cc:926] Done queuing 4294967295 requests, which took 30.0s. Waiting for server processing
I20260914 18:59:57.117719 301150 dfly_bench.cc:1001] ReceiveFb done
I20260914 18:59:57.117751 301155 dfly_bench.cc:1001] ReceiveFb done
I20260914 18:59:57.117733 301152 dfly_bench.cc:1001] ReceiveFb done
I20260914 18:59:57.117748 301151 dfly_bench.cc:1001] ReceiveFb done
I20260914 18:59:57.117547 301146 dfly_bench.cc:926] Done queuing 4294967295 requests, which took 30.0s. Waiting for server processing
I20260914 18:59:57.117753 301154 dfly_bench.cc:926] Done queuing 4294967295 requests, which took 30.0s. Waiting for server processing
I20260914 18:59:57.117820 301152 dfly_bench.cc:1001] ReceiveFb done
I20260914 18:59:57.117825 301154 dfly_bench.cc:926] Done queuing 4294967295 requests, which took 30.0s. Waiting for server processing
I20260914 18:59:57.117655 301149 dfly_bench.cc:1001] ReceiveFb done
I20260914 18:59:57.117738 301143 dfly_bench.cc:1001] ReceiveFb done
I20260914 18:59:57.117823 301145 dfly_bench.cc:926] Done queuing 4294967295 requests, which took 30.0s. Waiting for server processing
I20260914 18:59:57.117740 301157 dfly_bench.cc:1001] ReceiveFb done
I20260914 18:59:57.117810 301150 dfly_bench.cc:1001] ReceiveFb done
I20260914 18:59:57.117848 301145 dfly_bench.cc:926] Done queuing 4294967295 requests, which took 30.0s. Waiting for server processing
I20260914 18:59:57.117698 301148 dfly_bench.cc:1001] ReceiveFb done
I20260914 18:59:57.117735 301142 dfly_bench.cc:1001] ReceiveFb done
I20260914 18:59:57.117589 301144 dfly_bench.cc:926] Done queuing 4294967295 requests, which took 30.0s. Waiting for server processing
I20260914 18:59:57.117846 301151 dfly_bench.cc:926] Done queuing 4294967295 requests, which took 30.0s. Waiting for server processing
I20260914 18:59:57.117877 301151 dfly_bench.cc:926] Done queuing 4294967295 requests, which took 30.0s. Waiting for server processing
I20260914 18:59:57.117867 301150 dfly_bench.cc:1001] ReceiveFb done
I20260914 18:59:57.117823 301155 dfly_bench.cc:1001] ReceiveFb done
I20260914 18:59:57.117841 301152 dfly_bench.cc:1001] ReceiveFb done
I20260914 18:59:57.117836 301154 dfly_bench.cc:926] Done queuing 4294967295 requests, which took 30.0s. Waiting for server processing
I20260914 18:59:57.117900 301154 dfly_bench.cc:926] Done queuing 4294967295 requests, which took 30.0s. Waiting for server processing
I20260914 18:59:57.117861 301157 dfly_bench.cc:1001] ReceiveFb done
I20260914 18:59:57.117909 301152 dfly_bench.cc:1001] ReceiveFb done
I20260914 18:59:57.117709 301156 dfly_bench.cc:1001] ReceiveFb done
I20260914 18:59:57.117915 301154 dfly_bench.cc:926] Done queuing 4294967295 requests, which took 30.0s. Waiting for server processing
I20260914 18:59:57.117857 301143 dfly_bench.cc:1001] ReceiveFb done
I20260914 18:59:57.117924 301153 dfly_bench.cc:1001] ReceiveFb done
I20260914 18:59:57.117838 301147 dfly_bench.cc:1001] ReceiveFb done
I20260914 18:59:57.117905 301155 dfly_bench.cc:1001] ReceiveFb done
I20260914 18:59:57.117879 301142 dfly_bench.cc:1001] ReceiveFb done
I20260914 18:59:57.117887 301151 dfly_bench.cc:926] Done queuing 4294967295 requests, which took 30.0s. Waiting for server processing
I20260914 18:59:57.117934 301156 dfly_bench.cc:1001] ReceiveFb done
I20260914 18:59:57.117944 301143 dfly_bench.cc:1001] ReceiveFb done
I20260914 18:59:57.117928 301157 dfly_bench.cc:1001] ReceiveFb done
I20260914 18:59:57.117853 301149 dfly_bench.cc:1001] ReceiveFb done
I20260914 18:59:57.117901 301150 dfly_bench.cc:1001] ReceiveFb done
I20260914 18:59:57.117878 301148 dfly_bench.cc:1001] ReceiveFb done
I20260914 18:59:57.117957 301147 dfly_bench.cc:1001] ReceiveFb done
I20260914 18:59:57.117960 301142 dfly_bench.cc:1001] ReceiveFb done
I20260914 18:59:57.117967 301143 dfly_bench.cc:1001] ReceiveFb done
I20260914 18:59:57.117976 301150 dfly_bench.cc:1001] ReceiveFb done
I20260914 18:59:57.117986 301148 dfly_bench.cc:1001] ReceiveFb done
I20260914 18:59:57.117957 301153 dfly_bench.cc:1001] ReceiveFb done
I20260914 18:59:57.118001 301143 dfly_bench.cc:926] Done queuing 4294967295 requests, which took 30.0s. Waiting for server processing
I20260914 18:59:57.117980 301147 dfly_bench.cc:1001] ReceiveFb done
I20260914 18:59:57.118014 301143 dfly_bench.cc:926] Done queuing 4294967295 requests, which took 30.0s. Waiting for server processing
I20260914 18:59:57.117928 301154 dfly_bench.cc:1001] ReceiveFb done
I20260914 18:59:57.117998 301150 dfly_bench.cc:1001] ReceiveFb done
I20260914 18:59:57.117962 301155 dfly_bench.cc:1001] ReceiveFb done
I20260914 18:59:57.118036 301147 dfly_bench.cc:1001] ReceiveFb done
I20260914 18:59:57.117983 301142 dfly_bench.cc:1001] ReceiveFb done
I20260914 18:59:57.118010 301146 dfly_bench.cc:1001] ReceiveFb done
I20260914 18:59:57.117962 301156 dfly_bench.cc:1001] ReceiveFb done
I20260914 18:59:57.117972 301157 dfly_bench.cc:1001] ReceiveFb done
I20260914 18:59:57.117974 301149 dfly_bench.cc:1001] ReceiveFb done
I20260914 18:59:57.118007 301148 dfly_bench.cc:1001] ReceiveFb done
I20260914 18:59:57.118052 301144 dfly_bench.cc:926] Done queuing 4294967295 requests, which took 30.0s. Waiting for server processing
I20260914 18:59:57.118050 301150 dfly_bench.cc:1001] ReceiveFb done
I20260914 18:59:57.118062 301146 dfly_bench.cc:1001] ReceiveFb done
I20260914 18:59:57.118055 301147 dfly_bench.cc:1001] ReceiveFb done
I20260914 18:59:57.118065 301156 dfly_bench.cc:1001] ReceiveFb done
I20260914 18:59:57.118053 301155 dfly_bench.cc:1001] ReceiveFb done
I20260914 18:59:57.118016 301153 dfly_bench.cc:1001] ReceiveFb done
I20260914 18:59:57.117942 301152 dfly_bench.cc:926] Done queuing 4294967295 requests, which took 30.0s. Waiting for server processing
I20260914 18:59:57.118067 301149 dfly_bench.cc:1001] ReceiveFb done
I20260914 18:59:57.118086 301148 dfly_bench.cc:926] Done queuing 4294967295 requests, which took 30.0s. Waiting for server processing
I20260914 18:59:57.118069 301142 dfly_bench.cc:1001] ReceiveFb done
I20260914 18:59:57.118141 301151 dfly_bench.cc:926] Done queuing 4294967295 requests, which took 30.0s. Waiting for server processing
I20260914 18:59:57.118120 301156 dfly_bench.cc:926] Done queuing 4294967295 requests, which took 30.0s. Waiting for server processing
I20260914 18:59:57.118049 301154 dfly_bench.cc:1001] ReceiveFb done
I20260914 18:59:57.118191 301145 dfly_bench.cc:926] Done queuing 4294967295 requests, which took 30.0s. Waiting for server processing
I20260914 18:59:57.118193 301151 dfly_bench.cc:926] Done queuing 4294967295 requests, which took 30.0s. Waiting for server processing
I20260914 18:59:57.118197 301156 dfly_bench.cc:926] Done queuing 4294967295 requests, which took 30.0s. Waiting for server processing
I20260914 18:59:57.118199 301142 dfly_bench.cc:1001] ReceiveFb done
I20260914 18:59:57.118112 301153 dfly_bench.cc:1001] ReceiveFb done
I20260914 18:59:57.118216 301154 dfly_bench.cc:1001] ReceiveFb done
I20260914 18:59:57.118212 301151 dfly_bench.cc:926] Done queuing 4294967295 requests, which took 30.0s. Waiting for server processing
I20260914 18:59:57.118203 301145 dfly_bench.cc:926] Done queuing 4294967295 requests, which took 30.0s. Waiting for server processing
I20260914 18:59:57.118216 301156 dfly_bench.cc:926] Done queuing 4294967295 requests, which took 30.0s. Waiting for server processing
I20260914 18:59:57.118111 301147 dfly_bench.cc:1001] ReceiveFb done
I20260914 18:59:57.118127 301149 dfly_bench.cc:1001] ReceiveFb done
I20260914 18:59:57.118232 301142 dfly_bench.cc:1001] ReceiveFb done
I20260914 18:59:57.118103 301150 dfly_bench.cc:1001] ReceiveFb done
I20260914 18:59:57.118235 301151 dfly_bench.cc:926] Done queuing 4294967295 requests, which took 30.0s. Waiting for server processing
I20260914 18:59:57.118067 301157 dfly_bench.cc:1001] ReceiveFb done
I20260914 18:59:57.118157 301148 dfly_bench.cc:926] Done queuing 4294967295 requests, which took 30.0s. Waiting for server processing
I20260914 18:59:57.118255 301147 dfly_bench.cc:1001] ReceiveFb done
I20260914 18:59:57.118070 301144 dfly_bench.cc:926] Done queuing 4294967295 requests, which took 30.0s. Waiting for server processing
I20260914 18:59:57.118265 301150 dfly_bench.cc:1001] ReceiveFb done
I20260914 18:59:57.118242 301153 dfly_bench.cc:1001] ReceiveFb done
I20260914 18:59:57.118109 301155 dfly_bench.cc:1001] ReceiveFb done
I20260914 18:59:57.118279 301154 dfly_bench.cc:926] Done queuing 4294967295 requests, which took 30.0s. Waiting for server processing
I20260914 18:59:57.118237 301156 dfly_bench.cc:926] Done queuing 4294967295 requests, which took 30.0s. Waiting for server processing
I20260914 18:59:57.118112 301146 dfly_bench.cc:1001] ReceiveFb done
I20260914 18:59:57.118288 301157 dfly_bench.cc:926] Done queuing 4294967295 requests, which took 30.0s. Waiting for server processing
I20260914 18:59:57.118294 301150 dfly_bench.cc:1001] ReceiveFb done
I20260914 18:59:57.118299 301155 dfly_bench.cc:1001] ReceiveFb done
I20260914 18:59:57.118279 301144 dfly_bench.cc:926] Done queuing 4294967295 requests, which took 30.0s. Waiting for server processing
I20260914 18:59:57.118309 301143 dfly_bench.cc:926] Done queuing 4294967295 requests, which took 30.0s. Waiting for server processing
I20260914 18:59:57.118265 301148 dfly_bench.cc:926] Done queuing 4294967295 requests, which took 30.0s. Waiting for server processing
I20260914 18:59:57.118286 301147 dfly_bench.cc:1001] ReceiveFb done
I20260914 18:59:57.118256 301142 dfly_bench.cc:1001] ReceiveFb done
I20260914 18:59:57.118330 301143 dfly_bench.cc:926] Done queuing 4294967295 requests, which took 30.0s. Waiting for server processing
I20260914 18:59:57.118258 301149 dfly_bench.cc:1001] ReceiveFb done
I20260914 18:59:57.118289 301156 dfly_bench.cc:926] Done queuing 4294967295 requests, which took 30.0s. Waiting for server processing
I20260914 18:59:57.118319 301150 dfly_bench.cc:1001] ReceiveFb done
I20260914 18:59:57.118288 301154 dfly_bench.cc:926] Done queuing 4294967295 requests, which took 30.0s. Waiting for server processing
I20260914 18:59:57.118297 301153 dfly_bench.cc:926] Done queuing 4294967295 requests, which took 30.0s. Waiting for server processing
I20260914 18:59:57.118340 301143 dfly_bench.cc:926] Done queuing 4294967295 requests, which took 30.0s. Waiting for server processing
I20260914 18:59:57.118307 301146 dfly_bench.cc:1001] ReceiveFb done
I20260914 18:59:57.118371 301150 dfly_bench.cc:1001] ReceiveFb done
I20260914 18:59:57.118252 301151 dfly_bench.cc:926] Done queuing 4294967295 requests, which took 30.0s. Waiting for server processing
I20260914 18:59:57.118321 301144 dfly_bench.cc:926] Done queuing 4294967295 requests, which took 30.0s. Waiting for server processing
I20260914 18:59:57.118363 301149 dfly_bench.cc:1001] ReceiveFb done
I20260914 18:59:57.118346 301147 dfly_bench.cc:1001] ReceiveFb done
I20260914 18:59:57.118300 301157 dfly_bench.cc:926] Done queuing 4294967295 requests, which took 30.0s. Waiting for server processing
I20260914 18:59:57.118368 301153 dfly_bench.cc:926] Done queuing 4294967295 requests, which took 30.0s. Waiting for server processing
I20260914 18:59:57.118392 301143 dfly_bench.cc:1001] ReceiveFb done
I20260914 18:59:57.118403 301157 dfly_bench.cc:926] Done queuing 4294967295 requests, which took 30.0s. Waiting for server processing
I20260914 18:59:57.118331 301148 dfly_bench.cc:926] Done queuing 4294967295 requests, which took 30.0s. Waiting for server processing
I20260914 18:59:57.118417 301148 dfly_bench.cc:926] Done queuing 4294967295 requests, which took 30.0s. Waiting for server processing
I20260914 18:59:57.118387 301151 dfly_bench.cc:926] Done queuing 4294967295 requests, which took 30.0s. Waiting for server processing
I20260914 18:59:57.118399 301150 dfly_bench.cc:1001] ReceiveFb done
I20260914 18:59:57.118410 301149 dfly_bench.cc:1001] ReceiveFb done
I20260914 18:59:57.118382 301146 dfly_bench.cc:1001] ReceiveFb done
I20260914 18:59:57.118410 301153 dfly_bench.cc:926] Done queuing 4294967295 requests, which took 30.0s. Waiting for server processing
I20260914 18:59:57.118237 301145 dfly_bench.cc:926] Done queuing 4294967295 requests, which took 30.0s. Waiting for server processing
I20260914 18:59:57.118430 301154 dfly_bench.cc:1001] ReceiveFb done
I20260914 18:59:57.118332 301155 dfly_bench.cc:926] Done queuing 4294967295 requests, which took 30.0s. Waiting for server processing
I20260914 18:59:57.118394 301144 dfly_bench.cc:926] Done queuing 4294967295 requests, which took 30.0s. Waiting for server processing
I20260914 18:59:57.118445 301144 dfly_bench.cc:926] Done queuing 4294967295 requests, which took 30.0s. Waiting for server processing
I20260914 18:59:57.118109 301152 dfly_bench.cc:926] Done queuing 4294967295 requests, which took 30.0s. Waiting for server processing
I20260914 18:59:57.118417 301157 dfly_bench.cc:926] Done queuing 4294967295 requests, which took 30.0s. Waiting for server processing
I20260914 18:59:57.118445 301145 dfly_bench.cc:926] Done queuing 4294967295 requests, which took 30.0s. Waiting for server processing
I20260914 18:59:57.118360 301142 dfly_bench.cc:926] Done queuing 4294967295 requests, which took 30.0s. Waiting for server processing
I20260914 18:59:57.118412 301147 dfly_bench.cc:1001] ReceiveFb done
I20260914 18:59:57.118449 301146 dfly_bench.cc:1001] ReceiveFb done
I20260914 18:59:57.118440 301153 dfly_bench.cc:926] Done queuing 4294967295 requests, which took 30.0s. Waiting for server processing
I20260914 18:59:57.118475 301152 dfly_bench.cc:926] Done queuing 4294967295 requests, which took 30.0s. Waiting for server processing
I20260914 18:59:57.118482 301145 dfly_bench.cc:926] Done queuing 4294967295 requests, which took 30.0s. Waiting for server processing
I20260914 18:59:57.118460 301149 dfly_bench.cc:1001] ReceiveFb done
I20260914 18:59:57.118515 301145 dfly_bench.cc:926] Done queuing 4294967295 requests, which took 30.0s. Waiting for server processing
I20260914 18:59:57.118455 301144 dfly_bench.cc:926] Done queuing 4294967295 requests, which took 30.0s. Waiting for server processing
I20260914 18:59:57.118441 301150 dfly_bench.cc:1001] ReceiveFb done
I20260914 18:59:57.118458 301155 dfly_bench.cc:926] Done queuing 4294967295 requests, which took 30.0s. Waiting for server processing
I20260914 18:59:57.118458 301154 dfly_bench.cc:1001] ReceiveFb done
I20260914 18:59:57.118495 301153 dfly_bench.cc:926] Done queuing 4294967295 requests, which took 30.0s. Waiting for server processing
I20260914 18:59:57.118525 301145 dfly_bench.cc:926] Done queuing 4294967295 requests, which took 30.0s. Waiting for server processing
I20260914 18:59:57.118427 301143 dfly_bench.cc:1001] ReceiveFb done
I20260914 18:59:57.118428 301148 dfly_bench.cc:926] Done queuing 4294967295 requests, which took 30.0s. Waiting for server processing
I20260914 18:59:57.118522 301146 dfly_bench.cc:1001] ReceiveFb done
I20260914 18:59:57.118475 301151 dfly_bench.cc:1001] ReceiveFb done
I20260914 18:59:57.118517 301147 dfly_bench.cc:926] Done queuing 4294967295 requests, which took 30.0s. Waiting for server processing
I20260914 18:59:57.118551 301150 dfly_bench.cc:1001] ReceiveFb done
I20260914 18:59:57.118537 301144 dfly_bench.cc:1001] ReceiveFb done
I20260914 18:59:57.118547 301155 dfly_bench.cc:926] Done queuing 4294967295 requests, which took 30.0s. Waiting for server processing
I20260914 18:59:57.118577 301143 dfly_bench.cc:1001] ReceiveFb done
I20260914 18:59:57.118511 301152 dfly_bench.cc:926] Done queuing 4294967295 requests, which took 30.0s. Waiting for server processing
I20260914 18:59:57.118531 301149 dfly_bench.cc:1001] ReceiveFb done
I20260914 18:59:57.118588 301155 dfly_bench.cc:926] Done queuing 4294967295 requests, which took 30.0s. Waiting for server processing
I20260914 18:59:57.118602 301143 dfly_bench.cc:1001] ReceiveFb done
I20260914 18:59:57.118593 301151 dfly_bench.cc:1001] ReceiveFb done
I20260914 18:59:57.118561 301154 dfly_bench.cc:1001] ReceiveFb done
I20260914 18:59:57.118563 301145 dfly_bench.cc:926] Done queuing 4294967295 requests, which took 30.0s. Waiting for server processing
I20260914 18:59:57.118618 301149 dfly_bench.cc:1001] ReceiveFb done
I20260914 18:59:57.118561 301153 dfly_bench.cc:926] Done queuing 4294967295 requests, which took 30.0s. Waiting for server processing
I20260914 18:59:57.118597 301150 dfly_bench.cc:1001] ReceiveFb done
I20260914 18:59:57.118624 301143 dfly_bench.cc:1001] ReceiveFb done
I20260914 18:59:57.118600 301144 dfly_bench.cc:1001] ReceiveFb done
I20260914 18:59:57.118626 301145 dfly_bench.cc:926] Done queuing 4294967295 requests, which took 30.0s. Waiting for server processing
I20260914 18:59:57.118580 301146 dfly_bench.cc:1001] ReceiveFb done
I20260914 18:59:57.118650 301150 dfly_bench.cc:926] Done queuing 4294967295 requests, which took 30.0s. Waiting for server processing
I20260914 18:59:57.118620 301156 dfly_bench.cc:926] Done queuing 4294967295 requests, which took 30.0s. Waiting for server processing
I20260914 18:59:57.118656 301144 dfly_bench.cc:1001] ReceiveFb done
I20260914 18:59:57.118628 301151 dfly_bench.cc:1001] ReceiveFb done
I20260914 18:59:57.118600 301155 dfly_bench.cc:926] Done queuing 4294967295 requests, which took 30.0s. Waiting for server processing
I20260914 18:59:57.118664 301156 dfly_bench.cc:926] Done queuing 4294967295 requests, which took 30.0s. Waiting for server processing
I20260914 18:59:57.118645 301145 dfly_bench.cc:926] Done queuing 4294967295 requests, which took 30.0s. Waiting for server processing
I20260914 18:59:57.118633 301154 dfly_bench.cc:1001] ReceiveFb done
I20260914 18:59:57.118659 301146 dfly_bench.cc:1001] ReceiveFb done
I20260914 18:59:57.118682 301144 dfly_bench.cc:1001] ReceiveFb done
I20260914 18:59:57.118676 301156 dfly_bench.cc:926] Done queuing 4294967295 requests, which took 30.0s. Waiting for server processing
I20260914 18:59:57.118651 301149 dfly_bench.cc:1001] ReceiveFb done
I20260914 18:59:57.118691 301154 dfly_bench.cc:1001] ReceiveFb done
I20260914 18:59:57.118703 301144 dfly_bench.cc:1001] ReceiveFb done
I20260914 18:59:57.118701 301146 dfly_bench.cc:1001] ReceiveFb done
I20260914 18:59:57.118700 301151 dfly_bench.cc:1001] ReceiveFb done
I20260914 18:59:57.118710 301157 dfly_bench.cc:926] Done queuing 4294967295 requests, which took 30.0s. Waiting for server processing
I20260914 18:59:57.118726 301156 dfly_bench.cc:1001] ReceiveFb done
I20260914 18:59:57.118736 301151 dfly_bench.cc:1001] ReceiveFb done
I20260914 18:59:57.118711 301149 dfly_bench.cc:1001] ReceiveFb done
I20260914 18:59:57.118733 301145 dfly_bench.cc:1001] ReceiveFb done
I20260914 18:59:57.118710 301154 dfly_bench.cc:1001] ReceiveFb done
I20260914 18:59:57.118752 301146 dfly_bench.cc:926] Done queuing 4294967295 requests, which took 30.0s. Waiting for server processing
I20260914 18:59:57.118742 301142 dfly_bench.cc:926] Done queuing 4294967295 requests, which took 30.0s. Waiting for server processing
I20260914 18:59:57.118762 301146 dfly_bench.cc:926] Done queuing 4294967295 requests, which took 30.0s. Waiting for server processing
I20260914 18:59:57.118767 301142 dfly_bench.cc:926] Done queuing 4294967295 requests, which took 30.0s. Waiting for server processing
I20260914 18:59:57.118758 301151 dfly_bench.cc:1001] ReceiveFb done
I20260914 18:59:57.118770 301154 dfly_bench.cc:926] Done queuing 4294967295 requests, which took 30.0s. Waiting for server processing
I20260914 18:59:57.118728 301144 dfly_bench.cc:1001] ReceiveFb done
I20260914 18:59:57.118731 301157 dfly_bench.cc:926] Done queuing 4294967295 requests, which took 30.0s. Waiting for server processing
I20260914 18:59:57.118779 301147 dfly_bench.cc:926] Done queuing 4294967295 requests, which took 30.0s. Waiting for server processing
I20260914 18:59:57.118767 301145 dfly_bench.cc:1001] ReceiveFb done
I20260914 18:59:57.118813 301144 dfly_bench.cc:1001] ReceiveFb done
I20260914 18:59:57.118763 301149 dfly_bench.cc:1001] ReceiveFb done
I20260914 18:59:57.118825 301154 dfly_bench.cc:926] Done queuing 4294967295 requests, which took 30.0s. Waiting for server processing
I20260914 18:59:57.118839 301149 dfly_bench.cc:1001] ReceiveFb done
I20260914 18:59:57.118794 301151 dfly_bench.cc:1001] ReceiveFb done
I20260914 18:59:57.118772 301146 dfly_bench.cc:926] Done queuing 4294967295 requests, which took 30.0s. Waiting for server processing
I20260914 18:59:57.118757 301156 dfly_bench.cc:1001] ReceiveFb done
I20260914 18:59:57.118769 301153 dfly_bench.cc:1001] ReceiveFb done
I20260914 18:59:57.118831 301145 dfly_bench.cc:1001] ReceiveFb done
I20260914 18:59:57.118793 301148 dfly_bench.cc:926] Done queuing 4294967295 requests, which took 30.0s. Waiting for server processing
I20260914 18:59:57.118777 301142 dfly_bench.cc:926] Done queuing 4294967295 requests, which took 30.0s. Waiting for server processing
I20260914 18:59:57.118888 301142 dfly_bench.cc:926] Done queuing 4294967295 requests, which took 30.0s. Waiting for server processing
I20260914 18:59:57.118835 301154 dfly_bench.cc:926] Done queuing 4294967295 requests, which took 30.0s. Waiting for server processing
I20260914 18:59:57.118884 301156 dfly_bench.cc:1001] ReceiveFb done
I20260914 18:59:57.118813 301147 dfly_bench.cc:926] Done queuing 4294967295 requests, which took 30.0s. Waiting for server processing
I20260914 18:59:57.118862 301149 dfly_bench.cc:1001] ReceiveFb done
I20260914 18:59:57.118746 301143 dfly_bench.cc:926] Done queuing 4294967295 requests, which took 30.0s. Waiting for server processing
I20260914 18:59:57.118906 301147 dfly_bench.cc:926] Done queuing 4294967295 requests, which took 30.0s. Waiting for server processing
I20260914 18:59:57.118896 301145 dfly_bench.cc:1001] ReceiveFb done
I20260914 18:59:57.118889 301148 dfly_bench.cc:1001] ReceiveFb done
I20260914 18:59:57.118923 301142 dfly_bench.cc:1001] ReceiveFb done
I20260914 18:59:57.118876 301151 dfly_bench.cc:1001] ReceiveFb done
I20260914 18:59:57.118885 301153 dfly_bench.cc:1001] ReceiveFb done
I20260914 18:59:57.118942 301148 dfly_bench.cc:1001] ReceiveFb done
I20260914 18:59:57.118922 301147 dfly_bench.cc:926] Done queuing 4294967295 requests, which took 30.0s. Waiting for server processing
I20260914 18:59:57.118795 301157 dfly_bench.cc:926] Done queuing 4294967295 requests, which took 30.0s. Waiting for server processing
I20260914 18:59:57.118918 301156 dfly_bench.cc:1001] ReceiveFb done
I20260914 18:59:57.118973 301148 dfly_bench.cc:1001] ReceiveFb done
I20260914 18:59:57.118919 301154 dfly_bench.cc:926] Done queuing 4294967295 requests, which took 30.0s. Waiting for server processing
I20260914 18:59:57.118999 301148 dfly_bench.cc:1001] ReceiveFb done
I20260914 18:59:57.119004 301144 dfly_bench.cc:1001] ReceiveFb done
I20260914 18:59:57.118919 301143 dfly_bench.cc:926] Done queuing 4294967295 requests, which took 30.0s. Waiting for server processing
I20260914 18:59:57.118942 301149 dfly_bench.cc:926] Done queuing 4294967295 requests, which took 30.0s. Waiting for server processing
I20260914 18:59:57.118969 301150 dfly_bench.cc:926] Done queuing 4294967295 requests, which took 30.0s. Waiting for server processing
I20260914 18:59:57.118958 301151 dfly_bench.cc:1001] ReceiveFb done
I20260914 18:59:57.119023 301148 dfly_bench.cc:1001] ReceiveFb done
I20260914 18:59:57.118969 301157 dfly_bench.cc:926] Done queuing 4294967295 requests, which took 30.0s. Waiting for server processing
I20260914 18:59:57.119014 301143 dfly_bench.cc:926] Done queuing 4294967295 requests, which took 30.0s. Waiting for server processing
I20260914 18:59:57.119061 301148 dfly_bench.cc:1001] ReceiveFb done
I20260914 18:59:57.119069 301150 dfly_bench.cc:1001] ReceiveFb done
I20260914 18:59:57.118943 301145 dfly_bench.cc:1001] ReceiveFb done
I20260914 18:59:57.119019 301149 dfly_bench.cc:926] Done queuing 4294967295 requests, which took 30.0s. Waiting for server processing
I20260914 18:59:57.118958 301147 dfly_bench.cc:926] Done queuing 4294967295 requests, which took 30.0s. Waiting for server processing
I20260914 18:59:57.118969 301153 dfly_bench.cc:1001] ReceiveFb done
I20260914 18:59:57.119055 301157 dfly_bench.cc:926] Done queuing 4294967295 requests, which took 30.0s. Waiting for server processing
I20260914 18:59:57.119024 301144 dfly_bench.cc:1001] ReceiveFb done
I20260914 18:59:57.119055 301146 dfly_bench.cc:926] Done queuing 4294967295 requests, which took 30.0s. Waiting for server processing
I20260914 18:59:57.119084 301148 dfly_bench.cc:926] Done queuing 4294967295 requests, which took 30.0s. Waiting for server processing
I20260914 18:59:57.119032 301155 dfly_bench.cc:926] Done queuing 4294967295 requests, which took 30.0s. Waiting for server processing
I20260914 18:59:57.119138 301153 dfly_bench.cc:1001] ReceiveFb done
I20260914 18:59:57.119073 301154 dfly_bench.cc:1001] ReceiveFb done
I20260914 18:59:57.118942 301142 dfly_bench.cc:1001] ReceiveFb done
I20260914 18:59:57.119097 301150 dfly_bench.cc:1001] ReceiveFb done
I20260914 18:59:57.119151 301144 dfly_bench.cc:1001] ReceiveFb done
I20260914 18:59:57.118904 301152 dfly_bench.cc:926] Done queuing 4294967295 requests, which took 30.0s. Waiting for server processing
I20260914 18:59:57.118984 301156 dfly_bench.cc:1001] ReceiveFb done
I20260914 18:59:57.119170 301142 dfly_bench.cc:1001] ReceiveFb done
I20260914 18:59:57.119163 301157 dfly_bench.cc:1001] ReceiveFb done
I20260914 18:59:57.119148 301155 dfly_bench.cc:926] Done queuing 4294967295 requests, which took 30.0s. Waiting for server processing
I20260914 18:59:57.119144 301148 dfly_bench.cc:926] Done queuing 4294967295 requests, which took 30.0s. Waiting for server processing
I20260914 18:59:57.119195 301156 dfly_bench.cc:1001] ReceiveFb done
I20260914 18:59:57.119164 301154 dfly_bench.cc:1001] ReceiveFb done
I20260914 18:59:57.119063 301143 dfly_bench.cc:926] Done queuing 4294967295 requests, which took 30.0s. Waiting for server processing
I20260914 18:59:57.119158 301147 dfly_bench.cc:1001] ReceiveFb done
I20260914 18:59:57.119154 301146 dfly_bench.cc:1001] ReceiveFb done
I20260914 18:59:57.119210 301143 dfly_bench.cc:926] Done queuing 4294967295 requests, which took 30.0s. Waiting for server processing
I20260914 18:59:57.119109 301145 dfly_bench.cc:1001] ReceiveFb done
I20260914 18:59:57.119197 301155 dfly_bench.cc:926] Done queuing 4294967295 requests, which took 30.0s. Waiting for server processing
I20260914 18:59:57.119218 301156 dfly_bench.cc:1001] ReceiveFb done
I20260914 18:59:57.119204 301148 dfly_bench.cc:926] Done queuing 4294967295 requests, which took 30.0s. Waiting for server processing
I20260914 18:59:57.119266 301155 dfly_bench.cc:1001] ReceiveFb done
I20260914 18:59:57.119182 301152 dfly_bench.cc:926] Done queuing 4294967295 requests, which took 30.0s. Waiting for server processing
I20260914 18:59:57.119282 301156 dfly_bench.cc:1001] ReceiveFb done
I20260914 18:59:57.119220 301143 dfly_bench.cc:926] Done queuing 4294967295 requests, which took 30.0s. Waiting for server processing
I20260914 18:59:57.119190 301144 dfly_bench.cc:1001] ReceiveFb done
I20260914 18:59:57.119227 301150 dfly_bench.cc:926] Done queuing 4294967295 requests, which took 30.0s. Waiting for server processing
I20260914 18:59:57.119206 301157 dfly_bench.cc:1001] ReceiveFb done
I20260914 18:59:57.119199 301142 dfly_bench.cc:1001] ReceiveFb done
I20260914 18:59:57.119222 301147 dfly_bench.cc:1001] ReceiveFb done
I20260914 18:59:57.119220 301154 dfly_bench.cc:1001] ReceiveFb done
I20260914 18:59:57.119160 301153 dfly_bench.cc:1001] ReceiveFb done
I20260914 18:59:57.119309 301143 dfly_bench.cc:1001] ReceiveFb done
I20260914 18:59:57.119318 301157 dfly_bench.cc:1001] ReceiveFb done
I20260914 18:59:57.119295 301155 dfly_bench.cc:1001] ReceiveFb done
I20260914 18:59:57.119290 301152 dfly_bench.cc:926] Done queuing 4294967295 requests, which took 30.0s. Waiting for server processing
I20260914 18:59:57.119282 301148 dfly_bench.cc:926] Done queuing 4294967295 requests, which took 30.0s. Waiting for server processing
I20260914 18:59:57.119266 301145 dfly_bench.cc:1001] ReceiveFb done
I20260914 18:59:57.119341 301152 dfly_bench.cc:926] Done queuing 4294967295 requests, which took 30.0s. Waiting for server processing
I20260914 18:59:57.119242 301151 dfly_bench.cc:926] Done queuing 4294967295 requests, which took 30.0s. Waiting for server processing
I20260914 18:59:57.119344 301157 dfly_bench.cc:1001] ReceiveFb done
I20260914 18:59:57.119350 301155 dfly_bench.cc:1001] ReceiveFb done
I20260914 18:59:57.119227 301146 dfly_bench.cc:1001] ReceiveFb done
I20260914 18:59:57.119357 301152 dfly_bench.cc:926] Done queuing 4294967295 requests, which took 30.0s. Waiting for server processing
I20260914 18:59:57.119307 301150 dfly_bench.cc:926] Done queuing 4294967295 requests, which took 30.0s. Waiting for server processing
I20260914 18:59:57.119359 301151 dfly_bench.cc:926] Done queuing 4294967295 requests, which took 30.0s. Waiting for server processing
I20260914 18:59:57.119328 301154 dfly_bench.cc:1001] ReceiveFb done
I20260914 18:59:57.119321 301147 dfly_bench.cc:1001] ReceiveFb done
I20260914 18:59:57.119318 301144 dfly_bench.cc:1001] ReceiveFb done
I20260914 18:59:57.119383 301151 dfly_bench.cc:926] Done queuing 4294967295 requests, which took 30.0s. Waiting for server processing
I20260914 18:59:57.119388 301154 dfly_bench.cc:1001] ReceiveFb done
I20260914 18:59:57.119374 301155 dfly_bench.cc:1001] ReceiveFb done
I20260914 18:59:57.119342 301153 dfly_bench.cc:1001] ReceiveFb done
I20260914 18:59:57.119364 301145 dfly_bench.cc:1001] ReceiveFb done
I20260914 18:59:57.119340 301143 dfly_bench.cc:1001] ReceiveFb done
I20260914 18:59:57.119374 301150 dfly_bench.cc:926] Done queuing 4294967295 requests, which took 30.0s. Waiting for server processing
I20260914 18:59:57.119405 301144 dfly_bench.cc:1001] ReceiveFb done
I20260914 18:59:57.119419 301143 dfly_bench.cc:1001] ReceiveFb done
I20260914 18:59:57.119426 301150 dfly_bench.cc:926] Done queuing 4294967295 requests, which took 30.0s. Waiting for server processing
I20260914 18:59:57.119321 301142 dfly_bench.cc:1001] ReceiveFb done
I20260914 18:59:57.119449 301143 dfly_bench.cc:1001] ReceiveFb done
I20260914 18:59:57.119387 301146 dfly_bench.cc:1001] ReceiveFb done
I20260914 18:59:57.119415 301154 dfly_bench.cc:1001] ReceiveFb done
I20260914 18:59:57.119427 301153 dfly_bench.cc:926] Done queuing 4294967295 requests, which took 30.0s. Waiting for server processing
I20260914 18:59:57.119374 301157 dfly_bench.cc:1001] ReceiveFb done
I20260914 18:59:57.119372 301152 dfly_bench.cc:1001] ReceiveFb done
I20260914 18:59:57.119395 301147 dfly_bench.cc:1001] ReceiveFb done
I20260914 18:59:57.119396 301151 dfly_bench.cc:926] Done queuing 4294967295 requests, which took 30.0s. Waiting for server processing
I20260914 18:59:57.119417 301145 dfly_bench.cc:1001] ReceiveFb done
I20260914 18:59:57.119468 301156 dfly_bench.cc:926] Done queuing 4294967295 requests, which took 30.0s. Waiting for server processing
I20260914 18:59:57.119474 301153 dfly_bench.cc:926] Done queuing 4294967295 requests, which took 30.0s. Waiting for server processing
I20260914 18:59:57.119443 301144 dfly_bench.cc:1001] ReceiveFb done
I20260914 18:59:57.119486 301146 dfly_bench.cc:1001] ReceiveFb done
I20260914 18:59:57.119498 301149 dfly_bench.cc:926] Done queuing 4294967295 requests, which took 30.0s. Waiting for server processing
I20260914 18:59:57.119464 301148 dfly_bench.cc:1001] ReceiveFb done
I20260914 18:59:57.119494 301147 dfly_bench.cc:1001] ReceiveFb done
I20260914 18:59:57.119411 301155 dfly_bench.cc:1001] ReceiveFb done
I20260914 18:59:57.119485 301157 dfly_bench.cc:1001] ReceiveFb done
I20260914 18:59:57.119490 301152 dfly_bench.cc:1001] ReceiveFb done
I20260914 18:59:57.119504 301156 dfly_bench.cc:926] Done queuing 4294967295 requests, which took 30.0s. Waiting for server processing
I20260914 18:59:57.119534 301147 dfly_bench.cc:1001] ReceiveFb done
I20260914 18:59:57.119491 301151 dfly_bench.cc:926] Done queuing 4294967295 requests, which took 30.0s. Waiting for server processing
I20260914 18:59:57.119503 301153 dfly_bench.cc:926] Done queuing 4294967295 requests, which took 30.0s. Waiting for server processing
I20260914 18:59:57.119450 301150 dfly_bench.cc:1001] ReceiveFb done
I20260914 18:59:57.119479 301143 dfly_bench.cc:1001] ReceiveFb done
I20260914 18:59:57.119562 301142 dfly_bench.cc:926] Done queuing 4294967295 requests, which took 30.0s. Waiting for server processing
I20260914 18:59:57.119508 301145 dfly_bench.cc:1001] ReceiveFb done
I20260914 18:59:57.119526 301146 dfly_bench.cc:926] Done queuing 4294967295 requests, which took 30.0s. Waiting for server processing
I20260914 18:59:57.119544 301148 dfly_bench.cc:1001] ReceiveFb done
I20260914 18:59:57.119553 301152 dfly_bench.cc:1001] ReceiveFb done
I20260914 18:59:57.119544 301157 dfly_bench.cc:1001] ReceiveFb done
I20260914 18:59:57.119598 301151 dfly_bench.cc:1001] ReceiveFb done
I20260914 18:59:57.119596 301152 dfly_bench.cc:1001] ReceiveFb done
I20260914 18:59:57.119587 301145 dfly_bench.cc:1001] ReceiveFb done
I20260914 18:59:57.119576 301146 dfly_bench.cc:926] Done queuing 4294967295 requests, which took 30.0s. Waiting for server processing
I20260914 18:59:57.119591 301148 dfly_bench.cc:1001] ReceiveFb done
I20260914 18:59:57.119545 301144 dfly_bench.cc:926] Done queuing 4294967295 requests, which took 30.0s. Waiting for server processing
I20260914 18:59:57.119606 301157 dfly_bench.cc:1001] ReceiveFb done
I20260914 18:59:57.119544 301156 dfly_bench.cc:926] Done queuing 4294967295 requests, which took 30.0s. Waiting for server processing
I20260914 18:59:57.119624 301146 dfly_bench.cc:926] Done queuing 4294967295 requests, which took 30.0s. Waiting for server processing
I20260914 18:59:57.119632 301154 dfly_bench.cc:926] Done queuing 4294967295 requests, which took 30.0s. Waiting for server processing
I20260914 18:59:57.119637 301148 dfly_bench.cc:1001] ReceiveFb done
I20260914 18:59:57.119648 301154 dfly_bench.cc:926] Done queuing 4294967295 requests, which took 30.0s. Waiting for server processing
I20260914 18:59:57.119519 301149 dfly_bench.cc:926] Done queuing 4294967295 requests, which took 30.0s. Waiting for server processing
I20260914 18:59:57.119585 301143 dfly_bench.cc:1001] ReceiveFb done
I20260914 18:59:57.119617 301151 dfly_bench.cc:1001] ReceiveFb done
I20260914 18:59:57.119647 301145 dfly_bench.cc:1001] ReceiveFb done
I20260914 18:59:57.119642 301157 dfly_bench.cc:1001] ReceiveFb done
I20260914 18:59:57.119628 301144 dfly_bench.cc:926] Done queuing 4294967295 requests, which took 30.0s. Waiting for server processing
I20260914 18:59:57.119678 301144 dfly_bench.cc:926] Done queuing 4294967295 requests, which took 30.0s. Waiting for server processing
I20260914 18:59:57.119575 301142 dfly_bench.cc:926] Done queuing 4294967295 requests, which took 30.0s. Waiting for server processing
I20260914 18:59:57.119663 301154 dfly_bench.cc:926] Done queuing 4294967295 requests, which took 30.0s. Waiting for server processing
I20260914 18:59:57.119690 301153 dfly_bench.cc:926] Done queuing 4294967295 requests, which took 30.0s. Waiting for server processing
I20260914 18:59:57.119681 301155 dfly_bench.cc:1001] ReceiveFb done
I20260914 18:59:57.119694 301154 dfly_bench.cc:926] Done queuing 4294967295 requests, which took 30.0s. Waiting for server processing
I20260914 18:59:57.119580 301150 dfly_bench.cc:1001] ReceiveFb done
I20260914 18:59:57.119728 301154 dfly_bench.cc:1001] ReceiveFb done
I20260914 18:59:57.119726 301146 dfly_bench.cc:1001] ReceiveFb done
I20260914 18:59:57.119702 301153 dfly_bench.cc:926] Done queuing 4294967295 requests, which took 30.0s. Waiting for server processing
I20260914 18:59:57.119668 301148 dfly_bench.cc:1001] ReceiveFb done
I20260914 18:59:57.119688 301142 dfly_bench.cc:926] Done queuing 4294967295 requests, which took 30.0s. Waiting for server processing
I20260914 18:59:57.119637 301156 dfly_bench.cc:926] Done queuing 4294967295 requests, which took 30.0s. Waiting for server processing
I20260914 18:59:57.119681 301151 dfly_bench.cc:1001] ReceiveFb done
I20260914 18:59:57.119746 301152 dfly_bench.cc:1001] ReceiveFb done
I20260914 18:59:57.119750 301154 dfly_bench.cc:1001] ReceiveFb done
I20260914 18:59:57.119745 301150 dfly_bench.cc:1001] ReceiveFb done
I20260914 18:59:57.119745 301153 dfly_bench.cc:926] Done queuing 4294967295 requests, which took 30.0s. Waiting for server processing
I20260914 18:59:57.119768 301151 dfly_bench.cc:1001] ReceiveFb done
I20260914 18:59:57.119664 301149 dfly_bench.cc:926] Done queuing 4294967295 requests, which took 30.0s. Waiting for server processing
I20260914 18:59:57.119760 301148 dfly_bench.cc:926] Done queuing 4294967295 requests, which took 30.0s. Waiting for server processing
I20260914 18:59:57.119730 301155 dfly_bench.cc:1001] ReceiveFb done
I20260914 18:59:57.119778 301150 dfly_bench.cc:1001] ReceiveFb done
I20260914 18:59:57.119724 301145 dfly_bench.cc:926] Done queuing 4294967295 requests, which took 30.0s. Waiting for server processing
I20260914 18:59:57.119757 301146 dfly_bench.cc:1001] ReceiveFb done
I20260914 18:59:57.119769 301152 dfly_bench.cc:1001] ReceiveFb done
I20260914 18:59:57.119812 301150 dfly_bench.cc:926] Done queuing 4294967295 requests, which took 30.0s. Waiting for server processing
I20260914 18:59:57.119772 301154 dfly_bench.cc:1001] ReceiveFb done
I20260914 18:59:57.119808 301155 dfly_bench.cc:1001] ReceiveFb done
I20260914 18:59:57.119829 301143 dfly_bench.cc:926] Done queuing 4294967295 requests, which took 30.0s. Waiting for server processing
I20260914 18:59:57.119848 301155 dfly_bench.cc:926] Done queuing 4294967295 requests, which took 30.0s. Waiting for server processing
I20260914 18:59:57.119791 301151 dfly_bench.cc:1001] ReceiveFb done
I20260914 18:59:57.119855 301144 dfly_bench.cc:926] Done queuing 4294967295 requests, which took 30.0s. Waiting for server processing
I20260914 18:59:57.119803 301145 dfly_bench.cc:926] Done queuing 4294967295 requests, which took 30.0s. Waiting for server processing
I20260914 18:59:57.119841 301154 dfly_bench.cc:1001] ReceiveFb done
I20260914 18:59:57.119892 301155 dfly_bench.cc:926] Done queuing 4294967295 requests, which took 30.0s. Waiting for server processing
I20260914 18:59:57.119906 301154 dfly_bench.cc:926] Done queuing 4294967295 requests, which took 30.0s. Waiting for server processing
I20260914 18:59:57.119786 301149 dfly_bench.cc:926] Done queuing 4294967295 requests, which took 30.0s. Waiting for server processing
I20260914 18:59:57.119794 301142 dfly_bench.cc:1001] ReceiveFb done
I20260914 18:59:57.119827 301152 dfly_bench.cc:1001] ReceiveFb done
I20260914 18:59:57.119751 301156 dfly_bench.cc:926] Done queuing 4294967295 requests, which took 30.0s. Waiting for server processing
I20260914 18:59:57.119726 301147 dfly_bench.cc:926] Done queuing 4294967295 requests, which took 30.0s. Waiting for server processing
I20260914 18:59:57.119939 301142 dfly_bench.cc:1001] ReceiveFb done
I20260914 18:59:57.119874 301144 dfly_bench.cc:1001] ReceiveFb done
I20260914 18:59:57.119843 301143 dfly_bench.cc:926] Done queuing 4294967295 requests, which took 30.0s. Waiting for server processing
I20260914 18:59:57.119814 301146 dfly_bench.cc:1001] ReceiveFb done
I20260914 18:59:57.119916 301154 dfly_bench.cc:926] Done queuing 4294967295 requests, which took 30.0s. Waiting for server processing
I20260914 18:59:57.119927 301148 dfly_bench.cc:1001] ReceiveFb done
I20260914 18:59:57.119968 301143 dfly_bench.cc:1001] ReceiveFb done
I20260914 18:59:57.119902 301155 dfly_bench.cc:926] Done queuing 4294967295 requests, which took 30.0s. Waiting for server processing
I20260914 18:59:57.119975 301156 dfly_bench.cc:1001] ReceiveFb done
I20260914 18:59:57.119984 301151 dfly_bench.cc:926] Done queuing 4294967295 requests, which took 30.0s. Waiting for server processing
I20260914 18:59:57.120000 301156 dfly_bench.cc:1001] ReceiveFb done
I20260914 18:59:57.120007 301151 dfly_bench.cc:926] Done queuing 4294967295 requests, which took 30.0s. Waiting for server processing
I20260914 18:59:57.119971 301146 dfly_bench.cc:926] Done queuing 4294967295 requests, which took 30.0s. Waiting for server processing
I20260914 18:59:57.119921 301157 dfly_bench.cc:926] Done queuing 4294967295 requests, which took 30.0s. Waiting for server processing
I20260914 18:59:57.119776 301153 dfly_bench.cc:926] Done queuing 4294967295 requests, which took 30.0s. Waiting for server processing
I20260914 18:59:57.119966 301142 dfly_bench.cc:1001] ReceiveFb done
I20260914 18:59:57.119903 301150 dfly_bench.cc:1001] ReceiveFb done
I20260914 18:59:57.120025 301157 dfly_bench.cc:926] Done queuing 4294967295 requests, which took 30.0s. Waiting for server processing
I20260914 18:59:57.120016 301151 dfly_bench.cc:926] Done queuing 4294967295 requests, which took 30.0s. Waiting for server processing
I20260914 18:59:57.120021 301156 dfly_bench.cc:1001] ReceiveFb done
I20260914 18:59:57.119923 301149 dfly_bench.cc:926] Done queuing 4294967295 requests, which took 30.0s. Waiting for server processing
I20260914 18:59:57.119942 301152 dfly_bench.cc:1001] ReceiveFb done
I20260914 18:59:57.120055 301149 dfly_bench.cc:1001] ReceiveFb done
I20260914 18:59:57.120075 301152 dfly_bench.cc:1001] ReceiveFb done
I20260914 18:59:57.120040 301157 dfly_bench.cc:926] Done queuing 4294967295 requests, which took 30.0s. Waiting for server processing
I20260914 18:59:57.119966 301144 dfly_bench.cc:1001] ReceiveFb done
I20260914 18:59:57.120097 301152 dfly_bench.cc:926] Done queuing 4294967295 requests, which took 30.0s. Waiting for server processing
I20260914 18:59:57.120088 301157 dfly_bench.cc:926] Done queuing 4294967295 requests, which took 30.0s. Waiting for server processing
I20260914 18:59:57.120072 301156 dfly_bench.cc:1001] ReceiveFb done
I20260914 18:59:57.120069 301153 dfly_bench.cc:1001] ReceiveFb done
I20260914 18:59:57.119943 301147 dfly_bench.cc:926] Done queuing 4294967295 requests, which took 30.0s. Waiting for server processing
I20260914 18:59:57.120043 301151 dfly_bench.cc:926] Done queuing 4294967295 requests, which took 30.0s. Waiting for server processing
I20260914 18:59:57.120044 301154 dfly_bench.cc:1001] ReceiveFb done
I20260914 18:59:57.120108 301152 dfly_bench.cc:926] Done queuing 4294967295 requests, which took 30.0s. Waiting for server processing
I20260914 18:59:57.120146 301152 dfly_bench.cc:926] Done queuing 4294967295 requests, which took 30.0s. Waiting for server processing
I20260914 18:59:57.120148 301154 dfly_bench.cc:1001] ReceiveFb done
I20260914 18:59:57.120018 301155 dfly_bench.cc:1001] ReceiveFb done
I20260914 18:59:57.120085 301149 dfly_bench.cc:1001] ReceiveFb done
I20260914 18:59:57.120157 301152 dfly_bench.cc:926] Done queuing 4294967295 requests, which took 30.0s. Waiting for server processing
I20260914 18:59:57.119989 301143 dfly_bench.cc:1001] ReceiveFb done
I20260914 18:59:57.120108 301157 dfly_bench.cc:926] Done queuing 4294967295 requests, which took 30.0s. Waiting for server processing
I20260914 18:59:57.120118 301144 dfly_bench.cc:1001] ReceiveFb done
I20260914 18:59:57.120169 301154 dfly_bench.cc:926] Done queuing 4294967295 requests, which took 30.0s. Waiting for server processing
I20260914 18:59:57.120172 301155 dfly_bench.cc:1001] ReceiveFb done
I20260914 18:59:57.120128 301151 dfly_bench.cc:926] Done queuing 4294967295 requests, which took 30.0s. Waiting for server processing
I20260914 18:59:57.120132 301156 dfly_bench.cc:1001] ReceiveFb done
I20260914 18:59:57.120180 301154 dfly_bench.cc:926] Done queuing 4294967295 requests, which took 30.0s. Waiting for server processing
I20260914 18:59:57.120124 301147 dfly_bench.cc:926] Done queuing 4294967295 requests, which took 30.0s. Waiting for server processing
I20260914 18:59:57.120081 301146 dfly_bench.cc:1001] ReceiveFb done
I20260914 18:59:57.120183 301157 dfly_bench.cc:1001] ReceiveFb done
I20260914 18:59:57.120193 301155 dfly_bench.cc:1001] ReceiveFb done
I20260914 18:59:57.120134 301153 dfly_bench.cc:1001] ReceiveFb done
I20260914 18:59:57.120191 301147 dfly_bench.cc:926] Done queuing 4294967295 requests, which took 30.0s. Waiting for server processing
I20260914 18:59:57.120214 301157 dfly_bench.cc:1001] ReceiveFb done
I20260914 18:59:57.120190 301144 dfly_bench.cc:1001] ReceiveFb done
I20260914 18:59:57.120225 301143 dfly_bench.cc:1126] Total hits: 679242
I20260914 18:59:57.120236 301157 dfly_bench.cc:1001] ReceiveFb done
I20260914 18:59:57.120234 301146 dfly_bench.cc:926] Done queuing 4294967295 requests, which took 30.0s. Waiting for server processing
I20260914 18:59:57.120172 301152 dfly_bench.cc:926] Done queuing 4294967295 requests, which took 30.0s. Waiting for server processing
I20260914 18:59:57.120229 301154 dfly_bench.cc:1001] ReceiveFb done
I20260914 18:59:57.120232 301153 dfly_bench.cc:1001] ReceiveFb done
I20260914 18:59:57.120217 301147 dfly_bench.cc:926] Done queuing 4294967295 requests, which took 30.0s. Waiting for server processing
I20260914 18:59:57.120256 301146 dfly_bench.cc:1001] ReceiveFb done
I20260914 18:59:57.120285 301153 dfly_bench.cc:1001] ReceiveFb done
I20260914 18:59:57.120270 301147 dfly_bench.cc:926] Done queuing 4294967295 requests, which took 30.0s. Waiting for server processing
I20260914 18:59:57.120256 301149 dfly_bench.cc:1001] ReceiveFb done
I20260914 18:59:57.120296 301154 dfly_bench.cc:1001] ReceiveFb done
I20260914 18:59:57.120306 301153 dfly_bench.cc:1001] ReceiveFb done
I20260914 18:59:57.120191 301151 dfly_bench.cc:1001] ReceiveFb done
I20260914 18:59:57.120316 301156 dfly_bench.cc:926] Done queuing 4294967295 requests, which took 30.0s. Waiting for server processing
I20260914 18:59:57.120292 301155 dfly_bench.cc:926] Done queuing 4294967295 requests, which took 30.0s. Waiting for server processing
I20260914 18:59:57.120098 301150 dfly_bench.cc:926] Done queuing 4294967295 requests, which took 30.0s. Waiting for server processing
I20260914 18:59:57.120240 301144 dfly_bench.cc:926] Done queuing 4294967295 requests, which took 30.0s. Waiting for server processing
I20260914 18:59:57.120311 301149 dfly_bench.cc:1001] ReceiveFb done
I20260914 18:59:57.120329 301150 dfly_bench.cc:926] Done queuing 4294967295 requests, which took 30.0s. Waiting for server processing
I20260914 18:59:57.120302 301147 dfly_bench.cc:1001] ReceiveFb done
I20260914 18:59:57.120329 301153 dfly_bench.cc:1001] ReceiveFb done
I20260914 18:59:57.120257 301157 dfly_bench.cc:1001] ReceiveFb done
I20260914 18:59:57.120328 301155 dfly_bench.cc:926] Done queuing 4294967295 requests, which took 30.0s. Waiting for server processing
I20260914 18:59:57.120353 301150 dfly_bench.cc:1001] ReceiveFb done
I20260914 18:59:57.120334 301156 dfly_bench.cc:1001] ReceiveFb done
I20260914 18:59:57.120373 301152 dfly_bench.cc:1001] ReceiveFb done
I20260914 18:59:57.120381 301157 dfly_bench.cc:1001] ReceiveFb done
I20260914 18:59:57.120385 301150 dfly_bench.cc:1001] ReceiveFb done
I20260914 18:59:57.120396 301152 dfly_bench.cc:1001] ReceiveFb done
I20260914 18:59:57.120352 301149 dfly_bench.cc:1001] ReceiveFb done
I20260914 18:59:57.120363 301147 dfly_bench.cc:1001] ReceiveFb done
I20260914 18:59:57.120415 301152 dfly_bench.cc:1001] ReceiveFb done
I20260914 18:59:57.120420 301144 dfly_bench.cc:1001] ReceiveFb done
I20260914 18:59:57.120355 301154 dfly_bench.cc:1126] Total hits: 688919
I20260914 18:59:57.120334 301151 dfly_bench.cc:1001] ReceiveFb done
I20260914 18:59:57.120431 301149 dfly_bench.cc:1001] ReceiveFb done
I20260914 18:59:57.120431 301147 dfly_bench.cc:1001] ReceiveFb done
I20260914 18:59:57.120375 301155 dfly_bench.cc:1001] ReceiveFb done
I20260914 18:59:57.120375 301153 dfly_bench.cc:1001] ReceiveFb done
I20260914 18:59:57.120440 301152 dfly_bench.cc:1001] ReceiveFb done
I20260914 18:59:57.120458 301151 dfly_bench.cc:1001] ReceiveFb done
I20260914 18:59:57.120463 301149 dfly_bench.cc:1001] ReceiveFb done
I20260914 18:59:57.120325 301145 dfly_bench.cc:926] Done queuing 4294967295 requests, which took 30.0s. Waiting for server processing
I20260914 18:59:57.120472 301152 dfly_bench.cc:1001] ReceiveFb done
I20260914 18:59:57.120468 301147 dfly_bench.cc:1001] ReceiveFb done
I20260914 18:59:57.120476 301151 dfly_bench.cc:1001] ReceiveFb done
I20260914 18:59:57.120473 301153 dfly_bench.cc:926] Done queuing 4294967295 requests, which took 30.0s. Waiting for server processing
I20260914 18:59:57.120496 301157 dfly_bench.cc:926] Done queuing 4294967295 requests, which took 30.0s. Waiting for server processing
I20260914 18:59:57.120507 301151 dfly_bench.cc:1001] ReceiveFb done
I20260914 18:59:57.120492 301153 dfly_bench.cc:926] Done queuing 4294967295 requests, which took 30.0s. Waiting for server processing
I20260914 18:59:57.120489 301149 dfly_bench.cc:926] Done queuing 4294967295 requests, which took 30.0s. Waiting for server processing
I20260914 18:59:57.120469 301155 dfly_bench.cc:1001] ReceiveFb done
I20260914 18:59:57.120523 301153 dfly_bench.cc:926] Done queuing 4294967295 requests, which took 30.0s. Waiting for server processing
I20260914 18:59:57.120522 301157 dfly_bench.cc:1001] ReceiveFb done
I20260914 18:59:57.120545 301153 dfly_bench.cc:926] Done queuing 4294967295 requests, which took 30.0s. Waiting for server processing
I20260914 18:59:57.120497 301147 dfly_bench.cc:1001] ReceiveFb done
I20260914 18:59:57.120532 301149 dfly_bench.cc:926] Done queuing 4294967295 requests, which took 30.0s. Waiting for server processing
I20260914 18:59:57.120484 301145 dfly_bench.cc:926] Done queuing 4294967295 requests, which took 30.0s. Waiting for server processing
I20260914 18:59:57.120548 301155 dfly_bench.cc:926] Done queuing 4294967295 requests, which took 30.0s. Waiting for server processing
I20260914 18:59:57.120579 301147 dfly_bench.cc:1001] ReceiveFb done
I20260914 18:59:57.120579 301157 dfly_bench.cc:1126] Total hits: 685548
I20260914 18:59:57.120589 301145 dfly_bench.cc:1001] ReceiveFb done
I20260914 18:59:57.120609 301149 dfly_bench.cc:926] Done queuing 4294967295 requests, which took 30.0s. Waiting for server processing
I20260914 18:59:57.120625 301152 dfly_bench.cc:926] Done queuing 4294967295 requests, which took 30.0s. Waiting for server processing
I20260914 18:59:57.120626 301145 dfly_bench.cc:1001] ReceiveFb done
I20260914 18:59:57.120623 301149 dfly_bench.cc:926] Done queuing 4294967295 requests, which took 30.0s. Waiting for server processing
I20260914 18:59:57.120641 301146 dfly_bench.cc:926] Done queuing 4294967295 requests, which took 30.0s. Waiting for server processing
I20260914 18:59:57.120621 301155 dfly_bench.cc:1001] ReceiveFb done
I20260914 18:59:57.120654 301146 dfly_bench.cc:1001] ReceiveFb done
I20260914 18:59:57.120651 301149 dfly_bench.cc:926] Done queuing 4294967295 requests, which took 30.0s. Waiting for server processing
I20260914 18:59:57.120641 301152 dfly_bench.cc:1001] ReceiveFb done
I20260914 18:59:57.120687 301144 dfly_bench.cc:926] Done queuing 4294967295 requests, which took 30.0s. Waiting for server processing
I20260914 18:59:57.120695 301142 dfly_bench.cc:926] Done queuing 4294967295 requests, which took 30.0s. Waiting for server processing
I20260914 18:59:57.120700 301144 dfly_bench.cc:1001] ReceiveFb done
I20260914 18:59:57.120697 301148 dfly_bench.cc:926] Done queuing 4294967295 requests, which took 30.0s. Waiting for server processing
I20260914 18:59:57.120710 301153 dfly_bench.cc:1001] ReceiveFb done
I20260914 18:59:57.120707 301142 dfly_bench.cc:1001] ReceiveFb done
I20260914 18:59:57.120714 301148 dfly_bench.cc:1001] ReceiveFb done
I20260914 18:59:57.120733 301145 dfly_bench.cc:1001] ReceiveFb done
I20260914 18:59:57.120740 301153 dfly_bench.cc:1001] ReceiveFb done
I20260914 18:59:57.120707 301155 dfly_bench.cc:926] Done queuing 4294967295 requests, which took 30.0s. Waiting for server processing
I20260914 18:59:57.120751 301155 dfly_bench.cc:1001] ReceiveFb done
I20260914 18:59:57.120759 301153 dfly_bench.cc:1001] ReceiveFb done
I20260914 18:59:57.120752 301145 dfly_bench.cc:1001] ReceiveFb done
I20260914 18:59:57.120781 301153 dfly_bench.cc:1001] ReceiveFb done
I20260914 18:59:57.120788 301149 dfly_bench.cc:1001] ReceiveFb done
30s: 100.0% done, RPS(now/agg): 706414/728041, errs: 0, hitrate: 100.0%, clients: 121
done_min: 100.00%, done_max: 100.02%, p99_lat(us): 5775, max_pending: 1
I20260914 18:59:57.120807 301144 dfly_bench.cc:1466] 30s: 100.0% done, RPS(now/agg): 706414/728041, errs: 0, hitrate: 100.0%, clients: 121
done_min: 100.00%, done_max: 100.02%, p99_lat(us): 5775, max_pending: 1
I20260914 18:59:57.120811 301149 dfly_bench.cc:1001] ReceiveFb done
I20260914 18:59:57.120831 301142 dfly_bench.cc:926] Done queuing 4294967295 requests, which took 30.0s. Waiting for server processing
I20260914 18:59:57.120820 301145 dfly_bench.cc:926] Done queuing 4294967295 requests, which took 30.0s. Waiting for server processing
I20260914 18:59:57.120839 301142 dfly_bench.cc:1001] ReceiveFb done
I20260914 18:59:57.120844 301145 dfly_bench.cc:926] Done queuing 4294967295 requests, which took 30.0s. Waiting for server processing
I20260914 18:59:57.120848 301144 dfly_bench.cc:926] Done queuing 4294967295 requests, which took 30.0s. Waiting for server processing
I20260914 18:59:57.120850 301149 dfly_bench.cc:1001] ReceiveFb done
I20260914 18:59:57.120865 301152 dfly_bench.cc:926] Done queuing 4294967295 requests, which took 30.0s. Waiting for server processing
I20260914 18:59:57.120859 301148 dfly_bench.cc:926] Done queuing 4294967295 requests, which took 30.0s. Waiting for server processing
I20260914 18:59:57.120878 301152 dfly_bench.cc:1001] ReceiveFb done
I20260914 18:59:57.120882 301149 dfly_bench.cc:1001] ReceiveFb done
I20260914 18:59:57.120862 301156 dfly_bench.cc:926] Done queuing 4294967295 requests, which took 30.0s. Waiting for server processing
I20260914 18:59:57.120860 301144 dfly_bench.cc:1001] ReceiveFb done
I20260914 18:59:57.120889 301151 dfly_bench.cc:926] Done queuing 4294967295 requests, which took 30.0s. Waiting for server processing
I20260914 18:59:57.120896 301156 dfly_bench.cc:1001] ReceiveFb done
I20260914 18:59:57.120904 301151 dfly_bench.cc:1001] ReceiveFb done
I20260914 18:59:57.120851 301145 dfly_bench.cc:926] Done queuing 4294967295 requests, which took 30.0s. Waiting for server processing
I20260914 18:59:57.120910 301142 dfly_bench.cc:926] Done queuing 4294967295 requests, which took 30.0s. Waiting for server processing
I20260914 18:59:57.120883 301148 dfly_bench.cc:1001] ReceiveFb done
I20260914 18:59:57.120921 301142 dfly_bench.cc:1001] ReceiveFb done
I20260914 18:59:57.120925 301152 dfly_bench.cc:1126] Total hits: 678326
I20260914 18:59:57.120905 301149 dfly_bench.cc:1001] ReceiveFb done
I20260914 18:59:57.120936 301144 dfly_bench.cc:926] Done queuing 4294967295 requests, which took 30.0s. Waiting for server processing
I20260914 18:59:57.120959 301151 dfly_bench.cc:1126] Total hits: 688068
I20260914 18:59:57.120949 301144 dfly_bench.cc:1001] ReceiveFb done
I20260914 18:59:57.120959 301142 dfly_bench.cc:1126] Total hits: 686972
I20260914 18:59:57.120955 301149 dfly_bench.cc:926] Done queuing 4294967295 requests, which took 30.0s. Waiting for server processing
I20260914 18:59:57.120937 301153 dfly_bench.cc:926] Done queuing 4294967295 requests, which took 30.0s. Waiting for server processing
I20260914 18:59:57.120977 301145 dfly_bench.cc:926] Done queuing 4294967295 requests, which took 30.0s. Waiting for server processing
I20260914 18:59:57.120937 301156 dfly_bench.cc:1126] Total hits: 691794
I20260914 18:59:57.120968 301146 dfly_bench.cc:926] Done queuing 4294967295 requests, which took 30.0s. Waiting for server processing
I20260914 18:59:57.121001 301145 dfly_bench.cc:926] Done queuing 4294967295 requests, which took 30.0s. Waiting for server processing
I20260914 18:59:57.121001 301153 dfly_bench.cc:1001] ReceiveFb done
I20260914 18:59:57.121008 301144 dfly_bench.cc:1126] Total hits: 683895
I20260914 18:59:57.121038 301145 dfly_bench.cc:1001] ReceiveFb done
I20260914 18:59:57.121027 301146 dfly_bench.cc:926] Done queuing 4294967295 requests, which took 30.0s. Waiting for server processing
I20260914 18:59:57.121068 301146 dfly_bench.cc:1001] ReceiveFb done
I20260914 18:59:57.121068 301153 dfly_bench.cc:1126] Total hits: 679900
I20260914 18:59:57.121071 301145 dfly_bench.cc:1001] ReceiveFb done
I20260914 18:59:57.121098 301146 dfly_bench.cc:1001] ReceiveFb done
I20260914 18:59:57.121102 301145 dfly_bench.cc:1001] ReceiveFb done
I20260914 18:59:57.121109 301149 dfly_bench.cc:1001] ReceiveFb done
I20260914 18:59:57.121120 301145 dfly_bench.cc:1001] ReceiveFb done
I20260914 18:59:57.121138 301145 dfly_bench.cc:1001] ReceiveFb done
I20260914 18:59:57.121147 301149 dfly_bench.cc:926] Done queuing 4294967295 requests, which took 30.0s. Waiting for server processing
I20260914 18:59:57.121155 301146 dfly_bench.cc:1126] Total hits: 676118
I20260914 18:59:57.121156 301145 dfly_bench.cc:926] Done queuing 4294967295 requests, which took 30.0s. Waiting for server processing
I20260914 18:59:57.121156 301149 dfly_bench.cc:1001] ReceiveFb done
I20260914 18:59:57.121261 301145 dfly_bench.cc:1001] ReceiveFb done
I20260914 18:59:57.121289 301145 dfly_bench.cc:926] Done queuing 4294967295 requests, which took 30.0s. Waiting for server processing
I20260914 18:59:57.121321 301145 dfly_bench.cc:1001] ReceiveFb done
I20260914 18:59:57.122741 301149 dfly_bench.cc:926] Done queuing 4294967295 requests, which took 30.0s. Waiting for server processing
I20260914 18:59:57.122752 301149 dfly_bench.cc:1001] ReceiveFb done
I20260914 18:59:57.122792 301149 dfly_bench.cc:1126] Total hits: 679249
I20260914 18:59:57.122793 301145 dfly_bench.cc:926] Done queuing 4294967295 requests, which took 30.0s. Waiting for server processing
I20260914 18:59:57.122810 301145 dfly_bench.cc:1001] ReceiveFb done
I20260914 18:59:57.122849 301145 dfly_bench.cc:1126] Total hits: 680651
I20260914 18:59:57.123119 301150 dfly_bench.cc:926] Done queuing 4294967295 requests, which took 30.0s. Waiting for server processing
I20260914 18:59:57.123133 301150 dfly_bench.cc:1001] ReceiveFb done
I20260914 18:59:57.123143 301148 dfly_bench.cc:926] Done queuing 4294967295 requests, which took 30.0s. Waiting for server processing
I20260914 18:59:57.123150 301147 dfly_bench.cc:926] Done queuing 4294967295 requests, which took 30.0s. Waiting for server processing
I20260914 18:59:57.123153 301148 dfly_bench.cc:1001] ReceiveFb done
I20260914 18:59:57.123162 301147 dfly_bench.cc:1001] ReceiveFb done
I20260914 18:59:57.123169 301150 dfly_bench.cc:1126] Total hits: 689453
I20260914 18:59:57.123162 301155 dfly_bench.cc:926] Done queuing 4294967295 requests, which took 30.0s. Waiting for server processing
I20260914 18:59:57.123183 301155 dfly_bench.cc:1001] ReceiveFb done
I20260914 18:59:57.123191 301148 dfly_bench.cc:926] Done queuing 4294967295 requests, which took 30.0s. Waiting for server processing
I20260914 18:59:57.123200 301148 dfly_bench.cc:1001] ReceiveFb done
I20260914 18:59:57.123202 301147 dfly_bench.cc:1126] Total hits: 678034
I20260914 18:59:57.123219 301155 dfly_bench.cc:1126] Total hits: 677366
I20260914 18:59:57.123240 301148 dfly_bench.cc:1126] Total hits: 679632
I20260914 18:59:58.120918 301141 dfly_bench.cc:1711] Resetting all threads

Total time: 30.009541967s. Overall number of requests: 21844967, QPS: 727297, P99 lat: 5789.98us
I20260914 18:59:58.121531 301141 dfly_bench.cc:1721] 
Total time: 30.009541967s. Overall number of requests: 21844967, QPS: 727297, P99 lat: 5789.98us
Latency summary, all times are in usec:
Count: 21844967 Average: 876.8327
Min: 146.0000  Median: 632.0605  Max: 202981.0000
------------------------------------------------------
[     140,     160 ) 138   0.001%   0.001% 
[     160,     180 ) 3201   0.015%   0.015% 
[     180,     200 ) 17361   0.079%   0.095% 
[     200,     250 ) 191613   0.877%   0.972% 
[     250,     300 ) 486034   2.225%   3.197% 
[     300,     350 ) 815863   3.735%   6.932% #
[     350,     400 ) 1185115   5.425%  12.357% #
[     400,     450 ) 1495031   6.844%  19.201% #
[     450,     500 ) 1745289   7.989%  27.190% ##
[     500,     600 ) 3854161  17.643%  44.833% ####
[     600,     700 ) 3520455  16.116%  60.949% ###
[     700,     800 ) 2688473  12.307%  73.256% ##
[     800,     900 ) 1745926   7.992%  81.248% ##
[     900,    1000 ) 1001757   4.586%  85.834% #
[    1000,    1200 ) 883246   4.043%  89.877% #
[    1200,    1400 ) 356563   1.632%  91.510% 
[    1400,    1600 ) 219007   1.003%  92.512% 
[    1600,    1800 ) 164758   0.754%  93.266% 
[    1800,    2000 ) 130960   0.599%  93.866% 
[    2000,    2500 ) 254593   1.165%  95.031% 
[    2500,    3000 ) 205753   0.942%  95.973% 
[    3000,    3500 ) 177062   0.811%  96.784% 
[    3500,    4000 ) 152113   0.696%  97.480% 
[    4000,    4500 ) 124201   0.569%  98.049% 
[    4500,    5000 ) 100757   0.461%  98.510% 
[    5000,    6000 ) 135556   0.621%  99.130% 
[    6000,    7000 ) 78105   0.358%  99.488% 
[    7000,    8000 ) 47614   0.218%  99.706% 
[    8000,    9000 ) 28656   0.131%  99.837% 
[    9000,   10000 ) 14640   0.067%  99.904% 
[   10000,   12000 ) 10430   0.048%  99.952% 
[   12000,   14000 ) 3796   0.017%  99.969% 
[   14000,   16000 ) 1343   0.006%  99.975% 
[   16000,   18000 ) 734   0.003%  99.979% 
[   18000,   20000 ) 513   0.002%  99.981% 
[   20000,   25000 ) 1111   0.005%  99.986% 
[   25000,   30000 ) 550   0.003%  99.989% 
[   30000,   35000 ) 63   0.000%  99.989% 
[   35000,   40000 ) 21   0.000%  99.989% 
[   40000,   45000 ) 20   0.000%  99.989% 
[   45000,   50000 ) 67   0.000%  99.989% 
[   50000,   60000 ) 487   0.002%  99.992% 
[   60000,   70000 ) 692   0.003%  99.995% 
[   70000,   80000 ) 419   0.002%  99.997% 
[   80000,   90000 ) 176   0.001%  99.998% 
[   90000,  100000 ) 47   0.000%  99.998% 
[  100000,  120000 ) 181   0.001%  99.999% 
[  120000,  140000 ) 234   0.001% 100.000% 
[  140000,  160000 ) 38   0.000% 100.000% 
[  160000,  180000 ) 6   0.000% 100.000% 
[  180000,  200000 ) 35   0.000% 100.000% 
[  200000,  250000 ) 3   0.000% 100.000% 
----------------------------------
Hit rate: 100%
I20260914 18:59:58.121555 301141 dfly_bench.cc:1730] Latency summary, all times are in usec:
Count: 21844967 Average: 876.8327
Min: 146.0000  Median: 632.0605  Max: 202981.0000
------------------------------------------------------
[     140,     160 ) 138   0.001%   0.001% 
[     160,     180 ) 3201   0.015%   0.015% 
[     180,     200 ) 17361   0.079%   0.095% 
[     200,     250 ) 191613   0.877%   0.972% 
[     250,     300 ) 486034   2.225%   3.197% 
[     300,     350 ) 815863   3.735%   6.932% #
[     350,     400 ) 1185115   5.425%  12.357% #
[     400,     450 ) 1495031   6.844%  19.201% #
[     450,     500 ) 1745289   7.989%  27.190% ##
[     500,     600 ) 3854161  17.643%  44.833% ####
[     600,     700 ) 3520455  16.116%  60.949% ###
[     700,     800 ) 2688473  12.307%  73.256% ##
[     800,     900 ) 1745926   7.992%  81.248% ##
[     900,    1000 ) 1001757   4.586%  85.834% #
[    1000,    1200 ) 883246   4.043%  89.877% #
[    1200,    1400 ) 356563   1.632%  91.510% 
[    1400,    1600 ) 219007   1.003%  92.512% 
[    1600,    1800 ) 164758   0.754%  93.266% 
[    1800,    2000 ) 130960   0.599%  93.866% 
[    2000,    2500 ) 254593   1.165%  95.031% 
[    2500,    3000 ) 205753   0.942%  95.973% 
[    3000,    3500 ) 177062   0.811%  96.784% 
[    3500,    4000 ) 152113   0.696%  97.480% 
[    4000,    4500 ) 124201   0.569%  98.049% 
[    4500,    5000 ) 100757   0.461%  98.510% 
[    5000,    6000 ) 135556   0.621%  99.130% 
[    6000,    7000 ) 78105   0.358%  99.488% 
[    7000,    8000 ) 47614   0.218%  99.706% 
[    8000,    9000 ) 28656   0.131%  99.837% 
[    9000,   10000 ) 14640   0.067%  99.904% 
[   10000,   12000 ) 10430   0.048%  99.952% 
[   12000,   14000 ) 3796   0.017%  99.969% 
[   14000,   16000 ) 1343   0.006%  99.975% 
[   16000,   18000 ) 734   0.003%  99.979% 
[   18000,   20000 ) 513   0.002%  99.981% 
[   20000,   25000 ) 1111   0.005%  99.986% 
[   25000,   30000 ) 550   0.003%  99.989% 
[   30000,   35000 ) 63   0.000%  99.989% 
[   35000,   40000 ) 21   0.000%  99.989% 
[   40000,   45000 ) 20   0.000%  99.989% 
[   45000,   50000 ) 67   0.000%  99.989% 
[   50000,   60000 ) 487   0.002%  99.992% 
[   60000,   70000 ) 692   0.003%  99.995% 
[   70000,   80000 ) 419   0.002%  99.997% 
[   80000,   90000 ) 176   0.001%  99.998% 
[   90000,  100000 ) 47   0.000%  99.998% 
[  100000,  120000 ) 181   0.001%  99.999% 
[  120000,  140000 ) 234   0.001% 100.000% 
[  140000,  160000 ) 38   0.000% 100.000% 
[  160000,  180000 ) 6   0.000% 100.000% 
[  180000,  200000 ) 35   0.000% 100.000% 
[  200000,  250000 ) 3   0.000% 100.000% 
I20260914 18:59:58.121608 301141 dfly_bench.cc:1732] ----------------------------------
Hit rate: 100%
