I20260914 18:59:59.084692 301322 init.cc:144] /mnt/dev/dfly-get-issue20-20260909/dfly_bench-x86_64 running in opt mode.
I20260914 18:59:59.085240 301323 uring_proactor.cc:263] IORing with 256 entries, allocated 24640 bytes, cq_entries is 512
I20260914 18:59:59.086361 301322 proactor_pool.cc:149] Running 16 io threads
I20260914 18:59:59.087843 301324 dfly_bench.cc:1512] Cluster spec: efdb4ebb0f594e5c4119cc389066357122762bde 172.16.0.4:6379@0 myself,master - 0 0 1 connected 0-16383
Connecting to 1 shard cluster
I20260914 18:59:59.087908 301322 dfly_bench.cc:1624] Connecting to 1 shard cluster
I20260914 18:59:59.087929 301323 dfly_bench.cc:1640] Seeding bitgen with seed 18105923034897077331
I20260914 18:59:59.087949 301324 dfly_bench.cc:1640] Seeding bitgen with seed 13822504211146526578
I20260914 18:59:59.087978 301334 dfly_bench.cc:1640] Seeding bitgen with seed 9785322192378200429
I20260914 18:59:59.087987 301336 dfly_bench.cc:1640] Seeding bitgen with seed 2877141353616834985
I20260914 18:59:59.088003 301337 dfly_bench.cc:1640] Seeding bitgen with seed 10833691206136942573
I20260914 18:59:59.087951 301325 dfly_bench.cc:1640] Seeding bitgen with seed 3214661648887230322
I20260914 18:59:59.087968 301331 dfly_bench.cc:1640] Seeding bitgen with seed 9291313525597215787
I20260914 18:59:59.087971 301332 dfly_bench.cc:1640] Seeding bitgen with seed 14865740071547817570
I20260914 18:59:59.087955 301326 dfly_bench.cc:1640] Seeding bitgen with seed 11859092702565278780
I20260914 18:59:59.087997 301338 dfly_bench.cc:1640] Seeding bitgen with seed 15690166221181717668
I20260914 18:59:59.087957 301327 dfly_bench.cc:1640] Seeding bitgen with seed 4412162511333854550
I20260914 18:59:59.087960 301328 dfly_bench.cc:1640] Seeding bitgen with seed 4320743664426693281
I20260914 18:59:59.087961 301329 dfly_bench.cc:1640] Seeding bitgen with seed 15745711473135894703
I20260914 18:59:59.087961 301330 dfly_bench.cc:1640] Seeding bitgen with seed 3622774104851042596
I20260914 18:59:59.087975 301333 dfly_bench.cc:1640] Seeding bitgen with seed 9680926794925726254
I20260914 18:59:59.087980 301335 dfly_bench.cc:1640] Seeding bitgen with seed 4786987850936016430
Coordinated omission mode - the rate is determined by the server
I20260914 18:59:59.142225 301322 dfly_bench.cc:1686] Coordinated omission mode - the rate is determined by the server
I20260914 18:59:59.145664 301325 dfly_bench.cc:1418] Started watching
5s: 1.7% done, RPS(now/agg): 765204/765204, errs: 0, hitrate: 100.0%, clients: 640
done_min: 1.67%, done_max: 1.67%, p99_lat(us): 5227, max_pending: 1
I20260914 19:00:04.146215 301325 dfly_bench.cc:1466] 5s: 1.7% done, RPS(now/agg): 765204/765204, errs: 0, hitrate: 100.0%, clients: 640
done_min: 1.67%, done_max: 1.67%, p99_lat(us): 5227, max_pending: 1
10s: 3.3% done, RPS(now/agg): 761840/763522, errs: 0, hitrate: 100.0%, clients: 640
done_min: 3.33%, done_max: 3.33%, p99_lat(us): 5324, max_pending: 1
I20260914 19:00:09.146880 301325 dfly_bench.cc:1466] 10s: 3.3% done, RPS(now/agg): 761840/763522, errs: 0, hitrate: 100.0%, clients: 640
done_min: 3.33%, done_max: 3.33%, p99_lat(us): 5324, max_pending: 1
15s: 5.0% done, RPS(now/agg): 756942/761278, errs: 0, hitrate: 100.0%, clients: 640
done_min: 5.00%, done_max: 5.00%, p99_lat(us): 5409, max_pending: 1
I20260914 19:00:14.148020 301325 dfly_bench.cc:1466] 15s: 5.0% done, RPS(now/agg): 756942/761278, errs: 0, hitrate: 100.0%, clients: 640
done_min: 5.00%, done_max: 5.00%, p99_lat(us): 5409, max_pending: 1
20s: 6.7% done, RPS(now/agg): 752128/758990, errs: 0, hitrate: 100.0%, clients: 640
done_min: 6.67%, done_max: 6.67%, p99_lat(us): 5546, max_pending: 1
I20260914 19:00:19.149253 301325 dfly_bench.cc:1466] 20s: 6.7% done, RPS(now/agg): 752128/758990, errs: 0, hitrate: 100.0%, clients: 640
done_min: 6.67%, done_max: 6.67%, p99_lat(us): 5546, max_pending: 1
25s: 8.3% done, RPS(now/agg): 753843/757930, errs: 0, hitrate: 100.0%, clients: 640
done_min: 8.33%, done_max: 8.33%, p99_lat(us): 5511, max_pending: 1
I20260914 19:00:24.150503 301325 dfly_bench.cc:1466] 25s: 8.3% done, RPS(now/agg): 753843/757930, errs: 0, hitrate: 100.0%, clients: 640
done_min: 8.33%, done_max: 8.33%, p99_lat(us): 5511, max_pending: 1
30s: 10.0% done, RPS(now/agg): 767670/759528, errs: 0, hitrate: 100.0%, clients: 640
done_min: 10.00%, done_max: 10.00%, p99_lat(us): 5158, max_pending: 1
I20260914 19:00:29.151232 301325 dfly_bench.cc:1466] 30s: 10.0% done, RPS(now/agg): 767670/759528, errs: 0, hitrate: 100.0%, clients: 640
done_min: 10.00%, done_max: 10.00%, p99_lat(us): 5158, max_pending: 1
35s: 11.7% done, RPS(now/agg): 754223/758770, errs: 0, hitrate: 100.0%, clients: 640
done_min: 11.67%, done_max: 11.67%, p99_lat(us): 5443, max_pending: 1
I20260914 19:00:34.152262 301325 dfly_bench.cc:1466] 35s: 11.7% done, RPS(now/agg): 754223/758770, errs: 0, hitrate: 100.0%, clients: 640
done_min: 11.67%, done_max: 11.67%, p99_lat(us): 5443, max_pending: 1
40s: 13.3% done, RPS(now/agg): 752000/757905, errs: 0, hitrate: 100.0%, clients: 640
done_min: 13.34%, done_max: 13.34%, p99_lat(us): 5511, max_pending: 1
I20260914 19:00:39.153152 301325 dfly_bench.cc:1466] 40s: 13.3% done, RPS(now/agg): 752000/757905, errs: 0, hitrate: 100.0%, clients: 640
done_min: 13.34%, done_max: 13.34%, p99_lat(us): 5511, max_pending: 1
45s: 15.0% done, RPS(now/agg): 757349/757843, errs: 0, hitrate: 100.0%, clients: 640
done_min: 15.00%, done_max: 15.00%, p99_lat(us): 5441, max_pending: 1
I20260914 19:00:44.154341 301325 dfly_bench.cc:1466] 45s: 15.0% done, RPS(now/agg): 757349/757843, errs: 0, hitrate: 100.0%, clients: 640
done_min: 15.00%, done_max: 15.00%, p99_lat(us): 5441, max_pending: 1
50s: 16.7% done, RPS(now/agg): 767497/758794, errs: 0, hitrate: 100.0%, clients: 640
done_min: 16.67%, done_max: 16.67%, p99_lat(us): 5192, max_pending: 1
I20260914 19:00:49.155634 301325 dfly_bench.cc:1466] 50s: 16.7% done, RPS(now/agg): 767497/758794, errs: 0, hitrate: 100.0%, clients: 640
done_min: 16.67%, done_max: 16.67%, p99_lat(us): 5192, max_pending: 1
55s: 18.3% done, RPS(now/agg): 760733/758970, errs: 0, hitrate: 100.0%, clients: 640
done_min: 18.34%, done_max: 18.34%, p99_lat(us): 5304, max_pending: 1
I20260914 19:00:54.156941 301325 dfly_bench.cc:1466] 55s: 18.3% done, RPS(now/agg): 760733/758970, errs: 0, hitrate: 100.0%, clients: 640
done_min: 18.34%, done_max: 18.34%, p99_lat(us): 5304, max_pending: 1
60s: 20.0% done, RPS(now/agg): 755337/758667, errs: 0, hitrate: 100.0%, clients: 640
done_min: 20.00%, done_max: 20.00%, p99_lat(us): 5511, max_pending: 1
I20260914 19:00:59.158335 301325 dfly_bench.cc:1466] 60s: 20.0% done, RPS(now/agg): 755337/758667, errs: 0, hitrate: 100.0%, clients: 640
done_min: 20.00%, done_max: 20.00%, p99_lat(us): 5511, max_pending: 1
65s: 21.7% done, RPS(now/agg): 751720/758133, errs: 0, hitrate: 100.0%, clients: 640
done_min: 21.67%, done_max: 21.67%, p99_lat(us): 5499, max_pending: 1
I20260914 19:01:04.159547 301325 dfly_bench.cc:1466] 65s: 21.7% done, RPS(now/agg): 751720/758133, errs: 0, hitrate: 100.0%, clients: 640
done_min: 21.67%, done_max: 21.67%, p99_lat(us): 5499, max_pending: 1
70s: 23.3% done, RPS(now/agg): 717381/755211, errs: 0, hitrate: 100.0%, clients: 640
done_min: 23.34%, done_max: 23.34%, p99_lat(us): 5525, max_pending: 1
I20260914 19:01:09.161080 301325 dfly_bench.cc:1466] 70s: 23.3% done, RPS(now/agg): 717381/755211, errs: 0, hitrate: 100.0%, clients: 640
done_min: 23.34%, done_max: 23.34%, p99_lat(us): 5525, max_pending: 1
75s: 25.0% done, RPS(now/agg): 764260/755814, errs: 0, hitrate: 100.0%, clients: 640
done_min: 25.01%, done_max: 25.01%, p99_lat(us): 5283, max_pending: 1
I20260914 19:01:14.162459 301325 dfly_bench.cc:1466] 75s: 25.0% done, RPS(now/agg): 764260/755814, errs: 0, hitrate: 100.0%, clients: 640
done_min: 25.01%, done_max: 25.01%, p99_lat(us): 5283, max_pending: 1
80s: 26.7% done, RPS(now/agg): 759085/756009, errs: 0, hitrate: 100.0%, clients: 640
done_min: 26.67%, done_max: 26.67%, p99_lat(us): 5408, max_pending: 1
I20260914 19:01:19.164149 301325 dfly_bench.cc:1466] 80s: 26.7% done, RPS(now/agg): 759085/756009, errs: 0, hitrate: 100.0%, clients: 640
done_min: 26.67%, done_max: 26.67%, p99_lat(us): 5408, max_pending: 1
85s: 28.3% done, RPS(now/agg): 765854/756579, errs: 0, hitrate: 100.0%, clients: 640
done_min: 28.34%, done_max: 28.34%, p99_lat(us): 5187, max_pending: 1
I20260914 19:01:24.166040 301325 dfly_bench.cc:1466] 85s: 28.3% done, RPS(now/agg): 765854/756579, errs: 0, hitrate: 100.0%, clients: 640
done_min: 28.34%, done_max: 28.34%, p99_lat(us): 5187, max_pending: 1
90s: 30.0% done, RPS(now/agg): 754126/756435, errs: 0, hitrate: 100.0%, clients: 640
done_min: 30.01%, done_max: 30.01%, p99_lat(us): 5569, max_pending: 1
I20260914 19:01:29.167906 301325 dfly_bench.cc:1466] 90s: 30.0% done, RPS(now/agg): 754126/756435, errs: 0, hitrate: 100.0%, clients: 640
done_min: 30.01%, done_max: 30.01%, p99_lat(us): 5569, max_pending: 1
95s: 31.7% done, RPS(now/agg): 757110/756470, errs: 0, hitrate: 100.0%, clients: 640
done_min: 31.67%, done_max: 31.67%, p99_lat(us): 5419, max_pending: 1
I20260914 19:01:34.169879 301325 dfly_bench.cc:1466] 95s: 31.7% done, RPS(now/agg): 757110/756470, errs: 0, hitrate: 100.0%, clients: 640
done_min: 31.67%, done_max: 31.67%, p99_lat(us): 5419, max_pending: 1
100s: 33.3% done, RPS(now/agg): 758479/756571, errs: 0, hitrate: 100.0%, clients: 640
done_min: 33.34%, done_max: 33.34%, p99_lat(us): 5388, max_pending: 1
I20260914 19:01:39.171480 301325 dfly_bench.cc:1466] 100s: 33.3% done, RPS(now/agg): 758479/756571, errs: 0, hitrate: 100.0%, clients: 640
done_min: 33.34%, done_max: 33.34%, p99_lat(us): 5388, max_pending: 1
105s: 35.0% done, RPS(now/agg): 758072/756635, errs: 0, hitrate: 100.0%, clients: 640
done_min: 35.01%, done_max: 35.01%, p99_lat(us): 5330, max_pending: 1
I20260914 19:01:44.173312 301325 dfly_bench.cc:1466] 105s: 35.0% done, RPS(now/agg): 758072/756635, errs: 0, hitrate: 100.0%, clients: 640
done_min: 35.01%, done_max: 35.01%, p99_lat(us): 5330, max_pending: 1
110s: 36.7% done, RPS(now/agg): 726699/755268, errs: 0, hitrate: 100.0%, clients: 640
done_min: 36.68%, done_max: 36.68%, p99_lat(us): 5490, max_pending: 1
I20260914 19:01:49.175161 301325 dfly_bench.cc:1466] 110s: 36.7% done, RPS(now/agg): 726699/755268, errs: 0, hitrate: 100.0%, clients: 640
done_min: 36.68%, done_max: 36.68%, p99_lat(us): 5490, max_pending: 1
115s: 38.3% done, RPS(now/agg): 766533/755751, errs: 0, hitrate: 100.0%, clients: 640
done_min: 38.34%, done_max: 38.34%, p99_lat(us): 5188, max_pending: 1
I20260914 19:01:54.177232 301325 dfly_bench.cc:1466] 115s: 38.3% done, RPS(now/agg): 766533/755751, errs: 0, hitrate: 100.0%, clients: 640
done_min: 38.34%, done_max: 38.34%, p99_lat(us): 5188, max_pending: 1
120s: 40.0% done, RPS(now/agg): 755437/755738, errs: 0, hitrate: 100.0%, clients: 640
done_min: 40.01%, done_max: 40.01%, p99_lat(us): 5492, max_pending: 1
I20260914 19:01:59.179206 301325 dfly_bench.cc:1466] 120s: 40.0% done, RPS(now/agg): 755437/755738, errs: 0, hitrate: 100.0%, clients: 640
done_min: 40.01%, done_max: 40.01%, p99_lat(us): 5492, max_pending: 1
125s: 41.7% done, RPS(now/agg): 762004/755988, errs: 0, hitrate: 100.0%, clients: 640
done_min: 41.68%, done_max: 41.68%, p99_lat(us): 5290, max_pending: 1
I20260914 19:02:04.181036 301325 dfly_bench.cc:1466] 125s: 41.7% done, RPS(now/agg): 762004/755988, errs: 0, hitrate: 100.0%, clients: 640
done_min: 41.68%, done_max: 41.68%, p99_lat(us): 5290, max_pending: 1
130s: 43.3% done, RPS(now/agg): 763653/756277, errs: 0, hitrate: 100.0%, clients: 640
done_min: 43.35%, done_max: 43.35%, p99_lat(us): 5165, max_pending: 1
I20260914 19:02:09.183265 301325 dfly_bench.cc:1466] 130s: 43.3% done, RPS(now/agg): 763653/756277, errs: 0, hitrate: 100.0%, clients: 640
done_min: 43.35%, done_max: 43.35%, p99_lat(us): 5165, max_pending: 1
135s: 45.0% done, RPS(now/agg): 752490/756137, errs: 0, hitrate: 100.0%, clients: 640
done_min: 45.01%, done_max: 45.01%, p99_lat(us): 5541, max_pending: 1
I20260914 19:02:14.185539 301325 dfly_bench.cc:1466] 135s: 45.0% done, RPS(now/agg): 752490/756137, errs: 0, hitrate: 100.0%, clients: 640
done_min: 45.01%, done_max: 45.01%, p99_lat(us): 5541, max_pending: 1
140s: 46.7% done, RPS(now/agg): 756264/756142, errs: 0, hitrate: 100.0%, clients: 640
done_min: 46.68%, done_max: 46.68%, p99_lat(us): 5500, max_pending: 1
I20260914 19:02:19.187548 301325 dfly_bench.cc:1466] 140s: 46.7% done, RPS(now/agg): 756264/756142, errs: 0, hitrate: 100.0%, clients: 640
done_min: 46.68%, done_max: 46.68%, p99_lat(us): 5500, max_pending: 1
145s: 48.3% done, RPS(now/agg): 773249/756731, errs: 0, hitrate: 100.0%, clients: 640
done_min: 48.35%, done_max: 48.35%, p99_lat(us): 4983, max_pending: 1
I20260914 19:02:24.190150 301325 dfly_bench.cc:1466] 145s: 48.3% done, RPS(now/agg): 773249/756731, errs: 0, hitrate: 100.0%, clients: 640
done_min: 48.35%, done_max: 48.35%, p99_lat(us): 4983, max_pending: 1
150s: 50.0% done, RPS(now/agg): 761546/756892, errs: 0, hitrate: 100.0%, clients: 640
done_min: 50.01%, done_max: 50.02%, p99_lat(us): 5306, max_pending: 1
I20260914 19:02:29.192312 301325 dfly_bench.cc:1466] 150s: 50.0% done, RPS(now/agg): 761546/756892, errs: 0, hitrate: 100.0%, clients: 640
done_min: 50.01%, done_max: 50.02%, p99_lat(us): 5306, max_pending: 1
155s: 51.7% done, RPS(now/agg): 761401/757037, errs: 0, hitrate: 100.0%, clients: 640
done_min: 51.68%, done_max: 51.68%, p99_lat(us): 5361, max_pending: 1
I20260914 19:02:34.194345 301325 dfly_bench.cc:1466] 155s: 51.7% done, RPS(now/agg): 761401/757037, errs: 0, hitrate: 100.0%, clients: 640
done_min: 51.68%, done_max: 51.68%, p99_lat(us): 5361, max_pending: 1
160s: 53.3% done, RPS(now/agg): 759068/757096, errs: 0, hitrate: 100.0%, clients: 640
done_min: 53.35%, done_max: 53.35%, p99_lat(us): 5323, max_pending: 1
I20260914 19:02:39.196555 301325 dfly_bench.cc:1466] 160s: 53.3% done, RPS(now/agg): 759068/757096, errs: 0, hitrate: 100.0%, clients: 640
done_min: 53.35%, done_max: 53.35%, p99_lat(us): 5323, max_pending: 1
165s: 55.0% done, RPS(now/agg): 762955/757269, errs: 0, hitrate: 100.0%, clients: 640
done_min: 55.02%, done_max: 55.02%, p99_lat(us): 5250, max_pending: 1
I20260914 19:02:44.198907 301325 dfly_bench.cc:1466] 165s: 55.0% done, RPS(now/agg): 762955/757269, errs: 0, hitrate: 100.0%, clients: 640
done_min: 55.02%, done_max: 55.02%, p99_lat(us): 5250, max_pending: 1
170s: 56.7% done, RPS(now/agg): 758967/757319, errs: 0, hitrate: 100.0%, clients: 640
done_min: 56.68%, done_max: 56.68%, p99_lat(us): 5319, max_pending: 1
I20260914 19:02:49.201416 301325 dfly_bench.cc:1466] 170s: 56.7% done, RPS(now/agg): 758967/757319, errs: 0, hitrate: 100.0%, clients: 640
done_min: 56.68%, done_max: 56.68%, p99_lat(us): 5319, max_pending: 1
175s: 58.4% done, RPS(now/agg): 746955/757019, errs: 0, hitrate: 100.0%, clients: 640
done_min: 58.35%, done_max: 58.35%, p99_lat(us): 5637, max_pending: 1
I20260914 19:02:54.204183 301325 dfly_bench.cc:1466] 175s: 58.4% done, RPS(now/agg): 746955/757019, errs: 0, hitrate: 100.0%, clients: 640
done_min: 58.35%, done_max: 58.35%, p99_lat(us): 5637, max_pending: 1
180s: 60.0% done, RPS(now/agg): 719351/755968, errs: 0, hitrate: 100.0%, clients: 640
done_min: 60.02%, done_max: 60.02%, p99_lat(us): 5676, max_pending: 1
I20260914 19:02:59.206800 301325 dfly_bench.cc:1466] 180s: 60.0% done, RPS(now/agg): 719351/755968, errs: 0, hitrate: 100.0%, clients: 640
done_min: 60.02%, done_max: 60.02%, p99_lat(us): 5676, max_pending: 1
185s: 61.7% done, RPS(now/agg): 748092/755755, errs: 0, hitrate: 100.0%, clients: 640
done_min: 61.69%, done_max: 61.69%, p99_lat(us): 5596, max_pending: 1
I20260914 19:03:04.209101 301325 dfly_bench.cc:1466] 185s: 61.7% done, RPS(now/agg): 748092/755755, errs: 0, hitrate: 100.0%, clients: 640
done_min: 61.69%, done_max: 61.69%, p99_lat(us): 5596, max_pending: 1
190s: 63.4% done, RPS(now/agg): 755863/755758, errs: 0, hitrate: 100.0%, clients: 640
done_min: 63.35%, done_max: 63.35%, p99_lat(us): 5464, max_pending: 1
I20260914 19:03:09.211764 301325 dfly_bench.cc:1466] 190s: 63.4% done, RPS(now/agg): 755863/755758, errs: 0, hitrate: 100.0%, clients: 640
done_min: 63.35%, done_max: 63.35%, p99_lat(us): 5464, max_pending: 1
195s: 65.0% done, RPS(now/agg): 756616/755776, errs: 0, hitrate: 100.0%, clients: 640
done_min: 65.02%, done_max: 65.02%, p99_lat(us): 5484, max_pending: 1
I20260914 19:03:14.214411 301325 dfly_bench.cc:1466] 195s: 65.0% done, RPS(now/agg): 756616/755776, errs: 0, hitrate: 100.0%, clients: 640
done_min: 65.02%, done_max: 65.02%, p99_lat(us): 5484, max_pending: 1
200s: 66.7% done, RPS(now/agg): 745228/755509, errs: 0, hitrate: 100.0%, clients: 640
done_min: 66.69%, done_max: 66.69%, p99_lat(us): 5668, max_pending: 1
I20260914 19:03:19.216987 301325 dfly_bench.cc:1466] 200s: 66.7% done, RPS(now/agg): 745228/755509, errs: 0, hitrate: 100.0%, clients: 640
done_min: 66.69%, done_max: 66.69%, p99_lat(us): 5668, max_pending: 1
205s: 68.4% done, RPS(now/agg): 758661/755585, errs: 0, hitrate: 100.0%, clients: 640
done_min: 68.36%, done_max: 68.36%, p99_lat(us): 5307, max_pending: 1
I20260914 19:03:24.219309 301325 dfly_bench.cc:1466] 205s: 68.4% done, RPS(now/agg): 758661/755585, errs: 0, hitrate: 100.0%, clients: 640
done_min: 68.36%, done_max: 68.36%, p99_lat(us): 5307, max_pending: 1
210s: 70.0% done, RPS(now/agg): 747628/755392, errs: 0, hitrate: 100.0%, clients: 640
done_min: 70.02%, done_max: 70.02%, p99_lat(us): 5610, max_pending: 1
I20260914 19:03:29.222404 301325 dfly_bench.cc:1466] 210s: 70.0% done, RPS(now/agg): 747628/755392, errs: 0, hitrate: 100.0%, clients: 640
done_min: 70.02%, done_max: 70.02%, p99_lat(us): 5610, max_pending: 1
215s: 71.7% done, RPS(now/agg): 765394/755625, errs: 0, hitrate: 100.0%, clients: 640
done_min: 71.69%, done_max: 71.69%, p99_lat(us): 5197, max_pending: 1
I20260914 19:03:34.225261 301325 dfly_bench.cc:1466] 215s: 71.7% done, RPS(now/agg): 765394/755625, errs: 0, hitrate: 100.0%, clients: 640
done_min: 71.69%, done_max: 71.69%, p99_lat(us): 5197, max_pending: 1
220s: 73.4% done, RPS(now/agg): 757210/755661, errs: 0, hitrate: 100.0%, clients: 640
done_min: 73.36%, done_max: 73.36%, p99_lat(us): 5389, max_pending: 1
I20260914 19:03:39.228077 301325 dfly_bench.cc:1466] 220s: 73.4% done, RPS(now/agg): 757210/755661, errs: 0, hitrate: 100.0%, clients: 640
done_min: 73.36%, done_max: 73.36%, p99_lat(us): 5389, max_pending: 1
225s: 75.0% done, RPS(now/agg): 760039/755758, errs: 0, hitrate: 100.0%, clients: 640
done_min: 75.03%, done_max: 75.03%, p99_lat(us): 5342, max_pending: 1
I20260914 19:03:44.231177 301325 dfly_bench.cc:1466] 225s: 75.0% done, RPS(now/agg): 760039/755758, errs: 0, hitrate: 100.0%, clients: 640
done_min: 75.03%, done_max: 75.03%, p99_lat(us): 5342, max_pending: 1
230s: 76.7% done, RPS(now/agg): 754839/755735, errs: 0, hitrate: 100.0%, clients: 640
done_min: 76.70%, done_max: 76.70%, p99_lat(us): 5506, max_pending: 1
I20260914 19:03:49.234685 301325 dfly_bench.cc:1466] 230s: 76.7% done, RPS(now/agg): 754839/755735, errs: 0, hitrate: 100.0%, clients: 640
done_min: 76.70%, done_max: 76.70%, p99_lat(us): 5506, max_pending: 1
235s: 78.4% done, RPS(now/agg): 751236/755639, errs: 0, hitrate: 100.0%, clients: 640
done_min: 78.36%, done_max: 78.36%, p99_lat(us): 5501, max_pending: 1
I20260914 19:03:54.237820 301325 dfly_bench.cc:1466] 235s: 78.4% done, RPS(now/agg): 751236/755639, errs: 0, hitrate: 100.0%, clients: 640
done_min: 78.36%, done_max: 78.36%, p99_lat(us): 5501, max_pending: 1
240s: 80.0% done, RPS(now/agg): 743980/755396, errs: 0, hitrate: 100.0%, clients: 640
done_min: 80.03%, done_max: 80.03%, p99_lat(us): 5725, max_pending: 1
I20260914 19:03:59.240938 301325 dfly_bench.cc:1466] 240s: 80.0% done, RPS(now/agg): 743980/755396, errs: 0, hitrate: 100.0%, clients: 640
done_min: 80.03%, done_max: 80.03%, p99_lat(us): 5725, max_pending: 1
245s: 81.7% done, RPS(now/agg): 715338/754579, errs: 0, hitrate: 100.0%, clients: 640
done_min: 81.70%, done_max: 81.70%, p99_lat(us): 5748, max_pending: 1
I20260914 19:04:04.244138 301325 dfly_bench.cc:1466] 245s: 81.7% done, RPS(now/agg): 715338/754579, errs: 0, hitrate: 100.0%, clients: 640
done_min: 81.70%, done_max: 81.70%, p99_lat(us): 5748, max_pending: 1
250s: 83.4% done, RPS(now/agg): 753745/754559, errs: 0, hitrate: 100.0%, clients: 640
done_min: 83.37%, done_max: 83.37%, p99_lat(us): 5441, max_pending: 1
I20260914 19:04:09.247598 301325 dfly_bench.cc:1466] 250s: 83.4% done, RPS(now/agg): 753745/754559, errs: 0, hitrate: 100.0%, clients: 640
done_min: 83.37%, done_max: 83.37%, p99_lat(us): 5441, max_pending: 1
255s: 85.0% done, RPS(now/agg): 753726/754543, errs: 0, hitrate: 100.0%, clients: 640
done_min: 85.03%, done_max: 85.03%, p99_lat(us): 5428, max_pending: 1
I20260914 19:04:14.250677 301325 dfly_bench.cc:1466] 255s: 85.0% done, RPS(now/agg): 753726/754543, errs: 0, hitrate: 100.0%, clients: 640
done_min: 85.03%, done_max: 85.03%, p99_lat(us): 5428, max_pending: 1
260s: 86.7% done, RPS(now/agg): 743145/754321, errs: 0, hitrate: 100.0%, clients: 640
done_min: 86.70%, done_max: 86.70%, p99_lat(us): 5704, max_pending: 1
I20260914 19:04:19.253577 301325 dfly_bench.cc:1466] 260s: 86.7% done, RPS(now/agg): 743145/754321, errs: 0, hitrate: 100.0%, clients: 640
done_min: 86.70%, done_max: 86.70%, p99_lat(us): 5704, max_pending: 1
265s: 88.4% done, RPS(now/agg): 756955/754367, errs: 0, hitrate: 100.0%, clients: 640
done_min: 88.37%, done_max: 88.37%, p99_lat(us): 5383, max_pending: 1
I20260914 19:04:24.256872 301325 dfly_bench.cc:1466] 265s: 88.4% done, RPS(now/agg): 756955/754367, errs: 0, hitrate: 100.0%, clients: 640
done_min: 88.37%, done_max: 88.37%, p99_lat(us): 5383, max_pending: 1
270s: 90.0% done, RPS(now/agg): 688224/753142, errs: 0, hitrate: 100.0%, clients: 640
done_min: 90.04%, done_max: 90.04%, p99_lat(us): 5812, max_pending: 1
I20260914 19:04:29.260430 301325 dfly_bench.cc:1466] 270s: 90.0% done, RPS(now/agg): 688224/753142, errs: 0, hitrate: 100.0%, clients: 640
done_min: 90.04%, done_max: 90.04%, p99_lat(us): 5812, max_pending: 1
275s: 91.7% done, RPS(now/agg): 750173/753086, errs: 0, hitrate: 100.0%, clients: 640
done_min: 91.71%, done_max: 91.71%, p99_lat(us): 5508, max_pending: 1
I20260914 19:04:34.263756 301325 dfly_bench.cc:1466] 275s: 91.7% done, RPS(now/agg): 750173/753086, errs: 0, hitrate: 100.0%, clients: 640
done_min: 91.71%, done_max: 91.71%, p99_lat(us): 5508, max_pending: 1
280s: 93.4% done, RPS(now/agg): 760305/753215, errs: 0, hitrate: 100.0%, clients: 640
done_min: 93.37%, done_max: 93.37%, p99_lat(us): 5318, max_pending: 1
I20260914 19:04:39.267287 301325 dfly_bench.cc:1466] 280s: 93.4% done, RPS(now/agg): 760305/753215, errs: 0, hitrate: 100.0%, clients: 640
done_min: 93.37%, done_max: 93.37%, p99_lat(us): 5318, max_pending: 1
285s: 95.0% done, RPS(now/agg): 763933/753403, errs: 0, hitrate: 100.0%, clients: 640
done_min: 95.04%, done_max: 95.04%, p99_lat(us): 5337, max_pending: 1
I20260914 19:04:44.270315 301325 dfly_bench.cc:1466] 285s: 95.0% done, RPS(now/agg): 763933/753403, errs: 0, hitrate: 100.0%, clients: 640
done_min: 95.04%, done_max: 95.04%, p99_lat(us): 5337, max_pending: 1
290s: 96.7% done, RPS(now/agg): 757913/753478, errs: 0, hitrate: 100.0%, clients: 640
done_min: 96.71%, done_max: 96.71%, p99_lat(us): 5422, max_pending: 1
I20260914 19:04:49.273794 301325 dfly_bench.cc:1466] 290s: 96.7% done, RPS(now/agg): 757913/753478, errs: 0, hitrate: 100.0%, clients: 640
done_min: 96.71%, done_max: 96.71%, p99_lat(us): 5422, max_pending: 1
295s: 98.4% done, RPS(now/agg): 756272/753523, errs: 0, hitrate: 100.0%, clients: 640
done_min: 98.38%, done_max: 98.38%, p99_lat(us): 5489, max_pending: 1
I20260914 19:04:54.278167 301325 dfly_bench.cc:1466] 295s: 98.4% done, RPS(now/agg): 756272/753523, errs: 0, hitrate: 100.0%, clients: 640
done_min: 98.38%, done_max: 98.38%, p99_lat(us): 5489, max_pending: 1
I20260914 19:04:59.145370 301323 dfly_bench.cc:926] Done queuing 4294967295 requests, which took 300.0s. Waiting for server processing
I20260914 19:04:59.145447 301323 dfly_bench.cc:1001] ReceiveFb done
I20260914 19:04:59.145479 301323 dfly_bench.cc:926] Done queuing 4294967295 requests, which took 300.0s. Waiting for server processing
I20260914 19:04:59.145536 301325 dfly_bench.cc:926] Done queuing 4294967295 requests, which took 300.0s. Waiting for server processing
I20260914 19:04:59.145562 301325 dfly_bench.cc:1001] ReceiveFb done
I20260914 19:04:59.145574 301323 dfly_bench.cc:1001] ReceiveFb done
I20260914 19:04:59.145586 301325 dfly_bench.cc:926] Done queuing 4294967295 requests, which took 300.0s. Waiting for server processing
I20260914 19:04:59.145618 301326 dfly_bench.cc:926] Done queuing 4294967295 requests, which took 300.0s. Waiting for server processing
I20260914 19:04:59.145633 301325 dfly_bench.cc:1001] ReceiveFb done
I20260914 19:04:59.145634 301323 dfly_bench.cc:926] Done queuing 4294967295 requests, which took 300.0s. Waiting for server processing
I20260914 19:04:59.145644 301326 dfly_bench.cc:1001] ReceiveFb done
I20260914 19:04:59.145648 301328 dfly_bench.cc:926] Done queuing 4294967295 requests, which took 300.0s. Waiting for server processing
I20260914 19:04:59.145712 301328 dfly_bench.cc:1001] ReceiveFb done
I20260914 19:04:59.145725 301329 dfly_bench.cc:926] Done queuing 4294967295 requests, which took 300.0s. Waiting for server processing
I20260914 19:04:59.145820 301326 dfly_bench.cc:926] Done queuing 4294967295 requests, which took 300.0s. Waiting for server processing
I20260914 19:04:59.145651 301323 dfly_bench.cc:1001] ReceiveFb done
I20260914 19:04:59.145854 301326 dfly_bench.cc:1001] ReceiveFb done
I20260914 19:04:59.145867 301329 dfly_bench.cc:1001] ReceiveFb done
I20260914 19:04:59.145879 301326 dfly_bench.cc:926] Done queuing 4294967295 requests, which took 300.0s. Waiting for server processing
I20260914 19:04:59.145741 301325 dfly_bench.cc:926] Done queuing 4294967295 requests, which took 300.0s. Waiting for server processing
I20260914 19:04:59.145891 301323 dfly_bench.cc:926] Done queuing 4294967295 requests, which took 300.0s. Waiting for server processing
I20260914 19:04:59.145784 301328 dfly_bench.cc:926] Done queuing 4294967295 requests, which took 300.0s. Waiting for server processing
I20260914 19:04:59.145905 301325 dfly_bench.cc:926] Done queuing 4294967295 requests, which took 300.0s. Waiting for server processing
I20260914 19:04:59.145913 301326 dfly_bench.cc:926] Done queuing 4294967295 requests, which took 300.0s. Waiting for server processing
I20260914 19:04:59.145932 301325 dfly_bench.cc:1001] ReceiveFb done
I20260914 19:04:59.145936 301326 dfly_bench.cc:1001] ReceiveFb done
I20260914 19:04:59.145956 301326 dfly_bench.cc:1001] ReceiveFb done
I20260914 19:04:59.145941 301335 dfly_bench.cc:926] Done queuing 4294967295 requests, which took 300.0s. Waiting for server processing
I20260914 19:04:59.145963 301333 dfly_bench.cc:926] Done queuing 4294967295 requests, which took 300.0s. Waiting for server processing
I20260914 19:04:59.145979 301323 dfly_bench.cc:1001] ReceiveFb done
I20260914 19:04:59.146021 301327 dfly_bench.cc:926] Done queuing 4294967295 requests, which took 300.0s. Waiting for server processing
I20260914 19:04:59.146051 301333 dfly_bench.cc:1001] ReceiveFb done
I20260914 19:04:59.145951 301325 dfly_bench.cc:1001] ReceiveFb done
I20260914 19:04:59.146045 301335 dfly_bench.cc:1001] ReceiveFb done
I20260914 19:04:59.145982 301326 dfly_bench.cc:926] Done queuing 4294967295 requests, which took 300.0s. Waiting for server processing
I20260914 19:04:59.145943 301329 dfly_bench.cc:926] Done queuing 4294967295 requests, which took 300.0s. Waiting for server processing
I20260914 19:04:59.146082 301330 dfly_bench.cc:926] Done queuing 4294967295 requests, which took 300.0s. Waiting for server processing
I20260914 19:04:59.146009 301332 dfly_bench.cc:926] Done queuing 4294967295 requests, which took 300.0s. Waiting for server processing
I20260914 19:04:59.146113 301330 dfly_bench.cc:1001] ReceiveFb done
I20260914 19:04:59.146126 301329 dfly_bench.cc:1001] ReceiveFb done
I20260914 19:04:59.145969 301328 dfly_bench.cc:1001] ReceiveFb done
I20260914 19:04:59.146142 301331 dfly_bench.cc:926] Done queuing 4294967295 requests, which took 300.0s. Waiting for server processing
I20260914 19:04:59.146169 301329 dfly_bench.cc:926] Done queuing 4294967295 requests, which took 300.0s. Waiting for server processing
I20260914 19:04:59.146070 301327 dfly_bench.cc:1001] ReceiveFb done
I20260914 19:04:59.146163 301332 dfly_bench.cc:1001] ReceiveFb done
I20260914 19:04:59.146147 301333 dfly_bench.cc:926] Done queuing 4294967295 requests, which took 300.0s. Waiting for server processing
I20260914 19:04:59.146222 301330 dfly_bench.cc:926] Done queuing 4294967295 requests, which took 300.0s. Waiting for server processing
I20260914 19:04:59.146166 301331 dfly_bench.cc:926] Done queuing 4294967295 requests, which took 300.0s. Waiting for server processing
I20260914 19:04:59.146083 301326 dfly_bench.cc:926] Done queuing 4294967295 requests, which took 300.0s. Waiting for server processing
I20260914 19:04:59.146085 301325 dfly_bench.cc:926] Done queuing 4294967295 requests, which took 300.0s. Waiting for server processing
I20260914 19:04:59.146270 301330 dfly_bench.cc:1001] ReceiveFb done
I20260914 19:04:59.146229 301333 dfly_bench.cc:926] Done queuing 4294967295 requests, which took 300.0s. Waiting for server processing
I20260914 19:04:59.146229 301334 dfly_bench.cc:926] Done queuing 4294967295 requests, which took 300.0s. Waiting for server processing
I20260914 19:04:59.146262 301328 dfly_bench.cc:926] Done queuing 4294967295 requests, which took 300.0s. Waiting for server processing
I20260914 19:04:59.146020 301337 dfly_bench.cc:926] Done queuing 4294967295 requests, which took 300.0s. Waiting for server processing
I20260914 19:04:59.146270 301327 dfly_bench.cc:926] Done queuing 4294967295 requests, which took 300.0s. Waiting for server processing
I20260914 19:04:59.146365 301333 dfly_bench.cc:1001] ReceiveFb done
I20260914 19:04:59.146100 301335 dfly_bench.cc:926] Done queuing 4294967295 requests, which took 300.0s. Waiting for server processing
I20260914 19:04:59.146070 301323 dfly_bench.cc:926] Done queuing 4294967295 requests, which took 300.0s. Waiting for server processing
I20260914 19:04:59.146320 301330 dfly_bench.cc:926] Done queuing 4294967295 requests, which took 300.0s. Waiting for server processing
I20260914 19:04:59.146384 301327 dfly_bench.cc:926] Done queuing 4294967295 requests, which took 300.0s. Waiting for server processing
I20260914 19:04:59.146245 301332 dfly_bench.cc:926] Done queuing 4294967295 requests, which took 300.0s. Waiting for server processing
I20260914 19:04:59.146018 301324 dfly_bench.cc:926] Done queuing 4294967295 requests, which took 300.0s. Waiting for server processing
I20260914 19:04:59.146399 301332 dfly_bench.cc:926] Done queuing 4294967295 requests, which took 300.0s. Waiting for server processing
I20260914 19:04:59.146335 301331 dfly_bench.cc:1001] ReceiveFb done
I20260914 19:04:59.146015 301336 dfly_bench.cc:926] Done queuing 4294967295 requests, which took 300.0s. Waiting for server processing
I20260914 19:04:59.146292 301325 dfly_bench.cc:926] Done queuing 4294967295 requests, which took 300.0s. Waiting for server processing
I20260914 19:04:59.146443 301331 dfly_bench.cc:1001] ReceiveFb done
I20260914 19:04:59.146181 301329 dfly_bench.cc:926] Done queuing 4294967295 requests, which took 300.0s. Waiting for server processing
I20260914 19:04:59.146402 301327 dfly_bench.cc:926] Done queuing 4294967295 requests, which took 300.0s. Waiting for server processing
I20260914 19:04:59.146458 301329 dfly_bench.cc:926] Done queuing 4294967295 requests, which took 300.0s. Waiting for server processing
I20260914 19:04:59.146471 301324 dfly_bench.cc:1001] ReceiveFb done
I20260914 19:04:59.146160 301338 dfly_bench.cc:926] Done queuing 4294967295 requests, which took 300.0s. Waiting for server processing
I20260914 19:04:59.146322 301328 dfly_bench.cc:926] Done queuing 4294967295 requests, which took 300.0s. Waiting for server processing
I20260914 19:04:59.146422 301337 dfly_bench.cc:1001] ReceiveFb done
I20260914 19:04:59.146510 301324 dfly_bench.cc:926] Done queuing 4294967295 requests, which took 300.0s. Waiting for server processing
I20260914 19:04:59.146386 301326 dfly_bench.cc:1001] ReceiveFb done
I20260914 19:04:59.146407 301332 dfly_bench.cc:926] Done queuing 4294967295 requests, which took 300.0s. Waiting for server processing
I20260914 19:04:59.146538 301337 dfly_bench.cc:926] Done queuing 4294967295 requests, which took 300.0s. Waiting for server processing
I20260914 19:04:59.146468 301329 dfly_bench.cc:926] Done queuing 4294967295 requests, which took 300.0s. Waiting for server processing
I20260914 19:04:59.146551 301337 dfly_bench.cc:926] Done queuing 4294967295 requests, which took 300.0s. Waiting for server processing
I20260914 19:04:59.146533 301325 dfly_bench.cc:1001] ReceiveFb done
I20260914 19:04:59.146397 301333 dfly_bench.cc:1001] ReceiveFb done
I20260914 19:04:59.146494 301335 dfly_bench.cc:1001] ReceiveFb done
I20260914 19:04:59.146588 301325 dfly_bench.cc:1001] ReceiveFb done
I20260914 19:04:59.146565 301338 dfly_bench.cc:1001] ReceiveFb done
I20260914 19:04:59.146495 301323 dfly_bench.cc:1001] ReceiveFb done
I20260914 19:04:59.146342 301334 dfly_bench.cc:1001] ReceiveFb done
I20260914 19:04:59.146549 301326 dfly_bench.cc:1001] ReceiveFb done
I20260914 19:04:59.146598 301333 dfly_bench.cc:926] Done queuing 4294967295 requests, which took 300.0s. Waiting for server processing
I20260914 19:04:59.146617 301325 dfly_bench.cc:926] Done queuing 4294967295 requests, which took 300.0s. Waiting for server processing
I20260914 19:04:59.146391 301330 dfly_bench.cc:926] Done queuing 4294967295 requests, which took 300.0s. Waiting for server processing
I20260914 19:04:59.146570 301337 dfly_bench.cc:926] Done queuing 4294967295 requests, which took 300.0s. Waiting for server processing
I20260914 19:04:59.146523 301328 dfly_bench.cc:926] Done queuing 4294967295 requests, which took 300.0s. Waiting for server processing
I20260914 19:04:59.146468 301331 dfly_bench.cc:926] Done queuing 4294967295 requests, which took 300.0s. Waiting for server processing
I20260914 19:04:59.146636 301331 dfly_bench.cc:926] Done queuing 4294967295 requests, which took 300.0s. Waiting for server processing
I20260914 19:04:59.146520 301327 dfly_bench.cc:1001] ReceiveFb done
I20260914 19:04:59.146641 301338 dfly_bench.cc:926] Done queuing 4294967295 requests, which took 300.0s. Waiting for server processing
I20260914 19:04:59.146534 301324 dfly_bench.cc:926] Done queuing 4294967295 requests, which took 300.0s. Waiting for server processing
I20260914 19:04:59.146646 301331 dfly_bench.cc:926] Done queuing 4294967295 requests, which took 300.0s. Waiting for server processing
I20260914 19:04:59.146624 301333 dfly_bench.cc:926] Done queuing 4294967295 requests, which took 300.0s. Waiting for server processing
I20260914 19:04:59.146631 301337 dfly_bench.cc:926] Done queuing 4294967295 requests, which took 300.0s. Waiting for server processing
I20260914 19:04:59.146636 301328 dfly_bench.cc:926] Done queuing 4294967295 requests, which took 300.0s. Waiting for server processing
I20260914 19:04:59.146678 301331 dfly_bench.cc:926] Done queuing 4294967295 requests, which took 300.0s. Waiting for server processing
I20260914 19:04:59.146620 301332 dfly_bench.cc:1001] ReceiveFb done
I20260914 19:04:59.146641 301323 dfly_bench.cc:926] Done queuing 4294967295 requests, which took 300.0s. Waiting for server processing
I20260914 19:04:59.146656 301338 dfly_bench.cc:926] Done queuing 4294967295 requests, which took 300.0s. Waiting for server processing
I20260914 19:04:59.146713 301332 dfly_bench.cc:1001] ReceiveFb done
I20260914 19:04:59.146718 301338 dfly_bench.cc:926] Done queuing 4294967295 requests, which took 300.0s. Waiting for server processing
I20260914 19:04:59.146682 301337 dfly_bench.cc:926] Done queuing 4294967295 requests, which took 300.0s. Waiting for server processing
I20260914 19:04:59.146725 301338 dfly_bench.cc:926] Done queuing 4294967295 requests, which took 300.0s. Waiting for server processing
I20260914 19:04:59.146724 301333 dfly_bench.cc:926] Done queuing 4294967295 requests, which took 300.0s. Waiting for server processing
I20260914 19:04:59.146756 301338 dfly_bench.cc:926] Done queuing 4294967295 requests, which took 300.0s. Waiting for server processing
I20260914 19:04:59.146628 301330 dfly_bench.cc:926] Done queuing 4294967295 requests, which took 300.0s. Waiting for server processing
I20260914 19:04:59.146730 301331 dfly_bench.cc:926] Done queuing 4294967295 requests, which took 300.0s. Waiting for server processing
I20260914 19:04:59.146629 301325 dfly_bench.cc:926] Done queuing 4294967295 requests, which took 300.0s. Waiting for server processing
I20260914 19:04:59.146600 301335 dfly_bench.cc:926] Done queuing 4294967295 requests, which took 300.0s. Waiting for server processing
I20260914 19:04:59.146667 301327 dfly_bench.cc:1001] ReceiveFb done
I20260914 19:04:59.146631 301329 dfly_bench.cc:1001] ReceiveFb done
I20260914 19:04:59.146715 301323 dfly_bench.cc:926] Done queuing 4294967295 requests, which took 300.0s. Waiting for server processing
I20260914 19:04:59.146646 301334 dfly_bench.cc:926] Done queuing 4294967295 requests, which took 300.0s. Waiting for server processing
I20260914 19:04:59.146766 301338 dfly_bench.cc:926] Done queuing 4294967295 requests, which took 300.0s. Waiting for server processing
I20260914 19:04:59.146649 301326 dfly_bench.cc:926] Done queuing 4294967295 requests, which took 300.0s. Waiting for server processing
I20260914 19:04:59.146771 301333 dfly_bench.cc:926] Done queuing 4294967295 requests, which took 300.0s. Waiting for server processing
I20260914 19:04:59.146811 301327 dfly_bench.cc:1001] ReceiveFb done
I20260914 19:04:59.146812 301338 dfly_bench.cc:926] Done queuing 4294967295 requests, which took 300.0s. Waiting for server processing
I20260914 19:04:59.146816 301333 dfly_bench.cc:926] Done queuing 4294967295 requests, which took 300.0s. Waiting for server processing
I20260914 19:04:59.146745 301332 dfly_bench.cc:1001] ReceiveFb done
I20260914 19:04:59.146824 301338 dfly_bench.cc:926] Done queuing 4294967295 requests, which took 300.0s. Waiting for server processing
I20260914 19:04:59.146832 301327 dfly_bench.cc:926] Done queuing 4294967295 requests, which took 300.0s. Waiting for server processing
I20260914 19:04:59.146673 301324 dfly_bench.cc:926] Done queuing 4294967295 requests, which took 300.0s. Waiting for server processing
I20260914 19:04:59.146747 301337 dfly_bench.cc:926] Done queuing 4294967295 requests, which took 300.0s. Waiting for server processing
I20260914 19:04:59.146832 301338 dfly_bench.cc:926] Done queuing 4294967295 requests, which took 300.0s. Waiting for server processing
I20260914 19:04:59.146683 301328 dfly_bench.cc:926] Done queuing 4294967295 requests, which took 300.0s. Waiting for server processing
I20260914 19:04:59.146837 301332 dfly_bench.cc:926] Done queuing 4294967295 requests, which took 300.0s. Waiting for server processing
I20260914 19:04:59.146792 301323 dfly_bench.cc:926] Done queuing 4294967295 requests, which took 300.0s. Waiting for server processing
I20260914 19:04:59.146867 301328 dfly_bench.cc:926] Done queuing 4294967295 requests, which took 300.0s. Waiting for server processing
I20260914 19:04:59.146790 301335 dfly_bench.cc:926] Done queuing 4294967295 requests, which took 300.0s. Waiting for server processing
I20260914 19:04:59.146871 301333 dfly_bench.cc:1001] ReceiveFb done
I20260914 19:04:59.146804 301334 dfly_bench.cc:926] Done queuing 4294967295 requests, which took 300.0s. Waiting for server processing
I20260914 19:04:59.146807 301326 dfly_bench.cc:926] Done queuing 4294967295 requests, which took 300.0s. Waiting for server processing
I20260914 19:04:59.146852 301338 dfly_bench.cc:926] Done queuing 4294967295 requests, which took 300.0s. Waiting for server processing
I20260914 19:04:59.146903 301326 dfly_bench.cc:926] Done queuing 4294967295 requests, which took 300.0s. Waiting for server processing
I20260914 19:04:59.146881 301323 dfly_bench.cc:926] Done queuing 4294967295 requests, which took 300.0s. Waiting for server processing
I20260914 19:04:59.146782 301325 dfly_bench.cc:926] Done queuing 4294967295 requests, which took 300.0s. Waiting for server processing
I20260914 19:04:59.146875 301328 dfly_bench.cc:926] Done queuing 4294967295 requests, which took 300.0s. Waiting for server processing
I20260914 19:04:59.146925 301325 dfly_bench.cc:926] Done queuing 4294967295 requests, which took 300.0s. Waiting for server processing
I20260914 19:04:59.146938 301325 dfly_bench.cc:926] Done queuing 4294967295 requests, which took 300.0s. Waiting for server processing
I20260914 19:04:59.146914 301338 dfly_bench.cc:926] Done queuing 4294967295 requests, which took 300.0s. Waiting for server processing
I20260914 19:04:59.146869 301332 dfly_bench.cc:926] Done queuing 4294967295 requests, which took 300.0s. Waiting for server processing
I20260914 19:04:59.146926 301326 dfly_bench.cc:926] Done queuing 4294967295 requests, which took 300.0s. Waiting for server processing
I20260914 19:04:59.146847 301324 dfly_bench.cc:926] Done queuing 4294967295 requests, which took 300.0s. Waiting for server processing
I20260914 19:04:59.146770 301330 dfly_bench.cc:926] Done queuing 4294967295 requests, which took 300.0s. Waiting for server processing
I20260914 19:04:59.146927 301334 dfly_bench.cc:926] Done queuing 4294967295 requests, which took 300.0s. Waiting for server processing
I20260914 19:04:59.146849 301337 dfly_bench.cc:926] Done queuing 4294967295 requests, which took 300.0s. Waiting for server processing
I20260914 19:04:59.146997 301323 dfly_bench.cc:1001] ReceiveFb done
I20260914 19:04:59.146905 301333 dfly_bench.cc:1001] ReceiveFb done
I20260914 19:04:59.146888 301335 dfly_bench.cc:926] Done queuing 4294967295 requests, which took 300.0s. Waiting for server processing
I20260914 19:04:59.146934 301328 dfly_bench.cc:926] Done queuing 4294967295 requests, which took 300.0s. Waiting for server processing
I20260914 19:04:59.146772 301331 dfly_bench.cc:926] Done queuing 4294967295 requests, which took 300.0s. Waiting for server processing
I20260914 19:04:59.146986 301337 dfly_bench.cc:926] Done queuing 4294967295 requests, which took 300.0s. Waiting for server processing
I20260914 19:04:59.147023 301337 dfly_bench.cc:926] Done queuing 4294967295 requests, which took 300.0s. Waiting for server processing
I20260914 19:04:59.146951 301327 dfly_bench.cc:1001] ReceiveFb done
I20260914 19:04:59.147033 301333 dfly_bench.cc:1001] ReceiveFb done
I20260914 19:04:59.147037 301338 dfly_bench.cc:1001] ReceiveFb done
I20260914 19:04:59.147053 301330 dfly_bench.cc:1001] ReceiveFb done
I20260914 19:04:59.147019 301334 dfly_bench.cc:1001] ReceiveFb done
I20260914 19:04:59.147058 301338 dfly_bench.cc:1001] ReceiveFb done
I20260914 19:04:59.147027 301323 dfly_bench.cc:1001] ReceiveFb done
I20260914 19:04:59.146968 301332 dfly_bench.cc:926] Done queuing 4294967295 requests, which took 300.0s. Waiting for server processing
I20260914 19:04:59.147074 301334 dfly_bench.cc:1001] ReceiveFb done
I20260914 19:04:59.147076 301338 dfly_bench.cc:1001] ReceiveFb done
I20260914 19:04:59.147078 301332 dfly_bench.cc:926] Done queuing 4294967295 requests, which took 300.0s. Waiting for server processing
I20260914 19:04:59.146802 301329 dfly_bench.cc:1001] ReceiveFb done
I20260914 19:04:59.147030 301337 dfly_bench.cc:926] Done queuing 4294967295 requests, which took 300.0s. Waiting for server processing
I20260914 19:04:59.147017 301328 dfly_bench.cc:926] Done queuing 4294967295 requests, which took 300.0s. Waiting for server processing
I20260914 19:04:59.147096 301334 dfly_bench.cc:1001] ReceiveFb done
I20260914 19:04:59.146965 301326 dfly_bench.cc:926] Done queuing 4294967295 requests, which took 300.0s. Waiting for server processing
I20260914 19:04:59.147099 301338 dfly_bench.cc:1001] ReceiveFb done
I20260914 19:04:59.146487 301336 dfly_bench.cc:1001] ReceiveFb done
I20260914 19:04:59.147044 301327 dfly_bench.cc:926] Done queuing 4294967295 requests, which took 300.0s. Waiting for server processing
I20260914 19:04:59.147068 301333 dfly_bench.cc:1001] ReceiveFb done
I20260914 19:04:59.147090 301323 dfly_bench.cc:1001] ReceiveFb done
I20260914 19:04:59.147107 301329 dfly_bench.cc:1001] ReceiveFb done
I20260914 19:04:59.147022 301331 dfly_bench.cc:926] Done queuing 4294967295 requests, which took 300.0s. Waiting for server processing
I20260914 19:04:59.147145 301323 dfly_bench.cc:1001] ReceiveFb done
I20260914 19:04:59.147094 301330 dfly_bench.cc:1001] ReceiveFb done
I20260914 19:04:59.147157 301336 dfly_bench.cc:926] Done queuing 4294967295 requests, which took 300.0s. Waiting for server processing
I20260914 19:04:59.147017 301335 dfly_bench.cc:926] Done queuing 4294967295 requests, which took 300.0s. Waiting for server processing
I20260914 19:04:59.147171 301328 dfly_bench.cc:1001] ReceiveFb done
I20260914 19:04:59.146966 301324 dfly_bench.cc:926] Done queuing 4294967295 requests, which took 300.0s. Waiting for server processing
I20260914 19:04:59.147185 301336 dfly_bench.cc:926] Done queuing 4294967295 requests, which took 300.0s. Waiting for server processing
I20260914 19:04:59.147120 301327 dfly_bench.cc:926] Done queuing 4294967295 requests, which took 300.0s. Waiting for server processing
I20260914 19:04:59.147096 301332 dfly_bench.cc:926] Done queuing 4294967295 requests, which took 300.0s. Waiting for server processing
I20260914 19:04:59.147192 301324 dfly_bench.cc:926] Done queuing 4294967295 requests, which took 300.0s. Waiting for server processing
I20260914 19:04:59.146947 301325 dfly_bench.cc:926] Done queuing 4294967295 requests, which took 300.0s. Waiting for server processing
I20260914 19:04:59.147197 301336 dfly_bench.cc:926] Done queuing 4294967295 requests, which took 300.0s. Waiting for server processing
I20260914 19:04:59.147099 301337 dfly_bench.cc:926] Done queuing 4294967295 requests, which took 300.0s. Waiting for server processing
I20260914 19:04:59.147119 301334 dfly_bench.cc:926] Done queuing 4294967295 requests, which took 300.0s. Waiting for server processing
I20260914 19:04:59.147181 301330 dfly_bench.cc:1001] ReceiveFb done
I20260914 19:04:59.147149 301331 dfly_bench.cc:926] Done queuing 4294967295 requests, which took 300.0s. Waiting for server processing
I20260914 19:04:59.147148 301329 dfly_bench.cc:1001] ReceiveFb done
I20260914 19:04:59.147202 301328 dfly_bench.cc:1001] ReceiveFb done
I20260914 19:04:59.147236 301334 dfly_bench.cc:926] Done queuing 4294967295 requests, which took 300.0s. Waiting for server processing
I20260914 19:04:59.147198 301327 dfly_bench.cc:926] Done queuing 4294967295 requests, which took 300.0s. Waiting for server processing
I20260914 19:04:59.147125 301338 dfly_bench.cc:1001] ReceiveFb done
I20260914 19:04:59.147200 301323 dfly_bench.cc:926] Done queuing 4294967295 requests, which took 300.0s. Waiting for server processing
I20260914 19:04:59.147254 301327 dfly_bench.cc:926] Done queuing 4294967295 requests, which took 300.0s. Waiting for server processing
I20260914 19:04:59.147217 301324 dfly_bench.cc:926] Done queuing 4294967295 requests, which took 300.0s. Waiting for server processing
I20260914 19:04:59.147181 301335 dfly_bench.cc:926] Done queuing 4294967295 requests, which took 300.0s. Waiting for server processing
I20260914 19:04:59.147221 301325 dfly_bench.cc:926] Done queuing 4294967295 requests, which took 300.0s. Waiting for server processing
I20260914 19:04:59.147148 301333 dfly_bench.cc:1001] ReceiveFb done
I20260914 19:04:59.147203 301332 dfly_bench.cc:926] Done queuing 4294967295 requests, which took 300.0s. Waiting for server processing
I20260914 19:04:59.147284 301325 dfly_bench.cc:926] Done queuing 4294967295 requests, which took 300.0s. Waiting for server processing
I20260914 19:04:59.147238 301337 dfly_bench.cc:926] Done queuing 4294967295 requests, which took 300.0s. Waiting for server processing
I20260914 19:04:59.147297 301337 dfly_bench.cc:926] Done queuing 4294967295 requests, which took 300.0s. Waiting for server processing
I20260914 19:04:59.147229 301336 dfly_bench.cc:926] Done queuing 4294967295 requests, which took 300.0s. Waiting for server processing
I20260914 19:04:59.147287 301332 dfly_bench.cc:926] Done queuing 4294967295 requests, which took 300.0s. Waiting for server processing
I20260914 19:04:59.147251 301334 dfly_bench.cc:926] Done queuing 4294967295 requests, which took 300.0s. Waiting for server processing
I20260914 19:04:59.147261 301323 dfly_bench.cc:926] Done queuing 4294967295 requests, which took 300.0s. Waiting for server processing
I20260914 19:04:59.147269 301335 dfly_bench.cc:926] Done queuing 4294967295 requests, which took 300.0s. Waiting for server processing
I20260914 19:04:59.147260 301328 dfly_bench.cc:1001] ReceiveFb done
I20260914 19:04:59.147296 301329 dfly_bench.cc:926] Done queuing 4294967295 requests, which took 300.0s. Waiting for server processing
I20260914 19:04:59.147253 301326 dfly_bench.cc:1001] ReceiveFb done
I20260914 19:04:59.147257 301330 dfly_bench.cc:1001] ReceiveFb done
I20260914 19:04:59.147280 301324 dfly_bench.cc:926] Done queuing 4294967295 requests, which took 300.0s. Waiting for server processing
I20260914 19:04:59.147321 301336 dfly_bench.cc:926] Done queuing 4294967295 requests, which took 300.0s. Waiting for server processing
I20260914 19:04:59.147305 301333 dfly_bench.cc:926] Done queuing 4294967295 requests, which took 300.0s. Waiting for server processing
I20260914 19:04:59.147325 301334 dfly_bench.cc:926] Done queuing 4294967295 requests, which took 300.0s. Waiting for server processing
I20260914 19:04:59.147301 301338 dfly_bench.cc:1001] ReceiveFb done
I20260914 19:04:59.147315 301337 dfly_bench.cc:926] Done queuing 4294967295 requests, which took 300.0s. Waiting for server processing
I20260914 19:04:59.147373 301333 dfly_bench.cc:926] Done queuing 4294967295 requests, which took 300.0s. Waiting for server processing
I20260914 19:04:59.147356 301324 dfly_bench.cc:926] Done queuing 4294967295 requests, which took 300.0s. Waiting for server processing
I20260914 19:04:59.147311 301331 dfly_bench.cc:1001] ReceiveFb done
I20260914 19:04:59.147332 301335 dfly_bench.cc:926] Done queuing 4294967295 requests, which took 300.0s. Waiting for server processing
I20260914 19:04:59.147351 301326 dfly_bench.cc:1001] ReceiveFb done
I20260914 19:04:59.147353 301330 dfly_bench.cc:926] Done queuing 4294967295 requests, which took 300.0s. Waiting for server processing
I20260914 19:04:59.147338 301327 dfly_bench.cc:1001] ReceiveFb done
I20260914 19:04:59.147322 301332 dfly_bench.cc:926] Done queuing 4294967295 requests, which took 300.0s. Waiting for server processing
I20260914 19:04:59.147387 301325 dfly_bench.cc:1001] ReceiveFb done
I20260914 19:04:59.147382 301337 dfly_bench.cc:926] Done queuing 4294967295 requests, which took 300.0s. Waiting for server processing
I20260914 19:04:59.147365 301336 dfly_bench.cc:926] Done queuing 4294967295 requests, which took 300.0s. Waiting for server processing
I20260914 19:04:59.147344 301328 dfly_bench.cc:1001] ReceiveFb done
I20260914 19:04:59.147423 301326 dfly_bench.cc:1001] ReceiveFb done
I20260914 19:04:59.147387 301324 dfly_bench.cc:926] Done queuing 4294967295 requests, which took 300.0s. Waiting for server processing
I20260914 19:04:59.147439 301325 dfly_bench.cc:1001] ReceiveFb done
I20260914 19:04:59.147408 301330 dfly_bench.cc:926] Done queuing 4294967295 requests, which took 300.0s. Waiting for server processing
I20260914 19:04:59.147411 301331 dfly_bench.cc:1001] ReceiveFb done
I20260914 19:04:59.147461 301330 dfly_bench.cc:926] Done queuing 4294967295 requests, which took 300.0s. Waiting for server processing
I20260914 19:04:59.147336 301329 dfly_bench.cc:926] Done queuing 4294967295 requests, which took 300.0s. Waiting for server processing
I20260914 19:04:59.147477 301331 dfly_bench.cc:1001] ReceiveFb done
I20260914 19:04:59.147444 301328 dfly_bench.cc:1001] ReceiveFb done
I20260914 19:04:59.147325 301323 dfly_bench.cc:926] Done queuing 4294967295 requests, which took 300.0s. Waiting for server processing
I20260914 19:04:59.147475 301330 dfly_bench.cc:926] Done queuing 4294967295 requests, which took 300.0s. Waiting for server processing
I20260914 19:04:59.147511 301323 dfly_bench.cc:926] Done queuing 4294967295 requests, which took 300.0s. Waiting for server processing
I20260914 19:04:59.147367 301334 dfly_bench.cc:926] Done queuing 4294967295 requests, which took 300.0s. Waiting for server processing
I20260914 19:04:59.147521 301323 dfly_bench.cc:926] Done queuing 4294967295 requests, which took 300.0s. Waiting for server processing
I20260914 19:04:59.147447 301337 dfly_bench.cc:926] Done queuing 4294967295 requests, which took 300.0s. Waiting for server processing
I20260914 19:04:59.147528 301334 dfly_bench.cc:926] Done queuing 4294967295 requests, which took 300.0s. Waiting for server processing
I20260914 19:04:59.147531 301323 dfly_bench.cc:926] Done queuing 4294967295 requests, which took 300.0s. Waiting for server processing
I20260914 19:04:59.147534 301337 dfly_bench.cc:926] Done queuing 4294967295 requests, which took 300.0s. Waiting for server processing
I20260914 19:04:59.147396 301335 dfly_bench.cc:926] Done queuing 4294967295 requests, which took 300.0s. Waiting for server processing
I20260914 19:04:59.147485 301329 dfly_bench.cc:926] Done queuing 4294967295 requests, which took 300.0s. Waiting for server processing
I20260914 19:04:59.147461 301325 dfly_bench.cc:1001] ReceiveFb done
I20260914 19:04:59.147420 301327 dfly_bench.cc:1001] ReceiveFb done
I20260914 19:04:59.147393 301338 dfly_bench.cc:1001] ReceiveFb done
I20260914 19:04:59.147575 301325 dfly_bench.cc:1001] ReceiveFb done
I20260914 19:04:59.147444 301326 dfly_bench.cc:1001] ReceiveFb done
I20260914 19:04:59.147382 301333 dfly_bench.cc:926] Done queuing 4294967295 requests, which took 300.0s. Waiting for server processing
I20260914 19:04:59.147536 301334 dfly_bench.cc:926] Done queuing 4294967295 requests, which took 300.0s. Waiting for server processing
I20260914 19:04:59.147416 301332 dfly_bench.cc:926] Done queuing 4294967295 requests, which took 300.0s. Waiting for server processing
I20260914 19:04:59.147562 301335 dfly_bench.cc:926] Done queuing 4294967295 requests, which took 300.0s. Waiting for server processing
I20260914 19:04:59.147428 301336 dfly_bench.cc:926] Done queuing 4294967295 requests, which took 300.0s. Waiting for server processing
I20260914 19:04:59.147588 301338 dfly_bench.cc:1001] ReceiveFb done
I20260914 19:04:59.147511 301328 dfly_bench.cc:1001] ReceiveFb done
I20260914 19:04:59.147606 301335 dfly_bench.cc:926] Done queuing 4294967295 requests, which took 300.0s. Waiting for server processing
I20260914 19:04:59.147625 301328 dfly_bench.cc:1001] ReceiveFb done
I20260914 19:04:59.147511 301331 dfly_bench.cc:1001] ReceiveFb done
I20260914 19:04:59.147608 301336 dfly_bench.cc:926] Done queuing 4294967295 requests, which took 300.0s. Waiting for server processing
I20260914 19:04:59.147612 301337 dfly_bench.cc:1001] ReceiveFb done
I20260914 19:04:59.147539 301323 dfly_bench.cc:926] Done queuing 4294967295 requests, which took 300.0s. Waiting for server processing
I20260914 19:04:59.147617 301335 dfly_bench.cc:926] Done queuing 4294967295 requests, which took 300.0s. Waiting for server processing
I20260914 19:04:59.147658 301337 dfly_bench.cc:1001] ReceiveFb done
I20260914 19:04:59.147600 301332 dfly_bench.cc:926] Done queuing 4294967295 requests, which took 300.0s. Waiting for server processing
I20260914 19:04:59.147676 301332 dfly_bench.cc:926] Done queuing 4294967295 requests, which took 300.0s. Waiting for server processing
I20260914 19:04:59.147679 301337 dfly_bench.cc:1001] ReceiveFb done
I20260914 19:04:59.147691 301332 dfly_bench.cc:926] Done queuing 4294967295 requests, which took 300.0s. Waiting for server processing
I20260914 19:04:59.147650 301331 dfly_bench.cc:1001] ReceiveFb done
I20260914 19:04:59.147651 301323 dfly_bench.cc:926] Done queuing 4294967295 requests, which took 300.0s. Waiting for server processing
I20260914 19:04:59.147644 301328 dfly_bench.cc:1001] ReceiveFb done
I20260914 19:04:59.147619 301326 dfly_bench.cc:1001] ReceiveFb done
I20260914 19:04:59.147716 301323 dfly_bench.cc:926] Done queuing 4294967295 requests, which took 300.0s. Waiting for server processing
I20260914 19:04:59.147644 301336 dfly_bench.cc:926] Done queuing 4294967295 requests, which took 300.0s. Waiting for server processing
I20260914 19:04:59.147720 301331 dfly_bench.cc:1001] ReceiveFb done
I20260914 19:04:59.147730 301328 dfly_bench.cc:1001] ReceiveFb done
I20260914 19:04:59.147563 301329 dfly_bench.cc:926] Done queuing 4294967295 requests, which took 300.0s. Waiting for server processing
I20260914 19:04:59.147445 301324 dfly_bench.cc:926] Done queuing 4294967295 requests, which took 300.0s. Waiting for server processing
I20260914 19:04:59.147652 301335 dfly_bench.cc:926] Done queuing 4294967295 requests, which took 300.0s. Waiting for server processing
I20260914 19:04:59.147733 301336 dfly_bench.cc:926] Done queuing 4294967295 requests, which took 300.0s. Waiting for server processing
I20260914 19:04:59.147584 301327 dfly_bench.cc:1001] ReceiveFb done
I20260914 19:04:59.147624 301338 dfly_bench.cc:1001] ReceiveFb done
I20260914 19:04:59.147764 301333 dfly_bench.cc:1001] ReceiveFb done
I20260914 19:04:59.147747 301329 dfly_bench.cc:926] Done queuing 4294967295 requests, which took 300.0s. Waiting for server processing
I20260914 19:04:59.147783 301338 dfly_bench.cc:1001] ReceiveFb done
I20260914 19:04:59.147773 301328 dfly_bench.cc:926] Done queuing 4294967295 requests, which took 300.0s. Waiting for server processing
I20260914 19:04:59.147610 301334 dfly_bench.cc:926] Done queuing 4294967295 requests, which took 300.0s. Waiting for server processing
I20260914 19:04:59.147743 301326 dfly_bench.cc:926] Done queuing 4294967295 requests, which took 300.0s. Waiting for server processing
I20260914 19:04:59.147763 301336 dfly_bench.cc:926] Done queuing 4294967295 requests, which took 300.0s. Waiting for server processing
I20260914 19:04:59.147748 301324 dfly_bench.cc:926] Done queuing 4294967295 requests, which took 300.0s. Waiting for server processing
I20260914 19:04:59.147820 301336 dfly_bench.cc:926] Done queuing 4294967295 requests, which took 300.0s. Waiting for server processing
I20260914 19:04:59.147686 301330 dfly_bench.cc:1001] ReceiveFb done
I20260914 19:04:59.147724 301337 dfly_bench.cc:1001] ReceiveFb done
I20260914 19:04:59.147836 301336 dfly_bench.cc:926] Done queuing 4294967295 requests, which took 300.0s. Waiting for server processing
I20260914 19:04:59.147807 301328 dfly_bench.cc:926] Done queuing 4294967295 requests, which took 300.0s. Waiting for server processing
I20260914 19:04:59.147778 301329 dfly_bench.cc:926] Done queuing 4294967295 requests, which took 300.0s. Waiting for server processing
I20260914 19:04:59.147753 301331 dfly_bench.cc:1001] ReceiveFb done
I20260914 19:04:59.147604 301325 dfly_bench.cc:1001] ReceiveFb done
I20260914 19:04:59.147785 301333 dfly_bench.cc:1001] ReceiveFb done
I20260914 19:04:59.147863 301328 dfly_bench.cc:926] Done queuing 4294967295 requests, which took 300.0s. Waiting for server processing
I20260914 19:04:59.147852 301336 dfly_bench.cc:926] Done queuing 4294967295 requests, which took 300.0s. Waiting for server processing
I20260914 19:04:59.147882 301333 dfly_bench.cc:1001] ReceiveFb done
I20260914 19:04:59.147845 301335 dfly_bench.cc:1001] ReceiveFb done
I20260914 19:04:59.147816 301338 dfly_bench.cc:1001] ReceiveFb done
I20260914 19:04:59.147791 301327 dfly_bench.cc:1001] ReceiveFb done
I20260914 19:04:59.147857 301337 dfly_bench.cc:1001] ReceiveFb done
I20260914 19:04:59.147864 301323 dfly_bench.cc:1001] ReceiveFb done
I20260914 19:04:59.147825 301332 dfly_bench.cc:1001] ReceiveFb done
I20260914 19:04:59.147828 301324 dfly_bench.cc:926] Done queuing 4294967295 requests, which took 300.0s. Waiting for server processing
I20260914 19:04:59.147907 301335 dfly_bench.cc:1001] ReceiveFb done
I20260914 19:04:59.147883 301325 dfly_bench.cc:1001] ReceiveFb done
I20260914 19:04:59.147879 301331 dfly_bench.cc:1001] ReceiveFb done
I20260914 19:04:59.147878 301336 dfly_bench.cc:926] Done queuing 4294967295 requests, which took 300.0s. Waiting for server processing
I20260914 19:04:59.147859 301329 dfly_bench.cc:926] Done queuing 4294967295 requests, which took 300.0s. Waiting for server processing
I20260914 19:04:59.147921 301324 dfly_bench.cc:926] Done queuing 4294967295 requests, which took 300.0s. Waiting for server processing
I20260914 19:04:59.147923 301334 dfly_bench.cc:1001] ReceiveFb done
I20260914 19:04:59.147964 301325 dfly_bench.cc:1001] ReceiveFb done
I20260914 19:04:59.147920 301337 dfly_bench.cc:1001] ReceiveFb done
I20260914 19:04:59.147924 301323 dfly_bench.cc:1001] ReceiveFb done
I20260914 19:04:59.147938 301338 dfly_bench.cc:926] Done queuing 4294967295 requests, which took 300.0s. Waiting for server processing
I20260914 19:04:59.147944 301327 dfly_bench.cc:926] Done queuing 4294967295 requests, which took 300.0s. Waiting for server processing
I20260914 19:04:59.147926 301332 dfly_bench.cc:1001] ReceiveFb done
I20260914 19:04:59.147953 301335 dfly_bench.cc:1001] ReceiveFb done
I20260914 19:04:59.147987 301327 dfly_bench.cc:926] Done queuing 4294967295 requests, which took 300.0s. Waiting for server processing
I20260914 19:04:59.147953 301336 dfly_bench.cc:926] Done queuing 4294967295 requests, which took 300.0s. Waiting for server processing
I20260914 19:04:59.147908 301333 dfly_bench.cc:926] Done queuing 4294967295 requests, which took 300.0s. Waiting for server processing
I20260914 19:04:59.147991 301323 dfly_bench.cc:1001] ReceiveFb done
I20260914 19:04:59.147855 301330 dfly_bench.cc:1001] ReceiveFb done
I20260914 19:04:59.148020 301327 dfly_bench.cc:926] Done queuing 4294967295 requests, which took 300.0s. Waiting for server processing
I20260914 19:04:59.147984 301325 dfly_bench.cc:1001] ReceiveFb done
I20260914 19:04:59.148007 301326 dfly_bench.cc:1001] ReceiveFb done
I20260914 19:04:59.147981 301334 dfly_bench.cc:1001] ReceiveFb done
I20260914 19:04:59.147986 301331 dfly_bench.cc:926] Done queuing 4294967295 requests, which took 300.0s. Waiting for server processing
I20260914 19:04:59.148020 301333 dfly_bench.cc:926] Done queuing 4294967295 requests, which took 300.0s. Waiting for server processing
I20260914 19:04:59.148018 301336 dfly_bench.cc:926] Done queuing 4294967295 requests, which took 300.0s. Waiting for server processing
I20260914 19:04:59.147987 301337 dfly_bench.cc:1001] ReceiveFb done
I20260914 19:04:59.148036 301323 dfly_bench.cc:1001] ReceiveFb done
I20260914 19:04:59.148022 301335 dfly_bench.cc:1001] ReceiveFb done
I20260914 19:04:59.148030 301327 dfly_bench.cc:926] Done queuing 4294967295 requests, which took 300.0s. Waiting for server processing
I20260914 19:04:59.148059 301328 dfly_bench.cc:926] Done queuing 4294967295 requests, which took 300.0s. Waiting for server processing
I20260914 19:04:59.148064 301326 dfly_bench.cc:926] Done queuing 4294967295 requests, which took 300.0s. Waiting for server processing
I20260914 19:04:59.148056 301331 dfly_bench.cc:926] Done queuing 4294967295 requests, which took 300.0s. Waiting for server processing
I20260914 19:04:59.148034 301330 dfly_bench.cc:1001] ReceiveFb done
I20260914 19:04:59.148077 301337 dfly_bench.cc:1001] ReceiveFb done
I20260914 19:04:59.148073 301328 dfly_bench.cc:926] Done queuing 4294967295 requests, which took 300.0s. Waiting for server processing
I20260914 19:04:59.148079 301329 dfly_bench.cc:926] Done queuing 4294967295 requests, which took 300.0s. Waiting for server processing
I20260914 19:04:59.148046 301324 dfly_bench.cc:1001] ReceiveFb done
I20260914 19:04:59.148065 301334 dfly_bench.cc:1001] ReceiveFb done
I20260914 19:04:59.148079 301323 dfly_bench.cc:1001] ReceiveFb done
I20260914 19:04:59.148056 301333 dfly_bench.cc:926] Done queuing 4294967295 requests, which took 300.0s. Waiting for server processing
I20260914 19:04:59.148128 301330 dfly_bench.cc:1001] ReceiveFb done
I20260914 19:04:59.148160 301333 dfly_bench.cc:926] Done queuing 4294967295 requests, which took 300.0s. Waiting for server processing
I20260914 19:04:59.148070 301327 dfly_bench.cc:926] Done queuing 4294967295 requests, which took 300.0s. Waiting for server processing
I20260914 19:04:59.148165 301334 dfly_bench.cc:1001] ReceiveFb done
I20260914 19:04:59.148169 301323 dfly_bench.cc:1001] ReceiveFb done
I20260914 19:04:59.148120 301328 dfly_bench.cc:926] Done queuing 4294967295 requests, which took 300.0s. Waiting for server processing
I20260914 19:04:59.148075 301326 dfly_bench.cc:926] Done queuing 4294967295 requests, which took 300.0s. Waiting for server processing
I20260914 19:04:59.148084 301325 dfly_bench.cc:926] Done queuing 4294967295 requests, which took 300.0s. Waiting for server processing
I20260914 19:04:59.148010 301332 dfly_bench.cc:1001] ReceiveFb done
I20260914 19:04:59.148182 301328 dfly_bench.cc:926] Done queuing 4294967295 requests, which took 300.0s. Waiting for server processing
I20260914 19:04:59.148097 301331 dfly_bench.cc:926] Done queuing 4294967295 requests, which took 300.0s. Waiting for server processing
I20260914 19:04:59.148129 301337 dfly_bench.cc:1001] ReceiveFb done
I20260914 19:04:59.148131 301336 dfly_bench.cc:1001] ReceiveFb done
I20260914 19:04:59.148195 301328 dfly_bench.cc:926] Done queuing 4294967295 requests, which took 300.0s. Waiting for server processing
I20260914 19:04:59.148128 301329 dfly_bench.cc:926] Done queuing 4294967295 requests, which took 300.0s. Waiting for server processing
I20260914 19:04:59.148211 301337 dfly_bench.cc:1001] ReceiveFb done
I20260914 19:04:59.148178 301327 dfly_bench.cc:926] Done queuing 4294967295 requests, which took 300.0s. Waiting for server processing
I20260914 19:04:59.148204 301330 dfly_bench.cc:926] Done queuing 4294967295 requests, which took 300.0s. Waiting for server processing
I20260914 19:04:59.148192 301323 dfly_bench.cc:1001] ReceiveFb done
I20260914 19:04:59.148214 301329 dfly_bench.cc:926] Done queuing 4294967295 requests, which took 300.0s. Waiting for server processing
I20260914 19:04:59.148236 301327 dfly_bench.cc:926] Done queuing 4294967295 requests, which took 300.0s. Waiting for server processing
I20260914 19:04:59.148192 301334 dfly_bench.cc:1001] ReceiveFb done
I20260914 19:04:59.148247 301329 dfly_bench.cc:926] Done queuing 4294967295 requests, which took 300.0s. Waiting for server processing
I20260914 19:04:59.148170 301333 dfly_bench.cc:926] Done queuing 4294967295 requests, which took 300.0s. Waiting for server processing
I20260914 19:04:59.148240 301330 dfly_bench.cc:926] Done queuing 4294967295 requests, which took 300.0s. Waiting for server processing
I20260914 19:04:59.148226 301338 dfly_bench.cc:926] Done queuing 4294967295 requests, which took 300.0s. Waiting for server processing
I20260914 19:04:59.148206 301328 dfly_bench.cc:926] Done queuing 4294967295 requests, which took 300.0s. Waiting for server processing
I20260914 19:04:59.148267 301334 dfly_bench.cc:1001] ReceiveFb done
I20260914 19:04:59.148253 301323 dfly_bench.cc:1001] ReceiveFb done
I20260914 19:04:59.148185 301326 dfly_bench.cc:926] Done queuing 4294967295 requests, which took 300.0s. Waiting for server processing
I20260914 19:04:59.148165 301324 dfly_bench.cc:1001] ReceiveFb done
I20260914 19:04:59.148204 301332 dfly_bench.cc:1001] ReceiveFb done
I20260914 19:04:59.148236 301337 dfly_bench.cc:1001] ReceiveFb done
I20260914 19:04:59.148308 301334 dfly_bench.cc:1001] ReceiveFb done
I20260914 19:04:59.148197 301331 dfly_bench.cc:926] Done queuing 4294967295 requests, which took 300.0s. Waiting for server processing
I20260914 19:04:59.148295 301328 dfly_bench.cc:926] Done queuing 4294967295 requests, which took 300.0s. Waiting for server processing
I20260914 19:04:59.148250 301327 dfly_bench.cc:926] Done queuing 4294967295 requests, which took 300.0s. Waiting for server processing
I20260914 19:04:59.148325 301331 dfly_bench.cc:926] Done queuing 4294967295 requests, which took 300.0s. Waiting for server processing
I20260914 19:04:59.148324 301324 dfly_bench.cc:1001] ReceiveFb done
I20260914 19:04:59.148329 301334 dfly_bench.cc:1001] ReceiveFb done
I20260914 19:04:59.148214 301336 dfly_bench.cc:1001] ReceiveFb done
I20260914 19:04:59.148087 301335 dfly_bench.cc:1001] ReceiveFb done
I20260914 19:04:59.148260 301333 dfly_bench.cc:926] Done queuing 4294967295 requests, which took 300.0s. Waiting for server processing
I20260914 19:04:59.148286 301338 dfly_bench.cc:926] Done queuing 4294967295 requests, which took 300.0s. Waiting for server processing
I20260914 19:04:59.148344 301331 dfly_bench.cc:926] Done queuing 4294967295 requests, which took 300.0s. Waiting for server processing
I20260914 19:04:59.148255 301329 dfly_bench.cc:926] Done queuing 4294967295 requests, which took 300.0s. Waiting for server processing
I20260914 19:04:59.148330 301328 dfly_bench.cc:926] Done queuing 4294967295 requests, which took 300.0s. Waiting for server processing
I20260914 19:04:59.148362 301336 dfly_bench.cc:1001] ReceiveFb done
I20260914 19:04:59.148324 301332 dfly_bench.cc:1001] ReceiveFb done
I20260914 19:04:59.148186 301325 dfly_bench.cc:926] Done queuing 4294967295 requests, which took 300.0s. Waiting for server processing
I20260914 19:04:59.148352 301333 dfly_bench.cc:926] Done queuing 4294967295 requests, which took 300.0s. Waiting for server processing
I20260914 19:04:59.148389 301336 dfly_bench.cc:1001] ReceiveFb done
I20260914 19:04:59.148350 301330 dfly_bench.cc:926] Done queuing 4294967295 requests, which took 300.0s. Waiting for server processing
I20260914 19:04:59.148360 301334 dfly_bench.cc:926] Done queuing 4294967295 requests, which took 300.0s. Waiting for server processing
I20260914 19:04:59.148355 301324 dfly_bench.cc:1001] ReceiveFb done
I20260914 19:04:59.148336 301327 dfly_bench.cc:926] Done queuing 4294967295 requests, which took 300.0s. Waiting for server processing
I20260914 19:04:59.148324 301337 dfly_bench.cc:1001] ReceiveFb done
I20260914 19:04:59.148355 301338 dfly_bench.cc:926] Done queuing 4294967295 requests, which took 300.0s. Waiting for server processing
I20260914 19:04:59.148428 301327 dfly_bench.cc:926] Done queuing 4294967295 requests, which took 300.0s. Waiting for server processing
I20260914 19:04:59.148413 301334 dfly_bench.cc:926] Done queuing 4294967295 requests, which took 300.0s. Waiting for server processing
I20260914 19:04:59.148409 301330 dfly_bench.cc:926] Done queuing 4294967295 requests, which took 300.0s. Waiting for server processing
I20260914 19:04:59.148308 301323 dfly_bench.cc:1001] ReceiveFb done
I20260914 19:04:59.148454 301337 dfly_bench.cc:1001] ReceiveFb done
I20260914 19:04:59.148300 301326 dfly_bench.cc:926] Done queuing 4294967295 requests, which took 300.0s. Waiting for server processing
I20260914 19:04:59.148447 301338 dfly_bench.cc:926] Done queuing 4294967295 requests, which took 300.0s. Waiting for server processing
I20260914 19:04:59.148358 301329 dfly_bench.cc:1001] ReceiveFb done
I20260914 19:04:59.148362 301335 dfly_bench.cc:1001] ReceiveFb done
I20260914 19:04:59.148403 301332 dfly_bench.cc:1001] ReceiveFb done
I20260914 19:04:59.148478 301337 dfly_bench.cc:1001] ReceiveFb done
I20260914 19:04:59.148481 301323 dfly_bench.cc:926] Done queuing 4294967295 requests, which took 300.0s. Waiting for server processing
I20260914 19:04:59.148422 301336 dfly_bench.cc:1001] ReceiveFb done
I20260914 19:04:59.148490 301332 dfly_bench.cc:1001] ReceiveFb done
I20260914 19:04:59.148452 301330 dfly_bench.cc:926] Done queuing 4294967295 requests, which took 300.0s. Waiting for server processing
I20260914 19:04:59.148468 301326 dfly_bench.cc:926] Done queuing 4294967295 requests, which took 300.0s. Waiting for server processing
I20260914 19:04:59.148494 301323 dfly_bench.cc:926] Done queuing 4294967295 requests, which took 300.0s. Waiting for server processing
I20260914 19:04:59.148471 301338 dfly_bench.cc:926] Done queuing 4294967295 requests, which took 300.0s. Waiting for server processing
I20260914 19:04:59.148447 301334 dfly_bench.cc:926] Done queuing 4294967295 requests, which took 300.0s. Waiting for server processing
I20260914 19:04:59.148433 301324 dfly_bench.cc:1001] ReceiveFb done
I20260914 19:04:59.148486 301329 dfly_bench.cc:1001] ReceiveFb done
I20260914 19:04:59.148537 301334 dfly_bench.cc:926] Done queuing 4294967295 requests, which took 300.0s. Waiting for server processing
I20260914 19:04:59.148487 301335 dfly_bench.cc:1001] ReceiveFb done
I20260914 19:04:59.148512 301332 dfly_bench.cc:1001] ReceiveFb done
I20260914 19:04:59.148444 301327 dfly_bench.cc:926] Done queuing 4294967295 requests, which took 300.0s. Waiting for server processing
I20260914 19:04:59.148397 301333 dfly_bench.cc:926] Done queuing 4294967295 requests, which took 300.0s. Waiting for server processing
I20260914 19:04:59.148535 301331 dfly_bench.cc:926] Done queuing 4294967295 requests, which took 300.0s. Waiting for server processing
I20260914 19:04:59.148500 301337 dfly_bench.cc:1001] ReceiveFb done
I20260914 19:04:59.148511 301323 dfly_bench.cc:926] Done queuing 4294967295 requests, which took 300.0s. Waiting for server processing
I20260914 19:04:59.148504 301330 dfly_bench.cc:926] Done queuing 4294967295 requests, which took 300.0s. Waiting for server processing
I20260914 19:04:59.148576 301325 dfly_bench.cc:926] Done queuing 4294967295 requests, which took 300.0s. Waiting for server processing
I20260914 19:04:59.148538 301338 dfly_bench.cc:926] Done queuing 4294967295 requests, which took 300.0s. Waiting for server processing
I20260914 19:04:59.148507 301326 dfly_bench.cc:926] Done queuing 4294967295 requests, which took 300.0s. Waiting for server processing
I20260914 19:04:59.148581 301335 dfly_bench.cc:1001] ReceiveFb done
I20260914 19:04:59.148559 301329 dfly_bench.cc:1001] ReceiveFb done
I20260914 19:04:59.148578 301331 dfly_bench.cc:926] Done queuing 4294967295 requests, which took 300.0s. Waiting for server processing
I20260914 19:04:59.148597 301338 dfly_bench.cc:926] Done queuing 4294967295 requests, which took 300.0s. Waiting for server processing
I20260914 19:04:59.148620 301335 dfly_bench.cc:1001] ReceiveFb done
I20260914 19:04:59.148509 301336 dfly_bench.cc:1001] ReceiveFb done
I20260914 19:04:59.148589 301325 dfly_bench.cc:926] Done queuing 4294967295 requests, which took 300.0s. Waiting for server processing
I20260914 19:04:59.148588 301323 dfly_bench.cc:926] Done queuing 4294967295 requests, which took 300.0s. Waiting for server processing
I20260914 19:04:59.148442 301328 dfly_bench.cc:1001] ReceiveFb done
I20260914 19:04:59.148665 301323 dfly_bench.cc:926] Done queuing 4294967295 requests, which took 300.0s. Waiting for server processing
I20260914 19:04:59.148564 301327 dfly_bench.cc:926] Done queuing 4294967295 requests, which took 300.0s. Waiting for server processing
I20260914 19:04:59.148547 301324 dfly_bench.cc:1001] ReceiveFb done
I20260914 19:04:59.148564 301333 dfly_bench.cc:926] Done queuing 4294967295 requests, which took 300.0s. Waiting for server processing
I20260914 19:04:59.148675 301336 dfly_bench.cc:1001] ReceiveFb done
I20260914 19:04:59.148674 301323 dfly_bench.cc:926] Done queuing 4294967295 requests, which took 300.0s. Waiting for server processing
I20260914 19:04:59.148689 301324 dfly_bench.cc:1001] ReceiveFb done
I20260914 19:04:59.148571 301332 dfly_bench.cc:1001] ReceiveFb done
I20260914 19:04:59.148587 301330 dfly_bench.cc:926] Done queuing 4294967295 requests, which took 300.0s. Waiting for server processing
I20260914 19:04:59.148653 301335 dfly_bench.cc:1001] ReceiveFb done
I20260914 19:04:59.148733 301335 dfly_bench.cc:1001] ReceiveFb done
I20260914 19:04:59.148663 301325 dfly_bench.cc:926] Done queuing 4294967295 requests, which took 300.0s. Waiting for server processing
I20260914 19:04:59.148624 301331 dfly_bench.cc:926] Done queuing 4294967295 requests, which took 300.0s. Waiting for server processing
I20260914 19:04:59.148603 301337 dfly_bench.cc:1001] ReceiveFb done
I20260914 19:04:59.148674 301327 dfly_bench.cc:926] Done queuing 4294967295 requests, which took 300.0s. Waiting for server processing
I20260914 19:04:59.148773 301337 dfly_bench.cc:1001] ReceiveFb done
I20260914 19:04:59.148686 301333 dfly_bench.cc:926] Done queuing 4294967295 requests, which took 300.0s. Waiting for server processing
I20260914 19:04:59.148559 301334 dfly_bench.cc:926] Done queuing 4294967295 requests, which took 300.0s. Waiting for server processing
I20260914 19:04:59.148699 301336 dfly_bench.cc:1001] ReceiveFb done
I20260914 19:04:59.148598 301326 dfly_bench.cc:926] Done queuing 4294967295 requests, which took 300.0s. Waiting for server processing
I20260914 19:04:59.148630 301329 dfly_bench.cc:1001] ReceiveFb done
I20260914 19:04:59.148814 301326 dfly_bench.cc:926] Done queuing 4294967295 requests, which took 300.0s. Waiting for server processing
I20260914 19:04:59.148763 301335 dfly_bench.cc:1001] ReceiveFb done
I20260914 19:04:59.148824 301336 dfly_bench.cc:1001] ReceiveFb done
I20260914 19:04:59.148626 301338 dfly_bench.cc:926] Done queuing 4294967295 requests, which took 300.0s. Waiting for server processing
I20260914 19:04:59.148830 301329 dfly_bench.cc:1001] ReceiveFb done
I20260914 19:04:59.148680 301328 dfly_bench.cc:1001] ReceiveFb done
I20260914 19:04:59.148850 301336 dfly_bench.cc:1001] ReceiveFb done
I20260914 19:04:59.148821 301326 dfly_bench.cc:926] Done queuing 4294967295 requests, which took 300.0s. Waiting for server processing
I20260914 19:04:59.148720 301332 dfly_bench.cc:1001] ReceiveFb done
I20260914 19:04:59.148766 301331 dfly_bench.cc:926] Done queuing 4294967295 requests, which took 300.0s. Waiting for server processing
I20260914 19:04:59.148847 301338 dfly_bench.cc:926] Done queuing 4294967295 requests, which took 300.0s. Waiting for server processing
I20260914 19:04:59.148874 301336 dfly_bench.cc:1001] ReceiveFb done
I20260914 19:04:59.148715 301324 dfly_bench.cc:1001] ReceiveFb done
I20260914 19:04:59.148715 301330 dfly_bench.cc:926] Done queuing 4294967295 requests, which took 300.0s. Waiting for server processing
I20260914 19:04:59.148871 301335 dfly_bench.cc:926] Done queuing 4294967295 requests, which took 300.0s. Waiting for server processing
I20260914 19:04:59.148778 301327 dfly_bench.cc:926] Done queuing 4294967295 requests, which took 300.0s. Waiting for server processing
I20260914 19:04:59.148902 301330 dfly_bench.cc:926] Done queuing 4294967295 requests, which took 300.0s. Waiting for server processing
I20260914 19:04:59.148878 301331 dfly_bench.cc:926] Done queuing 4294967295 requests, which took 300.0s. Waiting for server processing
I20260914 19:04:59.148906 301324 dfly_bench.cc:1001] ReceiveFb done
I20260914 19:04:59.148866 301329 dfly_bench.cc:1001] ReceiveFb done
I20260914 19:04:59.148896 301336 dfly_bench.cc:1001] ReceiveFb done
I20260914 19:04:59.148908 301335 dfly_bench.cc:926] Done queuing 4294967295 requests, which took 300.0s. Waiting for server processing
I20260914 19:04:59.148895 301332 dfly_bench.cc:1001] ReceiveFb done
I20260914 19:04:59.148922 301333 dfly_bench.cc:1001] ReceiveFb done
I20260914 19:04:59.148936 301331 dfly_bench.cc:926] Done queuing 4294967295 requests, which took 300.0s. Waiting for server processing
I20260914 19:04:59.148888 301338 dfly_bench.cc:926] Done queuing 4294967295 requests, which took 300.0s. Waiting for server processing
I20260914 19:04:59.148965 301324 dfly_bench.cc:1001] ReceiveFb done
I20260914 19:04:59.148924 301330 dfly_bench.cc:926] Done queuing 4294967295 requests, which took 300.0s. Waiting for server processing
I20260914 19:04:59.148746 301325 dfly_bench.cc:926] Done queuing 4294967295 requests, which took 300.0s. Waiting for server processing
I20260914 19:04:59.148964 301329 dfly_bench.cc:1001] ReceiveFb done
I20260914 19:04:59.148985 301338 dfly_bench.cc:926] Done queuing 4294967295 requests, which took 300.0s. Waiting for server processing
I20260914 19:04:59.148958 301335 dfly_bench.cc:926] Done queuing 4294967295 requests, which took 300.0s. Waiting for server processing
I20260914 19:04:59.148993 301324 dfly_bench.cc:1001] ReceiveFb done
I20260914 19:04:59.148936 301326 dfly_bench.cc:1001] ReceiveFb done
I20260914 19:04:59.148975 301332 dfly_bench.cc:1001] ReceiveFb done
I20260914 19:04:59.148996 301338 dfly_bench.cc:926] Done queuing 4294967295 requests, which took 300.0s. Waiting for server processing
I20260914 19:04:59.148988 301325 dfly_bench.cc:926] Done queuing 4294967295 requests, which took 300.0s. Waiting for server processing
I20260914 19:04:59.148867 301328 dfly_bench.cc:1001] ReceiveFb done
I20260914 19:04:59.148888 301323 dfly_bench.cc:926] Done queuing 4294967295 requests, which took 300.0s. Waiting for server processing
I20260914 19:04:59.148999 301335 dfly_bench.cc:926] Done queuing 4294967295 requests, which took 300.0s. Waiting for server processing
I20260914 19:04:59.148978 301331 dfly_bench.cc:926] Done queuing 4294967295 requests, which took 300.0s. Waiting for server processing
I20260914 19:04:59.148977 301333 dfly_bench.cc:1001] ReceiveFb done
I20260914 19:04:59.149020 301324 dfly_bench.cc:1001] ReceiveFb done
I20260914 19:04:59.149021 301326 dfly_bench.cc:1001] ReceiveFb done
I20260914 19:04:59.149039 301331 dfly_bench.cc:1001] ReceiveFb done
I20260914 19:04:59.149016 301338 dfly_bench.cc:926] Done queuing 4294967295 requests, which took 300.0s. Waiting for server processing
I20260914 19:04:59.149042 301332 dfly_bench.cc:926] Done queuing 4294967295 requests, which took 300.0s. Waiting for server processing
I20260914 19:04:59.149027 301325 dfly_bench.cc:926] Done queuing 4294967295 requests, which took 300.0s. Waiting for server processing
I20260914 19:04:59.148965 301336 dfly_bench.cc:1001] ReceiveFb done
I20260914 19:04:59.149031 301329 dfly_bench.cc:926] Done queuing 4294967295 requests, which took 300.0s. Waiting for server processing
I20260914 19:04:59.149057 301325 dfly_bench.cc:926] Done queuing 4294967295 requests, which took 300.0s. Waiting for server processing
I20260914 19:04:59.149065 301331 dfly_bench.cc:1001] ReceiveFb done
I20260914 19:04:59.149015 301334 dfly_bench.cc:1001] ReceiveFb done
I20260914 19:04:59.149036 301328 dfly_bench.cc:1001] ReceiveFb done
I20260914 19:04:59.149055 301333 dfly_bench.cc:1001] ReceiveFb done
I20260914 19:04:59.149078 301325 dfly_bench.cc:926] Done queuing 4294967295 requests, which took 300.0s. Waiting for server processing
I20260914 19:04:59.149022 301327 dfly_bench.cc:926] Done queuing 4294967295 requests, which took 300.0s. Waiting for server processing
I20260914 19:04:59.149031 301323 dfly_bench.cc:926] Done queuing 4294967295 requests, which took 300.0s. Waiting for server processing
I20260914 19:04:59.149094 301331 dfly_bench.cc:1001] ReceiveFb done
I20260914 19:04:59.149075 301329 dfly_bench.cc:926] Done queuing 4294967295 requests, which took 300.0s. Waiting for server processing
I20260914 19:04:59.149101 301325 dfly_bench.cc:926] Done queuing 4294967295 requests, which took 300.0s. Waiting for server processing
I20260914 19:04:59.149107 301328 dfly_bench.cc:1001] ReceiveFb done
I20260914 19:04:59.149137 301331 dfly_bench.cc:1001] ReceiveFb done
I20260914 19:04:59.149132 301329 dfly_bench.cc:926] Done queuing 4294967295 requests, which took 300.0s. Waiting for server processing
I20260914 19:04:59.149135 301325 dfly_bench.cc:926] Done queuing 4294967295 requests, which took 300.0s. Waiting for server processing
I20260914 19:04:59.149111 301333 dfly_bench.cc:1001] ReceiveFb done
I20260914 19:04:59.149056 301332 dfly_bench.cc:926] Done queuing 4294967295 requests, which took 300.0s. Waiting for server processing
I20260914 19:04:59.149080 301324 dfly_bench.cc:1001] ReceiveFb done
I20260914 19:04:59.148986 301330 dfly_bench.cc:926] Done queuing 4294967295 requests, which took 300.0s. Waiting for server processing
I20260914 19:04:59.149106 301327 dfly_bench.cc:926] Done queuing 4294967295 requests, which took 300.0s. Waiting for server processing
I20260914 19:04:59.149163 301330 dfly_bench.cc:926] Done queuing 4294967295 requests, which took 300.0s. Waiting for server processing
I20260914 19:04:59.149060 301326 dfly_bench.cc:1001] ReceiveFb done
I20260914 19:04:59.149147 301329 dfly_bench.cc:926] Done queuing 4294967295 requests, which took 300.0s. Waiting for server processing
I20260914 19:04:59.149114 301338 dfly_bench.cc:1001] ReceiveFb done
I20260914 19:04:59.149084 301336 dfly_bench.cc:1001] ReceiveFb done
I20260914 19:04:59.149180 301329 dfly_bench.cc:926] Done queuing 4294967295 requests, which took 300.0s. Waiting for server processing
I20260914 19:04:59.149117 301323 dfly_bench.cc:926] Done queuing 4294967295 requests, which took 300.0s. Waiting for server processing
I20260914 19:04:59.149204 301336 dfly_bench.cc:1001] ReceiveFb done
I20260914 19:04:59.149202 301338 dfly_bench.cc:1001] ReceiveFb done
I20260914 19:04:59.149153 301328 dfly_bench.cc:1001] ReceiveFb done
I20260914 19:04:59.149209 301323 dfly_bench.cc:926] Done queuing 4294967295 requests, which took 300.0s. Waiting for server processing
I20260914 19:04:59.149173 301324 dfly_bench.cc:1001] ReceiveFb done
I20260914 19:04:59.149235 301338 dfly_bench.cc:1001] ReceiveFb done
I20260914 19:04:59.149237 301325 dfly_bench.cc:1001] ReceiveFb done
I20260914 19:04:59.149227 301336 dfly_bench.cc:1001] ReceiveFb done
I20260914 19:04:59.149258 301338 dfly_bench.cc:1001] ReceiveFb done
I20260914 19:04:59.149261 301325 dfly_bench.cc:1001] ReceiveFb done
I20260914 19:04:59.149267 301336 dfly_bench.cc:1001] ReceiveFb done
I20260914 19:04:59.149200 301329 dfly_bench.cc:926] Done queuing 4294967295 requests, which took 300.0s. Waiting for server processing
I20260914 19:04:59.149174 301330 dfly_bench.cc:926] Done queuing 4294967295 requests, which took 300.0s. Waiting for server processing
I20260914 19:04:59.149101 301334 dfly_bench.cc:1001] ReceiveFb done
I20260914 19:04:59.149168 301333 dfly_bench.cc:1001] ReceiveFb done
I20260914 19:04:59.149302 301335 dfly_bench.cc:926] Done queuing 4294967295 requests, which took 300.0s. Waiting for server processing
I20260914 19:04:59.149166 301327 dfly_bench.cc:926] Done queuing 4294967295 requests, which took 300.0s. Waiting for server processing
I20260914 19:04:59.149313 301334 dfly_bench.cc:1001] ReceiveFb done
I20260914 19:04:59.149338 301333 dfly_bench.cc:1001] ReceiveFb done
I20260914 19:04:59.149320 301336 dfly_bench.cc:926] Done queuing 4294967295 requests, which took 300.0s. Waiting for server processing
I20260914 19:04:59.149343 301327 dfly_bench.cc:926] Done queuing 4294967295 requests, which took 300.0s. Waiting for server processing
I20260914 19:04:59.149232 301328 dfly_bench.cc:1001] ReceiveFb done
I20260914 19:04:59.149187 301326 dfly_bench.cc:1001] ReceiveFb done
I20260914 19:04:59.149181 301337 dfly_bench.cc:926] Done queuing 4294967295 requests, which took 300.0s. Waiting for server processing
I20260914 19:04:59.149292 301329 dfly_bench.cc:926] Done queuing 4294967295 requests, which took 300.0s. Waiting for server processing
I20260914 19:04:59.149312 301335 dfly_bench.cc:926] Done queuing 4294967295 requests, which took 300.0s. Waiting for server processing
I20260914 19:04:59.149290 301325 dfly_bench.cc:1001] ReceiveFb done
I20260914 19:04:59.149289 301338 dfly_bench.cc:1001] ReceiveFb done
I20260914 19:04:59.149397 301326 dfly_bench.cc:1001] ReceiveFb done
I20260914 19:04:59.149397 301335 dfly_bench.cc:926] Done queuing 4294967295 requests, which took 300.0s. Waiting for server processing
I20260914 19:04:59.149372 301328 dfly_bench.cc:1001] ReceiveFb done
I20260914 19:04:59.149355 301336 dfly_bench.cc:926] Done queuing 4294967295 requests, which took 300.0s. Waiting for server processing
I20260914 19:04:59.149415 301338 dfly_bench.cc:1001] ReceiveFb done
I20260914 19:04:59.149375 301337 dfly_bench.cc:926] Done queuing 4294967295 requests, which took 300.0s. Waiting for server processing
I20260914 19:04:59.149421 301336 dfly_bench.cc:926] Done queuing 4294967295 requests, which took 300.0s. Waiting for server processing
I20260914 19:04:59.149413 301335 dfly_bench.cc:926] Done queuing 4294967295 requests, which took 300.0s. Waiting for server processing
I20260914 19:04:59.149427 301328 dfly_bench.cc:1001] ReceiveFb done
I20260914 19:04:59.149292 301330 dfly_bench.cc:926] Done queuing 4294967295 requests, which took 300.0s. Waiting for server processing
I20260914 19:04:59.149160 301331 dfly_bench.cc:1001] ReceiveFb done
I20260914 19:04:59.149359 301333 dfly_bench.cc:1001] ReceiveFb done
I20260914 19:04:59.149430 301336 dfly_bench.cc:926] Done queuing 4294967295 requests, which took 300.0s. Waiting for server processing
I20260914 19:04:59.149441 301338 dfly_bench.cc:1001] ReceiveFb done
I20260914 19:04:59.149354 301327 dfly_bench.cc:926] Done queuing 4294967295 requests, which took 300.0s. Waiting for server processing
I20260914 19:04:59.149382 301329 dfly_bench.cc:926] Done queuing 4294967295 requests, which took 300.0s. Waiting for server processing
I20260914 19:04:59.149222 301323 dfly_bench.cc:926] Done queuing 4294967295 requests, which took 300.0s. Waiting for server processing
I20260914 19:04:59.149428 301326 dfly_bench.cc:1001] ReceiveFb done
I20260914 19:04:59.149358 301334 dfly_bench.cc:1001] ReceiveFb done
I20260914 19:04:59.149408 301325 dfly_bench.cc:1001] ReceiveFb done
I20260914 19:04:59.149431 301335 dfly_bench.cc:926] Done queuing 4294967295 requests, which took 300.0s. Waiting for server processing
I20260914 19:04:59.149458 301327 dfly_bench.cc:1001] ReceiveFb done
I20260914 19:04:59.149505 301323 dfly_bench.cc:1001] ReceiveFb done
I20260914 19:04:59.149439 301330 dfly_bench.cc:926] Done queuing 4294967295 requests, which took 300.0s. Waiting for server processing
I20260914 19:04:59.149459 301329 dfly_bench.cc:926] Done queuing 4294967295 requests, which took 300.0s. Waiting for server processing
I20260914 19:04:59.149451 301328 dfly_bench.cc:1001] ReceiveFb done
I20260914 19:04:59.149525 301329 dfly_bench.cc:926] Done queuing 4294967295 requests, which took 300.0s. Waiting for server processing
I20260914 19:04:59.149499 301334 dfly_bench.cc:1001] ReceiveFb done
I20260914 19:04:59.149531 301327 dfly_bench.cc:1001] ReceiveFb done
I20260914 19:04:59.149428 301337 dfly_bench.cc:926] Done queuing 4294967295 requests, which took 300.0s. Waiting for server processing
I20260914 19:04:59.149457 301331 dfly_bench.cc:1001] ReceiveFb done
I20260914 19:04:59.149546 301328 dfly_bench.cc:1001] ReceiveFb done
I20260914 19:04:59.149410 301332 dfly_bench.cc:926] Done queuing 4294967295 requests, which took 300.0s. Waiting for server processing
I20260914 19:04:59.149458 301333 dfly_bench.cc:1001] ReceiveFb done
I20260914 19:04:59.149447 301336 dfly_bench.cc:926] Done queuing 4294967295 requests, which took 300.0s. Waiting for server processing
I20260914 19:04:59.149534 301323 dfly_bench.cc:1001] ReceiveFb done
I20260914 19:04:59.149602 301336 dfly_bench.cc:926] Done queuing 4294967295 requests, which took 300.0s. Waiting for server processing
I20260914 19:04:59.149598 301331 dfly_bench.cc:926] Done queuing 4294967295 requests, which took 300.0s. Waiting for server processing
I20260914 19:04:59.149500 301325 dfly_bench.cc:1001] ReceiveFb done
I20260914 19:04:59.149549 301337 dfly_bench.cc:926] Done queuing 4294967295 requests, which took 300.0s. Waiting for server processing
I20260914 19:04:59.149492 301326 dfly_bench.cc:1001] ReceiveFb done
I20260914 19:04:59.149631 301337 dfly_bench.cc:926] Done queuing 4294967295 requests, which took 300.0s. Waiting for server processing
I20260914 19:04:59.149559 301327 dfly_bench.cc:1001] ReceiveFb done
I20260914 19:04:59.149503 301335 dfly_bench.cc:926] Done queuing 4294967295 requests, which took 300.0s. Waiting for server processing
I20260914 19:04:59.149644 301337 dfly_bench.cc:926] Done queuing 4294967295 requests, which took 300.0s. Waiting for server processing
I20260914 19:04:59.149617 301323 dfly_bench.cc:1001] ReceiveFb done
I20260914 19:04:59.149667 301327 dfly_bench.cc:1001] ReceiveFb done
I20260914 19:04:59.149613 301333 dfly_bench.cc:1001] ReceiveFb done
I20260914 19:04:59.149564 301334 dfly_bench.cc:926] Done queuing 4294967295 requests, which took 300.0s. Waiting for server processing
I20260914 19:04:59.149523 301330 dfly_bench.cc:926] Done queuing 4294967295 requests, which took 300.0s. Waiting for server processing
I20260914 19:04:59.149652 301335 dfly_bench.cc:926] Done queuing 4294967295 requests, which took 300.0s. Waiting for server processing
I20260914 19:04:59.149713 301333 dfly_bench.cc:1001] ReceiveFb done
I20260914 19:04:59.149708 301334 dfly_bench.cc:926] Done queuing 4294967295 requests, which took 300.0s. Waiting for server processing
I20260914 19:04:59.149727 301334 dfly_bench.cc:926] Done queuing 4294967295 requests, which took 300.0s. Waiting for server processing
I20260914 19:04:59.149698 301327 dfly_bench.cc:1001] ReceiveFb done
I20260914 19:04:59.149737 301334 dfly_bench.cc:926] Done queuing 4294967295 requests, which took 300.0s. Waiting for server processing
I20260914 19:04:59.149749 301333 dfly_bench.cc:926] Done queuing 4294967295 requests, which took 300.0s. Waiting for server processing
I20260914 19:04:59.149755 301327 dfly_bench.cc:1001] ReceiveFb done
I20260914 19:04:59.149694 301323 dfly_bench.cc:1001] ReceiveFb done
I20260914 19:04:59.149662 301326 dfly_bench.cc:1001] ReceiveFb done
I20260914 19:04:59.149588 301324 dfly_bench.cc:926] Done queuing 4294967295 requests, which took 300.0s. Waiting for server processing
I20260914 19:04:59.149595 301332 dfly_bench.cc:926] Done queuing 4294967295 requests, which took 300.0s. Waiting for server processing
I20260914 19:04:59.149639 301325 dfly_bench.cc:1001] ReceiveFb done
I20260914 19:04:59.149791 301327 dfly_bench.cc:1001] ReceiveFb done
I20260914 19:04:59.149616 301336 dfly_bench.cc:926] Done queuing 4294967295 requests, which took 300.0s. Waiting for server processing
I20260914 19:04:59.149792 301332 dfly_bench.cc:926] Done queuing 4294967295 requests, which took 300.0s. Waiting for server processing
I20260914 19:04:59.149714 301330 dfly_bench.cc:926] Done queuing 4294967295 requests, which took 300.0s. Waiting for server processing
I20260914 19:04:59.149799 301326 dfly_bench.cc:1001] ReceiveFb done
I20260914 19:04:59.149462 301338 dfly_bench.cc:1001] ReceiveFb done
I20260914 19:04:59.149806 301336 dfly_bench.cc:926] Done queuing 4294967295 requests, which took 300.0s. Waiting for server processing
I20260914 19:04:59.149807 301325 dfly_bench.cc:1001] ReceiveFb done
I20260914 19:04:59.149619 301331 dfly_bench.cc:926] Done queuing 4294967295 requests, which took 300.0s. Waiting for server processing
I20260914 19:04:59.149819 301336 dfly_bench.cc:926] Done queuing 4294967295 requests, which took 300.0s. Waiting for server processing
I20260914 19:04:59.149654 301337 dfly_bench.cc:926] Done queuing 4294967295 requests, which took 300.0s. Waiting for server processing
I20260914 19:04:59.149835 301338 dfly_bench.cc:1001] ReceiveFb done
I20260914 19:04:59.149840 301337 dfly_bench.cc:926] Done queuing 4294967295 requests, which took 300.0s. Waiting for server processing
I20260914 19:04:59.149722 301335 dfly_bench.cc:926] Done queuing 4294967295 requests, which took 300.0s. Waiting for server processing
I20260914 19:04:59.149825 301330 dfly_bench.cc:926] Done queuing 4294967295 requests, which took 300.0s. Waiting for server processing
I20260914 19:04:59.149868 301335 dfly_bench.cc:926] Done queuing 4294967295 requests, which took 300.0s. Waiting for server processing
I20260914 19:04:59.149825 301331 dfly_bench.cc:926] Done queuing 4294967295 requests, which took 300.0s. Waiting for server processing
I20260914 19:04:59.149534 301329 dfly_bench.cc:926] Done queuing 4294967295 requests, which took 300.0s. Waiting for server processing
I20260914 19:04:59.149878 301335 dfly_bench.cc:926] Done queuing 4294967295 requests, which took 300.0s. Waiting for server processing
I20260914 19:04:59.149883 301330 dfly_bench.cc:926] Done queuing 4294967295 requests, which took 300.0s. Waiting for server processing
I20260914 19:04:59.149787 301324 dfly_bench.cc:926] Done queuing 4294967295 requests, which took 300.0s. Waiting for server processing
I20260914 19:04:59.149600 301328 dfly_bench.cc:926] Done queuing 4294967295 requests, which took 300.0s. Waiting for server processing
I20260914 19:04:59.149879 301331 dfly_bench.cc:926] Done queuing 4294967295 requests, which took 300.0s. Waiting for server processing
I20260914 19:04:59.149893 301335 dfly_bench.cc:926] Done queuing 4294967295 requests, which took 300.0s. Waiting for server processing
I20260914 19:04:59.149919 301328 dfly_bench.cc:926] Done queuing 4294967295 requests, which took 300.0s. Waiting for server processing
I20260914 19:04:59.149902 301330 dfly_bench.cc:926] Done queuing 4294967295 requests, which took 300.0s. Waiting for server processing
I20260914 19:04:59.149912 301324 dfly_bench.cc:926] Done queuing 4294967295 requests, which took 300.0s. Waiting for server processing
I20260914 19:04:59.149791 301323 dfly_bench.cc:1001] ReceiveFb done
I20260914 19:04:59.149936 301324 dfly_bench.cc:926] Done queuing 4294967295 requests, which took 300.0s. Waiting for server processing
I20260914 19:04:59.149762 301333 dfly_bench.cc:926] Done queuing 4294967295 requests, which took 300.0s. Waiting for server processing
I20260914 19:04:59.149853 301326 dfly_bench.cc:926] Done queuing 4294967295 requests, which took 300.0s. Waiting for server processing
I20260914 19:04:59.149812 301327 dfly_bench.cc:1001] ReceiveFb done
I20260914 19:04:59.149955 301323 dfly_bench.cc:1001] ReceiveFb done
I20260914 19:04:59.149856 301338 dfly_bench.cc:1001] ReceiveFb done
I20260914 19:04:59.149812 301332 dfly_bench.cc:926] Done queuing 4294967295 requests, which took 300.0s. Waiting for server processing
I20260914 19:04:59.149923 301331 dfly_bench.cc:926] Done queuing 4294967295 requests, which took 300.0s. Waiting for server processing
I20260914 19:04:59.149984 301332 dfly_bench.cc:926] Done queuing 4294967295 requests, which took 300.0s. Waiting for server processing
I20260914 19:04:59.149987 301331 dfly_bench.cc:926] Done queuing 4294967295 requests, which took 300.0s. Waiting for server processing
I20260914 19:04:59.149853 301337 dfly_bench.cc:926] Done queuing 4294967295 requests, which took 300.0s. Waiting for server processing
I20260914 19:04:59.149998 301332 dfly_bench.cc:926] Done queuing 4294967295 requests, which took 300.0s. Waiting for server processing
I20260914 19:04:59.149979 301335 dfly_bench.cc:1001] ReceiveFb done
I20260914 19:04:59.150009 301332 dfly_bench.cc:926] Done queuing 4294967295 requests, which took 300.0s. Waiting for server processing
I20260914 19:04:59.149931 301330 dfly_bench.cc:926] Done queuing 4294967295 requests, which took 300.0s. Waiting for server processing
I20260914 19:04:59.149835 301325 dfly_bench.cc:1001] ReceiveFb done
I20260914 19:04:59.149976 301327 dfly_bench.cc:1001] ReceiveFb done
I20260914 19:04:59.150004 301337 dfly_bench.cc:926] Done queuing 4294967295 requests, which took 300.0s. Waiting for server processing
I20260914 19:04:59.149984 301338 dfly_bench.cc:1001] ReceiveFb done
I20260914 19:04:59.150035 301327 dfly_bench.cc:1001] ReceiveFb done
I20260914 19:04:59.149950 301326 dfly_bench.cc:926] Done queuing 4294967295 requests, which took 300.0s. Waiting for server processing
I20260914 19:04:59.150067 301326 dfly_bench.cc:926] Done queuing 4294967295 requests, which took 300.0s. Waiting for server processing
I20260914 19:04:59.149748 301334 dfly_bench.cc:926] Done queuing 4294967295 requests, which took 300.0s. Waiting for server processing
I20260914 19:04:59.149950 301333 dfly_bench.cc:926] Done queuing 4294967295 requests, which took 300.0s. Waiting for server processing
I20260914 19:04:59.150033 301325 dfly_bench.cc:1001] ReceiveFb done
I20260914 19:04:59.150090 301326 dfly_bench.cc:926] Done queuing 4294967295 requests, which took 300.0s. Waiting for server processing
I20260914 19:04:59.150074 301327 dfly_bench.cc:1001] ReceiveFb done
I20260914 19:04:59.150030 301335 dfly_bench.cc:1001] ReceiveFb done
I20260914 19:04:59.150018 301332 dfly_bench.cc:926] Done queuing 4294967295 requests, which took 300.0s. Waiting for server processing
I20260914 19:04:59.149946 301324 dfly_bench.cc:926] Done queuing 4294967295 requests, which took 300.0s. Waiting for server processing
I20260914 19:04:59.150091 301334 dfly_bench.cc:926] Done queuing 4294967295 requests, which took 300.0s. Waiting for server processing
I20260914 19:04:59.150112 301325 dfly_bench.cc:1001] ReceiveFb done
I20260914 19:04:59.150049 301338 dfly_bench.cc:1001] ReceiveFb done
I20260914 19:04:59.150089 301333 dfly_bench.cc:926] Done queuing 4294967295 requests, which took 300.0s. Waiting for server processing
I20260914 19:04:59.150100 301326 dfly_bench.cc:926] Done queuing 4294967295 requests, which took 300.0s. Waiting for server processing
I20260914 19:04:59.149982 301323 dfly_bench.cc:1001] ReceiveFb done
I20260914 19:04:59.150002 301331 dfly_bench.cc:926] Done queuing 4294967295 requests, which took 300.0s. Waiting for server processing
I20260914 19:04:59.150022 301330 dfly_bench.cc:926] Done queuing 4294967295 requests, which took 300.0s. Waiting for server processing
I20260914 19:04:59.150038 301329 dfly_bench.cc:1001] ReceiveFb done
I20260914 19:04:59.150118 301334 dfly_bench.cc:926] Done queuing 4294967295 requests, which took 300.0s. Waiting for server processing
I20260914 19:04:59.150156 301323 dfly_bench.cc:1001] ReceiveFb done
I20260914 19:04:59.150132 301325 dfly_bench.cc:1001] ReceiveFb done
I20260914 19:04:59.150115 301332 dfly_bench.cc:926] Done queuing 4294967295 requests, which took 300.0s. Waiting for server processing
I20260914 19:04:59.150116 301324 dfly_bench.cc:926] Done queuing 4294967295 requests, which took 300.0s. Waiting for server processing
I20260914 19:04:59.150100 301337 dfly_bench.cc:1001] ReceiveFb done
I20260914 19:04:59.150123 301327 dfly_bench.cc:1001] ReceiveFb done
I20260914 19:04:59.150169 301332 dfly_bench.cc:926] Done queuing 4294967295 requests, which took 300.0s. Waiting for server processing
I20260914 19:04:59.150177 301325 dfly_bench.cc:1001] ReceiveFb done
I20260914 19:04:59.150125 301335 dfly_bench.cc:1001] ReceiveFb done
I20260914 19:04:59.150164 301334 dfly_bench.cc:926] Done queuing 4294967295 requests, which took 300.0s. Waiting for server processing
I20260914 19:04:59.150141 301333 dfly_bench.cc:926] Done queuing 4294967295 requests, which took 300.0s. Waiting for server processing
I20260914 19:04:59.150169 301329 dfly_bench.cc:1001] ReceiveFb done
I20260914 19:04:59.150210 301334 dfly_bench.cc:926] Done queuing 4294967295 requests, which took 300.0s. Waiting for server processing
I20260914 19:04:59.150193 301337 dfly_bench.cc:1001] ReceiveFb done
I20260914 19:04:59.150228 301332 dfly_bench.cc:1001] ReceiveFb done
I20260914 19:04:59.150231 301336 dfly_bench.cc:926] Done queuing 4294967295 requests, which took 300.0s. Waiting for server processing
I20260914 19:04:59.150149 301338 dfly_bench.cc:1001] ReceiveFb done
I20260914 19:04:59.150213 301333 dfly_bench.cc:926] Done queuing 4294967295 requests, which took 300.0s. Waiting for server processing
I20260914 19:04:59.150218 301335 dfly_bench.cc:1001] ReceiveFb done
I20260914 19:04:59.150230 301329 dfly_bench.cc:1001] ReceiveFb done
I20260914 19:04:59.150245 301337 dfly_bench.cc:1001] ReceiveFb done
I20260914 19:04:59.150216 301328 dfly_bench.cc:926] Done queuing 4294967295 requests, which took 300.0s. Waiting for server processing
I20260914 19:04:59.150250 301333 dfly_bench.cc:926] Done queuing 4294967295 requests, which took 300.0s. Waiting for server processing
I20260914 19:04:59.150269 301333 dfly_bench.cc:926] Done queuing 4294967295 requests, which took 300.0s. Waiting for server processing
I20260914 19:04:59.150266 301325 dfly_bench.cc:926] Done queuing 4294967295 requests, which took 300.0s. Waiting for server processing
I20260914 19:04:59.150287 301337 dfly_bench.cc:1001] ReceiveFb done
I20260914 19:04:59.150245 301336 dfly_bench.cc:926] Done queuing 4294967295 requests, which took 300.0s. Waiting for server processing
I20260914 19:04:59.150194 301327 dfly_bench.cc:1001] ReceiveFb done
I20260914 19:04:59.150257 301338 dfly_bench.cc:1001] ReceiveFb done
I20260914 19:04:59.150156 301330 dfly_bench.cc:926] Done queuing 4294967295 requests, which took 300.0s. Waiting for server processing
I20260914 19:04:59.150177 301324 dfly_bench.cc:926] Done queuing 4294967295 requests, which took 300.0s. Waiting for server processing
I20260914 19:04:59.150246 301332 dfly_bench.cc:1001] ReceiveFb done
I20260914 19:04:59.150260 301335 dfly_bench.cc:1001] ReceiveFb done
I20260914 19:04:59.150346 301338 dfly_bench.cc:926] Done queuing 4294967295 requests, which took 300.0s. Waiting for server processing
I20260914 19:04:59.150360 301332 dfly_bench.cc:1001] ReceiveFb done
I20260914 19:04:59.150310 301337 dfly_bench.cc:1001] ReceiveFb done
I20260914 19:04:59.150314 301327 dfly_bench.cc:1001] ReceiveFb done
I20260914 19:04:59.150301 301336 dfly_bench.cc:1001] ReceiveFb done
I20260914 19:04:59.150269 301329 dfly_bench.cc:1001] ReceiveFb done
I20260914 19:04:59.150382 301334 dfly_bench.cc:926] Done queuing 4294967295 requests, which took 300.0s. Waiting for server processing
I20260914 19:04:59.150260 301328 dfly_bench.cc:926] Done queuing 4294967295 requests, which took 300.0s. Waiting for server processing
I20260914 19:04:59.150338 301324 dfly_bench.cc:926] Done queuing 4294967295 requests, which took 300.0s. Waiting for server processing
I20260914 19:04:59.150288 301331 dfly_bench.cc:1001] ReceiveFb done
I20260914 19:04:59.150290 301333 dfly_bench.cc:926] Done queuing 4294967295 requests, which took 300.0s. Waiting for server processing
I20260914 19:04:59.150399 301334 dfly_bench.cc:926] Done queuing 4294967295 requests, which took 300.0s. Waiting for server processing
I20260914 19:04:59.150415 301334 dfly_bench.cc:926] Done queuing 4294967295 requests, which took 300.0s. Waiting for server processing
I20260914 19:04:59.150403 301324 dfly_bench.cc:926] Done queuing 4294967295 requests, which took 300.0s. Waiting for server processing
I20260914 19:04:59.150409 301333 dfly_bench.cc:926] Done queuing 4294967295 requests, which took 300.0s. Waiting for server processing
I20260914 19:04:59.150386 301332 dfly_bench.cc:1001] ReceiveFb done
I20260914 19:04:59.150175 301323 dfly_bench.cc:1001] ReceiveFb done
I20260914 19:04:59.150362 301338 dfly_bench.cc:926] Done queuing 4294967295 requests, which took 300.0s. Waiting for server processing
I20260914 19:04:59.150393 301336 dfly_bench.cc:1001] ReceiveFb done
I20260914 19:04:59.150419 301326 dfly_bench.cc:926] Done queuing 4294967295 requests, which took 300.0s. Waiting for server processing
I20260914 19:04:59.150406 301329 dfly_bench.cc:1001] ReceiveFb done
I20260914 19:04:59.150463 301336 dfly_bench.cc:1001] ReceiveFb done
I20260914 19:04:59.150425 301331 dfly_bench.cc:1001] ReceiveFb done
I20260914 19:04:59.150398 301328 dfly_bench.cc:926] Done queuing 4294967295 requests, which took 300.0s. Waiting for server processing
I20260914 19:04:59.150429 301334 dfly_bench.cc:926] Done queuing 4294967295 requests, which took 300.0s. Waiting for server processing
I20260914 19:04:59.150389 301337 dfly_bench.cc:1001] ReceiveFb done
I20260914 19:04:59.150486 301331 dfly_bench.cc:1001] ReceiveFb done
I20260914 19:04:59.150493 301329 dfly_bench.cc:926] Done queuing 4294967295 requests, which took 300.0s. Waiting for server processing
I20260914 19:04:59.150506 301337 dfly_bench.cc:1001] ReceiveFb done
I20260914 19:04:59.150509 301331 dfly_bench.cc:1001] ReceiveFb done
I20260914 19:04:59.150452 301332 dfly_bench.cc:1001] ReceiveFb done
I20260914 19:04:59.150430 301324 dfly_bench.cc:926] Done queuing 4294967295 requests, which took 300.0s. Waiting for server processing
I20260914 19:04:59.150362 301335 dfly_bench.cc:1001] ReceiveFb done
I20260914 19:04:59.150539 301332 dfly_bench.cc:1001] ReceiveFb done
I20260914 19:04:59.150487 301328 dfly_bench.cc:926] Done queuing 4294967295 requests, which took 300.0s. Waiting for server processing
I20260914 19:04:59.150369 301330 dfly_bench.cc:1001] ReceiveFb done
I20260914 19:04:59.150491 301334 dfly_bench.cc:1001] ReceiveFb done
I20260914 19:04:59.150519 301329 dfly_bench.cc:926] Done queuing 4294967295 requests, which took 300.0s. Waiting for server processing
I20260914 19:04:59.150533 301337 dfly_bench.cc:1001] ReceiveFb done
I20260914 19:04:59.150534 301331 dfly_bench.cc:1001] ReceiveFb done
I20260914 19:04:59.150532 301324 dfly_bench.cc:926] Done queuing 4294967295 requests, which took 300.0s. Waiting for server processing
I20260914 19:04:59.150566 301334 dfly_bench.cc:1001] ReceiveFb done
I20260914 19:04:59.150452 301326 dfly_bench.cc:926] Done queuing 4294967295 requests, which took 300.0s. Waiting for server processing
I20260914 19:04:59.150453 301323 dfly_bench.cc:1001] ReceiveFb done
I20260914 19:04:59.150560 301335 dfly_bench.cc:1001] ReceiveFb done
I20260914 19:04:59.150588 301326 dfly_bench.cc:926] Done queuing 4294967295 requests, which took 300.0s. Waiting for server processing
I20260914 19:04:59.150568 301330 dfly_bench.cc:1001] ReceiveFb done
I20260914 19:04:59.150504 301325 dfly_bench.cc:926] Done queuing 4294967295 requests, which took 300.0s. Waiting for server processing
I20260914 19:04:59.150599 301334 dfly_bench.cc:1001] ReceiveFb done
I20260914 19:04:59.150600 301326 dfly_bench.cc:926] Done queuing 4294967295 requests, which took 300.0s. Waiting for server processing
I20260914 19:04:59.150575 301337 dfly_bench.cc:1001] ReceiveFb done
I20260914 19:04:59.150552 301328 dfly_bench.cc:926] Done queuing 4294967295 requests, which took 300.0s. Waiting for server processing
I20260914 19:04:59.150409 301327 dfly_bench.cc:926] Done queuing 4294967295 requests, which took 300.0s. Waiting for server processing
I20260914 19:04:59.150576 301331 dfly_bench.cc:1001] ReceiveFb done
I20260914 19:04:59.150487 301336 dfly_bench.cc:1001] ReceiveFb done
I20260914 19:04:59.150605 301335 dfly_bench.cc:1001] ReceiveFb done
I20260914 19:04:59.150568 301324 dfly_bench.cc:926] Done queuing 4294967295 requests, which took 300.0s. Waiting for server processing
I20260914 19:04:59.150629 301334 dfly_bench.cc:1001] ReceiveFb done
I20260914 19:04:59.150611 301330 dfly_bench.cc:1001] ReceiveFb done
I20260914 19:04:59.150614 301326 dfly_bench.cc:1001] ReceiveFb done
I20260914 19:04:59.150621 301328 dfly_bench.cc:926] Done queuing 4294967295 requests, which took 300.0s. Waiting for server processing
I20260914 19:04:59.150626 301337 dfly_bench.cc:1001] ReceiveFb done
I20260914 19:04:59.150561 301332 dfly_bench.cc:1001] ReceiveFb done
I20260914 19:04:59.150657 301330 dfly_bench.cc:1001] ReceiveFb done
I20260914 19:04:59.150635 301324 dfly_bench.cc:926] Done queuing 4294967295 requests, which took 300.0s. Waiting for server processing
I20260914 19:04:59.150664 301334 dfly_bench.cc:1001] ReceiveFb done
I20260914 19:04:59.150643 301329 dfly_bench.cc:926] Done queuing 4294967295 requests, which took 300.0s. Waiting for server processing
I20260914 19:04:59.150656 301333 dfly_bench.cc:926] Done queuing 4294967295 requests, which took 300.0s. Waiting for server processing
I20260914 19:04:59.150683 301332 dfly_bench.cc:1001] ReceiveFb done
I20260914 19:04:59.150635 301331 dfly_bench.cc:1001] ReceiveFb done
I20260914 19:04:59.150607 301325 dfly_bench.cc:926] Done queuing 4294967295 requests, which took 300.0s. Waiting for server processing
I20260914 19:04:59.150692 301337 dfly_bench.cc:926] Done queuing 4294967295 requests, which took 300.0s. Waiting for server processing
I20260914 19:04:59.150638 301336 dfly_bench.cc:1001] ReceiveFb done
I20260914 19:04:59.150684 301330 dfly_bench.cc:1001] ReceiveFb done
I20260914 19:04:59.150707 301332 dfly_bench.cc:1001] ReceiveFb done
I20260914 19:04:59.150697 301325 dfly_bench.cc:926] Done queuing 4294967295 requests, which took 300.0s. Waiting for server processing
I20260914 19:04:59.150686 301333 dfly_bench.cc:926] Done queuing 4294967295 requests, which took 300.0s. Waiting for server processing
I20260914 19:04:59.150642 301335 dfly_bench.cc:1001] ReceiveFb done
I20260914 19:04:59.150717 301336 dfly_bench.cc:1001] ReceiveFb done
I20260914 19:04:59.150725 301333 dfly_bench.cc:1001] ReceiveFb done
I20260914 19:04:59.150728 301331 dfly_bench.cc:926] Done queuing 4294967295 requests, which took 300.0s. Waiting for server processing
I20260914 19:04:59.150720 301330 dfly_bench.cc:1001] ReceiveFb done
I20260914 19:04:59.150704 301337 dfly_bench.cc:926] Done queuing 4294967295 requests, which took 300.0s. Waiting for server processing
I20260914 19:04:59.150731 301325 dfly_bench.cc:926] Done queuing 4294967295 requests, which took 300.0s. Waiting for server processing
I20260914 19:04:59.150662 301328 dfly_bench.cc:1001] ReceiveFb done
I20260914 19:04:59.150693 301334 dfly_bench.cc:1001] ReceiveFb done
I20260914 19:04:59.150754 301331 dfly_bench.cc:926] Done queuing 4294967295 requests, which took 300.0s. Waiting for server processing
I20260914 19:04:59.150732 301332 dfly_bench.cc:1001] ReceiveFb done
I20260914 19:04:59.150738 301335 dfly_bench.cc:1001] ReceiveFb done
I20260914 19:04:59.150705 301329 dfly_bench.cc:926] Done queuing 4294967295 requests, which took 300.0s. Waiting for server processing
I20260914 19:04:59.150775 301325 dfly_bench.cc:926] Done queuing 4294967295 requests, which took 300.0s. Waiting for server processing
I20260914 19:04:59.150727 301324 dfly_bench.cc:1001] ReceiveFb done
I20260914 19:04:59.150760 301333 dfly_bench.cc:1001] ReceiveFb done
I20260914 19:04:59.150604 301323 dfly_bench.cc:1001] ReceiveFb done
I20260914 19:04:59.150724 301338 dfly_bench.cc:926] Done queuing 4294967295 requests, which took 300.0s. Waiting for server processing
I20260914 19:04:59.150791 301329 dfly_bench.cc:1001] ReceiveFb done
I20260914 19:04:59.150822 301325 dfly_bench.cc:1001] ReceiveFb done
I20260914 19:04:59.150796 301335 dfly_bench.cc:1001] ReceiveFb done
I20260914 19:04:59.150753 301336 dfly_bench.cc:1001] ReceiveFb done
I20260914 19:04:59.150810 301324 dfly_bench.cc:1001] ReceiveFb done
I20260914 19:04:59.150818 301338 dfly_bench.cc:926] Done queuing 4294967295 requests, which took 300.0s. Waiting for server processing
I20260914 19:04:59.150815 301333 dfly_bench.cc:1001] ReceiveFb done
I20260914 19:04:59.150779 301328 dfly_bench.cc:1001] ReceiveFb done
I20260914 19:04:59.150849 301336 dfly_bench.cc:1001] ReceiveFb done
I20260914 19:04:59.150780 301334 dfly_bench.cc:1001] ReceiveFb done
I20260914 19:04:59.150856 301327 dfly_bench.cc:926] Done queuing 4294967295 requests, which took 300.0s. Waiting for server processing
I20260914 19:04:59.150858 301325 dfly_bench.cc:1001] ReceiveFb done
I20260914 19:04:59.150775 301330 dfly_bench.cc:1001] ReceiveFb done
I20260914 19:04:59.150847 301338 dfly_bench.cc:926] Done queuing 4294967295 requests, which took 300.0s. Waiting for server processing
I20260914 19:04:59.150836 301329 dfly_bench.cc:1001] ReceiveFb done
I20260914 19:04:59.150760 301337 dfly_bench.cc:926] Done queuing 4294967295 requests, which took 300.0s. Waiting for server processing
I20260914 19:04:59.150847 301335 dfly_bench.cc:1001] ReceiveFb done
I20260914 19:04:59.150882 301338 dfly_bench.cc:926] Done queuing 4294967295 requests, which took 300.0s. Waiting for server processing
I20260914 19:04:59.150862 301333 dfly_bench.cc:1001] ReceiveFb done
I20260914 19:04:59.150790 301332 dfly_bench.cc:1001] ReceiveFb done
I20260914 19:04:59.150892 301330 dfly_bench.cc:1001] ReceiveFb done
I20260914 19:04:59.150904 301333 dfly_bench.cc:1001] ReceiveFb done
I20260914 19:04:59.150906 301331 dfly_bench.cc:1001] ReceiveFb done
I20260914 19:04:59.150857 301324 dfly_bench.cc:1001] ReceiveFb done
I20260914 19:04:59.150884 301328 dfly_bench.cc:926] Done queuing 4294967295 requests, which took 300.0s. Waiting for server processing
I20260914 19:04:59.150895 301334 dfly_bench.cc:1001] ReceiveFb done
I20260914 19:04:59.150884 301325 dfly_bench.cc:1001] ReceiveFb done
I20260914 19:04:59.150892 301337 dfly_bench.cc:926] Done queuing 4294967295 requests, which took 300.0s. Waiting for server processing
I20260914 19:04:59.150905 301332 dfly_bench.cc:1001] ReceiveFb done
I20260914 19:04:59.150885 301327 dfly_bench.cc:926] Done queuing 4294967295 requests, which took 300.0s. Waiting for server processing
I20260914 19:04:59.150957 301323 dfly_bench.cc:926] Done queuing 4294967295 requests, which took 300.0s. Waiting for server processing
I20260914 19:04:59.150705 301326 dfly_bench.cc:1001] ReceiveFb done
I20260914 19:04:59.150902 301329 dfly_bench.cc:1001] ReceiveFb done
I20260914 19:04:59.150974 301323 dfly_bench.cc:926] Done queuing 4294967295 requests, which took 300.0s. Waiting for server processing
I20260914 19:04:59.150926 301333 dfly_bench.cc:1001] ReceiveFb done
I20260914 19:04:59.150987 301326 dfly_bench.cc:1001] ReceiveFb done
I20260914 19:04:59.150871 301336 dfly_bench.cc:1001] ReceiveFb done
I20260914 19:04:59.150990 301327 dfly_bench.cc:1001] ReceiveFb done
I20260914 19:04:59.150993 301323 dfly_bench.cc:926] Done queuing 4294967295 requests, which took 300.0s. Waiting for server processing
I20260914 19:04:59.150946 301334 dfly_bench.cc:1001] ReceiveFb done
I20260914 19:04:59.151012 301327 dfly_bench.cc:1001] ReceiveFb done
I20260914 19:04:59.150976 301328 dfly_bench.cc:1001] ReceiveFb done
I20260914 19:04:59.151006 301326 dfly_bench.cc:1001] ReceiveFb done
I20260914 19:04:59.150900 301335 dfly_bench.cc:1001] ReceiveFb done
I20260914 19:04:59.150905 301338 dfly_bench.cc:1001] ReceiveFb done
I20260914 19:04:59.150959 301325 dfly_bench.cc:1001] ReceiveFb done
I20260914 19:04:59.150995 301329 dfly_bench.cc:1001] ReceiveFb done
I20260914 19:04:59.150938 301324 dfly_bench.cc:1001] ReceiveFb done
I20260914 19:04:59.151003 301333 dfly_bench.cc:1001] ReceiveFb done
I20260914 19:04:59.151005 301323 dfly_bench.cc:926] Done queuing 4294967295 requests, which took 300.0s. Waiting for server processing
I20260914 19:04:59.150935 301331 dfly_bench.cc:1001] ReceiveFb done
I20260914 19:04:59.151070 301335 dfly_bench.cc:1001] ReceiveFb done
I20260914 19:04:59.151077 301323 dfly_bench.cc:926] Done queuing 4294967295 requests, which took 300.0s. Waiting for server processing
I20260914 19:04:59.151032 301327 dfly_bench.cc:1001] ReceiveFb done
I20260914 19:04:59.151083 301333 dfly_bench.cc:1001] ReceiveFb done
I20260914 19:04:59.150913 301330 dfly_bench.cc:1001] ReceiveFb done
I20260914 19:04:59.151093 301331 dfly_bench.cc:1001] ReceiveFb done
I20260914 19:04:59.151093 301335 dfly_bench.cc:1001] ReceiveFb done
I20260914 19:04:59.151073 301338 dfly_bench.cc:1001] ReceiveFb done
I20260914 19:04:59.151067 301326 dfly_bench.cc:1001] ReceiveFb done
I20260914 19:04:59.151124 301335 dfly_bench.cc:926] Done queuing 4294967295 requests, which took 300.0s. Waiting for server processing
I20260914 19:04:59.151104 301327 dfly_bench.cc:1001] ReceiveFb done
I20260914 19:04:59.151073 301325 dfly_bench.cc:1001] ReceiveFb done
I20260914 19:04:59.151137 301326 dfly_bench.cc:926] Done queuing 4294967295 requests, which took 300.0s. Waiting for server processing
I20260914 19:04:59.151079 301324 dfly_bench.cc:1001] ReceiveFb done
I20260914 19:04:59.151135 301335 dfly_bench.cc:926] Done queuing 4294967295 requests, which took 300.0s. Waiting for server processing
I20260914 19:04:59.151151 301325 dfly_bench.cc:1001] ReceiveFb done
I20260914 19:04:59.151120 301338 dfly_bench.cc:1001] ReceiveFb done
I20260914 19:04:59.151075 301329 dfly_bench.cc:1001] ReceiveFb done
I20260914 19:04:59.151113 301330 dfly_bench.cc:1001] ReceiveFb done
I20260914 19:04:59.151063 301328 dfly_bench.cc:1001] ReceiveFb done
I20260914 19:04:59.151158 301335 dfly_bench.cc:926] Done queuing 4294967295 requests, which took 300.0s. Waiting for server processing
I20260914 19:04:59.150979 301332 dfly_bench.cc:926] Done queuing 4294967295 requests, which took 300.0s. Waiting for server processing
I20260914 19:04:59.151187 301323 dfly_bench.cc:926] Done queuing 4294967295 requests, which took 300.0s. Waiting for server processing
I20260914 19:04:59.151115 301331 dfly_bench.cc:1001] ReceiveFb done
I20260914 19:04:59.151197 301332 dfly_bench.cc:926] Done queuing 4294967295 requests, which took 300.0s. Waiting for server processing
I20260914 19:04:59.151165 301324 dfly_bench.cc:1001] ReceiveFb done
I20260914 19:04:59.151108 301333 dfly_bench.cc:1001] ReceiveFb done
I20260914 19:04:59.151196 301336 dfly_bench.cc:1001] ReceiveFb done
I20260914 19:04:59.151211 301323 dfly_bench.cc:1001] ReceiveFb done
I20260914 19:04:59.151149 301327 dfly_bench.cc:1001] ReceiveFb done
I20260914 19:04:59.151218 301331 dfly_bench.cc:1001] ReceiveFb done
I20260914 19:04:59.151201 301328 dfly_bench.cc:1001] ReceiveFb done
I20260914 19:04:59.151211 301334 dfly_bench.cc:1001] ReceiveFb done
I20260914 19:04:59.151189 301338 dfly_bench.cc:1001] ReceiveFb done
I20260914 19:04:59.151249 301328 dfly_bench.cc:1001] ReceiveFb done
I20260914 19:04:59.151196 301329 dfly_bench.cc:1001] ReceiveFb done
I20260914 19:04:59.151170 301337 dfly_bench.cc:926] Done queuing 4294967295 requests, which took 300.0s. Waiting for server processing
I20260914 19:04:59.151266 301338 dfly_bench.cc:1001] ReceiveFb done
I20260914 19:04:59.151280 301337 dfly_bench.cc:926] Done queuing 4294967295 requests, which took 300.0s. Waiting for server processing
I20260914 19:04:59.151260 301334 dfly_bench.cc:1001] ReceiveFb done
I20260914 19:04:59.151228 301336 dfly_bench.cc:1001] ReceiveFb done
I20260914 19:04:59.151222 301324 dfly_bench.cc:1001] ReceiveFb done
I20260914 19:04:59.151227 301333 dfly_bench.cc:1001] ReceiveFb done
I20260914 19:04:59.151293 301338 dfly_bench.cc:1001] ReceiveFb done
I20260914 19:04:59.151283 301329 dfly_bench.cc:1001] ReceiveFb done
I20260914 19:04:59.151335 301333 dfly_bench.cc:926] Done queuing 4294967295 requests, which took 300.0s. Waiting for server processing
I20260914 19:04:59.151299 301325 dfly_bench.cc:926] Done queuing 4294967295 requests, which took 300.0s. Waiting for server processing
I20260914 19:04:59.151199 301330 dfly_bench.cc:1001] ReceiveFb done
I20260914 19:04:59.151401 301325 dfly_bench.cc:926] Done queuing 4294967295 requests, which took 300.0s. Waiting for server processing
I20260914 19:04:59.151408 301325 dfly_bench.cc:926] Done queuing 4294967295 requests, which took 300.0s. Waiting for server processing
I20260914 19:04:59.151324 301338 dfly_bench.cc:926] Done queuing 4294967295 requests, which took 300.0s. Waiting for server processing
I20260914 19:04:59.151420 301325 dfly_bench.cc:1001] ReceiveFb done
I20260914 19:04:59.151427 301330 dfly_bench.cc:1001] ReceiveFb done
I20260914 19:04:59.151278 301328 dfly_bench.cc:1001] ReceiveFb done
I20260914 19:04:59.151247 301327 dfly_bench.cc:926] Done queuing 4294967295 requests, which took 300.0s. Waiting for server processing
I20260914 19:04:59.151441 301325 dfly_bench.cc:1001] ReceiveFb done
I20260914 19:04:59.151444 301332 dfly_bench.cc:926] Done queuing 4294967295 requests, which took 300.0s. Waiting for server processing
I20260914 19:04:59.151289 301337 dfly_bench.cc:926] Done queuing 4294967295 requests, which took 300.0s. Waiting for server processing
I20260914 19:04:59.151450 301328 dfly_bench.cc:1001] ReceiveFb done
I20260914 19:04:59.151446 301330 dfly_bench.cc:1001] ReceiveFb done
I20260914 19:04:59.151302 301334 dfly_bench.cc:1001] ReceiveFb done
I20260914 19:04:59.151240 301331 dfly_bench.cc:1001] ReceiveFb done
I20260914 19:04:59.151459 301325 dfly_bench.cc:1001] ReceiveFb done
I20260914 19:04:59.151347 301336 dfly_bench.cc:926] Done queuing 4294967295 requests, which took 300.0s. Waiting for server processing
I20260914 19:04:59.151449 301327 dfly_bench.cc:926] Done queuing 4294967295 requests, which took 300.0s. Waiting for server processing
I20260914 19:04:59.151306 301324 dfly_bench.cc:1001] ReceiveFb done
I20260914 19:04:59.151244 301326 dfly_bench.cc:1001] ReceiveFb done
I20260914 19:04:59.151235 301323 dfly_bench.cc:1001] ReceiveFb done
I20260914 19:04:59.151471 301336 dfly_bench.cc:926] Done queuing 4294967295 requests, which took 300.0s. Waiting for server processing
I20260914 19:04:59.151458 301332 dfly_bench.cc:926] Done queuing 4294967295 requests, which took 300.0s. Waiting for server processing
I20260914 19:04:59.151384 301333 dfly_bench.cc:926] Done queuing 4294967295 requests, which took 300.0s. Waiting for server processing
I20260914 19:04:59.151479 301334 dfly_bench.cc:1001] ReceiveFb done
I20260914 19:04:59.151352 301329 dfly_bench.cc:1001] ReceiveFb done
I20260914 19:04:59.151489 301324 dfly_bench.cc:1001] ReceiveFb done
I20260914 19:04:59.151479 301336 dfly_bench.cc:926] Done queuing 4294967295 requests, which took 300.0s. Waiting for server processing
I20260914 19:04:59.151479 301331 dfly_bench.cc:1001] ReceiveFb done
I20260914 19:04:59.151475 301330 dfly_bench.cc:1001] ReceiveFb done
I20260914 19:04:59.151491 301332 dfly_bench.cc:1001] ReceiveFb done
I20260914 19:04:59.151513 301329 dfly_bench.cc:1001] ReceiveFb done
I20260914 19:04:59.151476 301337 dfly_bench.cc:1001] ReceiveFb done
I20260914 19:04:59.151510 301326 dfly_bench.cc:1001] ReceiveFb done
I20260914 19:04:59.151526 301336 dfly_bench.cc:1001] ReceiveFb done
I20260914 19:04:59.151495 301335 dfly_bench.cc:926] Done queuing 4294967295 requests, which took 300.0s. Waiting for server processing
I20260914 19:04:59.151539 301325 dfly_bench.cc:926] Done queuing 4294967295 requests, which took 300.0s. Waiting for server processing
I20260914 19:04:59.151542 301326 dfly_bench.cc:1001] ReceiveFb done
I20260914 19:04:59.151532 301332 dfly_bench.cc:1001] ReceiveFb done
I20260914 19:04:59.151479 301328 dfly_bench.cc:926] Done queuing 4294967295 requests, which took 300.0s. Waiting for server processing
I20260914 19:04:59.151533 301330 dfly_bench.cc:1001] ReceiveFb done
I20260914 19:04:59.151487 301323 dfly_bench.cc:1001] ReceiveFb done
I20260914 19:04:59.151513 301324 dfly_bench.cc:1001] ReceiveFb done
I20260914 19:04:59.151544 301335 dfly_bench.cc:926] Done queuing 4294967295 requests, which took 300.0s. Waiting for server processing
I20260914 19:04:59.151548 301336 dfly_bench.cc:1001] ReceiveFb done
I20260914 19:04:59.151575 301334 dfly_bench.cc:926] Done queuing 4294967295 requests, which took 300.0s. Waiting for server processing
I20260914 19:04:59.151580 301324 dfly_bench.cc:1001] ReceiveFb done
I20260914 19:04:59.151556 301325 dfly_bench.cc:1001] ReceiveFb done
I20260914 19:04:59.151571 301335 dfly_bench.cc:926] Done queuing 4294967295 requests, which took 300.0s. Waiting for server processing
I20260914 19:04:59.151571 301332 dfly_bench.cc:1001] ReceiveFb done
I20260914 19:04:59.151549 301338 dfly_bench.cc:1001] ReceiveFb done
I20260914 19:04:59.151577 301326 dfly_bench.cc:1001] ReceiveFb done
I20260914 19:04:59.151577 301330 dfly_bench.cc:1001] ReceiveFb done
I20260914 19:04:59.151615 301331 dfly_bench.cc:926] Done queuing 4294967295 requests, which took 300.0s. Waiting for server processing
I20260914 19:04:59.151623 301335 dfly_bench.cc:1001] ReceiveFb done
I20260914 19:04:59.151605 301334 dfly_bench.cc:1001] ReceiveFb done
I20260914 19:04:59.151554 301337 dfly_bench.cc:1001] ReceiveFb done
I20260914 19:04:59.151587 301323 dfly_bench.cc:1001] ReceiveFb done
I20260914 19:04:59.151568 301327 dfly_bench.cc:1001] ReceiveFb done
I20260914 19:04:59.151636 301338 dfly_bench.cc:926] Done queuing 4294967295 requests, which took 300.0s. Waiting for server processing
I20260914 19:04:59.151535 301329 dfly_bench.cc:1001] ReceiveFb done
I20260914 19:04:59.151670 301333 dfly_bench.cc:1001] ReceiveFb done
I20260914 19:04:59.151647 301326 dfly_bench.cc:926] Done queuing 4294967295 requests, which took 300.0s. Waiting for server processing
I20260914 19:04:59.151626 301332 dfly_bench.cc:1001] ReceiveFb done
I20260914 19:04:59.151657 301335 dfly_bench.cc:1001] ReceiveFb done
I20260914 19:04:59.151563 301328 dfly_bench.cc:926] Done queuing 4294967295 requests, which took 300.0s. Waiting for server processing
I20260914 19:04:59.151593 301336 dfly_bench.cc:1001] ReceiveFb done
I20260914 19:04:59.151674 301325 dfly_bench.cc:926] Done queuing 4294967295 requests, which took 300.0s. Waiting for server processing
I20260914 19:04:59.151688 301326 dfly_bench.cc:926] Done queuing 4294967295 requests, which took 300.0s. Waiting for server processing
I20260914 19:04:59.151612 301324 dfly_bench.cc:1001] ReceiveFb done
I20260914 19:04:59.151631 301330 dfly_bench.cc:1001] ReceiveFb done
I20260914 19:04:59.151693 301328 dfly_bench.cc:926] Done queuing 4294967295 requests, which took 300.0s. Waiting for server processing
I20260914 19:04:59.151682 301327 dfly_bench.cc:1001] ReceiveFb done
I20260914 19:04:59.151701 301325 dfly_bench.cc:1001] ReceiveFb done
I20260914 19:04:59.151711 301324 dfly_bench.cc:1001] ReceiveFb done
I20260914 19:04:59.151680 301329 dfly_bench.cc:1001] ReceiveFb done
I20260914 19:04:59.151726 301327 dfly_bench.cc:1001] ReceiveFb done
I20260914 19:04:59.151700 301332 dfly_bench.cc:926] Done queuing 4294967295 requests, which took 300.0s. Waiting for server processing
I20260914 19:04:59.151664 301334 dfly_bench.cc:926] Done queuing 4294967295 requests, which took 300.0s. Waiting for server processing
I20260914 19:04:59.151696 301333 dfly_bench.cc:1001] ReceiveFb done
I20260914 19:04:59.151739 301332 dfly_bench.cc:926] Done queuing 4294967295 requests, which took 300.0s. Waiting for server processing
I20260914 19:04:59.151664 301323 dfly_bench.cc:1001] ReceiveFb done
I20260914 19:04:59.151659 301338 dfly_bench.cc:926] Done queuing 4294967295 requests, which took 300.0s. Waiting for server processing
I20260914 19:04:59.151715 301330 dfly_bench.cc:1001] ReceiveFb done
I20260914 19:04:59.151702 301335 dfly_bench.cc:1001] ReceiveFb done
I20260914 19:04:59.151700 301331 dfly_bench.cc:1001] ReceiveFb done
I20260914 19:04:59.151662 301337 dfly_bench.cc:1001] ReceiveFb done
I20260914 19:04:59.151767 301325 dfly_bench.cc:926] Done queuing 4294967295 requests, which took 300.0s. Waiting for server processing
I20260914 19:04:59.151764 301323 dfly_bench.cc:1001] ReceiveFb done
I20260914 19:04:59.151772 301335 dfly_bench.cc:1001] ReceiveFb done
I20260914 19:04:59.151758 301324 dfly_bench.cc:926] Done queuing 4294967295 requests, which took 300.0s. Waiting for server processing
I20260914 19:04:59.151778 301330 dfly_bench.cc:1001] ReceiveFb done
I20260914 19:04:59.151773 301336 dfly_bench.cc:926] Done queuing 4294967295 requests, which took 300.0s. Waiting for server processing
I20260914 19:04:59.151764 301327 dfly_bench.cc:926] Done queuing 4294967295 requests, which took 300.0s. Waiting for server processing
I20260914 19:04:59.151798 301323 dfly_bench.cc:926] Done queuing 4294967295 requests, which took 300.0s. Waiting for server processing
I20260914 19:04:59.151780 301325 dfly_bench.cc:1001] ReceiveFb done
I20260914 19:04:59.151774 301331 dfly_bench.cc:1001] ReceiveFb done
I20260914 19:04:59.151755 301329 dfly_bench.cc:926] Done queuing 4294967295 requests, which took 300.0s. Waiting for server processing
I20260914 19:04:59.151755 301338 dfly_bench.cc:926] Done queuing 4294967295 requests, which took 300.0s. Waiting for server processing
I20260914 19:04:59.151798 301324 dfly_bench.cc:926] Done queuing 4294967295 requests, which took 300.0s. Waiting for server processing
I20260914 19:04:59.151774 301334 dfly_bench.cc:1001] ReceiveFb done
I20260914 19:04:59.151841 301338 dfly_bench.cc:926] Done queuing 4294967295 requests, which took 300.0s. Waiting for server processing
I20260914 19:04:59.151818 301333 dfly_bench.cc:1001] ReceiveFb done
I20260914 19:04:59.151783 301337 dfly_bench.cc:1001] ReceiveFb done
I20260914 19:04:59.151836 301328 dfly_bench.cc:1001] ReceiveFb done
I20260914 19:04:59.151810 301330 dfly_bench.cc:1001] ReceiveFb done
I20260914 19:04:59.151800 301326 dfly_bench.cc:926] Done queuing 4294967295 requests, which took 300.0s. Waiting for server processing
I20260914 19:04:59.151878 301337 dfly_bench.cc:1001] ReceiveFb done
I20260914 19:04:59.151856 301334 dfly_bench.cc:926] Done queuing 4294967295 requests, which took 300.0s. Waiting for server processing
I20260914 19:04:59.151867 301333 dfly_bench.cc:1001] ReceiveFb done
I20260914 19:04:59.151852 301338 dfly_bench.cc:926] Done queuing 4294967295 requests, which took 300.0s. Waiting for server processing
I20260914 19:04:59.151800 301336 dfly_bench.cc:926] Done queuing 4294967295 requests, which took 300.0s. Waiting for server processing
I20260914 19:04:59.151844 301332 dfly_bench.cc:1001] ReceiveFb done
I20260914 19:04:59.151847 301324 dfly_bench.cc:926] Done queuing 4294967295 requests, which took 300.0s. Waiting for server processing
I20260914 19:04:59.151894 301330 dfly_bench.cc:1001] ReceiveFb done
I20260914 19:04:59.151898 301337 dfly_bench.cc:1001] ReceiveFb done
I20260914 19:04:59.151836 301323 dfly_bench.cc:926] Done queuing 4294967295 requests, which took 300.0s. Waiting for server processing
I20260914 19:04:59.151798 301335 dfly_bench.cc:1001] ReceiveFb done
I20260914 19:04:59.151929 301329 dfly_bench.cc:926] Done queuing 4294967295 requests, which took 300.0s. Waiting for server processing
I20260914 19:04:59.151895 301328 dfly_bench.cc:926] Done queuing 4294967295 requests, which took 300.0s. Waiting for server processing
I20260914 19:04:59.151916 301334 dfly_bench.cc:1001] ReceiveFb done
I20260914 19:04:59.151954 301335 dfly_bench.cc:1001] ReceiveFb done
I20260914 19:04:59.151921 301332 dfly_bench.cc:1001] ReceiveFb done
I20260914 19:04:59.151939 301338 dfly_bench.cc:1001] ReceiveFb done
I20260914 19:04:59.151938 301330 dfly_bench.cc:1001] ReceiveFb done
I20260914 19:04:59.151991 301330 dfly_bench.cc:1001] ReceiveFb done
I20260914 19:04:59.151950 301329 dfly_bench.cc:926] Done queuing 4294967295 requests, which took 300.0s. Waiting for server processing
I20260914 19:04:59.151829 301327 dfly_bench.cc:926] Done queuing 4294967295 requests, which took 300.0s. Waiting for server processing
I20260914 19:04:59.151971 301334 dfly_bench.cc:926] Done queuing 4294967295 requests, which took 300.0s. Waiting for server processing
I20260914 19:04:59.151885 301326 dfly_bench.cc:926] Done queuing 4294967295 requests, which took 300.0s. Waiting for server processing
I20260914 19:04:59.152014 301329 dfly_bench.cc:926] Done queuing 4294967295 requests, which took 300.0s. Waiting for server processing
I20260914 19:04:59.151912 301336 dfly_bench.cc:1001] ReceiveFb done
I20260914 19:04:59.152022 301326 dfly_bench.cc:1001] ReceiveFb done
I20260914 19:04:59.151971 301328 dfly_bench.cc:926] Done queuing 4294967295 requests, which took 300.0s. Waiting for server processing
I20260914 19:04:59.151890 301331 dfly_bench.cc:1001] ReceiveFb done
I20260914 19:04:59.152020 301334 dfly_bench.cc:926] Done queuing 4294967295 requests, which took 300.0s. Waiting for server processing
I20260914 19:04:59.151932 301337 dfly_bench.cc:1001] ReceiveFb done
I20260914 19:04:59.151955 301333 dfly_bench.cc:926] Done queuing 4294967295 requests, which took 300.0s. Waiting for server processing
I20260914 19:04:59.152033 301330 dfly_bench.cc:926] Done queuing 4294967295 requests, which took 300.0s. Waiting for server processing
I20260914 19:04:59.152056 301336 dfly_bench.cc:1001] ReceiveFb done
I20260914 19:04:59.151981 301332 dfly_bench.cc:926] Done queuing 4294967295 requests, which took 300.0s. Waiting for server processing
I20260914 19:04:59.151993 301338 dfly_bench.cc:1001] ReceiveFb done
I20260914 19:04:59.152078 301332 dfly_bench.cc:926] Done queuing 4294967295 requests, which took 300.0s. Waiting for server processing
I20260914 19:04:59.152053 301323 dfly_bench.cc:926] Done queuing 4294967295 requests, which took 300.0s. Waiting for server processing
I20260914 19:04:59.152103 301338 dfly_bench.cc:1001] ReceiveFb done
I20260914 19:04:59.152078 301327 dfly_bench.cc:1001] ReceiveFb done
I20260914 19:04:59.152104 301335 dfly_bench.cc:926] Done queuing 4294967295 requests, which took 300.0s. Waiting for server processing
I20260914 19:04:59.152055 301334 dfly_bench.cc:926] Done queuing 4294967295 requests, which took 300.0s. Waiting for server processing
I20260914 19:04:59.152140 301327 dfly_bench.cc:1001] ReceiveFb done
I20260914 19:04:59.152060 301333 dfly_bench.cc:926] Done queuing 4294967295 requests, which took 300.0s. Waiting for server processing
I20260914 19:04:59.152081 301331 dfly_bench.cc:926] Done queuing 4294967295 requests, which took 300.0s. Waiting for server processing
I20260914 19:04:59.152138 301332 dfly_bench.cc:1001] ReceiveFb done
I20260914 19:04:59.152056 301328 dfly_bench.cc:1001] ReceiveFb done
I20260914 19:04:59.152079 301336 dfly_bench.cc:926] Done queuing 4294967295 requests, which took 300.0s. Waiting for server processing
I20260914 19:04:59.152123 301326 dfly_bench.cc:1001] ReceiveFb done
I20260914 19:04:59.152164 301324 dfly_bench.cc:926] Done queuing 4294967295 requests, which took 300.0s. Waiting for server processing
I20260914 19:04:59.152201 301336 dfly_bench.cc:926] Done queuing 4294967295 requests, which took 300.0s. Waiting for server processing
I20260914 19:04:59.152199 301332 dfly_bench.cc:1001] ReceiveFb done
I20260914 19:04:59.152164 301327 dfly_bench.cc:926] Done queuing 4294967295 requests, which took 300.0s. Waiting for server processing
I20260914 19:04:59.152231 301324 dfly_bench.cc:926] Done queuing 4294967295 requests, which took 300.0s. Waiting for server processing
I20260914 19:04:59.152238 301336 dfly_bench.cc:926] Done queuing 4294967295 requests, which took 300.0s. Waiting for server processing
I20260914 19:04:59.152107 301323 dfly_bench.cc:926] Done queuing 4294967295 requests, which took 300.0s. Waiting for server processing
I20260914 19:04:59.152222 301328 dfly_bench.cc:1001] ReceiveFb done
I20260914 19:04:59.152266 301323 dfly_bench.cc:926] Done queuing 4294967295 requests, which took 300.0s. Waiting for server processing
I20260914 19:04:59.152137 301338 dfly_bench.cc:1001] ReceiveFb done
I20260914 19:04:59.152294 301328 dfly_bench.cc:1001] ReceiveFb done
I20260914 19:04:59.152299 301338 dfly_bench.cc:1001] ReceiveFb done
I20260914 19:04:59.152137 301335 dfly_bench.cc:1001] ReceiveFb done
I20260914 19:04:59.152235 301337 dfly_bench.cc:926] Done queuing 4294967295 requests, which took 300.0s. Waiting for server processing
I20260914 19:04:59.152319 301337 dfly_bench.cc:926] Done queuing 4294967295 requests, which took 300.0s. Waiting for server processing
I20260914 19:04:59.152173 301334 dfly_bench.cc:1001] ReceiveFb done
I20260914 19:04:59.152318 301336 dfly_bench.cc:1001] ReceiveFb done
I20260914 19:04:59.152290 301323 dfly_bench.cc:1001] ReceiveFb done
I20260914 19:04:59.152292 301324 dfly_bench.cc:1001] ReceiveFb done
I20260914 19:04:59.152220 301325 dfly_bench.cc:926] Done queuing 4294967295 requests, which took 300.0s. Waiting for server processing
I20260914 19:04:59.152172 301331 dfly_bench.cc:1001] ReceiveFb done
I20260914 19:04:59.152304 301332 dfly_bench.cc:926] Done queuing 4294967295 requests, which took 300.0s. Waiting for server processing
I20260914 19:04:59.152159 301333 dfly_bench.cc:926] Done queuing 4294967295 requests, which took 300.0s. Waiting for server processing
I20260914 19:04:59.152241 301326 dfly_bench.cc:1001] ReceiveFb done
I20260914 19:04:59.152355 301323 dfly_bench.cc:1001] ReceiveFb done
I20260914 19:04:59.152172 301329 dfly_bench.cc:1001] ReceiveFb done
I20260914 19:04:59.152369 301331 dfly_bench.cc:926] Done queuing 4294967295 requests, which took 300.0s. Waiting for server processing
I20260914 19:04:59.152319 301328 dfly_bench.cc:1001] ReceiveFb done
I20260914 19:04:59.152345 301334 dfly_bench.cc:1001] ReceiveFb done
I20260914 19:04:59.152354 301325 dfly_bench.cc:1001] ReceiveFb done
I20260914 19:04:59.152360 301333 dfly_bench.cc:926] Done queuing 4294967295 requests, which took 300.0s. Waiting for server processing
I20260914 19:04:59.152314 301327 dfly_bench.cc:1001] ReceiveFb done
I20260914 19:04:59.152418 301334 dfly_bench.cc:1001] ReceiveFb done
I20260914 19:04:59.152387 301329 dfly_bench.cc:1001] ReceiveFb done
I20260914 19:04:59.152441 301338 dfly_bench.cc:926] Done queuing 4294967295 requests, which took 300.0s. Waiting for server processing
I20260914 19:04:59.152333 301337 dfly_bench.cc:926] Done queuing 4294967295 requests, which took 300.0s. Waiting for server processing
I20260914 19:04:59.152347 301336 dfly_bench.cc:1001] ReceiveFb done
I20260914 19:04:59.152439 301327 dfly_bench.cc:1001] ReceiveFb done
I20260914 19:04:59.152385 301326 dfly_bench.cc:1001] ReceiveFb done
I20260914 19:04:59.152382 301323 dfly_bench.cc:1001] ReceiveFb done
I20260914 19:04:59.152393 301328 dfly_bench.cc:1001] ReceiveFb done
I20260914 19:04:59.152443 301334 dfly_bench.cc:926] Done queuing 4294967295 requests, which took 300.0s. Waiting for server processing
I20260914 19:04:59.152488 301336 dfly_bench.cc:1001] ReceiveFb done
I20260914 19:04:59.152455 301338 dfly_bench.cc:1001] ReceiveFb done
I20260914 19:04:59.152369 301335 dfly_bench.cc:926] Done queuing 4294967295 requests, which took 300.0s. Waiting for server processing
I20260914 19:04:59.152491 301327 dfly_bench.cc:1001] ReceiveFb done
I20260914 19:04:59.152477 301337 dfly_bench.cc:926] Done queuing 4294967295 requests, which took 300.0s. Waiting for server processing
I20260914 19:04:59.152431 301333 dfly_bench.cc:1001] ReceiveFb done
I20260914 19:04:59.152405 301331 dfly_bench.cc:1001] ReceiveFb done
I20260914 19:04:59.152513 301338 dfly_bench.cc:926] Done queuing 4294967295 requests, which took 300.0s. Waiting for server processing
I20260914 19:04:59.152493 301323 dfly_bench.cc:1001] ReceiveFb done
I20260914 19:04:59.152451 301329 dfly_bench.cc:1001] ReceiveFb done
I20260914 19:04:59.152369 301324 dfly_bench.cc:1001] ReceiveFb done
I20260914 19:04:59.152359 301332 dfly_bench.cc:926] Done queuing 4294967295 requests, which took 300.0s. Waiting for server processing
I20260914 19:04:59.152494 301326 dfly_bench.cc:1001] ReceiveFb done
I20260914 19:04:59.152498 301335 dfly_bench.cc:926] Done queuing 4294967295 requests, which took 300.0s. Waiting for server processing
I20260914 19:04:59.152540 301323 dfly_bench.cc:1001] ReceiveFb done
I20260914 19:04:59.152525 301330 dfly_bench.cc:926] Done queuing 4294967295 requests, which took 300.0s. Waiting for server processing
I20260914 19:04:59.152544 301324 dfly_bench.cc:1001] ReceiveFb done
I20260914 19:04:59.152447 301325 dfly_bench.cc:926] Done queuing 4294967295 requests, which took 300.0s. Waiting for server processing
I20260914 19:04:59.152557 301334 dfly_bench.cc:1001] ReceiveFb done
I20260914 19:04:59.152567 301330 dfly_bench.cc:1001] ReceiveFb done
I20260914 19:04:59.152532 301332 dfly_bench.cc:926] Done queuing 4294967295 requests, which took 300.0s. Waiting for server processing
I20260914 19:04:59.152580 301334 dfly_bench.cc:926] Done queuing 4294967295 requests, which took 300.0s. Waiting for server processing
I20260914 19:04:59.152565 301324 dfly_bench.cc:1001] ReceiveFb done
I20260914 19:04:59.152550 301338 dfly_bench.cc:1001] ReceiveFb done
I20260914 19:04:59.152592 301330 dfly_bench.cc:1001] ReceiveFb done
I20260914 19:04:59.152536 301335 dfly_bench.cc:926] Done queuing 4294967295 requests, which took 300.0s. Waiting for server processing
I20260914 19:04:59.152536 301327 dfly_bench.cc:926] Done queuing 4294967295 requests, which took 300.0s. Waiting for server processing
I20260914 19:04:59.152541 301329 dfly_bench.cc:1001] ReceiveFb done
I20260914 19:04:59.152565 301325 dfly_bench.cc:1001] ReceiveFb done
I20260914 19:04:59.152613 301334 dfly_bench.cc:1001] ReceiveFb done
I20260914 19:04:59.152606 301324 dfly_bench.cc:1001] ReceiveFb done
I20260914 19:04:59.152617 301330 dfly_bench.cc:926] Done queuing 4294967295 requests, which took 300.0s. Waiting for server processing
I20260914 19:04:59.152535 301331 dfly_bench.cc:926] Done queuing 4294967295 requests, which took 300.0s. Waiting for server processing
I20260914 19:04:59.152570 301336 dfly_bench.cc:926] Done queuing 4294967295 requests, which took 300.0s. Waiting for server processing
I20260914 19:04:59.152635 301338 dfly_bench.cc:1126] Total hits: 7020240
I20260914 19:04:59.152662 301336 dfly_bench.cc:1001] ReceiveFb done
I20260914 19:04:59.152626 301328 dfly_bench.cc:926] Done queuing 4294967295 requests, which took 300.0s. Waiting for server processing
I20260914 19:04:59.152526 301333 dfly_bench.cc:1001] ReceiveFb done
I20260914 19:04:59.152616 301335 dfly_bench.cc:1001] ReceiveFb done
I20260914 19:04:59.152688 301333 dfly_bench.cc:1001] ReceiveFb done
I20260914 19:04:59.152567 301326 dfly_bench.cc:926] Done queuing 4294967295 requests, which took 300.0s. Waiting for server processing
I20260914 19:04:59.152643 301330 dfly_bench.cc:926] Done queuing 4294967295 requests, which took 300.0s. Waiting for server processing
I20260914 19:04:59.152659 301334 dfly_bench.cc:926] Done queuing 4294967295 requests, which took 300.0s. Waiting for server processing
I20260914 19:04:59.152674 301328 dfly_bench.cc:926] Done queuing 4294967295 requests, which took 300.0s. Waiting for server processing
I20260914 19:04:59.152509 301337 dfly_bench.cc:1001] ReceiveFb done
I20260914 19:04:59.152593 301332 dfly_bench.cc:1001] ReceiveFb done
I20260914 19:04:59.152670 301331 dfly_bench.cc:1001] ReceiveFb done
I20260914 19:04:59.152654 301325 dfly_bench.cc:1126] Total hits: 7087598
I20260914 19:04:59.152707 301326 dfly_bench.cc:926] Done queuing 4294967295 requests, which took 300.0s. Waiting for server processing
I20260914 19:04:59.152659 301323 dfly_bench.cc:1126] Total hits: 7041665
I20260914 19:04:59.152655 301327 dfly_bench.cc:1001] ReceiveFb done
I20260914 19:04:59.152736 301331 dfly_bench.cc:926] Done queuing 4294967295 requests, which took 300.0s. Waiting for server processing
I20260914 19:04:59.152715 301333 dfly_bench.cc:1001] ReceiveFb done
I20260914 19:04:59.152640 301329 dfly_bench.cc:926] Done queuing 4294967295 requests, which took 300.0s. Waiting for server processing
I20260914 19:04:59.152757 301327 dfly_bench.cc:926] Done queuing 4294967295 requests, which took 300.0s. Waiting for server processing
I20260914 19:04:59.152768 301331 dfly_bench.cc:1001] ReceiveFb done
I20260914 19:04:59.152738 301326 dfly_bench.cc:926] Done queuing 4294967295 requests, which took 300.0s. Waiting for server processing
I20260914 19:04:59.152736 301337 dfly_bench.cc:1001] ReceiveFb done
I20260914 19:04:59.152719 301334 dfly_bench.cc:926] Done queuing 4294967295 requests, which took 300.0s. Waiting for server processing
I20260914 19:04:59.152761 301333 dfly_bench.cc:926] Done queuing 4294967295 requests, which took 300.0s. Waiting for server processing
I20260914 19:04:59.152756 301330 dfly_bench.cc:1001] ReceiveFb done
I20260914 19:04:59.152765 301324 dfly_bench.cc:926] Done queuing 4294967295 requests, which took 300.0s. Waiting for server processing
I20260914 19:04:59.152798 301337 dfly_bench.cc:1001] ReceiveFb done
I20260914 19:04:59.152737 301332 dfly_bench.cc:1001] ReceiveFb done
I20260914 19:04:59.152770 301327 dfly_bench.cc:926] Done queuing 4294967295 requests, which took 300.0s. Waiting for server processing
I20260914 19:04:59.152815 301327 dfly_bench.cc:926] Done queuing 4294967295 requests, which took 300.0s. Waiting for server processing
I20260914 19:04:59.152812 301324 dfly_bench.cc:926] Done queuing 4294967295 requests, which took 300.0s. Waiting for server processing
I20260914 19:04:59.152819 301337 dfly_bench.cc:1001] ReceiveFb done
I20260914 19:04:59.152791 301331 dfly_bench.cc:926] Done queuing 4294967295 requests, which took 300.0s. Waiting for server processing
I20260914 19:04:59.152810 301330 dfly_bench.cc:1001] ReceiveFb done
I20260914 19:04:59.152835 301331 dfly_bench.cc:926] Done queuing 4294967295 requests, which took 300.0s. Waiting for server processing
I20260914 19:04:59.152809 301334 dfly_bench.cc:1001] ReceiveFb done
I20260914 19:04:59.152727 301328 dfly_bench.cc:1001] ReceiveFb done
I20260914 19:04:59.152828 301324 dfly_bench.cc:926] Done queuing 4294967295 requests, which took 300.0s. Waiting for server processing
I20260914 19:04:59.152854 301324 dfly_bench.cc:926] Done queuing 4294967295 requests, which took 300.0s. Waiting for server processing
I20260914 19:04:59.152864 301328 dfly_bench.cc:1001] ReceiveFb done
I20260914 19:04:59.152869 301331 dfly_bench.cc:1001] ReceiveFb done
I20260914 19:04:59.152892 301333 dfly_bench.cc:1001] ReceiveFb done
I20260914 19:04:59.152860 301330 dfly_bench.cc:926] Done queuing 4294967295 requests, which took 300.0s. Waiting for server processing
I20260914 19:04:59.152820 301332 dfly_bench.cc:1001] ReceiveFb done
I20260914 19:04:59.152860 301334 dfly_bench.cc:1001] ReceiveFb done
I20260914 19:04:59.152869 301324 dfly_bench.cc:1001] ReceiveFb done
I20260914 19:04:59.152890 301331 dfly_bench.cc:1001] ReceiveFb done
I20260914 19:04:59.152908 301330 dfly_bench.cc:926] Done queuing 4294967295 requests, which took 300.0s. Waiting for server processing
I20260914 19:04:59.152835 301329 dfly_bench.cc:1001] ReceiveFb done
I20260914 19:04:59.152922 301332 dfly_bench.cc:926] Done queuing 4294967295 requests, which took 300.0s. Waiting for server processing
I20260914 19:04:59.152844 301327 dfly_bench.cc:1001] ReceiveFb done
I20260914 19:04:59.152885 301328 dfly_bench.cc:926] Done queuing 4294967295 requests, which took 300.0s. Waiting for server processing
I20260914 19:04:59.152930 301333 dfly_bench.cc:1126] Total hits: 7112641
I20260914 19:04:59.152917 301337 dfly_bench.cc:926] Done queuing 4294967295 requests, which took 300.0s. Waiting for server processing
I20260914 19:04:59.152918 301330 dfly_bench.cc:926] Done queuing 4294967295 requests, which took 300.0s. Waiting for server processing
I20260914 19:04:59.152922 301324 dfly_bench.cc:1001] ReceiveFb done
I20260914 19:04:59.152928 301326 dfly_bench.cc:1001] ReceiveFb done
I20260914 19:04:59.152947 301327 dfly_bench.cc:1001] ReceiveFb done
I20260914 19:04:59.152958 301337 dfly_bench.cc:1001] ReceiveFb done
I20260914 19:04:59.152968 301324 dfly_bench.cc:1001] ReceiveFb done
I20260914 19:04:59.152942 301329 dfly_bench.cc:1001] ReceiveFb done
I20260914 19:04:59.152976 301328 dfly_bench.cc:1001] ReceiveFb done
I20260914 19:04:59.152959 301334 dfly_bench.cc:1126] Total hits: 7000112
I20260914 19:04:59.152988 301324 dfly_bench.cc:1001] ReceiveFb done
I20260914 19:04:59.152992 301327 dfly_bench.cc:1001] ReceiveFb done
I20260914 19:04:59.152711 301335 dfly_bench.cc:1001] ReceiveFb done
I20260914 19:04:59.152993 301329 dfly_bench.cc:1001] ReceiveFb done
I20260914 19:04:59.152995 301332 dfly_bench.cc:1001] ReceiveFb done
I20260914 19:04:59.152974 301326 dfly_bench.cc:1001] ReceiveFb done
I20260914 19:04:59.152995 301328 dfly_bench.cc:926] Done queuing 4294967295 requests, which took 300.0s. Waiting for server processing
I20260914 19:04:59.152995 301330 dfly_bench.cc:1001] ReceiveFb done
I20260914 19:04:59.153020 301324 dfly_bench.cc:926] Done queuing 4294967295 requests, which took 300.0s. Waiting for server processing
I20260914 19:04:59.153029 301335 dfly_bench.cc:1001] ReceiveFb done
I20260914 19:04:59.153045 301330 dfly_bench.cc:1001] ReceiveFb done
I20260914 19:04:59.153007 301337 dfly_bench.cc:1126] Total hits: 7052179
I20260914 19:04:59.153041 301329 dfly_bench.cc:1001] ReceiveFb done
I20260914 19:04:59.153038 301324 dfly_bench.cc:926] Done queuing 4294967295 requests, which took 300.0s. Waiting for server processing
I20260914 19:04:59.153070 301330 dfly_bench.cc:1001] ReceiveFb done
I20260914 19:04:59.153055 301328 dfly_bench.cc:1001] ReceiveFb done
I20260914 19:04:59.153043 301326 dfly_bench.cc:1001] ReceiveFb done
I20260914 19:04:59.153052 301332 dfly_bench.cc:1126] Total hits: 7032110
I20260914 19:04:59.153088 301327 dfly_bench.cc:1126] Total hits: 7055665
I20260914 19:04:59.153110 301328 dfly_bench.cc:1126] Total hits: 7019407
I20260914 19:04:59.153143 301330 dfly_bench.cc:1126] Total hits: 7053622
I20260914 19:04:59.153153 301324 dfly_bench.cc:1001] ReceiveFb done
I20260914 19:04:59.153163 301329 dfly_bench.cc:1001] ReceiveFb done
I20260914 19:04:59.153172 301324 dfly_bench.cc:1001] ReceiveFb done
I20260914 19:04:59.153182 301329 dfly_bench.cc:926] Done queuing 4294967295 requests, which took 300.0s. Waiting for server processing
I20260914 19:04:59.153192 301329 dfly_bench.cc:926] Done queuing 4294967295 requests, which took 300.0s. Waiting for server processing
I20260914 19:04:59.153201 301326 dfly_bench.cc:926] Done queuing 4294967295 requests, which took 300.0s. Waiting for server processing
I20260914 19:04:59.153220 301326 dfly_bench.cc:1001] ReceiveFb done
I20260914 19:04:59.153226 301324 dfly_bench.cc:926] Done queuing 4294967295 requests, which took 300.0s. Waiting for server processing
I20260914 19:04:59.153220 301329 dfly_bench.cc:1001] ReceiveFb done
I20260914 19:04:59.153236 301324 dfly_bench.cc:1001] ReceiveFb done
I20260914 19:04:59.153244 301326 dfly_bench.cc:926] Done queuing 4294967295 requests, which took 300.0s. Waiting for server processing
I20260914 19:04:59.153252 301329 dfly_bench.cc:1001] ReceiveFb done
I20260914 19:04:59.153282 301324 dfly_bench.cc:1126] Total hits: 7078670
I20260914 19:04:59.153285 301326 dfly_bench.cc:1001] ReceiveFb done
I20260914 19:04:59.153290 301336 dfly_bench.cc:926] Done queuing 4294967295 requests, which took 300.0s. Waiting for server processing
I20260914 19:04:59.153301 301336 dfly_bench.cc:1001] ReceiveFb done
I20260914 19:04:59.153321 301329 dfly_bench.cc:1126] Total hits: 7069679
I20260914 19:04:59.153324 301331 dfly_bench.cc:926] Done queuing 4294967295 requests, which took 300.0s. Waiting for server processing
I20260914 19:04:59.153334 301331 dfly_bench.cc:1001] ReceiveFb done
I20260914 19:04:59.153338 301336 dfly_bench.cc:926] Done queuing 4294967295 requests, which took 300.0s. Waiting for server processing
I20260914 19:04:59.153350 301326 dfly_bench.cc:1126] Total hits: 7134110
I20260914 19:04:59.153345 301335 dfly_bench.cc:926] Done queuing 4294967295 requests, which took 300.0s. Waiting for server processing
I20260914 19:04:59.153347 301336 dfly_bench.cc:1001] ReceiveFb done
I20260914 19:04:59.153376 301335 dfly_bench.cc:1001] ReceiveFb done
I20260914 19:04:59.153373 301331 dfly_bench.cc:1126] Total hits: 7082956
I20260914 19:04:59.153410 301336 dfly_bench.cc:1126] Total hits: 7150703
I20260914 19:04:59.153414 301335 dfly_bench.cc:1126] Total hits: 7039974
300s: 100.0% done, RPS(now/agg): 736899/753245, errs: 0, hitrate: 100.0%, clients: 0
done_min: 100.00%, done_max: 100.04%, p99_lat(us): 5335, max_pending: 0
I20260914 19:04:59.281037 301325 dfly_bench.cc:1466] 300s: 100.0% done, RPS(now/agg): 736899/753245, errs: 0, hitrate: 100.0%, clients: 0
done_min: 100.00%, done_max: 100.04%, p99_lat(us): 5335, max_pending: 0
I20260914 19:04:59.281220 301322 dfly_bench.cc:1711] Resetting all threads

Total time: 5m0.007775949s. Overall number of requests: 226073228, QPS: 753226, P99 lat: 5428.38us
I20260914 19:04:59.283756 301322 dfly_bench.cc:1721] 
Total time: 5m0.007775949s. Overall number of requests: 226073228, QPS: 753226, P99 lat: 5428.38us
Latency summary, all times are in usec:
Count: 226073228 Average: 847.0583
Min: 140.0000  Median: 620.0405  Max: 225656.0000
------------------------------------------------------
[     140,     160 ) 953   0.000%   0.000% 
[     160,     180 ) 22370   0.010%   0.010% 
[     180,     200 ) 123123   0.054%   0.065% 
[     200,     250 ) 1592565   0.704%   0.769% 
[     250,     300 ) 4721510   2.088%   2.858% 
[     300,     350 ) 8655353   3.829%   6.686% #
[     350,     400 ) 13206929   5.842%  12.528% #
[     400,     450 ) 16806448   7.434%  19.962% #
[     450,     500 ) 19359845   8.564%  28.526% ##
[     500,     600 ) 41292844  18.265%  46.791% ####
[     600,     700 ) 36200041  16.013%  62.804% ###
[     700,     800 ) 26609292  11.770%  74.574% ##
[     800,     900 ) 16820658   7.440%  82.014% #
[     900,    1000 ) 9611871   4.252%  86.266% #
[    1000,    1200 ) 8568937   3.790%  90.056% #
[    1200,    1400 ) 3630453   1.606%  91.662% 
[    1400,    1600 ) 2390971   1.058%  92.720% 
[    1600,    1800 ) 1828129   0.809%  93.528% 
[    1800,    2000 ) 1434261   0.634%  94.163% 
[    2000,    2500 ) 2736039   1.210%  95.373% 
[    2500,    3000 ) 2183851   0.966%  96.339% 
[    3000,    3500 ) 1824879   0.807%  97.146% 
[    3500,    4000 ) 1522370   0.673%  97.819% 
[    4000,    4500 ) 1220609   0.540%  98.359% 
[    4500,    5000 ) 937901   0.415%  98.774% 
[    5000,    6000 ) 1191227   0.527%  99.301% 
[    6000,    7000 ) 655557   0.290%  99.591% 
[    7000,    8000 ) 386437   0.171%  99.762% 
[    8000,    9000 ) 227078   0.100%  99.863% 
[    9000,   10000 ) 125120   0.055%  99.918% 
[   10000,   12000 ) 101131   0.045%  99.963% 
[   12000,   14000 ) 39850   0.018%  99.980% 
[   14000,   16000 ) 13521   0.006%  99.986% 
[   16000,   18000 ) 5647   0.002%  99.989% 
[   18000,   20000 ) 3424   0.002%  99.990% 
[   20000,   25000 ) 7406   0.003%  99.994% 
[   25000,   30000 ) 4176   0.002%  99.995% 
[   30000,   35000 ) 1528   0.001%  99.996% 
[   35000,   40000 ) 851   0.000%  99.996% 
[   40000,   45000 ) 574   0.000%  99.997% 
[   45000,   50000 ) 576   0.000%  99.997% 
[   50000,   60000 ) 893   0.000%  99.997% 
[   60000,   70000 ) 1097   0.000%  99.998% 
[   70000,   80000 ) 1292   0.001%  99.998% 
[   80000,   90000 ) 965   0.000%  99.999% 
[   90000,  100000 ) 561   0.000%  99.999% 
[  100000,  120000 ) 1170   0.001% 100.000% 
[  120000,  140000 ) 578   0.000% 100.000% 
[  140000,  160000 ) 195   0.000% 100.000% 
[  160000,  180000 ) 58   0.000% 100.000% 
[  180000,  200000 ) 39   0.000% 100.000% 
[  200000,  250000 ) 75   0.000% 100.000% 
----------------------------------
Hit rate: 100%
I20260914 19:04:59.283778 301322 dfly_bench.cc:1730] Latency summary, all times are in usec:
Count: 226073228 Average: 847.0583
Min: 140.0000  Median: 620.0405  Max: 225656.0000
------------------------------------------------------
[     140,     160 ) 953   0.000%   0.000% 
[     160,     180 ) 22370   0.010%   0.010% 
[     180,     200 ) 123123   0.054%   0.065% 
[     200,     250 ) 1592565   0.704%   0.769% 
[     250,     300 ) 4721510   2.088%   2.858% 
[     300,     350 ) 8655353   3.829%   6.686% #
[     350,     400 ) 13206929   5.842%  12.528% #
[     400,     450 ) 16806448   7.434%  19.962% #
[     450,     500 ) 19359845   8.564%  28.526% ##
[     500,     600 ) 41292844  18.265%  46.791% ####
[     600,     700 ) 36200041  16.013%  62.804% ###
[     700,     800 ) 26609292  11.770%  74.574% ##
[     800,     900 ) 16820658   7.440%  82.014% #
[     900,    1000 ) 9611871   4.252%  86.266% #
[    1000,    1200 ) 8568937   3.790%  90.056% #
[    1200,    1400 ) 3630453   1.606%  91.662% 
[    1400,    1600 ) 2390971   1.058%  92.720% 
[    1600,    1800 ) 1828129   0.809%  93.528% 
[    1800,    2000 ) 1434261   0.634%  94.163% 
[    2000,    2500 ) 2736039   1.210%  95.373% 
[    2500,    3000 ) 2183851   0.966%  96.339% 
[    3000,    3500 ) 1824879   0.807%  97.146% 
[    3500,    4000 ) 1522370   0.673%  97.819% 
[    4000,    4500 ) 1220609   0.540%  98.359% 
[    4500,    5000 ) 937901   0.415%  98.774% 
[    5000,    6000 ) 1191227   0.527%  99.301% 
[    6000,    7000 ) 655557   0.290%  99.591% 
[    7000,    8000 ) 386437   0.171%  99.762% 
[    8000,    9000 ) 227078   0.100%  99.863% 
[    9000,   10000 ) 125120   0.055%  99.918% 
[   10000,   12000 ) 101131   0.045%  99.963% 
[   12000,   14000 ) 39850   0.018%  99.980% 
[   14000,   16000 ) 13521   0.006%  99.986% 
[   16000,   18000 ) 5647   0.002%  99.989% 
[   18000,   20000 ) 3424   0.002%  99.990% 
[   20000,   25000 ) 7406   0.003%  99.994% 
[   25000,   30000 ) 4176   0.002%  99.995% 
[   30000,   35000 ) 1528   0.001%  99.996% 
[   35000,   40000 ) 851   0.000%  99.996% 
[   40000,   45000 ) 574   0.000%  99.997% 
[   45000,   50000 ) 576   0.000%  99.997% 
[   50000,   60000 ) 893   0.000%  99.997% 
[   60000,   70000 ) 1097   0.000%  99.998% 
[   70000,   80000 ) 1292   0.001%  99.998% 
[   80000,   90000 ) 965   0.000%  99.999% 
[   90000,  100000 ) 561   0.000%  99.999% 
[  100000,  120000 ) 1170   0.001% 100.000% 
[  120000,  140000 ) 578   0.000% 100.000% 
[  140000,  160000 ) 195   0.000% 100.000% 
[  160000,  180000 ) 58   0.000% 100.000% 
[  180000,  200000 ) 39   0.000% 100.000% 
[  200000,  250000 ) 75   0.000% 100.000% 
I20260914 19:04:59.283834 301322 dfly_bench.cc:1732] ----------------------------------
Hit rate: 100%
