I20260914 18:47:41.663941 300461 init.cc:144] /mnt/dev/dfly-get-issue20-20260909/dfly_bench-x86_64 running in opt mode.
I20260914 18:47:41.664507 300462 uring_proactor.cc:263] IORing with 256 entries, allocated 24640 bytes, cq_entries is 512
I20260914 18:47:41.665733 300461 proactor_pool.cc:149] Running 16 io threads
I20260914 18:47:41.667059 300463 dfly_bench.cc:1512] Cluster spec: 43b0581d608485fbfe6bf7848b2b3868e5cd7ca7 172.16.0.4:6379@0 myself,master - 0 0 1 connected 0-16383
Connecting to 1 shard cluster
I20260914 18:47:41.667127 300461 dfly_bench.cc:1624] Connecting to 1 shard cluster
I20260914 18:47:41.667148 300462 dfly_bench.cc:1640] Seeding bitgen with seed 13432527470776545160
I20260914 18:47:41.667178 300468 dfly_bench.cc:1640] Seeding bitgen with seed 7231079191324649432
I20260914 18:47:41.667167 300463 dfly_bench.cc:1640] Seeding bitgen with seed 8733434119171155985
I20260914 18:47:41.667173 300466 dfly_bench.cc:1640] Seeding bitgen with seed 15636268172900526363
I20260914 18:47:41.667189 300471 dfly_bench.cc:1640] Seeding bitgen with seed 15162891320404731655
I20260914 18:47:41.667188 300470 dfly_bench.cc:1640] Seeding bitgen with seed 78293808164705068
I20260914 18:47:41.667217 300477 dfly_bench.cc:1640] Seeding bitgen with seed 12289262070082916975
I20260914 18:47:41.667208 300475 dfly_bench.cc:1640] Seeding bitgen with seed 6829785560483708414
I20260914 18:47:41.667171 300465 dfly_bench.cc:1640] Seeding bitgen with seed 4759255212825010868
I20260914 18:47:41.667197 300473 dfly_bench.cc:1640] Seeding bitgen with seed 14348599605772177993
I20260914 18:47:41.667222 300476 dfly_bench.cc:1640] Seeding bitgen with seed 871241272225402489
I20260914 18:47:41.667202 300474 dfly_bench.cc:1640] Seeding bitgen with seed 4993009181173729551
I20260914 18:47:41.667193 300472 dfly_bench.cc:1640] Seeding bitgen with seed 1176580547938337898
I20260914 18:47:41.667171 300464 dfly_bench.cc:1640] Seeding bitgen with seed 6897769004332912220
I20260914 18:47:41.667176 300467 dfly_bench.cc:1640] Seeding bitgen with seed 11261731821269600661
I20260914 18:47:41.667181 300469 dfly_bench.cc:1640] Seeding bitgen with seed 11951284758660952627
Coordinated omission mode - the rate is determined by the server
I20260914 18:47:41.720470 300461 dfly_bench.cc:1686] Coordinated omission mode - the rate is determined by the server
I20260914 18:47:41.724160 300464 dfly_bench.cc:1418] Started watching
5s: 1.7% done, RPS(now/agg): 704446/704446, errs: 0, hitrate: 100.0%, clients: 640
done_min: 1.67%, done_max: 1.67%, p99_lat(us): 6685, max_pending: 1
I20260914 18:47:46.724664 300464 dfly_bench.cc:1466] 5s: 1.7% done, RPS(now/agg): 704446/704446, errs: 0, hitrate: 100.0%, clients: 640
done_min: 1.67%, done_max: 1.67%, p99_lat(us): 6685, max_pending: 1
10s: 3.3% done, RPS(now/agg): 695745/700095, errs: 0, hitrate: 100.0%, clients: 640
done_min: 3.33%, done_max: 3.33%, p99_lat(us): 6946, max_pending: 1
I20260914 18:47:51.725404 300464 dfly_bench.cc:1466] 10s: 3.3% done, RPS(now/agg): 695745/700095, errs: 0, hitrate: 100.0%, clients: 640
done_min: 3.33%, done_max: 3.33%, p99_lat(us): 6946, max_pending: 1
15s: 5.0% done, RPS(now/agg): 697005/699019, errs: 0, hitrate: 100.0%, clients: 640
done_min: 5.00%, done_max: 5.00%, p99_lat(us): 6908, max_pending: 1
I20260914 18:47:56.726145 300464 dfly_bench.cc:1466] 15s: 5.0% done, RPS(now/agg): 697005/699019, errs: 0, hitrate: 100.0%, clients: 640
done_min: 5.00%, done_max: 5.00%, p99_lat(us): 6908, max_pending: 1
20s: 6.7% done, RPS(now/agg): 707666/701145, errs: 0, hitrate: 100.0%, clients: 640
done_min: 6.67%, done_max: 6.67%, p99_lat(us): 6700, max_pending: 1
I20260914 18:48:01.727090 300464 dfly_bench.cc:1466] 20s: 6.7% done, RPS(now/agg): 707666/701145, errs: 0, hitrate: 100.0%, clients: 640
done_min: 6.67%, done_max: 6.67%, p99_lat(us): 6700, max_pending: 1
25s: 8.3% done, RPS(now/agg): 704111/701739, errs: 0, hitrate: 100.0%, clients: 640
done_min: 8.33%, done_max: 8.33%, p99_lat(us): 6703, max_pending: 1
I20260914 18:48:06.728132 300464 dfly_bench.cc:1466] 25s: 8.3% done, RPS(now/agg): 704111/701739, errs: 0, hitrate: 100.0%, clients: 640
done_min: 8.33%, done_max: 8.33%, p99_lat(us): 6703, max_pending: 1
30s: 10.0% done, RPS(now/agg): 705402/702349, errs: 0, hitrate: 100.0%, clients: 640
done_min: 10.00%, done_max: 10.00%, p99_lat(us): 6723, max_pending: 1
I20260914 18:48:11.729175 300464 dfly_bench.cc:1466] 30s: 10.0% done, RPS(now/agg): 705402/702349, errs: 0, hitrate: 100.0%, clients: 640
done_min: 10.00%, done_max: 10.00%, p99_lat(us): 6723, max_pending: 1
35s: 11.7% done, RPS(now/agg): 696511/701515, errs: 0, hitrate: 100.0%, clients: 640
done_min: 11.67%, done_max: 11.67%, p99_lat(us): 6748, max_pending: 1
I20260914 18:48:16.730581 300464 dfly_bench.cc:1466] 35s: 11.7% done, RPS(now/agg): 696511/701515, errs: 0, hitrate: 100.0%, clients: 640
done_min: 11.67%, done_max: 11.67%, p99_lat(us): 6748, max_pending: 1
40s: 13.3% done, RPS(now/agg): 706696/702145, errs: 0, hitrate: 100.0%, clients: 640
done_min: 13.34%, done_max: 13.34%, p99_lat(us): 6701, max_pending: 1
I20260914 18:48:21.731961 300464 dfly_bench.cc:1466] 40s: 13.3% done, RPS(now/agg): 706696/702145, errs: 0, hitrate: 100.0%, clients: 640
done_min: 13.34%, done_max: 13.34%, p99_lat(us): 6701, max_pending: 1
45s: 15.0% done, RPS(now/agg): 697463/701625, errs: 0, hitrate: 100.0%, clients: 640
done_min: 15.00%, done_max: 15.00%, p99_lat(us): 6833, max_pending: 1
I20260914 18:48:26.733448 300464 dfly_bench.cc:1466] 45s: 15.0% done, RPS(now/agg): 697463/701625, errs: 0, hitrate: 100.0%, clients: 640
done_min: 15.00%, done_max: 15.00%, p99_lat(us): 6833, max_pending: 1
50s: 16.7% done, RPS(now/agg): 708153/702278, errs: 0, hitrate: 100.0%, clients: 640
done_min: 16.67%, done_max: 16.67%, p99_lat(us): 6623, max_pending: 1
I20260914 18:48:31.734678 300464 dfly_bench.cc:1466] 50s: 16.7% done, RPS(now/agg): 708153/702278, errs: 0, hitrate: 100.0%, clients: 640
done_min: 16.67%, done_max: 16.67%, p99_lat(us): 6623, max_pending: 1
55s: 18.3% done, RPS(now/agg): 698846/701953, errs: 0, hitrate: 100.0%, clients: 640
done_min: 18.34%, done_max: 18.34%, p99_lat(us): 6796, max_pending: 1
I20260914 18:48:36.736433 300464 dfly_bench.cc:1466] 55s: 18.3% done, RPS(now/agg): 698846/701953, errs: 0, hitrate: 100.0%, clients: 640
done_min: 18.34%, done_max: 18.34%, p99_lat(us): 6796, max_pending: 1
60s: 20.0% done, RPS(now/agg): 704290/702148, errs: 0, hitrate: 100.0%, clients: 640
done_min: 20.00%, done_max: 20.00%, p99_lat(us): 6697, max_pending: 1
I20260914 18:48:41.737886 300464 dfly_bench.cc:1466] 60s: 20.0% done, RPS(now/agg): 704290/702148, errs: 0, hitrate: 100.0%, clients: 640
done_min: 20.00%, done_max: 20.00%, p99_lat(us): 6697, max_pending: 1
65s: 21.7% done, RPS(now/agg): 700788/702032, errs: 0, hitrate: 100.0%, clients: 640
done_min: 21.67%, done_max: 21.67%, p99_lat(us): 6781, max_pending: 1
I20260914 18:48:46.739365 300464 dfly_bench.cc:1466] 65s: 21.7% done, RPS(now/agg): 700788/702032, errs: 0, hitrate: 100.0%, clients: 640
done_min: 21.67%, done_max: 21.67%, p99_lat(us): 6781, max_pending: 1
70s: 23.3% done, RPS(now/agg): 704072/702178, errs: 0, hitrate: 100.0%, clients: 640
done_min: 23.34%, done_max: 23.34%, p99_lat(us): 6660, max_pending: 1
I20260914 18:48:51.740804 300464 dfly_bench.cc:1466] 70s: 23.3% done, RPS(now/agg): 704072/702178, errs: 0, hitrate: 100.0%, clients: 640
done_min: 23.34%, done_max: 23.34%, p99_lat(us): 6660, max_pending: 1
75s: 25.0% done, RPS(now/agg): 701176/702102, errs: 0, hitrate: 100.0%, clients: 640
done_min: 25.01%, done_max: 25.01%, p99_lat(us): 6723, max_pending: 1
I20260914 18:48:56.742159 300464 dfly_bench.cc:1466] 75s: 25.0% done, RPS(now/agg): 701176/702102, errs: 0, hitrate: 100.0%, clients: 640
done_min: 25.01%, done_max: 25.01%, p99_lat(us): 6723, max_pending: 1
80s: 26.7% done, RPS(now/agg): 703213/702171, errs: 0, hitrate: 100.0%, clients: 640
done_min: 26.67%, done_max: 26.67%, p99_lat(us): 6782, max_pending: 1
I20260914 18:49:01.743973 300464 dfly_bench.cc:1466] 80s: 26.7% done, RPS(now/agg): 703213/702171, errs: 0, hitrate: 100.0%, clients: 640
done_min: 26.67%, done_max: 26.67%, p99_lat(us): 6782, max_pending: 1
85s: 28.3% done, RPS(now/agg): 697472/701887, errs: 0, hitrate: 100.0%, clients: 640
done_min: 28.34%, done_max: 28.34%, p99_lat(us): 6780, max_pending: 1
I20260914 18:49:06.745826 300464 dfly_bench.cc:1466] 85s: 28.3% done, RPS(now/agg): 697472/701887, errs: 0, hitrate: 100.0%, clients: 640
done_min: 28.34%, done_max: 28.34%, p99_lat(us): 6780, max_pending: 1
90s: 30.0% done, RPS(now/agg): 702662/701922, errs: 0, hitrate: 100.0%, clients: 640
done_min: 30.01%, done_max: 30.01%, p99_lat(us): 6783, max_pending: 1
I20260914 18:49:11.747483 300464 dfly_bench.cc:1466] 90s: 30.0% done, RPS(now/agg): 702662/701922, errs: 0, hitrate: 100.0%, clients: 640
done_min: 30.01%, done_max: 30.01%, p99_lat(us): 6783, max_pending: 1
95s: 31.7% done, RPS(now/agg): 706230/702149, errs: 0, hitrate: 100.0%, clients: 640
done_min: 31.67%, done_max: 31.67%, p99_lat(us): 6615, max_pending: 1
I20260914 18:49:16.749264 300464 dfly_bench.cc:1466] 95s: 31.7% done, RPS(now/agg): 706230/702149, errs: 0, hitrate: 100.0%, clients: 640
done_min: 31.67%, done_max: 31.67%, p99_lat(us): 6615, max_pending: 1
100s: 33.3% done, RPS(now/agg): 706236/702346, errs: 0, hitrate: 100.0%, clients: 640
done_min: 33.34%, done_max: 33.34%, p99_lat(us): 6770, max_pending: 1
I20260914 18:49:21.750937 300464 dfly_bench.cc:1466] 100s: 33.3% done, RPS(now/agg): 706236/702346, errs: 0, hitrate: 100.0%, clients: 640
done_min: 33.34%, done_max: 33.34%, p99_lat(us): 6770, max_pending: 1
105s: 35.0% done, RPS(now/agg): 707560/702594, errs: 0, hitrate: 100.0%, clients: 640
done_min: 35.01%, done_max: 35.01%, p99_lat(us): 6660, max_pending: 1
I20260914 18:49:26.752319 300464 dfly_bench.cc:1466] 105s: 35.0% done, RPS(now/agg): 707560/702594, errs: 0, hitrate: 100.0%, clients: 640
done_min: 35.01%, done_max: 35.01%, p99_lat(us): 6660, max_pending: 1
110s: 36.7% done, RPS(now/agg): 695486/702265, errs: 0, hitrate: 100.0%, clients: 640
done_min: 36.68%, done_max: 36.68%, p99_lat(us): 6891, max_pending: 1
I20260914 18:49:31.754263 300464 dfly_bench.cc:1466] 110s: 36.7% done, RPS(now/agg): 695486/702265, errs: 0, hitrate: 100.0%, clients: 640
done_min: 36.68%, done_max: 36.68%, p99_lat(us): 6891, max_pending: 1
115s: 38.3% done, RPS(now/agg): 704165/702341, errs: 0, hitrate: 100.0%, clients: 640
done_min: 38.34%, done_max: 38.34%, p99_lat(us): 6713, max_pending: 1
I20260914 18:49:36.756361 300464 dfly_bench.cc:1466] 115s: 38.3% done, RPS(now/agg): 704165/702341, errs: 0, hitrate: 100.0%, clients: 640
done_min: 38.34%, done_max: 38.34%, p99_lat(us): 6713, max_pending: 1
120s: 40.0% done, RPS(now/agg): 703213/702372, errs: 0, hitrate: 100.0%, clients: 640
done_min: 40.01%, done_max: 40.01%, p99_lat(us): 6742, max_pending: 1
I20260914 18:49:41.758131 300464 dfly_bench.cc:1466] 120s: 40.0% done, RPS(now/agg): 703213/702372, errs: 0, hitrate: 100.0%, clients: 640
done_min: 40.01%, done_max: 40.01%, p99_lat(us): 6742, max_pending: 1
125s: 41.7% done, RPS(now/agg): 705330/702485, errs: 0, hitrate: 100.0%, clients: 640
done_min: 41.68%, done_max: 41.68%, p99_lat(us): 6710, max_pending: 1
I20260914 18:49:46.759997 300464 dfly_bench.cc:1466] 125s: 41.7% done, RPS(now/agg): 705330/702485, errs: 0, hitrate: 100.0%, clients: 640
done_min: 41.68%, done_max: 41.68%, p99_lat(us): 6710, max_pending: 1
130s: 43.3% done, RPS(now/agg): 700222/702398, errs: 0, hitrate: 100.0%, clients: 640
done_min: 43.35%, done_max: 43.35%, p99_lat(us): 6744, max_pending: 1
I20260914 18:49:51.762243 300464 dfly_bench.cc:1466] 130s: 43.3% done, RPS(now/agg): 700222/702398, errs: 0, hitrate: 100.0%, clients: 640
done_min: 43.35%, done_max: 43.35%, p99_lat(us): 6744, max_pending: 1
135s: 45.0% done, RPS(now/agg): 701968/702382, errs: 0, hitrate: 100.0%, clients: 640
done_min: 45.01%, done_max: 45.01%, p99_lat(us): 6803, max_pending: 1
I20260914 18:49:56.764416 300464 dfly_bench.cc:1466] 135s: 45.0% done, RPS(now/agg): 701968/702382, errs: 0, hitrate: 100.0%, clients: 640
done_min: 45.01%, done_max: 45.01%, p99_lat(us): 6803, max_pending: 1
140s: 46.7% done, RPS(now/agg): 700418/702311, errs: 0, hitrate: 100.0%, clients: 640
done_min: 46.68%, done_max: 46.68%, p99_lat(us): 6777, max_pending: 1
I20260914 18:50:01.766783 300464 dfly_bench.cc:1466] 140s: 46.7% done, RPS(now/agg): 700418/702311, errs: 0, hitrate: 100.0%, clients: 640
done_min: 46.68%, done_max: 46.68%, p99_lat(us): 6777, max_pending: 1
145s: 48.3% done, RPS(now/agg): 704680/702388, errs: 0, hitrate: 100.0%, clients: 640
done_min: 48.35%, done_max: 48.35%, p99_lat(us): 6752, max_pending: 1
I20260914 18:50:06.769032 300464 dfly_bench.cc:1466] 145s: 48.3% done, RPS(now/agg): 704680/702388, errs: 0, hitrate: 100.0%, clients: 640
done_min: 48.35%, done_max: 48.35%, p99_lat(us): 6752, max_pending: 1
150s: 50.0% done, RPS(now/agg): 697150/702209, errs: 0, hitrate: 100.0%, clients: 640
done_min: 50.02%, done_max: 50.02%, p99_lat(us): 6838, max_pending: 1
I20260914 18:50:11.771055 300464 dfly_bench.cc:1466] 150s: 50.0% done, RPS(now/agg): 697150/702209, errs: 0, hitrate: 100.0%, clients: 640
done_min: 50.02%, done_max: 50.02%, p99_lat(us): 6838, max_pending: 1
155s: 51.7% done, RPS(now/agg): 701744/702194, errs: 0, hitrate: 100.0%, clients: 640
done_min: 51.68%, done_max: 51.68%, p99_lat(us): 6787, max_pending: 1
I20260914 18:50:16.773725 300464 dfly_bench.cc:1466] 155s: 51.7% done, RPS(now/agg): 701744/702194, errs: 0, hitrate: 100.0%, clients: 640
done_min: 51.68%, done_max: 51.68%, p99_lat(us): 6787, max_pending: 1
160s: 53.4% done, RPS(now/agg): 700216/702128, errs: 0, hitrate: 100.0%, clients: 640
done_min: 53.35%, done_max: 53.35%, p99_lat(us): 6806, max_pending: 1
I20260914 18:50:21.776212 300464 dfly_bench.cc:1466] 160s: 53.4% done, RPS(now/agg): 700216/702128, errs: 0, hitrate: 100.0%, clients: 640
done_min: 53.35%, done_max: 53.35%, p99_lat(us): 6806, max_pending: 1
165s: 55.0% done, RPS(now/agg): 706249/702253, errs: 0, hitrate: 100.0%, clients: 640
done_min: 55.02%, done_max: 55.02%, p99_lat(us): 6671, max_pending: 1
I20260914 18:50:26.778700 300464 dfly_bench.cc:1466] 165s: 55.0% done, RPS(now/agg): 706249/702253, errs: 0, hitrate: 100.0%, clients: 640
done_min: 55.02%, done_max: 55.02%, p99_lat(us): 6671, max_pending: 1
170s: 56.7% done, RPS(now/agg): 704785/702323, errs: 0, hitrate: 100.0%, clients: 640
done_min: 56.69%, done_max: 56.69%, p99_lat(us): 6731, max_pending: 1
I20260914 18:50:31.781677 300464 dfly_bench.cc:1466] 170s: 56.7% done, RPS(now/agg): 704785/702323, errs: 0, hitrate: 100.0%, clients: 640
done_min: 56.69%, done_max: 56.69%, p99_lat(us): 6731, max_pending: 1
175s: 58.4% done, RPS(now/agg): 702067/702312, errs: 0, hitrate: 100.0%, clients: 640
done_min: 58.35%, done_max: 58.35%, p99_lat(us): 6842, max_pending: 1
I20260914 18:50:36.784658 300464 dfly_bench.cc:1466] 175s: 58.4% done, RPS(now/agg): 702067/702312, errs: 0, hitrate: 100.0%, clients: 640
done_min: 58.35%, done_max: 58.35%, p99_lat(us): 6842, max_pending: 1
180s: 60.0% done, RPS(now/agg): 704311/702367, errs: 0, hitrate: 100.0%, clients: 640
done_min: 60.02%, done_max: 60.02%, p99_lat(us): 6695, max_pending: 1
I20260914 18:50:41.787063 300464 dfly_bench.cc:1466] 180s: 60.0% done, RPS(now/agg): 704311/702367, errs: 0, hitrate: 100.0%, clients: 640
done_min: 60.02%, done_max: 60.02%, p99_lat(us): 6695, max_pending: 1
185s: 61.7% done, RPS(now/agg): 706233/702468, errs: 0, hitrate: 100.0%, clients: 640
done_min: 61.69%, done_max: 61.69%, p99_lat(us): 6694, max_pending: 1
I20260914 18:50:46.789793 300464 dfly_bench.cc:1466] 185s: 61.7% done, RPS(now/agg): 706233/702468, errs: 0, hitrate: 100.0%, clients: 640
done_min: 61.69%, done_max: 61.69%, p99_lat(us): 6694, max_pending: 1
190s: 63.4% done, RPS(now/agg): 706061/702559, errs: 0, hitrate: 100.0%, clients: 640
done_min: 63.36%, done_max: 63.36%, p99_lat(us): 6758, max_pending: 1
I20260914 18:50:51.792176 300464 dfly_bench.cc:1466] 190s: 63.4% done, RPS(now/agg): 706061/702559, errs: 0, hitrate: 100.0%, clients: 640
done_min: 63.36%, done_max: 63.36%, p99_lat(us): 6758, max_pending: 1
195s: 65.0% done, RPS(now/agg): 712783/702821, errs: 0, hitrate: 100.0%, clients: 640
done_min: 65.02%, done_max: 65.02%, p99_lat(us): 6639, max_pending: 1
I20260914 18:50:56.794968 300464 dfly_bench.cc:1466] 195s: 65.0% done, RPS(now/agg): 712783/702821, errs: 0, hitrate: 100.0%, clients: 640
done_min: 65.02%, done_max: 65.02%, p99_lat(us): 6639, max_pending: 1
200s: 66.7% done, RPS(now/agg): 703004/702826, errs: 0, hitrate: 100.0%, clients: 640
done_min: 66.69%, done_max: 66.69%, p99_lat(us): 6718, max_pending: 1
I20260914 18:51:01.797629 300464 dfly_bench.cc:1466] 200s: 66.7% done, RPS(now/agg): 703004/702826, errs: 0, hitrate: 100.0%, clients: 640
done_min: 66.69%, done_max: 66.69%, p99_lat(us): 6718, max_pending: 1
205s: 68.4% done, RPS(now/agg): 703773/702845, errs: 0, hitrate: 100.0%, clients: 640
done_min: 68.36%, done_max: 68.36%, p99_lat(us): 6681, max_pending: 1
I20260914 18:51:06.800624 300464 dfly_bench.cc:1466] 205s: 68.4% done, RPS(now/agg): 703773/702845, errs: 0, hitrate: 100.0%, clients: 640
done_min: 68.36%, done_max: 68.36%, p99_lat(us): 6681, max_pending: 1
210s: 70.0% done, RPS(now/agg): 699301/702758, errs: 0, hitrate: 100.0%, clients: 640
done_min: 70.03%, done_max: 70.03%, p99_lat(us): 6827, max_pending: 1
I20260914 18:51:11.803519 300464 dfly_bench.cc:1466] 210s: 70.0% done, RPS(now/agg): 699301/702758, errs: 0, hitrate: 100.0%, clients: 640
done_min: 70.03%, done_max: 70.03%, p99_lat(us): 6827, max_pending: 1
215s: 71.7% done, RPS(now/agg): 703563/702773, errs: 0, hitrate: 100.0%, clients: 640
done_min: 71.69%, done_max: 71.69%, p99_lat(us): 6738, max_pending: 1
I20260914 18:51:16.806746 300464 dfly_bench.cc:1466] 215s: 71.7% done, RPS(now/agg): 703563/702773, errs: 0, hitrate: 100.0%, clients: 640
done_min: 71.69%, done_max: 71.69%, p99_lat(us): 6738, max_pending: 1
220s: 73.4% done, RPS(now/agg): 700228/702715, errs: 0, hitrate: 100.0%, clients: 640
done_min: 73.36%, done_max: 73.36%, p99_lat(us): 6727, max_pending: 1
I20260914 18:51:21.810470 300464 dfly_bench.cc:1466] 220s: 73.4% done, RPS(now/agg): 700228/702715, errs: 0, hitrate: 100.0%, clients: 640
done_min: 73.36%, done_max: 73.36%, p99_lat(us): 6727, max_pending: 1
225s: 75.0% done, RPS(now/agg): 702395/702705, errs: 0, hitrate: 100.0%, clients: 640
done_min: 75.03%, done_max: 75.03%, p99_lat(us): 6688, max_pending: 1
I20260914 18:51:26.813190 300464 dfly_bench.cc:1466] 225s: 75.0% done, RPS(now/agg): 702395/702705, errs: 0, hitrate: 100.0%, clients: 640
done_min: 75.03%, done_max: 75.03%, p99_lat(us): 6688, max_pending: 1
230s: 76.7% done, RPS(now/agg): 692089/702471, errs: 0, hitrate: 100.0%, clients: 640
done_min: 76.70%, done_max: 76.70%, p99_lat(us): 6901, max_pending: 1
I20260914 18:51:31.816349 300464 dfly_bench.cc:1466] 230s: 76.7% done, RPS(now/agg): 692089/702471, errs: 0, hitrate: 100.0%, clients: 640
done_min: 76.70%, done_max: 76.70%, p99_lat(us): 6901, max_pending: 1
235s: 78.4% done, RPS(now/agg): 676338/701912, errs: 0, hitrate: 100.0%, clients: 640
done_min: 78.36%, done_max: 78.36%, p99_lat(us): 6855, max_pending: 1
I20260914 18:51:36.819749 300464 dfly_bench.cc:1466] 235s: 78.4% done, RPS(now/agg): 676338/701912, errs: 0, hitrate: 100.0%, clients: 640
done_min: 78.36%, done_max: 78.36%, p99_lat(us): 6855, max_pending: 1
240s: 80.0% done, RPS(now/agg): 697156/701813, errs: 0, hitrate: 100.0%, clients: 640
done_min: 80.03%, done_max: 80.03%, p99_lat(us): 6857, max_pending: 1
I20260914 18:51:41.822589 300464 dfly_bench.cc:1466] 240s: 80.0% done, RPS(now/agg): 697156/701813, errs: 0, hitrate: 100.0%, clients: 640
done_min: 80.03%, done_max: 80.03%, p99_lat(us): 6857, max_pending: 1
245s: 81.7% done, RPS(now/agg): 657606/700911, errs: 0, hitrate: 100.0%, clients: 640
done_min: 81.70%, done_max: 81.70%, p99_lat(us): 7145, max_pending: 1
I20260914 18:51:46.824795 300464 dfly_bench.cc:1466] 245s: 81.7% done, RPS(now/agg): 657606/700911, errs: 0, hitrate: 100.0%, clients: 640
done_min: 81.70%, done_max: 81.70%, p99_lat(us): 7145, max_pending: 1
250s: 83.4% done, RPS(now/agg): 676225/700417, errs: 0, hitrate: 100.0%, clients: 640
done_min: 83.37%, done_max: 83.37%, p99_lat(us): 7024, max_pending: 1
I20260914 18:51:51.827780 300464 dfly_bench.cc:1466] 250s: 83.4% done, RPS(now/agg): 676225/700417, errs: 0, hitrate: 100.0%, clients: 640
done_min: 83.37%, done_max: 83.37%, p99_lat(us): 7024, max_pending: 1
255s: 85.0% done, RPS(now/agg): 698546/700378, errs: 0, hitrate: 100.0%, clients: 640
done_min: 85.03%, done_max: 85.04%, p99_lat(us): 6822, max_pending: 1
I20260914 18:51:56.831459 300464 dfly_bench.cc:1466] 255s: 85.0% done, RPS(now/agg): 698546/700378, errs: 0, hitrate: 100.0%, clients: 640
done_min: 85.03%, done_max: 85.04%, p99_lat(us): 6822, max_pending: 1
260s: 86.7% done, RPS(now/agg): 661138/699623, errs: 0, hitrate: 100.0%, clients: 640
done_min: 86.70%, done_max: 86.70%, p99_lat(us): 6899, max_pending: 1
I20260914 18:52:01.835110 300464 dfly_bench.cc:1466] 260s: 86.7% done, RPS(now/agg): 661138/699623, errs: 0, hitrate: 100.0%, clients: 640
done_min: 86.70%, done_max: 86.70%, p99_lat(us): 6899, max_pending: 1
265s: 88.4% done, RPS(now/agg): 697064/699574, errs: 0, hitrate: 100.0%, clients: 640
done_min: 88.37%, done_max: 88.37%, p99_lat(us): 6862, max_pending: 1
I20260914 18:52:06.838968 300464 dfly_bench.cc:1466] 265s: 88.4% done, RPS(now/agg): 697064/699574, errs: 0, hitrate: 100.0%, clients: 640
done_min: 88.37%, done_max: 88.37%, p99_lat(us): 6862, max_pending: 1
270s: 90.0% done, RPS(now/agg): 673641/699091, errs: 0, hitrate: 100.0%, clients: 640
done_min: 90.04%, done_max: 90.04%, p99_lat(us): 6801, max_pending: 1
I20260914 18:52:11.842577 300464 dfly_bench.cc:1466] 270s: 90.0% done, RPS(now/agg): 673641/699091, errs: 0, hitrate: 100.0%, clients: 640
done_min: 90.04%, done_max: 90.04%, p99_lat(us): 6801, max_pending: 1
275s: 91.7% done, RPS(now/agg): 702186/699145, errs: 0, hitrate: 100.0%, clients: 640
done_min: 91.71%, done_max: 91.71%, p99_lat(us): 6708, max_pending: 1
I20260914 18:52:16.846263 300464 dfly_bench.cc:1466] 275s: 91.7% done, RPS(now/agg): 702186/699145, errs: 0, hitrate: 100.0%, clients: 640
done_min: 91.71%, done_max: 91.71%, p99_lat(us): 6708, max_pending: 1
280s: 93.4% done, RPS(now/agg): 698511/699134, errs: 0, hitrate: 100.0%, clients: 640
done_min: 93.37%, done_max: 93.37%, p99_lat(us): 6799, max_pending: 1
I20260914 18:52:21.849552 300464 dfly_bench.cc:1466] 280s: 93.4% done, RPS(now/agg): 698511/699134, errs: 0, hitrate: 100.0%, clients: 640
done_min: 93.37%, done_max: 93.37%, p99_lat(us): 6799, max_pending: 1
285s: 95.0% done, RPS(now/agg): 646158/698202, errs: 0, hitrate: 100.0%, clients: 640
done_min: 95.04%, done_max: 95.04%, p99_lat(us): 6995, max_pending: 1
I20260914 18:52:26.853044 300464 dfly_bench.cc:1466] 285s: 95.0% done, RPS(now/agg): 646158/698202, errs: 0, hitrate: 100.0%, clients: 640
done_min: 95.04%, done_max: 95.04%, p99_lat(us): 6995, max_pending: 1
290s: 96.7% done, RPS(now/agg): 700875/698246, errs: 0, hitrate: 100.0%, clients: 640
done_min: 96.71%, done_max: 96.71%, p99_lat(us): 6720, max_pending: 1
I20260914 18:52:31.857002 300464 dfly_bench.cc:1466] 290s: 96.7% done, RPS(now/agg): 700875/698246, errs: 0, hitrate: 100.0%, clients: 640
done_min: 96.71%, done_max: 96.71%, p99_lat(us): 6720, max_pending: 1
295s: 98.4% done, RPS(now/agg): 644724/697336, errs: 0, hitrate: 100.0%, clients: 640
done_min: 98.38%, done_max: 98.38%, p99_lat(us): 7212, max_pending: 1
I20260914 18:52:36.860560 300464 dfly_bench.cc:1466] 295s: 98.4% done, RPS(now/agg): 644724/697336, errs: 0, hitrate: 100.0%, clients: 640
done_min: 98.38%, done_max: 98.38%, p99_lat(us): 7212, max_pending: 1
I20260914 18:52:41.723733 300462 dfly_bench.cc:926] Done queuing 4294967295 requests, which took 300.0s. Waiting for server processing
I20260914 18:52:41.723793 300462 dfly_bench.cc:926] Done queuing 4294967295 requests, which took 300.0s. Waiting for server processing
I20260914 18:52:41.723821 300462 dfly_bench.cc:1001] ReceiveFb done
I20260914 18:52:41.723843 300462 dfly_bench.cc:1001] ReceiveFb done
I20260914 18:52:41.723862 300462 dfly_bench.cc:926] Done queuing 4294967295 requests, which took 300.0s. Waiting for server processing
I20260914 18:52:41.723869 300462 dfly_bench.cc:926] Done queuing 4294967295 requests, which took 300.0s. Waiting for server processing
I20260914 18:52:41.723876 300462 dfly_bench.cc:926] Done queuing 4294967295 requests, which took 300.0s. Waiting for server processing
I20260914 18:52:41.724017 300462 dfly_bench.cc:1001] ReceiveFb done
I20260914 18:52:41.724071 300462 dfly_bench.cc:1001] ReceiveFb done
I20260914 18:52:41.724089 300462 dfly_bench.cc:1001] ReceiveFb done
I20260914 18:52:41.724109 300462 dfly_bench.cc:926] Done queuing 4294967295 requests, which took 300.0s. Waiting for server processing
I20260914 18:52:41.724116 300462 dfly_bench.cc:926] Done queuing 4294967295 requests, which took 300.0s. Waiting for server processing
I20260914 18:52:41.724182 300466 dfly_bench.cc:926] Done queuing 4294967295 requests, which took 300.0s. Waiting for server processing
I20260914 18:52:41.724144 300472 dfly_bench.cc:926] Done queuing 4294967295 requests, which took 300.0s. Waiting for server processing
I20260914 18:52:41.724200 300474 dfly_bench.cc:926] Done queuing 4294967295 requests, which took 300.0s. Waiting for server processing
I20260914 18:52:41.724225 300466 dfly_bench.cc:1001] ReceiveFb done
I20260914 18:52:41.724248 300468 dfly_bench.cc:926] Done queuing 4294967295 requests, which took 300.0s. Waiting for server processing
I20260914 18:52:41.724269 300464 dfly_bench.cc:926] Done queuing 4294967295 requests, which took 300.0s. Waiting for server processing
I20260914 18:52:41.724314 300470 dfly_bench.cc:926] Done queuing 4294967295 requests, which took 300.0s. Waiting for server processing
I20260914 18:52:41.724260 300466 dfly_bench.cc:926] Done queuing 4294967295 requests, which took 300.0s. Waiting for server processing
I20260914 18:52:41.724328 300464 dfly_bench.cc:1001] ReceiveFb done
I20260914 18:52:41.724342 300466 dfly_bench.cc:926] Done queuing 4294967295 requests, which took 300.0s. Waiting for server processing
I20260914 18:52:41.724202 300462 dfly_bench.cc:926] Done queuing 4294967295 requests, which took 300.0s. Waiting for server processing
I20260914 18:52:41.724283 300468 dfly_bench.cc:1001] ReceiveFb done
I20260914 18:52:41.724290 300465 dfly_bench.cc:926] Done queuing 4294967295 requests, which took 300.0s. Waiting for server processing
I20260914 18:52:41.724390 300476 dfly_bench.cc:926] Done queuing 4294967295 requests, which took 300.0s. Waiting for server processing
I20260914 18:52:41.724407 300466 dfly_bench.cc:1001] ReceiveFb done
I20260914 18:52:41.724260 300474 dfly_bench.cc:1001] ReceiveFb done
I20260914 18:52:41.724283 300472 dfly_bench.cc:1001] ReceiveFb done
I20260914 18:52:41.724397 300475 dfly_bench.cc:926] Done queuing 4294967295 requests, which took 300.0s. Waiting for server processing
I20260914 18:52:41.724363 300470 dfly_bench.cc:1001] ReceiveFb done
I20260914 18:52:41.724359 300469 dfly_bench.cc:926] Done queuing 4294967295 requests, which took 300.0s. Waiting for server processing
I20260914 18:52:41.724473 300470 dfly_bench.cc:926] Done queuing 4294967295 requests, which took 300.0s. Waiting for server processing
I20260914 18:52:41.724412 300473 dfly_bench.cc:926] Done queuing 4294967295 requests, which took 300.0s. Waiting for server processing
I20260914 18:52:41.724249 300463 dfly_bench.cc:926] Done queuing 4294967295 requests, which took 300.0s. Waiting for server processing
I20260914 18:52:41.724462 300472 dfly_bench.cc:926] Done queuing 4294967295 requests, which took 300.0s. Waiting for server processing
I20260914 18:52:41.724498 300473 dfly_bench.cc:1001] ReceiveFb done
I20260914 18:52:41.724416 300476 dfly_bench.cc:1001] ReceiveFb done
I20260914 18:52:41.724484 300470 dfly_bench.cc:926] Done queuing 4294967295 requests, which took 300.0s. Waiting for server processing
I20260914 18:52:41.724541 300463 dfly_bench.cc:1001] ReceiveFb done
I20260914 18:52:41.724501 300469 dfly_bench.cc:1001] ReceiveFb done
I20260914 18:52:41.724442 300466 dfly_bench.cc:1001] ReceiveFb done
I20260914 18:52:41.724367 300467 dfly_bench.cc:926] Done queuing 4294967295 requests, which took 300.0s. Waiting for server processing
I20260914 18:52:41.724574 300463 dfly_bench.cc:926] Done queuing 4294967295 requests, which took 300.0s. Waiting for server processing
I20260914 18:52:41.724589 300466 dfly_bench.cc:926] Done queuing 4294967295 requests, which took 300.0s. Waiting for server processing
I20260914 18:52:41.724475 300475 dfly_bench.cc:1001] ReceiveFb done
I20260914 18:52:41.724606 300469 dfly_bench.cc:926] Done queuing 4294967295 requests, which took 300.0s. Waiting for server processing
I20260914 18:52:41.724404 300468 dfly_bench.cc:926] Done queuing 4294967295 requests, which took 300.0s. Waiting for server processing
I20260914 18:52:41.724412 300465 dfly_bench.cc:1001] ReceiveFb done
I20260914 18:52:41.724602 300476 dfly_bench.cc:926] Done queuing 4294967295 requests, which took 300.0s. Waiting for server processing
I20260914 18:52:41.724629 300475 dfly_bench.cc:926] Done queuing 4294967295 requests, which took 300.0s. Waiting for server processing
I20260914 18:52:41.724591 300467 dfly_bench.cc:926] Done queuing 4294967295 requests, which took 300.0s. Waiting for server processing
I20260914 18:52:41.724608 300470 dfly_bench.cc:1001] ReceiveFb done
I20260914 18:52:41.724532 300473 dfly_bench.cc:926] Done queuing 4294967295 requests, which took 300.0s. Waiting for server processing
I20260914 18:52:41.724404 300462 dfly_bench.cc:1001] ReceiveFb done
I20260914 18:52:41.724370 300464 dfly_bench.cc:926] Done queuing 4294967295 requests, which took 300.0s. Waiting for server processing
I20260914 18:52:41.724645 300476 dfly_bench.cc:926] Done queuing 4294967295 requests, which took 300.0s. Waiting for server processing
I20260914 18:52:41.724442 300477 dfly_bench.cc:926] Done queuing 4294967295 requests, which took 300.0s. Waiting for server processing
I20260914 18:52:41.724674 300468 dfly_bench.cc:1001] ReceiveFb done
I20260914 18:52:41.724686 300469 dfly_bench.cc:1001] ReceiveFb done
I20260914 18:52:41.724602 300466 dfly_bench.cc:926] Done queuing 4294967295 requests, which took 300.0s. Waiting for server processing
I20260914 18:52:41.724742 300464 dfly_bench.cc:1001] ReceiveFb done
I20260914 18:52:41.724545 300474 dfly_bench.cc:926] Done queuing 4294967295 requests, which took 300.0s. Waiting for server processing
I20260914 18:52:41.724711 300476 dfly_bench.cc:1001] ReceiveFb done
I20260914 18:52:41.724709 300462 dfly_bench.cc:1001] ReceiveFb done
I20260914 18:52:41.724721 300468 dfly_bench.cc:926] Done queuing 4294967295 requests, which took 300.0s. Waiting for server processing
I20260914 18:52:41.724714 300469 dfly_bench.cc:926] Done queuing 4294967295 requests, which took 300.0s. Waiting for server processing
I20260914 18:52:41.724592 300463 dfly_bench.cc:926] Done queuing 4294967295 requests, which took 300.0s. Waiting for server processing
I20260914 18:52:41.724781 300476 dfly_bench.cc:1001] ReceiveFb done
I20260914 18:52:41.724777 300464 dfly_bench.cc:926] Done queuing 4294967295 requests, which took 300.0s. Waiting for server processing
I20260914 18:52:41.724647 300465 dfly_bench.cc:926] Done queuing 4294967295 requests, which took 300.0s. Waiting for server processing
I20260914 18:52:41.724682 300470 dfly_bench.cc:1001] ReceiveFb done
I20260914 18:52:41.724701 300467 dfly_bench.cc:1001] ReceiveFb done
I20260914 18:52:41.724779 300468 dfly_bench.cc:926] Done queuing 4294967295 requests, which took 300.0s. Waiting for server processing
I20260914 18:52:41.724820 300468 dfly_bench.cc:926] Done queuing 4294967295 requests, which took 300.0s. Waiting for server processing
I20260914 18:52:41.724778 300463 dfly_bench.cc:926] Done queuing 4294967295 requests, which took 300.0s. Waiting for server processing
I20260914 18:52:41.724771 300474 dfly_bench.cc:926] Done queuing 4294967295 requests, which took 300.0s. Waiting for server processing
I20260914 18:52:41.724676 300473 dfly_bench.cc:926] Done queuing 4294967295 requests, which took 300.0s. Waiting for server processing
I20260914 18:52:41.724464 300471 dfly_bench.cc:926] Done queuing 4294967295 requests, which took 300.0s. Waiting for server processing
I20260914 18:52:41.724784 300462 dfly_bench.cc:1001] ReceiveFb done
I20260914 18:52:41.724754 300477 dfly_bench.cc:1001] ReceiveFb done
I20260914 18:52:41.724828 300470 dfly_bench.cc:926] Done queuing 4294967295 requests, which took 300.0s. Waiting for server processing
I20260914 18:52:41.724813 300465 dfly_bench.cc:926] Done queuing 4294967295 requests, which took 300.0s. Waiting for server processing
I20260914 18:52:41.724802 300464 dfly_bench.cc:926] Done queuing 4294967295 requests, which took 300.0s. Waiting for server processing
I20260914 18:52:41.724740 300475 dfly_bench.cc:1001] ReceiveFb done
I20260914 18:52:41.724877 300462 dfly_bench.cc:926] Done queuing 4294967295 requests, which took 300.0s. Waiting for server processing
I20260914 18:52:41.724505 300472 dfly_bench.cc:926] Done queuing 4294967295 requests, which took 300.0s. Waiting for server processing
I20260914 18:52:41.724856 300466 dfly_bench.cc:1001] ReceiveFb done
I20260914 18:52:41.724895 300475 dfly_bench.cc:926] Done queuing 4294967295 requests, which took 300.0s. Waiting for server processing
I20260914 18:52:41.724898 300471 dfly_bench.cc:1001] ReceiveFb done
I20260914 18:52:41.724884 300477 dfly_bench.cc:926] Done queuing 4294967295 requests, which took 300.0s. Waiting for server processing
I20260914 18:52:41.724906 300475 dfly_bench.cc:926] Done queuing 4294967295 requests, which took 300.0s. Waiting for server processing
I20260914 18:52:41.724846 300474 dfly_bench.cc:926] Done queuing 4294967295 requests, which took 300.0s. Waiting for server processing
I20260914 18:52:41.724927 300474 dfly_bench.cc:926] Done queuing 4294967295 requests, which took 300.0s. Waiting for server processing
I20260914 18:52:41.724828 300467 dfly_bench.cc:1001] ReceiveFb done
I20260914 18:52:41.724925 300471 dfly_bench.cc:926] Done queuing 4294967295 requests, which took 300.0s. Waiting for server processing
I20260914 18:52:41.724917 300477 dfly_bench.cc:926] Done queuing 4294967295 requests, which took 300.0s. Waiting for server processing
I20260914 18:52:41.724777 300469 dfly_bench.cc:926] Done queuing 4294967295 requests, which took 300.0s. Waiting for server processing
I20260914 18:52:41.724892 300462 dfly_bench.cc:926] Done queuing 4294967295 requests, which took 300.0s. Waiting for server processing
I20260914 18:52:41.724861 300463 dfly_bench.cc:926] Done queuing 4294967295 requests, which took 300.0s. Waiting for server processing
I20260914 18:52:41.724952 300471 dfly_bench.cc:926] Done queuing 4294967295 requests, which took 300.0s. Waiting for server processing
I20260914 18:52:41.724969 300462 dfly_bench.cc:926] Done queuing 4294967295 requests, which took 300.0s. Waiting for server processing
I20260914 18:52:41.724898 300472 dfly_bench.cc:926] Done queuing 4294967295 requests, which took 300.0s. Waiting for server processing
I20260914 18:52:41.724953 300477 dfly_bench.cc:926] Done queuing 4294967295 requests, which took 300.0s. Waiting for server processing
I20260914 18:52:41.724910 300476 dfly_bench.cc:926] Done queuing 4294967295 requests, which took 300.0s. Waiting for server processing
I20260914 18:52:41.724916 300473 dfly_bench.cc:1001] ReceiveFb done
I20260914 18:52:41.724992 300472 dfly_bench.cc:926] Done queuing 4294967295 requests, which took 300.0s. Waiting for server processing
I20260914 18:52:41.724886 300468 dfly_bench.cc:1001] ReceiveFb done
I20260914 18:52:41.724995 300477 dfly_bench.cc:926] Done queuing 4294967295 requests, which took 300.0s. Waiting for server processing
I20260914 18:52:41.724959 300467 dfly_bench.cc:926] Done queuing 4294967295 requests, which took 300.0s. Waiting for server processing
I20260914 18:52:41.724978 300471 dfly_bench.cc:926] Done queuing 4294967295 requests, which took 300.0s. Waiting for server processing
I20260914 18:52:41.725016 300473 dfly_bench.cc:1001] ReceiveFb done
I20260914 18:52:41.725009 300477 dfly_bench.cc:926] Done queuing 4294967295 requests, which took 300.0s. Waiting for server processing
I20260914 18:52:41.725003 300472 dfly_bench.cc:926] Done queuing 4294967295 requests, which took 300.0s. Waiting for server processing
I20260914 18:52:41.725019 300468 dfly_bench.cc:1001] ReceiveFb done
I20260914 18:52:41.724864 300470 dfly_bench.cc:926] Done queuing 4294967295 requests, which took 300.0s. Waiting for server processing
I20260914 18:52:41.724915 300466 dfly_bench.cc:1001] ReceiveFb done
I20260914 18:52:41.724942 300475 dfly_bench.cc:926] Done queuing 4294967295 requests, which took 300.0s. Waiting for server processing
I20260914 18:52:41.725029 300469 dfly_bench.cc:1001] ReceiveFb done
I20260914 18:52:41.725003 300476 dfly_bench.cc:926] Done queuing 4294967295 requests, which took 300.0s. Waiting for server processing
I20260914 18:52:41.724968 300474 dfly_bench.cc:1001] ReceiveFb done
I20260914 18:52:41.724865 300465 dfly_bench.cc:926] Done queuing 4294967295 requests, which took 300.0s. Waiting for server processing
I20260914 18:52:41.725023 300471 dfly_bench.cc:926] Done queuing 4294967295 requests, which took 300.0s. Waiting for server processing
I20260914 18:52:41.725054 300475 dfly_bench.cc:926] Done queuing 4294967295 requests, which took 300.0s. Waiting for server processing
I20260914 18:52:41.725028 300467 dfly_bench.cc:926] Done queuing 4294967295 requests, which took 300.0s. Waiting for server processing
I20260914 18:52:41.725055 300476 dfly_bench.cc:926] Done queuing 4294967295 requests, which took 300.0s. Waiting for server processing
I20260914 18:52:41.725059 300466 dfly_bench.cc:926] Done queuing 4294967295 requests, which took 300.0s. Waiting for server processing
I20260914 18:52:41.725063 300469 dfly_bench.cc:1001] ReceiveFb done
I20260914 18:52:41.725049 300468 dfly_bench.cc:1001] ReceiveFb done
I20260914 18:52:41.725076 300474 dfly_bench.cc:1001] ReceiveFb done
I20260914 18:52:41.725039 300473 dfly_bench.cc:926] Done queuing 4294967295 requests, which took 300.0s. Waiting for server processing
I20260914 18:52:41.725090 300462 dfly_bench.cc:1001] ReceiveFb done
I20260914 18:52:41.725064 300475 dfly_bench.cc:926] Done queuing 4294967295 requests, which took 300.0s. Waiting for server processing
I20260914 18:52:41.725134 300473 dfly_bench.cc:926] Done queuing 4294967295 requests, which took 300.0s. Waiting for server processing
I20260914 18:52:41.725028 300463 dfly_bench.cc:1001] ReceiveFb done
I20260914 18:52:41.725119 300469 dfly_bench.cc:926] Done queuing 4294967295 requests, which took 300.0s. Waiting for server processing
I20260914 18:52:41.725147 300474 dfly_bench.cc:1001] ReceiveFb done
I20260914 18:52:41.725145 300462 dfly_bench.cc:1001] ReceiveFb done
I20260914 18:52:41.724880 300464 dfly_bench.cc:926] Done queuing 4294967295 requests, which took 300.0s. Waiting for server processing
I20260914 18:52:41.725157 300467 dfly_bench.cc:1001] ReceiveFb done
I20260914 18:52:41.725061 300471 dfly_bench.cc:926] Done queuing 4294967295 requests, which took 300.0s. Waiting for server processing
I20260914 18:52:41.725034 300477 dfly_bench.cc:926] Done queuing 4294967295 requests, which took 300.0s. Waiting for server processing
I20260914 18:52:41.725179 300463 dfly_bench.cc:1001] ReceiveFb done
I20260914 18:52:41.725108 300466 dfly_bench.cc:926] Done queuing 4294967295 requests, which took 300.0s. Waiting for server processing
I20260914 18:52:41.725119 300472 dfly_bench.cc:1001] ReceiveFb done
I20260914 18:52:41.725157 300465 dfly_bench.cc:1001] ReceiveFb done
I20260914 18:52:41.725189 300474 dfly_bench.cc:1001] ReceiveFb done
I20260914 18:52:41.725226 300463 dfly_bench.cc:1001] ReceiveFb done
I20260914 18:52:41.725174 300464 dfly_bench.cc:926] Done queuing 4294967295 requests, which took 300.0s. Waiting for server processing
I20260914 18:52:41.725258 300463 dfly_bench.cc:1001] ReceiveFb done
I20260914 18:52:41.725261 300468 dfly_bench.cc:926] Done queuing 4294967295 requests, which took 300.0s. Waiting for server processing
I20260914 18:52:41.725153 300473 dfly_bench.cc:926] Done queuing 4294967295 requests, which took 300.0s. Waiting for server processing
I20260914 18:52:41.725140 300470 dfly_bench.cc:1001] ReceiveFb done
I20260914 18:52:41.725219 300472 dfly_bench.cc:1001] ReceiveFb done
I20260914 18:52:41.725108 300476 dfly_bench.cc:1001] ReceiveFb done
I20260914 18:52:41.725291 300463 dfly_bench.cc:926] Done queuing 4294967295 requests, which took 300.0s. Waiting for server processing
I20260914 18:52:41.725301 300470 dfly_bench.cc:1001] ReceiveFb done
I20260914 18:52:41.725310 300472 dfly_bench.cc:1001] ReceiveFb done
I20260914 18:52:41.725255 300474 dfly_bench.cc:926] Done queuing 4294967295 requests, which took 300.0s. Waiting for server processing
I20260914 18:52:41.725327 300476 dfly_bench.cc:1001] ReceiveFb done
I20260914 18:52:41.725332 300472 dfly_bench.cc:1001] ReceiveFb done
I20260914 18:52:41.725198 300466 dfly_bench.cc:926] Done queuing 4294967295 requests, which took 300.0s. Waiting for server processing
I20260914 18:52:41.725286 300468 dfly_bench.cc:926] Done queuing 4294967295 requests, which took 300.0s. Waiting for server processing
I20260914 18:52:41.725353 300472 dfly_bench.cc:1001] ReceiveFb done
I20260914 18:52:41.725191 300477 dfly_bench.cc:926] Done queuing 4294967295 requests, which took 300.0s. Waiting for server processing
I20260914 18:52:41.725194 300467 dfly_bench.cc:1001] ReceiveFb done
I20260914 18:52:41.725375 300466 dfly_bench.cc:926] Done queuing 4294967295 requests, which took 300.0s. Waiting for server processing
I20260914 18:52:41.725286 300473 dfly_bench.cc:926] Done queuing 4294967295 requests, which took 300.0s. Waiting for server processing
I20260914 18:52:41.725350 300476 dfly_bench.cc:1001] ReceiveFb done
I20260914 18:52:41.725322 300470 dfly_bench.cc:926] Done queuing 4294967295 requests, which took 300.0s. Waiting for server processing
I20260914 18:52:41.725392 300473 dfly_bench.cc:926] Done queuing 4294967295 requests, which took 300.0s. Waiting for server processing
I20260914 18:52:41.725185 300462 dfly_bench.cc:1001] ReceiveFb done
I20260914 18:52:41.725368 300477 dfly_bench.cc:926] Done queuing 4294967295 requests, which took 300.0s. Waiting for server processing
I20260914 18:52:41.725402 300467 dfly_bench.cc:926] Done queuing 4294967295 requests, which took 300.0s. Waiting for server processing
I20260914 18:52:41.725242 300469 dfly_bench.cc:1001] ReceiveFb done
I20260914 18:52:41.725255 300464 dfly_bench.cc:926] Done queuing 4294967295 requests, which took 300.0s. Waiting for server processing
I20260914 18:52:41.725311 300463 dfly_bench.cc:926] Done queuing 4294967295 requests, which took 300.0s. Waiting for server processing
I20260914 18:52:41.725430 300462 dfly_bench.cc:926] Done queuing 4294967295 requests, which took 300.0s. Waiting for server processing
I20260914 18:52:41.725410 300473 dfly_bench.cc:926] Done queuing 4294967295 requests, which took 300.0s. Waiting for server processing
I20260914 18:52:41.725234 300475 dfly_bench.cc:1001] ReceiveFb done
I20260914 18:52:41.725399 300470 dfly_bench.cc:926] Done queuing 4294967295 requests, which took 300.0s. Waiting for server processing
I20260914 18:52:41.725441 300469 dfly_bench.cc:926] Done queuing 4294967295 requests, which took 300.0s. Waiting for server processing
I20260914 18:52:41.725188 300471 dfly_bench.cc:926] Done queuing 4294967295 requests, which took 300.0s. Waiting for server processing
I20260914 18:52:41.725389 300472 dfly_bench.cc:926] Done queuing 4294967295 requests, which took 300.0s. Waiting for server processing
I20260914 18:52:41.725437 300462 dfly_bench.cc:926] Done queuing 4294967295 requests, which took 300.0s. Waiting for server processing
I20260914 18:52:41.725466 300466 dfly_bench.cc:1001] ReceiveFb done
I20260914 18:52:41.725363 300468 dfly_bench.cc:926] Done queuing 4294967295 requests, which took 300.0s. Waiting for server processing
I20260914 18:52:41.725236 300465 dfly_bench.cc:1001] ReceiveFb done
I20260914 18:52:41.725466 300471 dfly_bench.cc:926] Done queuing 4294967295 requests, which took 300.0s. Waiting for server processing
I20260914 18:52:41.725327 300474 dfly_bench.cc:926] Done queuing 4294967295 requests, which took 300.0s. Waiting for server processing
I20260914 18:52:41.725462 300475 dfly_bench.cc:1001] ReceiveFb done
I20260914 18:52:41.725487 300468 dfly_bench.cc:926] Done queuing 4294967295 requests, which took 300.0s. Waiting for server processing
I20260914 18:52:41.725407 300476 dfly_bench.cc:926] Done queuing 4294967295 requests, which took 300.0s. Waiting for server processing
I20260914 18:52:41.725482 300477 dfly_bench.cc:1001] ReceiveFb done
I20260914 18:52:41.725509 300468 dfly_bench.cc:926] Done queuing 4294967295 requests, which took 300.0s. Waiting for server processing
I20260914 18:52:41.725471 300462 dfly_bench.cc:926] Done queuing 4294967295 requests, which took 300.0s. Waiting for server processing
I20260914 18:52:41.725521 300468 dfly_bench.cc:926] Done queuing 4294967295 requests, which took 300.0s. Waiting for server processing
I20260914 18:52:41.725453 300470 dfly_bench.cc:926] Done queuing 4294967295 requests, which took 300.0s. Waiting for server processing
I20260914 18:52:41.725545 300477 dfly_bench.cc:1001] ReceiveFb done
I20260914 18:52:41.725554 300470 dfly_bench.cc:926] Done queuing 4294967295 requests, which took 300.0s. Waiting for server processing
I20260914 18:52:41.725510 300465 dfly_bench.cc:1001] ReceiveFb done
I20260914 18:52:41.725466 300472 dfly_bench.cc:926] Done queuing 4294967295 requests, which took 300.0s. Waiting for server processing
I20260914 18:52:41.725581 300477 dfly_bench.cc:1001] ReceiveFb done
I20260914 18:52:41.725517 300475 dfly_bench.cc:1001] ReceiveFb done
I20260914 18:52:41.725577 300469 dfly_bench.cc:1001] ReceiveFb done
I20260914 18:52:41.725492 300467 dfly_bench.cc:1001] ReceiveFb done
I20260914 18:52:41.725499 300466 dfly_bench.cc:1001] ReceiveFb done
I20260914 18:52:41.725603 300477 dfly_bench.cc:1001] ReceiveFb done
I20260914 18:52:41.725612 300469 dfly_bench.cc:926] Done queuing 4294967295 requests, which took 300.0s. Waiting for server processing
I20260914 18:52:41.725528 300462 dfly_bench.cc:926] Done queuing 4294967295 requests, which took 300.0s. Waiting for server processing
I20260914 18:52:41.725589 300465 dfly_bench.cc:926] Done queuing 4294967295 requests, which took 300.0s. Waiting for server processing
I20260914 18:52:41.725593 300468 dfly_bench.cc:1001] ReceiveFb done
I20260914 18:52:41.725622 300466 dfly_bench.cc:1001] ReceiveFb done
I20260914 18:52:41.725530 300476 dfly_bench.cc:926] Done queuing 4294967295 requests, which took 300.0s. Waiting for server processing
I20260914 18:52:41.725606 300475 dfly_bench.cc:1001] ReceiveFb done
I20260914 18:52:41.725567 300471 dfly_bench.cc:1001] ReceiveFb done
I20260914 18:52:41.725498 300474 dfly_bench.cc:926] Done queuing 4294967295 requests, which took 300.0s. Waiting for server processing
I20260914 18:52:41.725632 300467 dfly_bench.cc:926] Done queuing 4294967295 requests, which took 300.0s. Waiting for server processing
I20260914 18:52:41.725591 300472 dfly_bench.cc:926] Done queuing 4294967295 requests, which took 300.0s. Waiting for server processing
I20260914 18:52:41.725629 300469 dfly_bench.cc:926] Done queuing 4294967295 requests, which took 300.0s. Waiting for server processing
I20260914 18:52:41.725667 300470 dfly_bench.cc:1001] ReceiveFb done
I20260914 18:52:41.725672 300469 dfly_bench.cc:926] Done queuing 4294967295 requests, which took 300.0s. Waiting for server processing
I20260914 18:52:41.725682 300469 dfly_bench.cc:926] Done queuing 4294967295 requests, which took 300.0s. Waiting for server processing
I20260914 18:52:41.725692 300469 dfly_bench.cc:926] Done queuing 4294967295 requests, which took 300.0s. Waiting for server processing
I20260914 18:52:41.725651 300466 dfly_bench.cc:1001] ReceiveFb done
I20260914 18:52:41.725647 300475 dfly_bench.cc:1001] ReceiveFb done
I20260914 18:52:41.725708 300469 dfly_bench.cc:926] Done queuing 4294967295 requests, which took 300.0s. Waiting for server processing
I20260914 18:52:41.725693 300470 dfly_bench.cc:1001] ReceiveFb done
I20260914 18:52:41.725723 300466 dfly_bench.cc:926] Done queuing 4294967295 requests, which took 300.0s. Waiting for server processing
I20260914 18:52:41.725432 300464 dfly_bench.cc:926] Done queuing 4294967295 requests, which took 300.0s. Waiting for server processing
I20260914 18:52:41.725734 300462 dfly_bench.cc:1001] ReceiveFb done
I20260914 18:52:41.725553 300473 dfly_bench.cc:1001] ReceiveFb done
I20260914 18:52:41.725754 300475 dfly_bench.cc:926] Done queuing 4294967295 requests, which took 300.0s. Waiting for server processing
I20260914 18:52:41.725629 300465 dfly_bench.cc:926] Done queuing 4294967295 requests, which took 300.0s. Waiting for server processing
I20260914 18:52:41.725765 300475 dfly_bench.cc:926] Done queuing 4294967295 requests, which took 300.0s. Waiting for server processing
I20260914 18:52:41.725804 300476 dfly_bench.cc:1001] ReceiveFb done
I20260914 18:52:41.725628 300477 dfly_bench.cc:1001] ReceiveFb done
I20260914 18:52:41.725824 300476 dfly_bench.cc:1001] ReceiveFb done
I20260914 18:52:41.725735 300466 dfly_bench.cc:926] Done queuing 4294967295 requests, which took 300.0s. Waiting for server processing
I20260914 18:52:41.725839 300477 dfly_bench.cc:1001] ReceiveFb done
I20260914 18:52:41.725847 300476 dfly_bench.cc:926] Done queuing 4294967295 requests, which took 300.0s. Waiting for server processing
I20260914 18:52:41.725653 300472 dfly_bench.cc:926] Done queuing 4294967295 requests, which took 300.0s. Waiting for server processing
I20260914 18:52:41.725615 300463 dfly_bench.cc:1001] ReceiveFb done
I20260914 18:52:41.725819 300464 dfly_bench.cc:1001] ReceiveFb done
I20260914 18:52:41.725648 300471 dfly_bench.cc:1001] ReceiveFb done
I20260914 18:52:41.725777 300473 dfly_bench.cc:1001] ReceiveFb done
I20260914 18:52:41.725867 300477 dfly_bench.cc:1001] ReceiveFb done
I20260914 18:52:41.725858 300476 dfly_bench.cc:926] Done queuing 4294967295 requests, which took 300.0s. Waiting for server processing
I20260914 18:52:41.725764 300462 dfly_bench.cc:1001] ReceiveFb done
I20260914 18:52:41.725899 300464 dfly_bench.cc:1001] ReceiveFb done
I20260914 18:52:41.725653 300467 dfly_bench.cc:926] Done queuing 4294967295 requests, which took 300.0s. Waiting for server processing
I20260914 18:52:41.725643 300468 dfly_bench.cc:1001] ReceiveFb done
I20260914 18:52:41.725916 300473 dfly_bench.cc:1001] ReceiveFb done
I20260914 18:52:41.725771 300465 dfly_bench.cc:926] Done queuing 4294967295 requests, which took 300.0s. Waiting for server processing
I20260914 18:52:41.725951 300465 dfly_bench.cc:926] Done queuing 4294967295 requests, which took 300.0s. Waiting for server processing
I20260914 18:52:41.725962 300465 dfly_bench.cc:926] Done queuing 4294967295 requests, which took 300.0s. Waiting for server processing
I20260914 18:52:41.725972 300465 dfly_bench.cc:926] Done queuing 4294967295 requests, which took 300.0s. Waiting for server processing
I20260914 18:52:41.725909 300477 dfly_bench.cc:1001] ReceiveFb done
I20260914 18:52:41.725921 300462 dfly_bench.cc:1001] ReceiveFb done
I20260914 18:52:41.725919 300467 dfly_bench.cc:926] Done queuing 4294967295 requests, which took 300.0s. Waiting for server processing
I20260914 18:52:41.725837 300466 dfly_bench.cc:926] Done queuing 4294967295 requests, which took 300.0s. Waiting for server processing
I20260914 18:52:41.726015 300467 dfly_bench.cc:926] Done queuing 4294967295 requests, which took 300.0s. Waiting for server processing
I20260914 18:52:41.725735 300470 dfly_bench.cc:1001] ReceiveFb done
I20260914 18:52:41.725800 300474 dfly_bench.cc:1001] ReceiveFb done
I20260914 18:52:41.725903 300476 dfly_bench.cc:926] Done queuing 4294967295 requests, which took 300.0s. Waiting for server processing
I20260914 18:52:41.726030 300467 dfly_bench.cc:926] Done queuing 4294967295 requests, which took 300.0s. Waiting for server processing
I20260914 18:52:41.725906 300471 dfly_bench.cc:1001] ReceiveFb done
I20260914 18:52:41.725715 300469 dfly_bench.cc:926] Done queuing 4294967295 requests, which took 300.0s. Waiting for server processing
I20260914 18:52:41.725886 300463 dfly_bench.cc:1001] ReceiveFb done
I20260914 18:52:41.725821 300475 dfly_bench.cc:926] Done queuing 4294967295 requests, which took 300.0s. Waiting for server processing
I20260914 18:52:41.725960 300473 dfly_bench.cc:1001] ReceiveFb done
I20260914 18:52:41.725940 300468 dfly_bench.cc:1001] ReceiveFb done
I20260914 18:52:41.726084 300475 dfly_bench.cc:926] Done queuing 4294967295 requests, which took 300.0s. Waiting for server processing
I20260914 18:52:41.726042 300470 dfly_bench.cc:1001] ReceiveFb done
I20260914 18:52:41.726029 300466 dfly_bench.cc:926] Done queuing 4294967295 requests, which took 300.0s. Waiting for server processing
I20260914 18:52:41.726025 300462 dfly_bench.cc:1001] ReceiveFb done
I20260914 18:52:41.726050 300474 dfly_bench.cc:1001] ReceiveFb done
I20260914 18:52:41.725979 300465 dfly_bench.cc:926] Done queuing 4294967295 requests, which took 300.0s. Waiting for server processing
I20260914 18:52:41.726064 300476 dfly_bench.cc:926] Done queuing 4294967295 requests, which took 300.0s. Waiting for server processing
I20260914 18:52:41.726023 300472 dfly_bench.cc:1001] ReceiveFb done
I20260914 18:52:41.726125 300465 dfly_bench.cc:926] Done queuing 4294967295 requests, which took 300.0s. Waiting for server processing
I20260914 18:52:41.726085 300471 dfly_bench.cc:1001] ReceiveFb done
I20260914 18:52:41.726037 300477 dfly_bench.cc:926] Done queuing 4294967295 requests, which took 300.0s. Waiting for server processing
I20260914 18:52:41.726130 300465 dfly_bench.cc:926] Done queuing 4294967295 requests, which took 300.0s. Waiting for server processing
I20260914 18:52:41.726136 300474 dfly_bench.cc:1001] ReceiveFb done
I20260914 18:52:41.726127 300476 dfly_bench.cc:926] Done queuing 4294967295 requests, which took 300.0s. Waiting for server processing
I20260914 18:52:41.726104 300463 dfly_bench.cc:926] Done queuing 4294967295 requests, which took 300.0s. Waiting for server processing
I20260914 18:52:41.726099 300473 dfly_bench.cc:1001] ReceiveFb done
I20260914 18:52:41.726141 300472 dfly_bench.cc:1001] ReceiveFb done
I20260914 18:52:41.726157 300476 dfly_bench.cc:926] Done queuing 4294967295 requests, which took 300.0s. Waiting for server processing
I20260914 18:52:41.726104 300468 dfly_bench.cc:1001] ReceiveFb done
I20260914 18:52:41.726171 300476 dfly_bench.cc:926] Done queuing 4294967295 requests, which took 300.0s. Waiting for server processing
I20260914 18:52:41.726187 300468 dfly_bench.cc:1001] ReceiveFb done
I20260914 18:52:41.725920 300464 dfly_bench.cc:1001] ReceiveFb done
I20260914 18:52:41.726174 300463 dfly_bench.cc:926] Done queuing 4294967295 requests, which took 300.0s. Waiting for server processing
I20260914 18:52:41.726174 300469 dfly_bench.cc:1001] ReceiveFb done
I20260914 18:52:41.726153 300471 dfly_bench.cc:1001] ReceiveFb done
I20260914 18:52:41.726208 300468 dfly_bench.cc:1001] ReceiveFb done
I20260914 18:52:41.726136 300470 dfly_bench.cc:926] Done queuing 4294967295 requests, which took 300.0s. Waiting for server processing
I20260914 18:52:41.726181 300472 dfly_bench.cc:1001] ReceiveFb done
I20260914 18:52:41.726130 300462 dfly_bench.cc:926] Done queuing 4294967295 requests, which took 300.0s. Waiting for server processing
I20260914 18:52:41.726177 300474 dfly_bench.cc:926] Done queuing 4294967295 requests, which took 300.0s. Waiting for server processing
I20260914 18:52:41.726209 300464 dfly_bench.cc:1001] ReceiveFb done
I20260914 18:52:41.726203 300475 dfly_bench.cc:926] Done queuing 4294967295 requests, which took 300.0s. Waiting for server processing
I20260914 18:52:41.726245 300472 dfly_bench.cc:1001] ReceiveFb done
I20260914 18:52:41.726176 300473 dfly_bench.cc:1001] ReceiveFb done
I20260914 18:52:41.726259 300468 dfly_bench.cc:926] Done queuing 4294967295 requests, which took 300.0s. Waiting for server processing
I20260914 18:52:41.726265 300475 dfly_bench.cc:926] Done queuing 4294967295 requests, which took 300.0s. Waiting for server processing
I20260914 18:52:41.726279 300468 dfly_bench.cc:926] Done queuing 4294967295 requests, which took 300.0s. Waiting for server processing
I20260914 18:52:41.726284 300472 dfly_bench.cc:926] Done queuing 4294967295 requests, which took 300.0s. Waiting for server processing
I20260914 18:52:41.726150 300477 dfly_bench.cc:926] Done queuing 4294967295 requests, which took 300.0s. Waiting for server processing
I20260914 18:52:41.726218 300469 dfly_bench.cc:1001] ReceiveFb done
I20260914 18:52:41.726224 300470 dfly_bench.cc:926] Done queuing 4294967295 requests, which took 300.0s. Waiting for server processing
I20260914 18:52:41.726262 300464 dfly_bench.cc:1001] ReceiveFb done
I20260914 18:52:41.726203 300463 dfly_bench.cc:926] Done queuing 4294967295 requests, which took 300.0s. Waiting for server processing
I20260914 18:52:41.726300 300472 dfly_bench.cc:926] Done queuing 4294967295 requests, which took 300.0s. Waiting for server processing
I20260914 18:52:41.726158 300467 dfly_bench.cc:1001] ReceiveFb done
I20260914 18:52:41.726297 300468 dfly_bench.cc:926] Done queuing 4294967295 requests, which took 300.0s. Waiting for server processing
I20260914 18:52:41.726303 300463 dfly_bench.cc:926] Done queuing 4294967295 requests, which took 300.0s. Waiting for server processing
I20260914 18:52:41.726311 300469 dfly_bench.cc:1001] ReceiveFb done
I20260914 18:52:41.726322 300463 dfly_bench.cc:926] Done queuing 4294967295 requests, which took 300.0s. Waiting for server processing
I20260914 18:52:41.726333 300469 dfly_bench.cc:1001] ReceiveFb done
I20260914 18:52:41.726336 300463 dfly_bench.cc:926] Done queuing 4294967295 requests, which took 300.0s. Waiting for server processing
I20260914 18:52:41.726224 300471 dfly_bench.cc:1001] ReceiveFb done
I20260914 18:52:41.726328 300473 dfly_bench.cc:926] Done queuing 4294967295 requests, which took 300.0s. Waiting for server processing
I20260914 18:52:41.726356 300469 dfly_bench.cc:1001] ReceiveFb done
I20260914 18:52:41.726297 300477 dfly_bench.cc:926] Done queuing 4294967295 requests, which took 300.0s. Waiting for server processing
I20260914 18:52:41.726249 300466 dfly_bench.cc:1001] ReceiveFb done
I20260914 18:52:41.726257 300465 dfly_bench.cc:1001] ReceiveFb done
I20260914 18:52:41.726239 300462 dfly_bench.cc:926] Done queuing 4294967295 requests, which took 300.0s. Waiting for server processing
I20260914 18:52:41.726316 300468 dfly_bench.cc:926] Done queuing 4294967295 requests, which took 300.0s. Waiting for server processing
I20260914 18:52:41.726320 300464 dfly_bench.cc:1001] ReceiveFb done
I20260914 18:52:41.726389 300469 dfly_bench.cc:1001] ReceiveFb done
I20260914 18:52:41.726218 300476 dfly_bench.cc:926] Done queuing 4294967295 requests, which took 300.0s. Waiting for server processing
I20260914 18:52:41.726406 300465 dfly_bench.cc:1001] ReceiveFb done
I20260914 18:52:41.726430 300469 dfly_bench.cc:1001] ReceiveFb done
I20260914 18:52:41.726370 300473 dfly_bench.cc:926] Done queuing 4294967295 requests, which took 300.0s. Waiting for server processing
I20260914 18:52:41.726395 300471 dfly_bench.cc:1001] ReceiveFb done
I20260914 18:52:41.726456 300465 dfly_bench.cc:1001] ReceiveFb done
I20260914 18:52:41.726392 300466 dfly_bench.cc:1001] ReceiveFb done
I20260914 18:52:41.726285 300475 dfly_bench.cc:926] Done queuing 4294967295 requests, which took 300.0s. Waiting for server processing
I20260914 18:52:41.726449 300472 dfly_bench.cc:1001] ReceiveFb done
I20260914 18:52:41.726464 300469 dfly_bench.cc:926] Done queuing 4294967295 requests, which took 300.0s. Waiting for server processing
I20260914 18:52:41.726486 300466 dfly_bench.cc:1001] ReceiveFb done
I20260914 18:52:41.726491 300469 dfly_bench.cc:926] Done queuing 4294967295 requests, which took 300.0s. Waiting for server processing
I20260914 18:52:41.726487 300475 dfly_bench.cc:926] Done queuing 4294967295 requests, which took 300.0s. Waiting for server processing
I20260914 18:52:41.726329 300467 dfly_bench.cc:1001] ReceiveFb done
I20260914 18:52:41.726248 300474 dfly_bench.cc:926] Done queuing 4294967295 requests, which took 300.0s. Waiting for server processing
I20260914 18:52:41.726389 300462 dfly_bench.cc:926] Done queuing 4294967295 requests, which took 300.0s. Waiting for server processing
I20260914 18:52:41.726507 300471 dfly_bench.cc:926] Done queuing 4294967295 requests, which took 300.0s. Waiting for server processing
I20260914 18:52:41.726498 300469 dfly_bench.cc:926] Done queuing 4294967295 requests, which took 300.0s. Waiting for server processing
I20260914 18:52:41.726476 300465 dfly_bench.cc:1001] ReceiveFb done
I20260914 18:52:41.726507 300466 dfly_bench.cc:1001] ReceiveFb done
I20260914 18:52:41.726531 300468 dfly_bench.cc:926] Done queuing 4294967295 requests, which took 300.0s. Waiting for server processing
I20260914 18:52:41.726500 300476 dfly_bench.cc:1001] ReceiveFb done
I20260914 18:52:41.726524 300467 dfly_bench.cc:1001] ReceiveFb done
I20260914 18:52:41.726501 300472 dfly_bench.cc:1001] ReceiveFb done
I20260914 18:52:41.726521 300474 dfly_bench.cc:926] Done queuing 4294967295 requests, which took 300.0s. Waiting for server processing
I20260914 18:52:41.726539 300463 dfly_bench.cc:1001] ReceiveFb done
I20260914 18:52:41.726553 300476 dfly_bench.cc:1001] ReceiveFb done
I20260914 18:52:41.726464 300464 dfly_bench.cc:926] Done queuing 4294967295 requests, which took 300.0s. Waiting for server processing
I20260914 18:52:41.726555 300467 dfly_bench.cc:1001] ReceiveFb done
I20260914 18:52:41.726526 300469 dfly_bench.cc:926] Done queuing 4294967295 requests, which took 300.0s. Waiting for server processing
I20260914 18:52:41.726569 300472 dfly_bench.cc:926] Done queuing 4294967295 requests, which took 300.0s. Waiting for server processing
I20260914 18:52:41.726591 300469 dfly_bench.cc:926] Done queuing 4294967295 requests, which took 300.0s. Waiting for server processing
I20260914 18:52:41.726501 300470 dfly_bench.cc:1001] ReceiveFb done
I20260914 18:52:41.726569 300475 dfly_bench.cc:1001] ReceiveFb done
I20260914 18:52:41.726548 300468 dfly_bench.cc:926] Done queuing 4294967295 requests, which took 300.0s. Waiting for server processing
I20260914 18:52:41.726593 300476 dfly_bench.cc:1001] ReceiveFb done
I20260914 18:52:41.726624 300470 dfly_bench.cc:1001] ReceiveFb done
I20260914 18:52:41.726518 300462 dfly_bench.cc:926] Done queuing 4294967295 requests, which took 300.0s. Waiting for server processing
I20260914 18:52:41.726599 300472 dfly_bench.cc:926] Done queuing 4294967295 requests, which took 300.0s. Waiting for server processing
I20260914 18:52:41.726572 300473 dfly_bench.cc:926] Done queuing 4294967295 requests, which took 300.0s. Waiting for server processing
I20260914 18:52:41.726549 300466 dfly_bench.cc:926] Done queuing 4294967295 requests, which took 300.0s. Waiting for server processing
I20260914 18:52:41.726641 300476 dfly_bench.cc:1001] ReceiveFb done
I20260914 18:52:41.726574 300474 dfly_bench.cc:926] Done queuing 4294967295 requests, which took 300.0s. Waiting for server processing
I20260914 18:52:41.726603 300467 dfly_bench.cc:1001] ReceiveFb done
I20260914 18:52:41.726636 300475 dfly_bench.cc:1001] ReceiveFb done
I20260914 18:52:41.726642 300462 dfly_bench.cc:926] Done queuing 4294967295 requests, which took 300.0s. Waiting for server processing
I20260914 18:52:41.726547 300465 dfly_bench.cc:1001] ReceiveFb done
I20260914 18:52:41.726648 300466 dfly_bench.cc:926] Done queuing 4294967295 requests, which took 300.0s. Waiting for server processing
I20260914 18:52:41.726586 300464 dfly_bench.cc:926] Done queuing 4294967295 requests, which took 300.0s. Waiting for server processing
I20260914 18:52:41.726680 300471 dfly_bench.cc:926] Done queuing 4294967295 requests, which took 300.0s. Waiting for server processing
I20260914 18:52:41.726620 300468 dfly_bench.cc:926] Done queuing 4294967295 requests, which took 300.0s. Waiting for server processing
I20260914 18:52:41.726663 300476 dfly_bench.cc:1001] ReceiveFb done
I20260914 18:52:41.726647 300470 dfly_bench.cc:926] Done queuing 4294967295 requests, which took 300.0s. Waiting for server processing
I20260914 18:52:41.726691 300471 dfly_bench.cc:926] Done queuing 4294967295 requests, which took 300.0s. Waiting for server processing
I20260914 18:52:41.726600 300477 dfly_bench.cc:926] Done queuing 4294967295 requests, which took 300.0s. Waiting for server processing
I20260914 18:52:41.726697 300467 dfly_bench.cc:926] Done queuing 4294967295 requests, which took 300.0s. Waiting for server processing
I20260914 18:52:41.726642 300472 dfly_bench.cc:926] Done queuing 4294967295 requests, which took 300.0s. Waiting for server processing
I20260914 18:52:41.726645 300473 dfly_bench.cc:926] Done queuing 4294967295 requests, which took 300.0s. Waiting for server processing
I20260914 18:52:41.726722 300473 dfly_bench.cc:926] Done queuing 4294967295 requests, which took 300.0s. Waiting for server processing
I20260914 18:52:41.726675 300475 dfly_bench.cc:1001] ReceiveFb done
I20260914 18:52:41.726711 300476 dfly_bench.cc:1001] ReceiveFb done
I20260914 18:52:41.726706 300470 dfly_bench.cc:926] Done queuing 4294967295 requests, which took 300.0s. Waiting for server processing
I20260914 18:52:41.726696 300468 dfly_bench.cc:926] Done queuing 4294967295 requests, which took 300.0s. Waiting for server processing
I20260914 18:52:41.726706 300471 dfly_bench.cc:926] Done queuing 4294967295 requests, which took 300.0s. Waiting for server processing
I20260914 18:52:41.726719 300472 dfly_bench.cc:926] Done queuing 4294967295 requests, which took 300.0s. Waiting for server processing
I20260914 18:52:41.726680 300465 dfly_bench.cc:1001] ReceiveFb done
I20260914 18:52:41.726707 300477 dfly_bench.cc:926] Done queuing 4294967295 requests, which took 300.0s. Waiting for server processing
I20260914 18:52:41.726748 300475 dfly_bench.cc:1001] ReceiveFb done
I20260914 18:52:41.726671 300466 dfly_bench.cc:926] Done queuing 4294967295 requests, which took 300.0s. Waiting for server processing
I20260914 18:52:41.726753 300472 dfly_bench.cc:926] Done queuing 4294967295 requests, which took 300.0s. Waiting for server processing
I20260914 18:52:41.726593 300463 dfly_bench.cc:1001] ReceiveFb done
I20260914 18:52:41.726675 300464 dfly_bench.cc:926] Done queuing 4294967295 requests, which took 300.0s. Waiting for server processing
I20260914 18:52:41.726754 300471 dfly_bench.cc:926] Done queuing 4294967295 requests, which took 300.0s. Waiting for server processing
I20260914 18:52:41.726751 300470 dfly_bench.cc:926] Done queuing 4294967295 requests, which took 300.0s. Waiting for server processing
I20260914 18:52:41.726709 300467 dfly_bench.cc:926] Done queuing 4294967295 requests, which took 300.0s. Waiting for server processing
I20260914 18:52:41.726811 300471 dfly_bench.cc:926] Done queuing 4294967295 requests, which took 300.0s. Waiting for server processing
I20260914 18:52:41.726787 300466 dfly_bench.cc:926] Done queuing 4294967295 requests, which took 300.0s. Waiting for server processing
I20260914 18:52:41.726791 300469 dfly_bench.cc:1001] ReceiveFb done
I20260914 18:52:41.726830 300462 dfly_bench.cc:1001] ReceiveFb done
I20260914 18:52:41.726836 300467 dfly_bench.cc:926] Done queuing 4294967295 requests, which took 300.0s. Waiting for server processing
I20260914 18:52:41.726776 300465 dfly_bench.cc:1001] ReceiveFb done
I20260914 18:52:41.726823 300471 dfly_bench.cc:926] Done queuing 4294967295 requests, which took 300.0s. Waiting for server processing
I20260914 18:52:41.726750 300468 dfly_bench.cc:926] Done queuing 4294967295 requests, which took 300.0s. Waiting for server processing
I20260914 18:52:41.726797 300472 dfly_bench.cc:926] Done queuing 4294967295 requests, which took 300.0s. Waiting for server processing
I20260914 18:52:41.726882 300465 dfly_bench.cc:1001] ReceiveFb done
I20260914 18:52:41.726819 300463 dfly_bench.cc:1001] ReceiveFb done
I20260914 18:52:41.726822 300474 dfly_bench.cc:1001] ReceiveFb done
I20260914 18:52:41.726796 300475 dfly_bench.cc:1001] ReceiveFb done
I20260914 18:52:41.726859 300462 dfly_bench.cc:1001] ReceiveFb done
I20260914 18:52:41.726827 300466 dfly_bench.cc:926] Done queuing 4294967295 requests, which took 300.0s. Waiting for server processing
I20260914 18:52:41.726732 300473 dfly_bench.cc:926] Done queuing 4294967295 requests, which took 300.0s. Waiting for server processing
I20260914 18:52:41.726753 300476 dfly_bench.cc:1001] ReceiveFb done
I20260914 18:52:41.726780 300477 dfly_bench.cc:926] Done queuing 4294967295 requests, which took 300.0s. Waiting for server processing
I20260914 18:52:41.726853 300469 dfly_bench.cc:1001] ReceiveFb done
I20260914 18:52:41.726945 300477 dfly_bench.cc:926] Done queuing 4294967295 requests, which took 300.0s. Waiting for server processing
I20260914 18:52:41.726950 300476 dfly_bench.cc:1001] ReceiveFb done
I20260914 18:52:41.726953 300467 dfly_bench.cc:926] Done queuing 4294967295 requests, which took 300.0s. Waiting for server processing
I20260914 18:52:41.726958 300469 dfly_bench.cc:1001] ReceiveFb done
I20260914 18:52:41.726920 300475 dfly_bench.cc:1001] ReceiveFb done
I20260914 18:52:41.726966 300467 dfly_bench.cc:926] Done queuing 4294967295 requests, which took 300.0s. Waiting for server processing
I20260914 18:52:41.726908 300465 dfly_bench.cc:1001] ReceiveFb done
I20260914 18:52:41.726925 300473 dfly_bench.cc:926] Done queuing 4294967295 requests, which took 300.0s. Waiting for server processing
I20260914 18:52:41.726935 300468 dfly_bench.cc:1001] ReceiveFb done
I20260914 18:52:41.726979 300467 dfly_bench.cc:926] Done queuing 4294967295 requests, which took 300.0s. Waiting for server processing
I20260914 18:52:41.726858 300471 dfly_bench.cc:926] Done queuing 4294967295 requests, which took 300.0s. Waiting for server processing
I20260914 18:52:41.726955 300477 dfly_bench.cc:926] Done queuing 4294967295 requests, which took 300.0s. Waiting for server processing
I20260914 18:52:41.726991 300467 dfly_bench.cc:926] Done queuing 4294967295 requests, which took 300.0s. Waiting for server processing
I20260914 18:52:41.726910 300463 dfly_bench.cc:1001] ReceiveFb done
I20260914 18:52:41.726914 300466 dfly_bench.cc:926] Done queuing 4294967295 requests, which took 300.0s. Waiting for server processing
I20260914 18:52:41.727033 300466 dfly_bench.cc:926] Done queuing 4294967295 requests, which took 300.0s. Waiting for server processing
I20260914 18:52:41.726918 300474 dfly_bench.cc:1001] ReceiveFb done
I20260914 18:52:41.726996 300471 dfly_bench.cc:926] Done queuing 4294967295 requests, which took 300.0s. Waiting for server processing
I20260914 18:52:41.727075 300471 dfly_bench.cc:926] Done queuing 4294967295 requests, which took 300.0s. Waiting for server processing
I20260914 18:52:41.727080 300474 dfly_bench.cc:1001] ReceiveFb done
I20260914 18:52:41.727087 300471 dfly_bench.cc:926] Done queuing 4294967295 requests, which took 300.0s. Waiting for server processing
I20260914 18:52:41.727101 300474 dfly_bench.cc:1001] ReceiveFb done
I20260914 18:52:41.727002 300477 dfly_bench.cc:1001] ReceiveFb done
I20260914 18:52:41.727008 300464 dfly_bench.cc:926] Done queuing 4294967295 requests, which took 300.0s. Waiting for server processing
I20260914 18:52:41.726999 300468 dfly_bench.cc:1001] ReceiveFb done
I20260914 18:52:41.726982 300476 dfly_bench.cc:926] Done queuing 4294967295 requests, which took 300.0s. Waiting for server processing
I20260914 18:52:41.727121 300464 dfly_bench.cc:926] Done queuing 4294967295 requests, which took 300.0s. Waiting for server processing
I20260914 18:52:41.726815 300470 dfly_bench.cc:926] Done queuing 4294967295 requests, which took 300.0s. Waiting for server processing
I20260914 18:52:41.727135 300468 dfly_bench.cc:1001] ReceiveFb done
I20260914 18:52:41.727097 300471 dfly_bench.cc:926] Done queuing 4294967295 requests, which took 300.0s. Waiting for server processing
I20260914 18:52:41.727042 300463 dfly_bench.cc:1001] ReceiveFb done
I20260914 18:52:41.727137 300470 dfly_bench.cc:926] Done queuing 4294967295 requests, which took 300.0s. Waiting for server processing
I20260914 18:52:41.726871 300472 dfly_bench.cc:926] Done queuing 4294967295 requests, which took 300.0s. Waiting for server processing
I20260914 18:52:41.727185 300472 dfly_bench.cc:926] Done queuing 4294967295 requests, which took 300.0s. Waiting for server processing
I20260914 18:52:41.727195 300472 dfly_bench.cc:926] Done queuing 4294967295 requests, which took 300.0s. Waiting for server processing
I20260914 18:52:41.727133 300464 dfly_bench.cc:926] Done queuing 4294967295 requests, which took 300.0s. Waiting for server processing
I20260914 18:52:41.726924 300462 dfly_bench.cc:1001] ReceiveFb done
I20260914 18:52:41.727227 300464 dfly_bench.cc:926] Done queuing 4294967295 requests, which took 300.0s. Waiting for server processing
I20260914 18:52:41.726996 300475 dfly_bench.cc:1001] ReceiveFb done
I20260914 18:52:41.727048 300466 dfly_bench.cc:926] Done queuing 4294967295 requests, which took 300.0s. Waiting for server processing
I20260914 18:52:41.727245 300466 dfly_bench.cc:926] Done queuing 4294967295 requests, which took 300.0s. Waiting for server processing
I20260914 18:52:41.727249 300462 dfly_bench.cc:1001] ReceiveFb done
I20260914 18:52:41.727254 300466 dfly_bench.cc:926] Done queuing 4294967295 requests, which took 300.0s. Waiting for server processing
I20260914 18:52:41.727258 300475 dfly_bench.cc:1001] ReceiveFb done
I20260914 18:52:41.727265 300466 dfly_bench.cc:926] Done queuing 4294967295 requests, which took 300.0s. Waiting for server processing
I20260914 18:52:41.727283 300466 dfly_bench.cc:926] Done queuing 4294967295 requests, which took 300.0s. Waiting for server processing
I20260914 18:52:41.727286 300462 dfly_bench.cc:1001] ReceiveFb done
I20260914 18:52:41.727295 300470 dfly_bench.cc:1001] ReceiveFb done
I20260914 18:52:41.727301 300476 dfly_bench.cc:926] Done queuing 4294967295 requests, which took 300.0s. Waiting for server processing
I20260914 18:52:41.727305 300462 dfly_bench.cc:926] Done queuing 4294967295 requests, which took 300.0s. Waiting for server processing
I20260914 18:52:41.727314 300470 dfly_bench.cc:1001] ReceiveFb done
I20260914 18:52:41.727016 300467 dfly_bench.cc:926] Done queuing 4294967295 requests, which took 300.0s. Waiting for server processing
I20260914 18:52:41.727205 300463 dfly_bench.cc:1001] ReceiveFb done
I20260914 18:52:41.727337 300470 dfly_bench.cc:1001] ReceiveFb done
I20260914 18:52:41.727131 300477 dfly_bench.cc:1001] ReceiveFb done
I20260914 18:52:41.727353 300476 dfly_bench.cc:1001] ReceiveFb done
I20260914 18:52:41.727021 300465 dfly_bench.cc:926] Done queuing 4294967295 requests, which took 300.0s. Waiting for server processing
I20260914 18:52:41.727393 300470 dfly_bench.cc:1001] ReceiveFb done
I20260914 18:52:41.727397 300465 dfly_bench.cc:926] Done queuing 4294967295 requests, which took 300.0s. Waiting for server processing
I20260914 18:52:41.726989 300469 dfly_bench.cc:1001] ReceiveFb done
I20260914 18:52:41.727401 300477 dfly_bench.cc:1001] ReceiveFb done
I20260914 18:52:41.727406 300465 dfly_bench.cc:926] Done queuing 4294967295 requests, which took 300.0s. Waiting for server processing
I20260914 18:52:41.727236 300464 dfly_bench.cc:926] Done queuing 4294967295 requests, which took 300.0s. Waiting for server processing
I20260914 18:52:41.727371 300467 dfly_bench.cc:926] Done queuing 4294967295 requests, which took 300.0s. Waiting for server processing
I20260914 18:52:41.727412 300476 dfly_bench.cc:1001] ReceiveFb done
I20260914 18:52:41.727421 300464 dfly_bench.cc:1001] ReceiveFb done
I20260914 18:52:41.727218 300472 dfly_bench.cc:926] Done queuing 4294967295 requests, which took 300.0s. Waiting for server processing
I20260914 18:52:41.727415 300465 dfly_bench.cc:926] Done queuing 4294967295 requests, which took 300.0s. Waiting for server processing
I20260914 18:52:41.727129 300474 dfly_bench.cc:926] Done queuing 4294967295 requests, which took 300.0s. Waiting for server processing
I20260914 18:52:41.727315 300462 dfly_bench.cc:926] Done queuing 4294967295 requests, which took 300.0s. Waiting for server processing
I20260914 18:52:41.727306 300475 dfly_bench.cc:926] Done queuing 4294967295 requests, which took 300.0s. Waiting for server processing
I20260914 18:52:41.726982 300473 dfly_bench.cc:926] Done queuing 4294967295 requests, which took 300.0s. Waiting for server processing
I20260914 18:52:41.727423 300469 dfly_bench.cc:1001] ReceiveFb done
I20260914 18:52:41.727422 300463 dfly_bench.cc:926] Done queuing 4294967295 requests, which took 300.0s. Waiting for server processing
I20260914 18:52:41.727412 300470 dfly_bench.cc:1001] ReceiveFb done
I20260914 18:52:41.727442 300476 dfly_bench.cc:926] Done queuing 4294967295 requests, which took 300.0s. Waiting for server processing
I20260914 18:52:41.727423 300466 dfly_bench.cc:1001] ReceiveFb done
I20260914 18:52:41.727473 300476 dfly_bench.cc:926] Done queuing 4294967295 requests, which took 300.0s. Waiting for server processing
I20260914 18:52:41.727447 300462 dfly_bench.cc:926] Done queuing 4294967295 requests, which took 300.0s. Waiting for server processing
I20260914 18:52:41.727484 300476 dfly_bench.cc:926] Done queuing 4294967295 requests, which took 300.0s. Waiting for server processing
I20260914 18:52:41.727465 300473 dfly_bench.cc:926] Done queuing 4294967295 requests, which took 300.0s. Waiting for server processing
I20260914 18:52:41.727447 300474 dfly_bench.cc:926] Done queuing 4294967295 requests, which took 300.0s. Waiting for server processing
I20260914 18:52:41.727419 300467 dfly_bench.cc:926] Done queuing 4294967295 requests, which took 300.0s. Waiting for server processing
I20260914 18:52:41.727456 300475 dfly_bench.cc:926] Done queuing 4294967295 requests, which took 300.0s. Waiting for server processing
I20260914 18:52:41.727527 300475 dfly_bench.cc:926] Done queuing 4294967295 requests, which took 300.0s. Waiting for server processing
I20260914 18:52:41.727480 300477 dfly_bench.cc:926] Done queuing 4294967295 requests, which took 300.0s. Waiting for server processing
I20260914 18:52:41.727463 300463 dfly_bench.cc:926] Done queuing 4294967295 requests, which took 300.0s. Waiting for server processing
I20260914 18:52:41.727444 300464 dfly_bench.cc:1001] ReceiveFb done
I20260914 18:52:41.727542 300472 dfly_bench.cc:1001] ReceiveFb done
I20260914 18:52:41.727507 300473 dfly_bench.cc:926] Done queuing 4294967295 requests, which took 300.0s. Waiting for server processing
I20260914 18:52:41.727492 300469 dfly_bench.cc:926] Done queuing 4294967295 requests, which took 300.0s. Waiting for server processing
I20260914 18:52:41.727558 300469 dfly_bench.cc:926] Done queuing 4294967295 requests, which took 300.0s. Waiting for server processing
I20260914 18:52:41.727571 300469 dfly_bench.cc:926] Done queuing 4294967295 requests, which took 300.0s. Waiting for server processing
I20260914 18:52:41.727236 300471 dfly_bench.cc:1001] ReceiveFb done
I20260914 18:52:41.727560 300464 dfly_bench.cc:1001] ReceiveFb done
I20260914 18:52:41.727487 300466 dfly_bench.cc:1001] ReceiveFb done
I20260914 18:52:41.727548 300475 dfly_bench.cc:926] Done queuing 4294967295 requests, which took 300.0s. Waiting for server processing
I20260914 18:52:41.727553 300473 dfly_bench.cc:926] Done queuing 4294967295 requests, which took 300.0s. Waiting for server processing
I20260914 18:52:41.727563 300472 dfly_bench.cc:1001] ReceiveFb done
I20260914 18:52:41.727557 300477 dfly_bench.cc:926] Done queuing 4294967295 requests, which took 300.0s. Waiting for server processing
I20260914 18:52:41.727597 300466 dfly_bench.cc:1001] ReceiveFb done
I20260914 18:52:41.727494 300476 dfly_bench.cc:926] Done queuing 4294967295 requests, which took 300.0s. Waiting for server processing
I20260914 18:52:41.727588 300475 dfly_bench.cc:926] Done queuing 4294967295 requests, which took 300.0s. Waiting for server processing
I20260914 18:52:41.727609 300472 dfly_bench.cc:1001] ReceiveFb done
I20260914 18:52:41.727579 300469 dfly_bench.cc:926] Done queuing 4294967295 requests, which took 300.0s. Waiting for server processing
I20260914 18:52:41.727620 300475 dfly_bench.cc:926] Done queuing 4294967295 requests, which took 300.0s. Waiting for server processing
I20260914 18:52:41.727526 300474 dfly_bench.cc:926] Done queuing 4294967295 requests, which took 300.0s. Waiting for server processing
I20260914 18:52:41.727483 300470 dfly_bench.cc:926] Done queuing 4294967295 requests, which took 300.0s. Waiting for server processing
I20260914 18:52:41.727618 300476 dfly_bench.cc:926] Done queuing 4294967295 requests, which took 300.0s. Waiting for server processing
I20260914 18:52:41.727648 300474 dfly_bench.cc:926] Done queuing 4294967295 requests, which took 300.0s. Waiting for server processing
I20260914 18:52:41.727655 300476 dfly_bench.cc:926] Done queuing 4294967295 requests, which took 300.0s. Waiting for server processing
I20260914 18:52:41.727628 300466 dfly_bench.cc:1001] ReceiveFb done
I20260914 18:52:41.727636 300464 dfly_bench.cc:926] Done queuing 4294967295 requests, which took 300.0s. Waiting for server processing
I20260914 18:52:41.727159 300468 dfly_bench.cc:1001] ReceiveFb done
I20260914 18:52:41.727568 300463 dfly_bench.cc:926] Done queuing 4294967295 requests, which took 300.0s. Waiting for server processing
I20260914 18:52:41.727593 300471 dfly_bench.cc:1001] ReceiveFb done
I20260914 18:52:41.727660 300474 dfly_bench.cc:926] Done queuing 4294967295 requests, which took 300.0s. Waiting for server processing
I20260914 18:52:41.727679 300465 dfly_bench.cc:926] Done queuing 4294967295 requests, which took 300.0s. Waiting for server processing
I20260914 18:52:41.727689 300470 dfly_bench.cc:926] Done queuing 4294967295 requests, which took 300.0s. Waiting for server processing
I20260914 18:52:41.727664 300476 dfly_bench.cc:926] Done queuing 4294967295 requests, which took 300.0s. Waiting for server processing
I20260914 18:52:41.727676 300473 dfly_bench.cc:1001] ReceiveFb done
I20260914 18:52:41.727674 300477 dfly_bench.cc:1001] ReceiveFb done
I20260914 18:52:41.727669 300464 dfly_bench.cc:926] Done queuing 4294967295 requests, which took 300.0s. Waiting for server processing
I20260914 18:52:41.727643 300469 dfly_bench.cc:926] Done queuing 4294967295 requests, which took 300.0s. Waiting for server processing
I20260914 18:52:41.727703 300470 dfly_bench.cc:926] Done queuing 4294967295 requests, which took 300.0s. Waiting for server processing
I20260914 18:52:41.727702 300465 dfly_bench.cc:926] Done queuing 4294967295 requests, which took 300.0s. Waiting for server processing
I20260914 18:52:41.727696 300474 dfly_bench.cc:926] Done queuing 4294967295 requests, which took 300.0s. Waiting for server processing
I20260914 18:52:41.727634 300472 dfly_bench.cc:1001] ReceiveFb done
I20260914 18:52:41.727725 300477 dfly_bench.cc:1001] ReceiveFb done
I20260914 18:52:41.727710 300476 dfly_bench.cc:926] Done queuing 4294967295 requests, which took 300.0s. Waiting for server processing
I20260914 18:52:41.727588 300467 dfly_bench.cc:1001] ReceiveFb done
I20260914 18:52:41.727676 300466 dfly_bench.cc:1001] ReceiveFb done
I20260914 18:52:41.727721 300473 dfly_bench.cc:1001] ReceiveFb done
I20260914 18:52:41.727751 300472 dfly_bench.cc:1001] ReceiveFb done
I20260914 18:52:41.727756 300477 dfly_bench.cc:1001] ReceiveFb done
I20260914 18:52:41.727770 300473 dfly_bench.cc:1001] ReceiveFb done
I20260914 18:52:41.727767 300467 dfly_bench.cc:1001] ReceiveFb done
I20260914 18:52:41.727613 300462 dfly_bench.cc:1001] ReceiveFb done
I20260914 18:52:41.727685 300468 dfly_bench.cc:1001] ReceiveFb done
I20260914 18:52:41.727715 300469 dfly_bench.cc:926] Done queuing 4294967295 requests, which took 300.0s. Waiting for server processing
I20260914 18:52:41.727794 300467 dfly_bench.cc:1001] ReceiveFb done
I20260914 18:52:41.727797 300462 dfly_bench.cc:1001] ReceiveFb done
I20260914 18:52:41.727689 300463 dfly_bench.cc:926] Done queuing 4294967295 requests, which took 300.0s. Waiting for server processing
I20260914 18:52:41.727707 300471 dfly_bench.cc:1001] ReceiveFb done
I20260914 18:52:41.727818 300462 dfly_bench.cc:1001] ReceiveFb done
I20260914 18:52:41.727809 300463 dfly_bench.cc:926] Done queuing 4294967295 requests, which took 300.0s. Waiting for server processing
I20260914 18:52:41.727787 300464 dfly_bench.cc:1001] ReceiveFb done
I20260914 18:52:41.727731 300470 dfly_bench.cc:926] Done queuing 4294967295 requests, which took 300.0s. Waiting for server processing
I20260914 18:52:41.727731 300465 dfly_bench.cc:926] Done queuing 4294967295 requests, which took 300.0s. Waiting for server processing
I20260914 18:52:41.727798 300468 dfly_bench.cc:1001] ReceiveFb done
I20260914 18:52:41.727768 300466 dfly_bench.cc:1001] ReceiveFb done
I20260914 18:52:41.727815 300467 dfly_bench.cc:1001] ReceiveFb done
I20260914 18:52:41.727846 300464 dfly_bench.cc:1001] ReceiveFb done
I20260914 18:52:41.727806 300473 dfly_bench.cc:1001] ReceiveFb done
I20260914 18:52:41.727833 300463 dfly_bench.cc:926] Done queuing 4294967295 requests, which took 300.0s. Waiting for server processing
I20260914 18:52:41.727772 300472 dfly_bench.cc:1001] ReceiveFb done
I20260914 18:52:41.727797 300477 dfly_bench.cc:1001] ReceiveFb done
I20260914 18:52:41.727869 300468 dfly_bench.cc:1001] ReceiveFb done
I20260914 18:52:41.727866 300473 dfly_bench.cc:1001] ReceiveFb done
I20260914 18:52:41.727833 300471 dfly_bench.cc:1001] ReceiveFb done
I20260914 18:52:41.727887 300477 dfly_bench.cc:1001] ReceiveFb done
I20260914 18:52:41.727833 300476 dfly_bench.cc:1001] ReceiveFb done
I20260914 18:52:41.727842 300465 dfly_bench.cc:926] Done queuing 4294967295 requests, which took 300.0s. Waiting for server processing
I20260914 18:52:41.727885 300467 dfly_bench.cc:1001] ReceiveFb done
I20260914 18:52:41.727842 300462 dfly_bench.cc:926] Done queuing 4294967295 requests, which took 300.0s. Waiting for server processing
I20260914 18:52:41.727857 300466 dfly_bench.cc:1001] ReceiveFb done
I20260914 18:52:41.727914 300471 dfly_bench.cc:1001] ReceiveFb done
I20260914 18:52:41.727921 300462 dfly_bench.cc:926] Done queuing 4294967295 requests, which took 300.0s. Waiting for server processing
I20260914 18:52:41.727906 300474 dfly_bench.cc:1001] ReceiveFb done
I20260914 18:52:41.727844 300475 dfly_bench.cc:926] Done queuing 4294967295 requests, which took 300.0s. Waiting for server processing
I20260914 18:52:41.727905 300465 dfly_bench.cc:926] Done queuing 4294967295 requests, which took 300.0s. Waiting for server processing
I20260914 18:52:41.727931 300466 dfly_bench.cc:1001] ReceiveFb done
I20260914 18:52:41.727936 300471 dfly_bench.cc:1001] ReceiveFb done
I20260914 18:52:41.727866 300464 dfly_bench.cc:1001] ReceiveFb done
I20260914 18:52:41.727968 300475 dfly_bench.cc:926] Done queuing 4294967295 requests, which took 300.0s. Waiting for server processing
I20260914 18:52:41.727921 300467 dfly_bench.cc:1001] ReceiveFb done
I20260914 18:52:41.727912 300476 dfly_bench.cc:1001] ReceiveFb done
I20260914 18:52:41.727878 300472 dfly_bench.cc:1001] ReceiveFb done
I20260914 18:52:41.727970 300465 dfly_bench.cc:926] Done queuing 4294967295 requests, which took 300.0s. Waiting for server processing
I20260914 18:52:41.727841 300470 dfly_bench.cc:926] Done queuing 4294967295 requests, which took 300.0s. Waiting for server processing
I20260914 18:52:41.727982 300475 dfly_bench.cc:1001] ReceiveFb done
I20260914 18:52:41.727900 300473 dfly_bench.cc:1001] ReceiveFb done
I20260914 18:52:41.727983 300466 dfly_bench.cc:1001] ReceiveFb done
I20260914 18:52:41.727896 300468 dfly_bench.cc:1001] ReceiveFb done
I20260914 18:52:41.727967 300477 dfly_bench.cc:926] Done queuing 4294967295 requests, which took 300.0s. Waiting for server processing
I20260914 18:52:41.728027 300466 dfly_bench.cc:1001] ReceiveFb done
I20260914 18:52:41.727990 300471 dfly_bench.cc:1001] ReceiveFb done
I20260914 18:52:41.727931 300462 dfly_bench.cc:926] Done queuing 4294967295 requests, which took 300.0s. Waiting for server processing
I20260914 18:52:41.727996 300465 dfly_bench.cc:926] Done queuing 4294967295 requests, which took 300.0s. Waiting for server processing
I20260914 18:52:41.728035 300468 dfly_bench.cc:1001] ReceiveFb done
I20260914 18:52:41.728042 300465 dfly_bench.cc:1001] ReceiveFb done
I20260914 18:52:41.728049 300471 dfly_bench.cc:1001] ReceiveFb done
I20260914 18:52:41.728003 300476 dfly_bench.cc:1001] ReceiveFb done
I20260914 18:52:41.727994 300474 dfly_bench.cc:1001] ReceiveFb done
I20260914 18:52:41.728008 300472 dfly_bench.cc:1001] ReceiveFb done
I20260914 18:52:41.727995 300470 dfly_bench.cc:926] Done queuing 4294967295 requests, which took 300.0s. Waiting for server processing
I20260914 18:52:41.728010 300475 dfly_bench.cc:1001] ReceiveFb done
I20260914 18:52:41.728071 300471 dfly_bench.cc:1001] ReceiveFb done
I20260914 18:52:41.728077 300474 dfly_bench.cc:1001] ReceiveFb done
I20260914 18:52:41.728080 300472 dfly_bench.cc:1001] ReceiveFb done
I20260914 18:52:41.728075 300470 dfly_bench.cc:926] Done queuing 4294967295 requests, which took 300.0s. Waiting for server processing
I20260914 18:52:41.727993 300467 dfly_bench.cc:1001] ReceiveFb done
I20260914 18:52:41.727990 300464 dfly_bench.cc:1001] ReceiveFb done
I20260914 18:52:41.728019 300473 dfly_bench.cc:1001] ReceiveFb done
I20260914 18:52:41.728127 300462 dfly_bench.cc:1001] ReceiveFb done
I20260914 18:52:41.728101 300475 dfly_bench.cc:1001] ReceiveFb done
I20260914 18:52:41.728104 300463 dfly_bench.cc:926] Done queuing 4294967295 requests, which took 300.0s. Waiting for server processing
I20260914 18:52:41.727916 300469 dfly_bench.cc:926] Done queuing 4294967295 requests, which took 300.0s. Waiting for server processing
I20260914 18:52:41.728124 300464 dfly_bench.cc:1001] ReceiveFb done
I20260914 18:52:41.728097 300470 dfly_bench.cc:926] Done queuing 4294967295 requests, which took 300.0s. Waiting for server processing
I20260914 18:52:41.728157 300462 dfly_bench.cc:1001] ReceiveFb done
I20260914 18:52:41.728096 300471 dfly_bench.cc:1001] ReceiveFb done
I20260914 18:52:41.728112 300467 dfly_bench.cc:1001] ReceiveFb done
I20260914 18:52:41.728139 300473 dfly_bench.cc:1001] ReceiveFb done
I20260914 18:52:41.728150 300463 dfly_bench.cc:926] Done queuing 4294967295 requests, which took 300.0s. Waiting for server processing
I20260914 18:52:41.728106 300472 dfly_bench.cc:1001] ReceiveFb done
I20260914 18:52:41.728050 300466 dfly_bench.cc:1001] ReceiveFb done
I20260914 18:52:41.728070 300465 dfly_bench.cc:1001] ReceiveFb done
I20260914 18:52:41.728163 300469 dfly_bench.cc:926] Done queuing 4294967295 requests, which took 300.0s. Waiting for server processing
I20260914 18:52:41.728154 300477 dfly_bench.cc:1001] ReceiveFb done
I20260914 18:52:41.728165 300470 dfly_bench.cc:926] Done queuing 4294967295 requests, which took 300.0s. Waiting for server processing
I20260914 18:52:41.728072 300476 dfly_bench.cc:1001] ReceiveFb done
I20260914 18:52:41.728163 300475 dfly_bench.cc:1001] ReceiveFb done
I20260914 18:52:41.728179 300462 dfly_bench.cc:1001] ReceiveFb done
I20260914 18:52:41.728107 300474 dfly_bench.cc:1001] ReceiveFb done
I20260914 18:52:41.728188 300469 dfly_bench.cc:926] Done queuing 4294967295 requests, which took 300.0s. Waiting for server processing
I20260914 18:52:41.728188 300467 dfly_bench.cc:1001] ReceiveFb done
I20260914 18:52:41.728227 300469 dfly_bench.cc:926] Done queuing 4294967295 requests, which took 300.0s. Waiting for server processing
I20260914 18:52:41.728224 300476 dfly_bench.cc:1001] ReceiveFb done
I20260914 18:52:41.728231 300475 dfly_bench.cc:1001] ReceiveFb done
I20260914 18:52:41.728183 300471 dfly_bench.cc:1001] ReceiveFb done
I20260914 18:52:41.728209 300477 dfly_bench.cc:1001] ReceiveFb done
I20260914 18:52:41.728180 300463 dfly_bench.cc:926] Done queuing 4294967295 requests, which took 300.0s. Waiting for server processing
I20260914 18:52:41.728214 300465 dfly_bench.cc:1001] ReceiveFb done
I20260914 18:52:41.728241 300467 dfly_bench.cc:1001] ReceiveFb done
I20260914 18:52:41.728194 300466 dfly_bench.cc:1001] ReceiveFb done
I20260914 18:52:41.728245 300474 dfly_bench.cc:1001] ReceiveFb done
I20260914 18:52:41.728252 300476 dfly_bench.cc:1001] ReceiveFb done
I20260914 18:52:41.728235 300462 dfly_bench.cc:926] Done queuing 4294967295 requests, which took 300.0s. Waiting for server processing
I20260914 18:52:41.728194 300473 dfly_bench.cc:1001] ReceiveFb done
I20260914 18:52:41.728307 300466 dfly_bench.cc:926] Done queuing 4294967295 requests, which took 300.0s. Waiting for server processing
I20260914 18:52:41.728294 300474 dfly_bench.cc:1001] ReceiveFb done
I20260914 18:52:41.728293 300469 dfly_bench.cc:1001] ReceiveFb done
I20260914 18:52:41.728269 300465 dfly_bench.cc:1001] ReceiveFb done
I20260914 18:52:41.728209 300464 dfly_bench.cc:926] Done queuing 4294967295 requests, which took 300.0s. Waiting for server processing
I20260914 18:52:41.728205 300472 dfly_bench.cc:926] Done queuing 4294967295 requests, which took 300.0s. Waiting for server processing
I20260914 18:52:41.728294 300468 dfly_bench.cc:926] Done queuing 4294967295 requests, which took 300.0s. Waiting for server processing
I20260914 18:52:41.728258 300475 dfly_bench.cc:1001] ReceiveFb done
I20260914 18:52:41.728255 300471 dfly_bench.cc:1001] ReceiveFb done
I20260914 18:52:41.728327 300473 dfly_bench.cc:1001] ReceiveFb done
I20260914 18:52:41.728259 300477 dfly_bench.cc:1001] ReceiveFb done
I20260914 18:52:41.728298 300476 dfly_bench.cc:1001] ReceiveFb done
I20260914 18:52:41.728358 300472 dfly_bench.cc:926] Done queuing 4294967295 requests, which took 300.0s. Waiting for server processing
I20260914 18:52:41.728318 300466 dfly_bench.cc:926] Done queuing 4294967295 requests, which took 300.0s. Waiting for server processing
I20260914 18:52:41.728358 300468 dfly_bench.cc:926] Done queuing 4294967295 requests, which took 300.0s. Waiting for server processing
I20260914 18:52:41.728381 300473 dfly_bench.cc:1001] ReceiveFb done
I20260914 18:52:41.728367 300470 dfly_bench.cc:1001] ReceiveFb done
I20260914 18:52:41.728396 300476 dfly_bench.cc:1001] ReceiveFb done
I20260914 18:52:41.728295 300462 dfly_bench.cc:926] Done queuing 4294967295 requests, which took 300.0s. Waiting for server processing
I20260914 18:52:41.728404 300471 dfly_bench.cc:926] Done queuing 4294967295 requests, which took 300.0s. Waiting for server processing
I20260914 18:52:41.728387 300464 dfly_bench.cc:926] Done queuing 4294967295 requests, which took 300.0s. Waiting for server processing
I20260914 18:52:41.728354 300469 dfly_bench.cc:1001] ReceiveFb done
I20260914 18:52:41.728385 300472 dfly_bench.cc:926] Done queuing 4294967295 requests, which took 300.0s. Waiting for server processing
I20260914 18:52:41.728407 300475 dfly_bench.cc:926] Done queuing 4294967295 requests, which took 300.0s. Waiting for server processing
I20260914 18:52:41.728416 300464 dfly_bench.cc:926] Done queuing 4294967295 requests, which took 300.0s. Waiting for server processing
I20260914 18:52:41.728359 300474 dfly_bench.cc:926] Done queuing 4294967295 requests, which took 300.0s. Waiting for server processing
I20260914 18:52:41.728436 300469 dfly_bench.cc:1001] ReceiveFb done
I20260914 18:52:41.728257 300463 dfly_bench.cc:926] Done queuing 4294967295 requests, which took 300.0s. Waiting for server processing
I20260914 18:52:41.728405 300468 dfly_bench.cc:926] Done queuing 4294967295 requests, which took 300.0s. Waiting for server processing
I20260914 18:52:41.728462 300469 dfly_bench.cc:1001] ReceiveFb done
I20260914 18:52:41.728446 300474 dfly_bench.cc:926] Done queuing 4294967295 requests, which took 300.0s. Waiting for server processing
I20260914 18:52:41.728418 300470 dfly_bench.cc:1001] ReceiveFb done
I20260914 18:52:41.728475 300474 dfly_bench.cc:926] Done queuing 4294967295 requests, which took 300.0s. Waiting for server processing
I20260914 18:52:41.728462 300477 dfly_bench.cc:926] Done queuing 4294967295 requests, which took 300.0s. Waiting for server processing
I20260914 18:52:41.728457 300468 dfly_bench.cc:926] Done queuing 4294967295 requests, which took 300.0s. Waiting for server processing
I20260914 18:52:41.728493 300477 dfly_bench.cc:926] Done queuing 4294967295 requests, which took 300.0s. Waiting for server processing
I20260914 18:52:41.728456 300463 dfly_bench.cc:926] Done queuing 4294967295 requests, which took 300.0s. Waiting for server processing
I20260914 18:52:41.728514 300463 dfly_bench.cc:1001] ReceiveFb done
I20260914 18:52:41.728492 300470 dfly_bench.cc:1001] ReceiveFb done
I20260914 18:52:41.728433 300476 dfly_bench.cc:926] Done queuing 4294967295 requests, which took 300.0s. Waiting for server processing
I20260914 18:52:41.728426 300464 dfly_bench.cc:926] Done queuing 4294967295 requests, which took 300.0s. Waiting for server processing
I20260914 18:52:41.728436 300473 dfly_bench.cc:926] Done queuing 4294967295 requests, which took 300.0s. Waiting for server processing
I20260914 18:52:41.728488 300469 dfly_bench.cc:1001] ReceiveFb done
I20260914 18:52:41.728489 300465 dfly_bench.cc:1001] ReceiveFb done
I20260914 18:52:41.728549 300470 dfly_bench.cc:1001] ReceiveFb done
I20260914 18:52:41.728564 300469 dfly_bench.cc:1001] ReceiveFb done
I20260914 18:52:41.728492 300468 dfly_bench.cc:926] Done queuing 4294967295 requests, which took 300.0s. Waiting for server processing
I20260914 18:52:41.728543 300463 dfly_bench.cc:1001] ReceiveFb done
I20260914 18:52:41.728507 300477 dfly_bench.cc:926] Done queuing 4294967295 requests, which took 300.0s. Waiting for server processing
I20260914 18:52:41.728560 300464 dfly_bench.cc:926] Done queuing 4294967295 requests, which took 300.0s. Waiting for server processing
I20260914 18:52:41.728574 300470 dfly_bench.cc:1001] ReceiveFb done
I20260914 18:52:41.728572 300465 dfly_bench.cc:1001] ReceiveFb done
I20260914 18:52:41.728503 300467 dfly_bench.cc:926] Done queuing 4294967295 requests, which took 300.0s. Waiting for server processing
I20260914 18:52:41.728499 300462 dfly_bench.cc:1001] ReceiveFb done
I20260914 18:52:41.728601 300470 dfly_bench.cc:1001] ReceiveFb done
I20260914 18:52:41.728619 300464 dfly_bench.cc:926] Done queuing 4294967295 requests, which took 300.0s. Waiting for server processing
I20260914 18:52:41.728547 300475 dfly_bench.cc:1001] ReceiveFb done
I20260914 18:52:41.728609 300467 dfly_bench.cc:926] Done queuing 4294967295 requests, which took 300.0s. Waiting for server processing
I20260914 18:52:41.728605 300465 dfly_bench.cc:1001] ReceiveFb done
I20260914 18:52:41.728483 300474 dfly_bench.cc:926] Done queuing 4294967295 requests, which took 300.0s. Waiting for server processing
I20260914 18:52:41.728634 300470 dfly_bench.cc:1001] ReceiveFb done
I20260914 18:52:41.728629 300462 dfly_bench.cc:1001] ReceiveFb done
I20260914 18:52:41.728586 300469 dfly_bench.cc:1001] ReceiveFb done
I20260914 18:52:41.728672 300471 dfly_bench.cc:926] Done queuing 4294967295 requests, which took 300.0s. Waiting for server processing
I20260914 18:52:41.728578 300468 dfly_bench.cc:926] Done queuing 4294967295 requests, which took 300.0s. Waiting for server processing
I20260914 18:52:41.728648 300475 dfly_bench.cc:1001] ReceiveFb done
I20260914 18:52:41.728542 300476 dfly_bench.cc:926] Done queuing 4294967295 requests, which took 300.0s. Waiting for server processing
I20260914 18:52:41.728700 300468 dfly_bench.cc:926] Done queuing 4294967295 requests, which took 300.0s. Waiting for server processing
I20260914 18:52:41.728649 300464 dfly_bench.cc:1001] ReceiveFb done
I20260914 18:52:41.728595 300463 dfly_bench.cc:1001] ReceiveFb done
I20260914 18:52:41.728704 300476 dfly_bench.cc:926] Done queuing 4294967295 requests, which took 300.0s. Waiting for server processing
I20260914 18:52:41.728674 300470 dfly_bench.cc:1001] ReceiveFb done
I20260914 18:52:41.728641 300472 dfly_bench.cc:926] Done queuing 4294967295 requests, which took 300.0s. Waiting for server processing
I20260914 18:52:41.728679 300462 dfly_bench.cc:926] Done queuing 4294967295 requests, which took 300.0s. Waiting for server processing
I20260914 18:52:41.728644 300467 dfly_bench.cc:926] Done queuing 4294967295 requests, which took 300.0s. Waiting for server processing
I20260914 18:52:41.728647 300474 dfly_bench.cc:926] Done queuing 4294967295 requests, which took 300.0s. Waiting for server processing
I20260914 18:52:41.728754 300462 dfly_bench.cc:926] Done queuing 4294967295 requests, which took 300.0s. Waiting for server processing
I20260914 18:52:41.728680 300471 dfly_bench.cc:926] Done queuing 4294967295 requests, which took 300.0s. Waiting for server processing
I20260914 18:52:41.728737 300476 dfly_bench.cc:926] Done queuing 4294967295 requests, which took 300.0s. Waiting for server processing
I20260914 18:52:41.728756 300467 dfly_bench.cc:926] Done queuing 4294967295 requests, which took 300.0s. Waiting for server processing
I20260914 18:52:41.728713 300468 dfly_bench.cc:926] Done queuing 4294967295 requests, which took 300.0s. Waiting for server processing
I20260914 18:52:41.728772 300476 dfly_bench.cc:926] Done queuing 4294967295 requests, which took 300.0s. Waiting for server processing
I20260914 18:52:41.728590 300477 dfly_bench.cc:926] Done queuing 4294967295 requests, which took 300.0s. Waiting for server processing
I20260914 18:52:41.728686 300469 dfly_bench.cc:1001] ReceiveFb done
I20260914 18:52:41.728766 300473 dfly_bench.cc:926] Done queuing 4294967295 requests, which took 300.0s. Waiting for server processing
I20260914 18:52:41.728713 300475 dfly_bench.cc:926] Done queuing 4294967295 requests, which took 300.0s. Waiting for server processing
I20260914 18:52:41.728803 300477 dfly_bench.cc:926] Done queuing 4294967295 requests, which took 300.0s. Waiting for server processing
I20260914 18:52:41.728816 300475 dfly_bench.cc:926] Done queuing 4294967295 requests, which took 300.0s. Waiting for server processing
I20260914 18:52:41.728817 300469 dfly_bench.cc:1001] ReceiveFb done
I20260914 18:52:41.728643 300466 dfly_bench.cc:926] Done queuing 4294967295 requests, which took 300.0s. Waiting for server processing
I20260914 18:52:41.728766 300462 dfly_bench.cc:926] Done queuing 4294967295 requests, which took 300.0s. Waiting for server processing
I20260914 18:52:41.728658 300465 dfly_bench.cc:1001] ReceiveFb done
I20260914 18:52:41.728833 300468 dfly_bench.cc:1001] ReceiveFb done
I20260914 18:52:41.728773 300467 dfly_bench.cc:926] Done queuing 4294967295 requests, which took 300.0s. Waiting for server processing
I20260914 18:52:41.728770 300470 dfly_bench.cc:1001] ReceiveFb done
I20260914 18:52:41.728761 300472 dfly_bench.cc:926] Done queuing 4294967295 requests, which took 300.0s. Waiting for server processing
I20260914 18:52:41.728749 300463 dfly_bench.cc:1001] ReceiveFb done
I20260914 18:52:41.728838 300462 dfly_bench.cc:926] Done queuing 4294967295 requests, which took 300.0s. Waiting for server processing
I20260914 18:52:41.728734 300464 dfly_bench.cc:1001] ReceiveFb done
I20260914 18:52:41.728843 300469 dfly_bench.cc:1001] ReceiveFb done
I20260914 18:52:41.728854 300465 dfly_bench.cc:1001] ReceiveFb done
I20260914 18:52:41.728825 300475 dfly_bench.cc:926] Done queuing 4294967295 requests, which took 300.0s. Waiting for server processing
I20260914 18:52:41.728811 300473 dfly_bench.cc:926] Done queuing 4294967295 requests, which took 300.0s. Waiting for server processing
I20260914 18:52:41.728847 300472 dfly_bench.cc:926] Done queuing 4294967295 requests, which took 300.0s. Waiting for server processing
I20260914 18:52:41.728873 300475 dfly_bench.cc:926] Done queuing 4294967295 requests, which took 300.0s. Waiting for server processing
I20260914 18:52:41.728873 300470 dfly_bench.cc:926] Done queuing 4294967295 requests, which took 300.0s. Waiting for server processing
I20260914 18:52:41.728770 300471 dfly_bench.cc:926] Done queuing 4294967295 requests, which took 300.0s. Waiting for server processing
I20260914 18:52:41.728860 300462 dfly_bench.cc:926] Done queuing 4294967295 requests, which took 300.0s. Waiting for server processing
I20260914 18:52:41.728890 300475 dfly_bench.cc:926] Done queuing 4294967295 requests, which took 300.0s. Waiting for server processing
I20260914 18:52:41.728842 300466 dfly_bench.cc:926] Done queuing 4294967295 requests, which took 300.0s. Waiting for server processing
I20260914 18:52:41.728822 300477 dfly_bench.cc:926] Done queuing 4294967295 requests, which took 300.0s. Waiting for server processing
I20260914 18:52:41.728911 300477 dfly_bench.cc:926] Done queuing 4294967295 requests, which took 300.0s. Waiting for server processing
I20260914 18:52:41.728893 300473 dfly_bench.cc:926] Done queuing 4294967295 requests, which took 300.0s. Waiting for server processing
I20260914 18:52:41.728844 300467 dfly_bench.cc:926] Done queuing 4294967295 requests, which took 300.0s. Waiting for server processing
I20260914 18:52:41.728955 300464 dfly_bench.cc:926] Done queuing 4294967295 requests, which took 300.0s. Waiting for server processing
I20260914 18:52:41.728897 300471 dfly_bench.cc:926] Done queuing 4294967295 requests, which took 300.0s. Waiting for server processing
I20260914 18:52:41.728962 300473 dfly_bench.cc:926] Done queuing 4294967295 requests, which took 300.0s. Waiting for server processing
I20260914 18:52:41.728860 300463 dfly_bench.cc:1001] ReceiveFb done
I20260914 18:52:41.728950 300477 dfly_bench.cc:1001] ReceiveFb done
I20260914 18:52:41.728899 300462 dfly_bench.cc:926] Done queuing 4294967295 requests, which took 300.0s. Waiting for server processing
I20260914 18:52:41.728888 300469 dfly_bench.cc:926] Done queuing 4294967295 requests, which took 300.0s. Waiting for server processing
I20260914 18:52:41.728965 300474 dfly_bench.cc:1001] ReceiveFb done
I20260914 18:52:41.728971 300464 dfly_bench.cc:926] Done queuing 4294967295 requests, which took 300.0s. Waiting for server processing
I20260914 18:52:41.728889 300472 dfly_bench.cc:926] Done queuing 4294967295 requests, which took 300.0s. Waiting for server processing
I20260914 18:52:41.728994 300464 dfly_bench.cc:926] Done queuing 4294967295 requests, which took 300.0s. Waiting for server processing
I20260914 18:52:41.729008 300474 dfly_bench.cc:1001] ReceiveFb done
I20260914 18:52:41.728868 300468 dfly_bench.cc:1001] ReceiveFb done
I20260914 18:52:41.729012 300464 dfly_bench.cc:926] Done queuing 4294967295 requests, which took 300.0s. Waiting for server processing
I20260914 18:52:41.728999 300477 dfly_bench.cc:1001] ReceiveFb done
I20260914 18:52:41.728991 300463 dfly_bench.cc:1001] ReceiveFb done
I20260914 18:52:41.729027 300473 dfly_bench.cc:1001] ReceiveFb done
I20260914 18:52:41.728950 300466 dfly_bench.cc:1001] ReceiveFb done
I20260914 18:52:41.728895 300470 dfly_bench.cc:926] Done queuing 4294967295 requests, which took 300.0s. Waiting for server processing
I20260914 18:52:41.728883 300465 dfly_bench.cc:1001] ReceiveFb done
I20260914 18:52:41.728964 300467 dfly_bench.cc:926] Done queuing 4294967295 requests, which took 300.0s. Waiting for server processing
I20260914 18:52:41.728947 300475 dfly_bench.cc:926] Done queuing 4294967295 requests, which took 300.0s. Waiting for server processing
I20260914 18:52:41.729033 300464 dfly_bench.cc:1001] ReceiveFb done
I20260914 18:52:41.729043 300472 dfly_bench.cc:1001] ReceiveFb done
I20260914 18:52:41.729029 300471 dfly_bench.cc:1001] ReceiveFb done
I20260914 18:52:41.729053 300468 dfly_bench.cc:1001] ReceiveFb done
I20260914 18:52:41.729067 300465 dfly_bench.cc:1001] ReceiveFb done
I20260914 18:52:41.729070 300464 dfly_bench.cc:1001] ReceiveFb done
I20260914 18:52:41.729074 300472 dfly_bench.cc:1001] ReceiveFb done
I20260914 18:52:41.728978 300476 dfly_bench.cc:926] Done queuing 4294967295 requests, which took 300.0s. Waiting for server processing
I20260914 18:52:41.729054 300477 dfly_bench.cc:1001] ReceiveFb done
I20260914 18:52:41.729091 300476 dfly_bench.cc:926] Done queuing 4294967295 requests, which took 300.0s. Waiting for server processing
I20260914 18:52:41.728996 300469 dfly_bench.cc:926] Done queuing 4294967295 requests, which took 300.0s. Waiting for server processing
I20260914 18:52:41.729063 300466 dfly_bench.cc:1001] ReceiveFb done
I20260914 18:52:41.729069 300473 dfly_bench.cc:1001] ReceiveFb done
I20260914 18:52:41.729074 300471 dfly_bench.cc:1001] ReceiveFb done
I20260914 18:52:41.729105 300477 dfly_bench.cc:1001] ReceiveFb done
I20260914 18:52:41.729097 300472 dfly_bench.cc:1001] ReceiveFb done
I20260914 18:52:41.729104 300464 dfly_bench.cc:1001] ReceiveFb done
I20260914 18:52:41.729048 300462 dfly_bench.cc:1001] ReceiveFb done
I20260914 18:52:41.729051 300470 dfly_bench.cc:926] Done queuing 4294967295 requests, which took 300.0s. Waiting for server processing
I20260914 18:52:41.729133 300473 dfly_bench.cc:1001] ReceiveFb done
I20260914 18:52:41.729048 300474 dfly_bench.cc:1001] ReceiveFb done
I20260914 18:52:41.729141 300477 dfly_bench.cc:1001] ReceiveFb done
I20260914 18:52:41.729108 300476 dfly_bench.cc:926] Done queuing 4294967295 requests, which took 300.0s. Waiting for server processing
I20260914 18:52:41.729130 300466 dfly_bench.cc:1001] ReceiveFb done
I20260914 18:52:41.729054 300475 dfly_bench.cc:926] Done queuing 4294967295 requests, which took 300.0s. Waiting for server processing
I20260914 18:52:41.729118 300465 dfly_bench.cc:926] Done queuing 4294967295 requests, which took 300.0s. Waiting for server processing
I20260914 18:52:41.729132 300471 dfly_bench.cc:1001] ReceiveFb done
I20260914 18:52:41.729055 300467 dfly_bench.cc:926] Done queuing 4294967295 requests, which took 300.0s. Waiting for server processing
I20260914 18:52:41.729107 300469 dfly_bench.cc:926] Done queuing 4294967295 requests, which took 300.0s. Waiting for server processing
I20260914 18:52:41.729153 300462 dfly_bench.cc:1001] ReceiveFb done
I20260914 18:52:41.729172 300466 dfly_bench.cc:1001] ReceiveFb done
I20260914 18:52:41.729183 300471 dfly_bench.cc:1001] ReceiveFb done
I20260914 18:52:41.729168 300477 dfly_bench.cc:1001] ReceiveFb done
I20260914 18:52:41.729154 300472 dfly_bench.cc:1001] ReceiveFb done
I20260914 18:52:41.729166 300473 dfly_bench.cc:1001] ReceiveFb done
I20260914 18:52:41.729214 300471 dfly_bench.cc:1001] ReceiveFb done
I20260914 18:52:41.729184 300469 dfly_bench.cc:926] Done queuing 4294967295 requests, which took 300.0s. Waiting for server processing
I20260914 18:52:41.729089 300468 dfly_bench.cc:1001] ReceiveFb done
I20260914 18:52:41.729231 300469 dfly_bench.cc:926] Done queuing 4294967295 requests, which took 300.0s. Waiting for server processing
I20260914 18:52:41.729206 300462 dfly_bench.cc:1001] ReceiveFb done
I20260914 18:52:41.729148 300464 dfly_bench.cc:1001] ReceiveFb done
I20260914 18:52:41.729167 300474 dfly_bench.cc:1001] ReceiveFb done
I20260914 18:52:41.729235 300472 dfly_bench.cc:1001] ReceiveFb done
I20260914 18:52:41.729214 300477 dfly_bench.cc:1001] ReceiveFb done
I20260914 18:52:41.729249 300467 dfly_bench.cc:1001] ReceiveFb done
I20260914 18:52:41.729163 300476 dfly_bench.cc:926] Done queuing 4294967295 requests, which took 300.0s. Waiting for server processing
I20260914 18:52:41.729259 300462 dfly_bench.cc:1001] ReceiveFb done
I20260914 18:52:41.729233 300473 dfly_bench.cc:1001] ReceiveFb done
I20260914 18:52:41.729287 300467 dfly_bench.cc:1001] ReceiveFb done
I20260914 18:52:41.729297 300462 dfly_bench.cc:1001] ReceiveFb done
I20260914 18:52:41.729246 300468 dfly_bench.cc:1001] ReceiveFb done
I20260914 18:52:41.729199 300475 dfly_bench.cc:1001] ReceiveFb done
I20260914 18:52:41.729260 300463 dfly_bench.cc:1001] ReceiveFb done
I20260914 18:52:41.729310 300467 dfly_bench.cc:1001] ReceiveFb done
I20260914 18:52:41.729259 300464 dfly_bench.cc:1001] ReceiveFb done
I20260914 18:52:41.729279 300472 dfly_bench.cc:1001] ReceiveFb done
I20260914 18:52:41.729285 300477 dfly_bench.cc:926] Done queuing 4294967295 requests, which took 300.0s. Waiting for server processing
I20260914 18:52:41.729349 300475 dfly_bench.cc:1001] ReceiveFb done
I20260914 18:52:41.729244 300465 dfly_bench.cc:926] Done queuing 4294967295 requests, which took 300.0s. Waiting for server processing
I20260914 18:52:41.729357 300477 dfly_bench.cc:926] Done queuing 4294967295 requests, which took 300.0s. Waiting for server processing
I20260914 18:52:41.729322 300473 dfly_bench.cc:926] Done queuing 4294967295 requests, which took 300.0s. Waiting for server processing
I20260914 18:52:41.729368 300471 dfly_bench.cc:926] Done queuing 4294967295 requests, which took 300.0s. Waiting for server processing
I20260914 18:52:41.729244 300466 dfly_bench.cc:926] Done queuing 4294967295 requests, which took 300.0s. Waiting for server processing
I20260914 18:52:41.729280 300476 dfly_bench.cc:926] Done queuing 4294967295 requests, which took 300.0s. Waiting for server processing
I20260914 18:52:41.729348 300467 dfly_bench.cc:1001] ReceiveFb done
I20260914 18:52:41.729393 300476 dfly_bench.cc:1001] ReceiveFb done
I20260914 18:52:41.729375 300475 dfly_bench.cc:1001] ReceiveFb done
I20260914 18:52:41.729279 300474 dfly_bench.cc:1001] ReceiveFb done
I20260914 18:52:41.729368 300477 dfly_bench.cc:926] Done queuing 4294967295 requests, which took 300.0s. Waiting for server processing
I20260914 18:52:41.729329 300462 dfly_bench.cc:1001] ReceiveFb done
I20260914 18:52:41.729343 300463 dfly_bench.cc:1001] ReceiveFb done
I20260914 18:52:41.729377 300473 dfly_bench.cc:926] Done queuing 4294967295 requests, which took 300.0s. Waiting for server processing
I20260914 18:52:41.729365 300465 dfly_bench.cc:926] Done queuing 4294967295 requests, which took 300.0s. Waiting for server processing
I20260914 18:52:41.729415 300467 dfly_bench.cc:1001] ReceiveFb done
I20260914 18:52:41.729416 300476 dfly_bench.cc:1001] ReceiveFb done
I20260914 18:52:41.729379 300471 dfly_bench.cc:926] Done queuing 4294967295 requests, which took 300.0s. Waiting for server processing
I20260914 18:52:41.729423 300474 dfly_bench.cc:926] Done queuing 4294967295 requests, which took 300.0s. Waiting for server processing
I20260914 18:52:41.729337 300468 dfly_bench.cc:1001] ReceiveFb done
I20260914 18:52:41.729446 300471 dfly_bench.cc:926] Done queuing 4294967295 requests, which took 300.0s. Waiting for server processing
I20260914 18:52:41.729465 300474 dfly_bench.cc:926] Done queuing 4294967295 requests, which took 300.0s. Waiting for server processing
I20260914 18:52:41.729485 300474 dfly_bench.cc:926] Done queuing 4294967295 requests, which took 300.0s. Waiting for server processing
I20260914 18:52:41.729494 300474 dfly_bench.cc:926] Done queuing 4294967295 requests, which took 300.0s. Waiting for server processing
I20260914 18:52:41.729450 300463 dfly_bench.cc:1001] ReceiveFb done
I20260914 18:52:41.729418 300475 dfly_bench.cc:1001] ReceiveFb done
I20260914 18:52:41.729473 300471 dfly_bench.cc:926] Done queuing 4294967295 requests, which took 300.0s. Waiting for server processing
I20260914 18:52:41.729456 300476 dfly_bench.cc:1001] ReceiveFb done
I20260914 18:52:41.729413 300477 dfly_bench.cc:926] Done queuing 4294967295 requests, which took 300.0s. Waiting for server processing
I20260914 18:52:41.729456 300465 dfly_bench.cc:926] Done queuing 4294967295 requests, which took 300.0s. Waiting for server processing
I20260914 18:52:41.729358 300472 dfly_bench.cc:1001] ReceiveFb done
I20260914 18:52:41.729328 300470 dfly_bench.cc:926] Done queuing 4294967295 requests, which took 300.0s. Waiting for server processing
I20260914 18:52:41.729435 300462 dfly_bench.cc:926] Done queuing 4294967295 requests, which took 300.0s. Waiting for server processing
I20260914 18:52:41.729350 300464 dfly_bench.cc:1001] ReceiveFb done
I20260914 18:52:41.729432 300466 dfly_bench.cc:1001] ReceiveFb done
I20260914 18:52:41.729529 300470 dfly_bench.cc:926] Done queuing 4294967295 requests, which took 300.0s. Waiting for server processing
I20260914 18:52:41.729480 300468 dfly_bench.cc:1001] ReceiveFb done
I20260914 18:52:41.729442 300469 dfly_bench.cc:926] Done queuing 4294967295 requests, which took 300.0s. Waiting for server processing
I20260914 18:52:41.729550 300472 dfly_bench.cc:926] Done queuing 4294967295 requests, which took 300.0s. Waiting for server processing
I20260914 18:52:41.729516 300471 dfly_bench.cc:926] Done queuing 4294967295 requests, which took 300.0s. Waiting for server processing
I20260914 18:52:41.729548 300476 dfly_bench.cc:1001] ReceiveFb done
I20260914 18:52:41.729526 300463 dfly_bench.cc:1001] ReceiveFb done
I20260914 18:52:41.729534 300473 dfly_bench.cc:1001] ReceiveFb done
I20260914 18:52:41.729564 300472 dfly_bench.cc:926] Done queuing 4294967295 requests, which took 300.0s. Waiting for server processing
I20260914 18:52:41.729506 300474 dfly_bench.cc:926] Done queuing 4294967295 requests, which took 300.0s. Waiting for server processing
I20260914 18:52:41.729521 300477 dfly_bench.cc:926] Done queuing 4294967295 requests, which took 300.0s. Waiting for server processing
I20260914 18:52:41.729586 300476 dfly_bench.cc:1001] ReceiveFb done
I20260914 18:52:41.729543 300470 dfly_bench.cc:926] Done queuing 4294967295 requests, which took 300.0s. Waiting for server processing
I20260914 18:52:41.729592 300465 dfly_bench.cc:926] Done queuing 4294967295 requests, which took 300.0s. Waiting for server processing
I20260914 18:52:41.729574 300471 dfly_bench.cc:926] Done queuing 4294967295 requests, which took 300.0s. Waiting for server processing
I20260914 18:52:41.729460 300467 dfly_bench.cc:1001] ReceiveFb done
I20260914 18:52:41.729607 300465 dfly_bench.cc:926] Done queuing 4294967295 requests, which took 300.0s. Waiting for server processing
I20260914 18:52:41.729612 300471 dfly_bench.cc:926] Done queuing 4294967295 requests, which took 300.0s. Waiting for server processing
I20260914 18:52:41.729550 300466 dfly_bench.cc:926] Done queuing 4294967295 requests, which took 300.0s. Waiting for server processing
I20260914 18:52:41.729540 300475 dfly_bench.cc:1001] ReceiveFb done
I20260914 18:52:41.729589 300473 dfly_bench.cc:1001] ReceiveFb done
I20260914 18:52:41.729631 300465 dfly_bench.cc:1001] ReceiveFb done
I20260914 18:52:41.729555 300469 dfly_bench.cc:926] Done queuing 4294967295 requests, which took 300.0s. Waiting for server processing
I20260914 18:52:41.729581 300472 dfly_bench.cc:926] Done queuing 4294967295 requests, which took 300.0s. Waiting for server processing
I20260914 18:52:41.729650 300473 dfly_bench.cc:926] Done queuing 4294967295 requests, which took 300.0s. Waiting for server processing
I20260914 18:52:41.729581 300474 dfly_bench.cc:926] Done queuing 4294967295 requests, which took 300.0s. Waiting for server processing
I20260914 18:52:41.729628 300467 dfly_bench.cc:1001] ReceiveFb done
I20260914 18:52:41.729648 300475 dfly_bench.cc:1001] ReceiveFb done
I20260914 18:52:41.729627 300466 dfly_bench.cc:926] Done queuing 4294967295 requests, which took 300.0s. Waiting for server processing
I20260914 18:52:41.729566 300464 dfly_bench.cc:926] Done queuing 4294967295 requests, which took 300.0s. Waiting for server processing
I20260914 18:52:41.729624 300471 dfly_bench.cc:926] Done queuing 4294967295 requests, which took 300.0s. Waiting for server processing
I20260914 18:52:41.729645 300469 dfly_bench.cc:926] Done queuing 4294967295 requests, which took 300.0s. Waiting for server processing
I20260914 18:52:41.729681 300474 dfly_bench.cc:926] Done queuing 4294967295 requests, which took 300.0s. Waiting for server processing
I20260914 18:52:41.729559 300468 dfly_bench.cc:1001] ReceiveFb done
I20260914 18:52:41.729604 300470 dfly_bench.cc:926] Done queuing 4294967295 requests, which took 300.0s. Waiting for server processing
I20260914 18:52:41.729678 300473 dfly_bench.cc:926] Done queuing 4294967295 requests, which took 300.0s. Waiting for server processing
I20260914 18:52:41.729719 300470 dfly_bench.cc:926] Done queuing 4294967295 requests, which took 300.0s. Waiting for server processing
I20260914 18:52:41.729653 300465 dfly_bench.cc:1001] ReceiveFb done
I20260914 18:52:41.729591 300477 dfly_bench.cc:926] Done queuing 4294967295 requests, which took 300.0s. Waiting for server processing
I20260914 18:52:41.729737 300477 dfly_bench.cc:926] Done queuing 4294967295 requests, which took 300.0s. Waiting for server processing
I20260914 18:52:41.729696 300471 dfly_bench.cc:926] Done queuing 4294967295 requests, which took 300.0s. Waiting for server processing
I20260914 18:52:41.729773 300471 dfly_bench.cc:926] Done queuing 4294967295 requests, which took 300.0s. Waiting for server processing
I20260914 18:52:41.729784 300471 dfly_bench.cc:926] Done queuing 4294967295 requests, which took 300.0s. Waiting for server processing
I20260914 18:52:41.729700 300474 dfly_bench.cc:926] Done queuing 4294967295 requests, which took 300.0s. Waiting for server processing
I20260914 18:52:41.729794 300471 dfly_bench.cc:926] Done queuing 4294967295 requests, which took 300.0s. Waiting for server processing
I20260914 18:52:41.729727 300473 dfly_bench.cc:926] Done queuing 4294967295 requests, which took 300.0s. Waiting for server processing
I20260914 18:52:41.729807 300473 dfly_bench.cc:926] Done queuing 4294967295 requests, which took 300.0s. Waiting for server processing
I20260914 18:52:41.729745 300465 dfly_bench.cc:1001] ReceiveFb done
I20260914 18:52:41.729660 300462 dfly_bench.cc:1001] ReceiveFb done
I20260914 18:52:41.729696 300467 dfly_bench.cc:1001] ReceiveFb done
I20260914 18:52:41.729598 300463 dfly_bench.cc:1001] ReceiveFb done
I20260914 18:52:41.729758 300470 dfly_bench.cc:1001] ReceiveFb done
I20260914 18:52:41.729694 300469 dfly_bench.cc:926] Done queuing 4294967295 requests, which took 300.0s. Waiting for server processing
I20260914 18:52:41.729854 300469 dfly_bench.cc:1001] ReceiveFb done
I20260914 18:52:41.729864 300470 dfly_bench.cc:1001] ReceiveFb done
I20260914 18:52:41.729848 300465 dfly_bench.cc:1001] ReceiveFb done
I20260914 18:52:41.729816 300471 dfly_bench.cc:1001] ReceiveFb done
I20260914 18:52:41.729689 300466 dfly_bench.cc:926] Done queuing 4294967295 requests, which took 300.0s. Waiting for server processing
I20260914 18:52:41.729889 300470 dfly_bench.cc:1001] ReceiveFb done
I20260914 18:52:41.729903 300465 dfly_bench.cc:1001] ReceiveFb done
I20260914 18:52:41.729696 300475 dfly_bench.cc:1001] ReceiveFb done
I20260914 18:52:41.729728 300476 dfly_bench.cc:1001] ReceiveFb done
I20260914 18:52:41.729868 300467 dfly_bench.cc:926] Done queuing 4294967295 requests, which took 300.0s. Waiting for server processing
I20260914 18:52:41.729746 300477 dfly_bench.cc:926] Done queuing 4294967295 requests, which took 300.0s. Waiting for server processing
I20260914 18:52:41.729823 300472 dfly_bench.cc:926] Done queuing 4294967295 requests, which took 300.0s. Waiting for server processing
I20260914 18:52:41.729879 300469 dfly_bench.cc:1001] ReceiveFb done
I20260914 18:52:41.729817 300473 dfly_bench.cc:926] Done queuing 4294967295 requests, which took 300.0s. Waiting for server processing
I20260914 18:52:41.729882 300466 dfly_bench.cc:926] Done queuing 4294967295 requests, which took 300.0s. Waiting for server processing
I20260914 18:52:41.729931 300475 dfly_bench.cc:1001] ReceiveFb done
I20260914 18:52:41.729851 300462 dfly_bench.cc:926] Done queuing 4294967295 requests, which took 300.0s. Waiting for server processing
I20260914 18:52:41.729885 300463 dfly_bench.cc:926] Done queuing 4294967295 requests, which took 300.0s. Waiting for server processing
I20260914 18:52:41.729960 300472 dfly_bench.cc:926] Done queuing 4294967295 requests, which took 300.0s. Waiting for server processing
I20260914 18:52:41.729962 300466 dfly_bench.cc:926] Done queuing 4294967295 requests, which took 300.0s. Waiting for server processing
I20260914 18:52:41.729745 300464 dfly_bench.cc:926] Done queuing 4294967295 requests, which took 300.0s. Waiting for server processing
I20260914 18:52:41.729974 300466 dfly_bench.cc:926] Done queuing 4294967295 requests, which took 300.0s. Waiting for server processing
I20260914 18:52:41.729957 300473 dfly_bench.cc:926] Done queuing 4294967295 requests, which took 300.0s. Waiting for server processing
I20260914 18:52:41.729934 300476 dfly_bench.cc:1001] ReceiveFb done
I20260914 18:52:41.729970 300472 dfly_bench.cc:926] Done queuing 4294967295 requests, which took 300.0s. Waiting for server processing
I20260914 18:52:41.729943 300477 dfly_bench.cc:926] Done queuing 4294967295 requests, which took 300.0s. Waiting for server processing
I20260914 18:52:41.729986 300466 dfly_bench.cc:926] Done queuing 4294967295 requests, which took 300.0s. Waiting for server processing
I20260914 18:52:41.730000 300472 dfly_bench.cc:926] Done queuing 4294967295 requests, which took 300.0s. Waiting for server processing
I20260914 18:52:41.729970 300463 dfly_bench.cc:926] Done queuing 4294967295 requests, which took 300.0s. Waiting for server processing
I20260914 18:52:41.729928 300465 dfly_bench.cc:1001] ReceiveFb done
I20260914 18:52:41.729902 300471 dfly_bench.cc:1001] ReceiveFb done
I20260914 18:52:41.730000 300475 dfly_bench.cc:926] Done queuing 4294967295 requests, which took 300.0s. Waiting for server processing
I20260914 18:52:41.730010 300477 dfly_bench.cc:926] Done queuing 4294967295 requests, which took 300.0s. Waiting for server processing
I20260914 18:52:41.730008 300476 dfly_bench.cc:1001] ReceiveFb done
I20260914 18:52:41.730036 300472 dfly_bench.cc:926] Done queuing 4294967295 requests, which took 300.0s. Waiting for server processing
I20260914 18:52:41.729916 300470 dfly_bench.cc:1001] ReceiveFb done
I20260914 18:52:41.729925 300468 dfly_bench.cc:926] Done queuing 4294967295 requests, which took 300.0s. Waiting for server processing
I20260914 18:52:41.730065 300465 dfly_bench.cc:926] Done queuing 4294967295 requests, which took 300.0s. Waiting for server processing
I20260914 18:52:41.729996 300464 dfly_bench.cc:926] Done queuing 4294967295 requests, which took 300.0s. Waiting for server processing
I20260914 18:52:41.730067 300471 dfly_bench.cc:1001] ReceiveFb done
I20260914 18:52:41.729964 300462 dfly_bench.cc:926] Done queuing 4294967295 requests, which took 300.0s. Waiting for server processing
I20260914 18:52:41.729995 300473 dfly_bench.cc:926] Done queuing 4294967295 requests, which took 300.0s. Waiting for server processing
I20260914 18:52:41.730062 300475 dfly_bench.cc:926] Done queuing 4294967295 requests, which took 300.0s. Waiting for server processing
I20260914 18:52:41.730075 300465 dfly_bench.cc:926] Done queuing 4294967295 requests, which took 300.0s. Waiting for server processing
I20260914 18:52:41.730077 300476 dfly_bench.cc:1001] ReceiveFb done
I20260914 18:52:41.730044 300466 dfly_bench.cc:1001] ReceiveFb done
I20260914 18:52:41.730062 300477 dfly_bench.cc:926] Done queuing 4294967295 requests, which took 300.0s. Waiting for server processing
I20260914 18:52:41.730105 300465 dfly_bench.cc:926] Done queuing 4294967295 requests, which took 300.0s. Waiting for server processing
I20260914 18:52:41.730079 300470 dfly_bench.cc:1001] ReceiveFb done
I20260914 18:52:41.730037 300463 dfly_bench.cc:926] Done queuing 4294967295 requests, which took 300.0s. Waiting for server processing
I20260914 18:52:41.730085 300467 dfly_bench.cc:926] Done queuing 4294967295 requests, which took 300.0s. Waiting for server processing
I20260914 18:52:41.729964 300474 dfly_bench.cc:1001] ReceiveFb done
I20260914 18:52:41.730072 300468 dfly_bench.cc:926] Done queuing 4294967295 requests, which took 300.0s. Waiting for server processing
I20260914 18:52:41.730118 300476 dfly_bench.cc:1001] ReceiveFb done
I20260914 18:52:41.730145 300467 dfly_bench.cc:926] Done queuing 4294967295 requests, which took 300.0s. Waiting for server processing
I20260914 18:52:41.730095 300473 dfly_bench.cc:926] Done queuing 4294967295 requests, which took 300.0s. Waiting for server processing
I20260914 18:52:41.730093 300471 dfly_bench.cc:1001] ReceiveFb done
I20260914 18:52:41.730115 300464 dfly_bench.cc:1001] ReceiveFb done
I20260914 18:52:41.730152 300468 dfly_bench.cc:926] Done queuing 4294967295 requests, which took 300.0s. Waiting for server processing
I20260914 18:52:41.730077 300472 dfly_bench.cc:1001] ReceiveFb done
I20260914 18:52:41.730156 300470 dfly_bench.cc:1001] ReceiveFb done
I20260914 18:52:41.729970 300469 dfly_bench.cc:1001] ReceiveFb done
I20260914 18:52:41.730109 300462 dfly_bench.cc:1001] ReceiveFb done
I20260914 18:52:41.730161 300474 dfly_bench.cc:1001] ReceiveFb done
I20260914 18:52:41.730161 300467 dfly_bench.cc:926] Done queuing 4294967295 requests, which took 300.0s. Waiting for server processing
I20260914 18:52:41.730177 300471 dfly_bench.cc:1001] ReceiveFb done
I20260914 18:52:41.730199 300462 dfly_bench.cc:1001] ReceiveFb done
I20260914 18:52:41.730119 300465 dfly_bench.cc:926] Done queuing 4294967295 requests, which took 300.0s. Waiting for server processing
I20260914 18:52:41.730123 300466 dfly_bench.cc:1001] ReceiveFb done
I20260914 18:52:41.730187 300470 dfly_bench.cc:1001] ReceiveFb done
I20260914 18:52:41.730170 300468 dfly_bench.cc:926] Done queuing 4294967295 requests, which took 300.0s. Waiting for server processing
I20260914 18:52:41.730183 300472 dfly_bench.cc:1001] ReceiveFb done
I20260914 18:52:41.730235 300466 dfly_bench.cc:1001] ReceiveFb done
I20260914 18:52:41.730182 300464 dfly_bench.cc:1001] ReceiveFb done
I20260914 18:52:41.730232 300468 dfly_bench.cc:926] Done queuing 4294967295 requests, which took 300.0s. Waiting for server processing
I20260914 18:52:41.730226 300471 dfly_bench.cc:1001] ReceiveFb done
I20260914 18:52:41.730223 300462 dfly_bench.cc:926] Done queuing 4294967295 requests, which took 300.0s. Waiting for server processing
I20260914 18:52:41.730180 300476 dfly_bench.cc:926] Done queuing 4294967295 requests, which took 300.0s. Waiting for server processing
I20260914 18:52:41.730259 300466 dfly_bench.cc:1001] ReceiveFb done
I20260914 18:52:41.730252 300468 dfly_bench.cc:926] Done queuing 4294967295 requests, which took 300.0s. Waiting for server processing
I20260914 18:52:41.730257 300464 dfly_bench.cc:1001] ReceiveFb done
I20260914 18:52:41.730198 300463 dfly_bench.cc:926] Done queuing 4294967295 requests, which took 300.0s. Waiting for server processing
I20260914 18:52:41.730288 300471 dfly_bench.cc:1001] ReceiveFb done
I20260914 18:52:41.730207 300474 dfly_bench.cc:1001] ReceiveFb done
I20260914 18:52:41.730254 300472 dfly_bench.cc:1001] ReceiveFb done
I20260914 18:52:41.730230 300473 dfly_bench.cc:1001] ReceiveFb done
I20260914 18:52:41.730197 300467 dfly_bench.cc:926] Done queuing 4294967295 requests, which took 300.0s. Waiting for server processing
I20260914 18:52:41.730193 300469 dfly_bench.cc:1001] ReceiveFb done
I20260914 18:52:41.730300 300464 dfly_bench.cc:1001] ReceiveFb done
I20260914 18:52:41.730300 300477 dfly_bench.cc:1001] ReceiveFb done
I20260914 18:52:41.730237 300470 dfly_bench.cc:1001] ReceiveFb done
I20260914 18:52:41.730310 300476 dfly_bench.cc:926] Done queuing 4294967295 requests, which took 300.0s. Waiting for server processing
I20260914 18:52:41.730315 300472 dfly_bench.cc:1001] ReceiveFb done
I20260914 18:52:41.730288 300466 dfly_bench.cc:1001] ReceiveFb done
I20260914 18:52:41.730342 300477 dfly_bench.cc:1001] ReceiveFb done
I20260914 18:52:41.730336 300463 dfly_bench.cc:926] Done queuing 4294967295 requests, which took 300.0s. Waiting for server processing
I20260914 18:52:41.730326 300467 dfly_bench.cc:926] Done queuing 4294967295 requests, which took 300.0s. Waiting for server processing
I20260914 18:52:41.730356 300476 dfly_bench.cc:926] Done queuing 4294967295 requests, which took 300.0s. Waiting for server processing
I20260914 18:52:41.730348 300470 dfly_bench.cc:926] Done queuing 4294967295 requests, which took 300.0s. Waiting for server processing
I20260914 18:52:41.730266 300462 dfly_bench.cc:926] Done queuing 4294967295 requests, which took 300.0s. Waiting for server processing
I20260914 18:52:41.730355 300466 dfly_bench.cc:1001] ReceiveFb done
I20260914 18:52:41.730396 300467 dfly_bench.cc:926] Done queuing 4294967295 requests, which took 300.0s. Waiting for server processing
I20260914 18:52:41.730335 300469 dfly_bench.cc:1001] ReceiveFb done
I20260914 18:52:41.730352 300464 dfly_bench.cc:926] Done queuing 4294967295 requests, which took 300.0s. Waiting for server processing
I20260914 18:52:41.730283 300468 dfly_bench.cc:926] Done queuing 4294967295 requests, which took 300.0s. Waiting for server processing
I20260914 18:52:41.730320 300473 dfly_bench.cc:1001] ReceiveFb done
I20260914 18:52:41.730403 300462 dfly_bench.cc:926] Done queuing 4294967295 requests, which took 300.0s. Waiting for server processing
I20260914 18:52:41.730424 300467 dfly_bench.cc:1001] ReceiveFb done
I20260914 18:52:41.730394 300463 dfly_bench.cc:926] Done queuing 4294967295 requests, which took 300.0s. Waiting for server processing
I20260914 18:52:41.730244 300475 dfly_bench.cc:926] Done queuing 4294967295 requests, which took 300.0s. Waiting for server processing
I20260914 18:52:41.730310 300471 dfly_bench.cc:1001] ReceiveFb done
I20260914 18:52:41.730363 300477 dfly_bench.cc:1001] ReceiveFb done
I20260914 18:52:41.730444 300476 dfly_bench.cc:1001] ReceiveFb done
I20260914 18:52:41.730422 300466 dfly_bench.cc:1001] ReceiveFb done
I20260914 18:52:41.730420 300468 dfly_bench.cc:926] Done queuing 4294967295 requests, which took 300.0s. Waiting for server processing
I20260914 18:52:41.730445 300475 dfly_bench.cc:926] Done queuing 4294967295 requests, which took 300.0s. Waiting for server processing
I20260914 18:52:41.730440 300473 dfly_bench.cc:1001] ReceiveFb done
I20260914 18:52:41.730337 300474 dfly_bench.cc:1001] ReceiveFb done
I20260914 18:52:41.730401 300470 dfly_bench.cc:926] Done queuing 4294967295 requests, which took 300.0s. Waiting for server processing
I20260914 18:52:41.730350 300472 dfly_bench.cc:1001] ReceiveFb done
I20260914 18:52:41.730481 300473 dfly_bench.cc:1001] ReceiveFb done
I20260914 18:52:41.730490 300474 dfly_bench.cc:1001] ReceiveFb done
I20260914 18:52:41.730465 300477 dfly_bench.cc:1001] ReceiveFb done
I20260914 18:52:41.730458 300471 dfly_bench.cc:1001] ReceiveFb done
I20260914 18:52:41.730463 300476 dfly_bench.cc:1001] ReceiveFb done
I20260914 18:52:41.730458 300468 dfly_bench.cc:926] Done queuing 4294967295 requests, which took 300.0s. Waiting for server processing
I20260914 18:52:41.730446 300463 dfly_bench.cc:926] Done queuing 4294967295 requests, which took 300.0s. Waiting for server processing
I20260914 18:52:41.730515 300477 dfly_bench.cc:1001] ReceiveFb done
I20260914 18:52:41.730463 300475 dfly_bench.cc:926] Done queuing 4294967295 requests, which took 300.0s. Waiting for server processing
I20260914 18:52:41.730504 300473 dfly_bench.cc:1001] ReceiveFb done
I20260914 18:52:41.730485 300470 dfly_bench.cc:926] Done queuing 4294967295 requests, which took 300.0s. Waiting for server processing
I20260914 18:52:41.730501 300472 dfly_bench.cc:1001] ReceiveFb done
I20260914 18:52:41.730544 300477 dfly_bench.cc:1001] ReceiveFb done
I20260914 18:52:41.730516 300471 dfly_bench.cc:1001] ReceiveFb done
I20260914 18:52:41.730525 300469 dfly_bench.cc:1001] ReceiveFb done
I20260914 18:52:41.730495 300464 dfly_bench.cc:1001] ReceiveFb done
I20260914 18:52:41.730473 300462 dfly_bench.cc:1001] ReceiveFb done
I20260914 18:52:41.730511 300474 dfly_bench.cc:1001] ReceiveFb done
I20260914 18:52:41.730363 300465 dfly_bench.cc:1001] ReceiveFb done
I20260914 18:52:41.730575 300471 dfly_bench.cc:1001] ReceiveFb done
I20260914 18:52:41.730521 300476 dfly_bench.cc:1001] ReceiveFb done
I20260914 18:52:41.730582 300464 dfly_bench.cc:1001] ReceiveFb done
I20260914 18:52:41.730564 300473 dfly_bench.cc:1001] ReceiveFb done
I20260914 18:52:41.730544 300475 dfly_bench.cc:1001] ReceiveFb done
I20260914 18:52:41.730530 300463 dfly_bench.cc:926] Done queuing 4294967295 requests, which took 300.0s. Waiting for server processing
I20260914 18:52:41.730566 300472 dfly_bench.cc:1001] ReceiveFb done
I20260914 18:52:41.730576 300469 dfly_bench.cc:1001] ReceiveFb done
I20260914 18:52:41.730449 300467 dfly_bench.cc:1001] ReceiveFb done
I20260914 18:52:41.730535 300468 dfly_bench.cc:1001] ReceiveFb done
I20260914 18:52:41.730607 300475 dfly_bench.cc:1001] ReceiveFb done
I20260914 18:52:41.730618 300473 dfly_bench.cc:1001] ReceiveFb done
I20260914 18:52:41.730583 300462 dfly_bench.cc:1001] ReceiveFb done
I20260914 18:52:41.730626 300467 dfly_bench.cc:1001] ReceiveFb done
I20260914 18:52:41.730631 300468 dfly_bench.cc:1001] ReceiveFb done
I20260914 18:52:41.730602 300471 dfly_bench.cc:1001] ReceiveFb done
I20260914 18:52:41.730571 300477 dfly_bench.cc:1001] ReceiveFb done
I20260914 18:52:41.730597 300465 dfly_bench.cc:1001] ReceiveFb done
I20260914 18:52:41.730639 300473 dfly_bench.cc:1001] ReceiveFb done
I20260914 18:52:41.730661 300468 dfly_bench.cc:1001] ReceiveFb done
I20260914 18:52:41.730619 300469 dfly_bench.cc:1001] ReceiveFb done
I20260914 18:52:41.730644 300462 dfly_bench.cc:1001] ReceiveFb done
I20260914 18:52:41.730607 300476 dfly_bench.cc:926] Done queuing 4294967295 requests, which took 300.0s. Waiting for server processing
I20260914 18:52:41.730674 300477 dfly_bench.cc:1001] ReceiveFb done
I20260914 18:52:41.730605 300464 dfly_bench.cc:1001] ReceiveFb done
I20260914 18:52:41.730618 300463 dfly_bench.cc:926] Done queuing 4294967295 requests, which took 300.0s. Waiting for server processing
I20260914 18:52:41.730633 300475 dfly_bench.cc:1001] ReceiveFb done
I20260914 18:52:41.730674 300465 dfly_bench.cc:1001] ReceiveFb done
I20260914 18:52:41.730654 300467 dfly_bench.cc:1001] ReceiveFb done
I20260914 18:52:41.730690 300469 dfly_bench.cc:1001] ReceiveFb done
I20260914 18:52:41.730712 300467 dfly_bench.cc:1001] ReceiveFb done
I20260914 18:52:41.730717 300470 dfly_bench.cc:926] Done queuing 4294967295 requests, which took 300.0s. Waiting for server processing
I20260914 18:52:41.730686 300473 dfly_bench.cc:926] Done queuing 4294967295 requests, which took 300.0s. Waiting for server processing
I20260914 18:52:41.730624 300472 dfly_bench.cc:1001] ReceiveFb done
I20260914 18:52:41.730597 300474 dfly_bench.cc:1001] ReceiveFb done
I20260914 18:52:41.730695 300477 dfly_bench.cc:1001] ReceiveFb done
I20260914 18:52:41.730736 300470 dfly_bench.cc:1001] ReceiveFb done
I20260914 18:52:41.730705 300475 dfly_bench.cc:1001] ReceiveFb done
I20260914 18:52:41.730610 300466 dfly_bench.cc:926] Done queuing 4294967295 requests, which took 300.0s. Waiting for server processing
I20260914 18:52:41.730690 300468 dfly_bench.cc:1001] ReceiveFb done
I20260914 18:52:41.730746 300473 dfly_bench.cc:926] Done queuing 4294967295 requests, which took 300.0s. Waiting for server processing
I20260914 18:52:41.730710 300465 dfly_bench.cc:1001] ReceiveFb done
I20260914 18:52:41.730710 300464 dfly_bench.cc:926] Done queuing 4294967295 requests, which took 300.0s. Waiting for server processing
I20260914 18:52:41.730763 300475 dfly_bench.cc:1001] ReceiveFb done
I20260914 18:52:41.730775 300468 dfly_bench.cc:1001] ReceiveFb done
I20260914 18:52:41.730784 300464 dfly_bench.cc:926] Done queuing 4294967295 requests, which took 300.0s. Waiting for server processing
I20260914 18:52:41.730741 300476 dfly_bench.cc:1001] ReceiveFb done
I20260914 18:52:41.730760 300477 dfly_bench.cc:1001] ReceiveFb done
I20260914 18:52:41.730755 300462 dfly_bench.cc:1126] Total hits: 6548047
I20260914 18:52:41.730785 300465 dfly_bench.cc:926] Done queuing 4294967295 requests, which took 300.0s. Waiting for server processing
I20260914 18:52:41.730731 300467 dfly_bench.cc:1001] ReceiveFb done
I20260914 18:52:41.730819 300465 dfly_bench.cc:926] Done queuing 4294967295 requests, which took 300.0s. Waiting for server processing
I20260914 18:52:41.730829 300476 dfly_bench.cc:1126] Total hits: 6504502
I20260914 18:52:41.730762 300470 dfly_bench.cc:1001] ReceiveFb done
I20260914 18:52:41.730759 300474 dfly_bench.cc:1001] ReceiveFb done
I20260914 18:52:41.730722 300469 dfly_bench.cc:926] Done queuing 4294967295 requests, which took 300.0s. Waiting for server processing
I20260914 18:52:41.730859 300469 dfly_bench.cc:926] Done queuing 4294967295 requests, which took 300.0s. Waiting for server processing
I20260914 18:52:41.730799 300475 dfly_bench.cc:926] Done queuing 4294967295 requests, which took 300.0s. Waiting for server processing
I20260914 18:52:41.730839 300467 dfly_bench.cc:1001] ReceiveFb done
I20260914 18:52:41.730692 300463 dfly_bench.cc:1001] ReceiveFb done
I20260914 18:52:41.730763 300466 dfly_bench.cc:1001] ReceiveFb done
I20260914 18:52:41.730859 300464 dfly_bench.cc:1001] ReceiveFb done
I20260914 18:52:41.730808 300468 dfly_bench.cc:1001] ReceiveFb done
I20260914 18:52:41.730895 300463 dfly_bench.cc:1001] ReceiveFb done
I20260914 18:52:41.730901 300466 dfly_bench.cc:926] Done queuing 4294967295 requests, which took 300.0s. Waiting for server processing
I20260914 18:52:41.730855 300470 dfly_bench.cc:1001] ReceiveFb done
I20260914 18:52:41.730872 300474 dfly_bench.cc:926] Done queuing 4294967295 requests, which took 300.0s. Waiting for server processing
I20260914 18:52:41.730897 300471 dfly_bench.cc:926] Done queuing 4294967295 requests, which took 300.0s. Waiting for server processing
I20260914 18:52:41.730904 300464 dfly_bench.cc:1001] ReceiveFb done
I20260914 18:52:41.730919 300463 dfly_bench.cc:1001] ReceiveFb done
I20260914 18:52:41.730912 300468 dfly_bench.cc:1001] ReceiveFb done
I20260914 18:52:41.730943 300464 dfly_bench.cc:1001] ReceiveFb done
I20260914 18:52:41.730924 300471 dfly_bench.cc:926] Done queuing 4294967295 requests, which took 300.0s. Waiting for server processing
I20260914 18:52:41.730926 300472 dfly_bench.cc:926] Done queuing 4294967295 requests, which took 300.0s. Waiting for server processing
I20260914 18:52:41.730944 300469 dfly_bench.cc:1001] ReceiveFb done
I20260914 18:52:41.730937 300473 dfly_bench.cc:1001] ReceiveFb done
I20260914 18:52:41.730818 300477 dfly_bench.cc:1001] ReceiveFb done
I20260914 18:52:41.730980 300473 dfly_bench.cc:1001] ReceiveFb done
I20260914 18:52:41.730963 300463 dfly_bench.cc:1001] ReceiveFb done
I20260914 18:52:41.730964 300464 dfly_bench.cc:926] Done queuing 4294967295 requests, which took 300.0s. Waiting for server processing
I20260914 18:52:41.730929 300470 dfly_bench.cc:1001] ReceiveFb done
I20260914 18:52:41.730892 300467 dfly_bench.cc:926] Done queuing 4294967295 requests, which took 300.0s. Waiting for server processing
I20260914 18:52:41.730935 300466 dfly_bench.cc:1001] ReceiveFb done
I20260914 18:52:41.730993 300477 dfly_bench.cc:926] Done queuing 4294967295 requests, which took 300.0s. Waiting for server processing
I20260914 18:52:41.730997 300464 dfly_bench.cc:926] Done queuing 4294967295 requests, which took 300.0s. Waiting for server processing
I20260914 18:52:41.731001 300473 dfly_bench.cc:926] Done queuing 4294967295 requests, which took 300.0s. Waiting for server processing
I20260914 18:52:41.730922 300465 dfly_bench.cc:1001] ReceiveFb done
I20260914 18:52:41.730959 300472 dfly_bench.cc:926] Done queuing 4294967295 requests, which took 300.0s. Waiting for server processing
I20260914 18:52:41.731024 300477 dfly_bench.cc:926] Done queuing 4294967295 requests, which took 300.0s. Waiting for server processing
I20260914 18:52:41.731012 300463 dfly_bench.cc:1001] ReceiveFb done
I20260914 18:52:41.730973 300475 dfly_bench.cc:1001] ReceiveFb done
I20260914 18:52:41.730978 300469 dfly_bench.cc:1001] ReceiveFb done
I20260914 18:52:41.731042 300465 dfly_bench.cc:1001] ReceiveFb done
I20260914 18:52:41.731038 300472 dfly_bench.cc:1001] ReceiveFb done
I20260914 18:52:41.730964 300468 dfly_bench.cc:1001] ReceiveFb done
I20260914 18:52:41.731060 300469 dfly_bench.cc:926] Done queuing 4294967295 requests, which took 300.0s. Waiting for server processing
I20260914 18:52:41.730957 300471 dfly_bench.cc:1001] ReceiveFb done
I20260914 18:52:41.731029 300473 dfly_bench.cc:926] Done queuing 4294967295 requests, which took 300.0s. Waiting for server processing
I20260914 18:52:41.731082 300464 dfly_bench.cc:1001] ReceiveFb done
I20260914 18:52:41.731097 300471 dfly_bench.cc:1001] ReceiveFb done
I20260914 18:52:41.731067 300472 dfly_bench.cc:1001] ReceiveFb done
I20260914 18:52:41.731065 300465 dfly_bench.cc:926] Done queuing 4294967295 requests, which took 300.0s. Waiting for server processing
I20260914 18:52:41.731083 300468 dfly_bench.cc:1001] ReceiveFb done
I20260914 18:52:41.731118 300465 dfly_bench.cc:926] Done queuing 4294967295 requests, which took 300.0s. Waiting for server processing
I20260914 18:52:41.731055 300475 dfly_bench.cc:926] Done queuing 4294967295 requests, which took 300.0s. Waiting for server processing
I20260914 18:52:41.731113 300464 dfly_bench.cc:1001] ReceiveFb done
I20260914 18:52:41.731055 300463 dfly_bench.cc:1001] ReceiveFb done
I20260914 18:52:41.731120 300469 dfly_bench.cc:1001] ReceiveFb done
I20260914 18:52:41.731098 300474 dfly_bench.cc:926] Done queuing 4294967295 requests, which took 300.0s. Waiting for server processing
I20260914 18:52:41.731155 300463 dfly_bench.cc:1001] ReceiveFb done
I20260914 18:52:41.731128 300465 dfly_bench.cc:926] Done queuing 4294967295 requests, which took 300.0s. Waiting for server processing
I20260914 18:52:41.731139 300473 dfly_bench.cc:1001] ReceiveFb done
I20260914 18:52:41.731158 300475 dfly_bench.cc:1001] ReceiveFb done
I20260914 18:52:41.731175 300465 dfly_bench.cc:926] Done queuing 4294967295 requests, which took 300.0s. Waiting for server processing
I20260914 18:52:41.731178 300463 dfly_bench.cc:1001] ReceiveFb done
I20260914 18:52:41.731199 300475 dfly_bench.cc:926] Done queuing 4294967295 requests, which took 300.0s. Waiting for server processing
I20260914 18:52:41.731163 300472 dfly_bench.cc:926] Done queuing 4294967295 requests, which took 300.0s. Waiting for server processing
I20260914 18:52:41.731165 300474 dfly_bench.cc:926] Done queuing 4294967295 requests, which took 300.0s. Waiting for server processing
I20260914 18:52:41.731186 300469 dfly_bench.cc:1126] Total hits: 6538105
I20260914 18:52:41.731186 300473 dfly_bench.cc:1001] ReceiveFb done
I20260914 18:52:41.731119 300470 dfly_bench.cc:926] Done queuing 4294967295 requests, which took 300.0s. Waiting for server processing
I20260914 18:52:41.731225 300470 dfly_bench.cc:1001] ReceiveFb done
I20260914 18:52:41.731164 300467 dfly_bench.cc:1001] ReceiveFb done
I20260914 18:52:41.731232 300463 dfly_bench.cc:926] Done queuing 4294967295 requests, which took 300.0s. Waiting for server processing
I20260914 18:52:41.731221 300474 dfly_bench.cc:926] Done queuing 4294967295 requests, which took 300.0s. Waiting for server processing
I20260914 18:52:41.731232 300473 dfly_bench.cc:926] Done queuing 4294967295 requests, which took 300.0s. Waiting for server processing
I20260914 18:52:41.731244 300477 dfly_bench.cc:1001] ReceiveFb done
I20260914 18:52:41.731218 300472 dfly_bench.cc:1001] ReceiveFb done
I20260914 18:52:41.731251 300467 dfly_bench.cc:926] Done queuing 4294967295 requests, which took 300.0s. Waiting for server processing
I20260914 18:52:41.731244 300475 dfly_bench.cc:1001] ReceiveFb done
I20260914 18:52:41.731233 300465 dfly_bench.cc:1001] ReceiveFb done
I20260914 18:52:41.731259 300474 dfly_bench.cc:926] Done queuing 4294967295 requests, which took 300.0s. Waiting for server processing
I20260914 18:52:41.731281 300467 dfly_bench.cc:926] Done queuing 4294967295 requests, which took 300.0s. Waiting for server processing
I20260914 18:52:41.731284 300477 dfly_bench.cc:1001] ReceiveFb done
I20260914 18:52:41.731288 300467 dfly_bench.cc:926] Done queuing 4294967295 requests, which took 300.0s. Waiting for server processing
I20260914 18:52:41.731295 300467 dfly_bench.cc:926] Done queuing 4294967295 requests, which took 300.0s. Waiting for server processing
I20260914 18:52:41.731294 300465 dfly_bench.cc:1001] ReceiveFb done
I20260914 18:52:41.731292 300474 dfly_bench.cc:1001] ReceiveFb done
I20260914 18:52:41.731303 300463 dfly_bench.cc:926] Done queuing 4294967295 requests, which took 300.0s. Waiting for server processing
I20260914 18:52:41.731307 300472 dfly_bench.cc:1126] Total hits: 6581219
I20260914 18:52:41.731307 300473 dfly_bench.cc:1001] ReceiveFb done
I20260914 18:52:41.731328 300467 dfly_bench.cc:1001] ReceiveFb done
I20260914 18:52:41.731329 300474 dfly_bench.cc:1001] ReceiveFb done
I20260914 18:52:41.731333 300465 dfly_bench.cc:1001] ReceiveFb done
I20260914 18:52:41.731339 300468 dfly_bench.cc:926] Done queuing 4294967295 requests, which took 300.0s. Waiting for server processing
I20260914 18:52:41.731349 300477 dfly_bench.cc:1126] Total hits: 6599962
I20260914 18:52:41.731348 300468 dfly_bench.cc:926] Done queuing 4294967295 requests, which took 300.0s. Waiting for server processing
I20260914 18:52:41.731351 300467 dfly_bench.cc:1001] ReceiveFb done
I20260914 18:52:41.731353 300465 dfly_bench.cc:1001] ReceiveFb done
I20260914 18:52:41.731366 300468 dfly_bench.cc:1001] ReceiveFb done
I20260914 18:52:41.731362 300463 dfly_bench.cc:926] Done queuing 4294967295 requests, which took 300.0s. Waiting for server processing
I20260914 18:52:41.731375 300467 dfly_bench.cc:1001] ReceiveFb done
I20260914 18:52:41.731349 300474 dfly_bench.cc:1001] ReceiveFb done
I20260914 18:52:41.731386 300468 dfly_bench.cc:1001] ReceiveFb done
I20260914 18:52:41.731364 300473 dfly_bench.cc:1126] Total hits: 6500804
I20260914 18:52:41.731397 300467 dfly_bench.cc:1001] ReceiveFb done
I20260914 18:52:41.731405 300474 dfly_bench.cc:1001] ReceiveFb done
I20260914 18:52:41.731412 300468 dfly_bench.cc:926] Done queuing 4294967295 requests, which took 300.0s. Waiting for server processing
I20260914 18:52:41.731424 300474 dfly_bench.cc:1001] ReceiveFb done
I20260914 18:52:41.731456 300468 dfly_bench.cc:1001] ReceiveFb done
I20260914 18:52:41.731463 300465 dfly_bench.cc:1126] Total hits: 6595118
I20260914 18:52:41.731477 300463 dfly_bench.cc:1001] ReceiveFb done
I20260914 18:52:41.731494 300468 dfly_bench.cc:1126] Total hits: 6500856
I20260914 18:52:41.731500 300463 dfly_bench.cc:926] Done queuing 4294967295 requests, which took 300.0s. Waiting for server processing
I20260914 18:52:41.731501 300467 dfly_bench.cc:1126] Total hits: 6526432
I20260914 18:52:41.731539 300463 dfly_bench.cc:1001] ReceiveFb done
I20260914 18:52:41.731556 300474 dfly_bench.cc:926] Done queuing 4294967295 requests, which took 300.0s. Waiting for server processing
I20260914 18:52:41.731559 300463 dfly_bench.cc:1001] ReceiveFb done
I20260914 18:52:41.731572 300474 dfly_bench.cc:926] Done queuing 4294967295 requests, which took 300.0s. Waiting for server processing
I20260914 18:52:41.731582 300474 dfly_bench.cc:1001] ReceiveFb done
I20260914 18:52:41.731586 300463 dfly_bench.cc:1001] ReceiveFb done
I20260914 18:52:41.731602 300474 dfly_bench.cc:1001] ReceiveFb done
I20260914 18:52:41.731609 300463 dfly_bench.cc:1001] ReceiveFb done
I20260914 18:52:41.731630 300463 dfly_bench.cc:926] Done queuing 4294967295 requests, which took 300.0s. Waiting for server processing
I20260914 18:52:41.731642 300463 dfly_bench.cc:926] Done queuing 4294967295 requests, which took 300.0s. Waiting for server processing
I20260914 18:52:41.731725 300463 dfly_bench.cc:1001] ReceiveFb done
I20260914 18:52:41.731745 300463 dfly_bench.cc:1001] ReceiveFb done
I20260914 18:52:41.733207 300470 dfly_bench.cc:926] Done queuing 4294967295 requests, which took 300.0s. Waiting for server processing
I20260914 18:52:41.733222 300470 dfly_bench.cc:1001] ReceiveFb done
I20260914 18:52:41.733239 300475 dfly_bench.cc:926] Done queuing 4294967295 requests, which took 300.0s. Waiting for server processing
I20260914 18:52:41.733247 300466 dfly_bench.cc:926] Done queuing 4294967295 requests, which took 300.0s. Waiting for server processing
I20260914 18:52:41.733253 300475 dfly_bench.cc:1001] ReceiveFb done
I20260914 18:52:41.733260 300466 dfly_bench.cc:1001] ReceiveFb done
I20260914 18:52:41.733287 300464 dfly_bench.cc:926] Done queuing 4294967295 requests, which took 300.0s. Waiting for server processing
I20260914 18:52:41.733299 300464 dfly_bench.cc:926] Done queuing 4294967295 requests, which took 300.0s. Waiting for server processing
I20260914 18:52:41.733304 300466 dfly_bench.cc:1126] Total hits: 6566754
I20260914 18:52:41.733312 300464 dfly_bench.cc:1001] ReceiveFb done
I20260914 18:52:41.733295 300475 dfly_bench.cc:1126] Total hits: 6570127
I20260914 18:52:41.733295 300463 dfly_bench.cc:926] Done queuing 4294967295 requests, which took 300.0s. Waiting for server processing
I20260914 18:52:41.733335 300464 dfly_bench.cc:1001] ReceiveFb done
I20260914 18:52:41.733333 300463 dfly_bench.cc:1001] ReceiveFb done
I20260914 18:52:41.733379 300470 dfly_bench.cc:926] Done queuing 4294967295 requests, which took 300.0s. Waiting for server processing
I20260914 18:52:41.733393 300470 dfly_bench.cc:1001] ReceiveFb done
I20260914 18:52:41.733403 300463 dfly_bench.cc:1126] Total hits: 6551272
I20260914 18:52:41.733430 300470 dfly_bench.cc:1126] Total hits: 6487644
I20260914 18:52:41.733954 300474 dfly_bench.cc:926] Done queuing 4294967295 requests, which took 300.0s. Waiting for server processing
I20260914 18:52:41.733968 300474 dfly_bench.cc:1001] ReceiveFb done
I20260914 18:52:41.735682 300464 dfly_bench.cc:926] Done queuing 4294967295 requests, which took 300.0s. Waiting for server processing
I20260914 18:52:41.735689 300471 dfly_bench.cc:926] Done queuing 4294967295 requests, which took 300.0s. Waiting for server processing
I20260914 18:52:41.735695 300464 dfly_bench.cc:1001] ReceiveFb done
I20260914 18:52:41.735702 300471 dfly_bench.cc:1001] ReceiveFb done
I20260914 18:52:41.735695 300474 dfly_bench.cc:926] Done queuing 4294967295 requests, which took 300.0s. Waiting for server processing
I20260914 18:52:41.735714 300474 dfly_bench.cc:1001] ReceiveFb done
I20260914 18:52:41.735741 300464 dfly_bench.cc:926] Done queuing 4294967295 requests, which took 300.0s. Waiting for server processing
I20260914 18:52:41.735742 300471 dfly_bench.cc:1126] Total hits: 6582044
I20260914 18:52:41.735756 300464 dfly_bench.cc:1001] ReceiveFb done
I20260914 18:52:41.735751 300474 dfly_bench.cc:1126] Total hits: 6533140
I20260914 18:52:41.735793 300464 dfly_bench.cc:1126] Total hits: 6417919
300s: 100.0% done, RPS(now/agg): 678748/697026, errs: 0, hitrate: 100.0%, clients: 0
done_min: 100.00%, done_max: 100.05%, p99_lat(us): 6786, max_pending: 0
I20260914 18:52:41.863477 300464 dfly_bench.cc:1466] 300s: 100.0% done, RPS(now/agg): 678748/697026, errs: 0, hitrate: 100.0%, clients: 0
done_min: 100.00%, done_max: 100.05%, p99_lat(us): 6786, max_pending: 0
I20260914 18:52:41.863647 300461 dfly_bench.cc:1711] Resetting all threads

Total time: 5m0.011638763s. Overall number of requests: 209202818, QPS: 696998, P99 lat: 6781.23us
Latency summary, all times are in usec:
Count: 209202818 Average: 915.6144
Min: 139.0000  Median: 609.9151  Max: 232053.0000
------------------------------------------------------
[     120,     140 ) 1   0.000%   0.000% 
[     140,     160 ) 2402   0.001%   0.001% 
[     160,     180 ) 52502   0.025%   0.026% 
[     180,     200 ) 268031   0.128%   0.154% 
[     200,     250 ) 2712205   1.296%   1.451% 
[     250,     300 ) 6362361   3.041%   4.492% #
[     300,     350 ) 10001371   4.781%   9.273% #
[     350,     400 ) 13460917   6.434%  15.707% #
[     400,     450 ) 15804371   7.555%  23.262% ##
[     450,     500 ) 17281229   8.261%  31.522% ##
[     500,     600 ) 35598692  17.016%  48.539% ###
[     600,     700 ) 30835083  14.739%  63.278% ###
[     700,     800 ) 23028398  11.008%  74.286% ##
[     800,     900 ) 14870296   7.108%  81.394% #
[     900,    1000 ) 8627511   4.124%  85.518% #
[    1000,    1200 ) 7761249   3.710%  89.228% #
[    1200,    1400 ) 3116700   1.490%  90.717% 
[    1400,    1600 ) 1897260   0.907%  91.624% 
[    1600,    1800 ) 1410765   0.674%  92.299% 
[    1800,    2000 ) 1131154   0.541%  92.839% 
[    2000,    2500 ) 2245819   1.074%  93.913% 
[    2500,    3000 ) 1896970   0.907%  94.820% 
[    3000,    3500 ) 1704737   0.815%  95.634% 
[    3500,    4000 ) 1541353   0.737%  96.371% 
[    4000,    4500 ) 1380377   0.660%  97.031% 
[    4500,    5000 ) 1215162   0.581%  97.612% 
[    5000,    6000 ) 1916841   0.916%  98.528% 
[    6000,    7000 ) 1263425   0.604%  99.132% 
[    7000,    8000 ) 767657   0.367%  99.499% 
[    8000,    9000 ) 482287   0.231%  99.730% 
[    9000,   10000 ) 263802   0.126%  99.856% 
[   10000,   12000 ) 190649   0.091%  99.947% 
[   12000,   14000 ) 61598   0.029%  99.976% 
[   14000,   16000 ) 18264   0.009%  99.985% 
[   16000,   18000 ) 5825   0.003%  99.988% 
[   18000,   20000 ) 2683   0.001%  99.989% 
[   20000,   25000 ) 4926   0.002%  99.991% 
[   25000,   30000 ) 3398   0.002%  99.993% 
[   30000,   35000 ) 1781   0.001%  99.994% 
[   35000,   40000 ) 948   0.000%  99.994% 
[   40000,   45000 ) 616   0.000%  99.995% 
[   45000,   50000 ) 688   0.000%  99.995% 
[   50000,   60000 ) 1109   0.001%  99.996% 
[   60000,   70000 ) 1614   0.001%  99.996% 
[   70000,   80000 ) 2655   0.001%  99.998% 
[   80000,   90000 ) 1465   0.001%  99.998% 
[   90000,  100000 ) 817   0.000%  99.999% 
[  100000,  120000 ) 1220   0.001%  99.999% 
[  120000,  140000 ) 1172   0.001% 100.000% 
[  140000,  160000 ) 195   0.000% 100.000% 
[  160000,  180000 ) 61   0.000% 100.000% 
[  180000,  200000 ) 78   0.000% 100.000% 
[  200000,  250000 ) 128   0.000% 100.000% 
----------------------------------
Hit rate: 100%
I20260914 18:52:41.866058 300461 dfly_bench.cc:1721] 
Total time: 5m0.011638763s. Overall number of requests: 209202818, QPS: 696998, P99 lat: 6781.23us
I20260914 18:52:41.866080 300461 dfly_bench.cc:1730] Latency summary, all times are in usec:
Count: 209202818 Average: 915.6144
Min: 139.0000  Median: 609.9151  Max: 232053.0000
------------------------------------------------------
[     120,     140 ) 1   0.000%   0.000% 
[     140,     160 ) 2402   0.001%   0.001% 
[     160,     180 ) 52502   0.025%   0.026% 
[     180,     200 ) 268031   0.128%   0.154% 
[     200,     250 ) 2712205   1.296%   1.451% 
[     250,     300 ) 6362361   3.041%   4.492% #
[     300,     350 ) 10001371   4.781%   9.273% #
[     350,     400 ) 13460917   6.434%  15.707% #
[     400,     450 ) 15804371   7.555%  23.262% ##
[     450,     500 ) 17281229   8.261%  31.522% ##
[     500,     600 ) 35598692  17.016%  48.539% ###
[     600,     700 ) 30835083  14.739%  63.278% ###
[     700,     800 ) 23028398  11.008%  74.286% ##
[     800,     900 ) 14870296   7.108%  81.394% #
[     900,    1000 ) 8627511   4.124%  85.518% #
[    1000,    1200 ) 7761249   3.710%  89.228% #
[    1200,    1400 ) 3116700   1.490%  90.717% 
[    1400,    1600 ) 1897260   0.907%  91.624% 
[    1600,    1800 ) 1410765   0.674%  92.299% 
[    1800,    2000 ) 1131154   0.541%  92.839% 
[    2000,    2500 ) 2245819   1.074%  93.913% 
[    2500,    3000 ) 1896970   0.907%  94.820% 
[    3000,    3500 ) 1704737   0.815%  95.634% 
[    3500,    4000 ) 1541353   0.737%  96.371% 
[    4000,    4500 ) 1380377   0.660%  97.031% 
[    4500,    5000 ) 1215162   0.581%  97.612% 
[    5000,    6000 ) 1916841   0.916%  98.528% 
[    6000,    7000 ) 1263425   0.604%  99.132% 
[    7000,    8000 ) 767657   0.367%  99.499% 
[    8000,    9000 ) 482287   0.231%  99.730% 
[    9000,   10000 ) 263802   0.126%  99.856% 
[   10000,   12000 ) 190649   0.091%  99.947% 
[   12000,   14000 ) 61598   0.029%  99.976% 
[   14000,   16000 ) 18264   0.009%  99.985% 
[   16000,   18000 ) 5825   0.003%  99.988% 
[   18000,   20000 ) 2683   0.001%  99.989% 
[   20000,   25000 ) 4926   0.002%  99.991% 
[   25000,   30000 ) 3398   0.002%  99.993% 
[   30000,   35000 ) 1781   0.001%  99.994% 
[   35000,   40000 ) 948   0.000%  99.994% 
[   40000,   45000 ) 616   0.000%  99.995% 
[   45000,   50000 ) 688   0.000%  99.995% 
[   50000,   60000 ) 1109   0.001%  99.996% 
[   60000,   70000 ) 1614   0.001%  99.996% 
[   70000,   80000 ) 2655   0.001%  99.998% 
[   80000,   90000 ) 1465   0.001%  99.998% 
[   90000,  100000 ) 817   0.000%  99.999% 
[  100000,  120000 ) 1220   0.001%  99.999% 
[  120000,  140000 ) 1172   0.001% 100.000% 
[  140000,  160000 ) 195   0.000% 100.000% 
[  160000,  180000 ) 61   0.000% 100.000% 
[  180000,  200000 ) 78   0.000% 100.000% 
[  200000,  250000 ) 128   0.000% 100.000% 
I20260914 18:52:41.866128 300461 dfly_bench.cc:1732] ----------------------------------
Hit rate: 100%
