I20260914 19:05:35.746908 301604 init.cc:144] /mnt/dev/dfly-get-issue20-20260909/dfly_bench-x86_64 running in opt mode.
I20260914 19:05:35.747557 301605 uring_proactor.cc:263] IORing with 256 entries, allocated 24640 bytes, cq_entries is 512
I20260914 19:05:35.748677 301604 proactor_pool.cc:149] Running 16 io threads
I20260914 19:05:35.753526 301606 dfly_bench.cc:1512] Cluster spec: 3d44288bd96db713759b8b643999f2d8d77f9e02 172.16.0.4:6379@0 myself,master - 0 0 1 connected 0-16383
Connecting to 1 shard cluster
I20260914 19:05:35.753595 301604 dfly_bench.cc:1624] Connecting to 1 shard cluster
I20260914 19:05:35.753621 301605 dfly_bench.cc:1640] Seeding bitgen with seed 1243045329627533100
I20260914 19:05:35.753623 301607 dfly_bench.cc:1640] Seeding bitgen with seed 5026942987894540730
I20260914 19:05:35.753635 301609 dfly_bench.cc:1640] Seeding bitgen with seed 508857288589211280
I20260914 19:05:35.753623 301606 dfly_bench.cc:1640] Seeding bitgen with seed 9942575301384282853
I20260914 19:05:35.753649 301610 dfly_bench.cc:1640] Seeding bitgen with seed 7783080522614556570
I20260914 19:05:35.753669 301616 dfly_bench.cc:1640] Seeding bitgen with seed 18399147859668680938
I20260914 19:05:35.753660 301613 dfly_bench.cc:1640] Seeding bitgen with seed 7899212067029863666
I20260914 19:05:35.753650 301608 dfly_bench.cc:1640] Seeding bitgen with seed 12765069434044475710
I20260914 19:05:35.753662 301614 dfly_bench.cc:1640] Seeding bitgen with seed 6179063934678835493
I20260914 19:05:35.753651 301611 dfly_bench.cc:1640] Seeding bitgen with seed 8553092770456429563
I20260914 19:05:35.753665 301615 dfly_bench.cc:1640] Seeding bitgen with seed 15311748232098192072
I20260914 19:05:35.753688 301619 dfly_bench.cc:1640] Seeding bitgen with seed 4362168205812275373
I20260914 19:05:35.753672 301617 dfly_bench.cc:1640] Seeding bitgen with seed 11500936686357013570
I20260914 19:05:35.753682 301618 dfly_bench.cc:1640] Seeding bitgen with seed 1719932836085518364
I20260914 19:05:35.753654 301612 dfly_bench.cc:1640] Seeding bitgen with seed 3143944105604282987
I20260914 19:05:35.753693 301620 dfly_bench.cc:1640] Seeding bitgen with seed 10034119853181570522
Coordinated omission mode - the rate is determined by the server
I20260914 19:05:35.850894 301604 dfly_bench.cc:1686] Coordinated omission mode - the rate is determined by the server
I20260914 19:05:35.854230 301607 dfly_bench.cc:1418] Started watching
5s: 16.7% done, RPS(now/agg): 734763/734763, errs: 0, hitrate: 100.0%, clients: 640
done_min: 16.67%, done_max: 16.67%, p99_lat(us): 6075, max_pending: 1
I20260914 19:05:40.855002 301607 dfly_bench.cc:1466] 5s: 16.7% done, RPS(now/agg): 734763/734763, errs: 0, hitrate: 100.0%, clients: 640
done_min: 16.67%, done_max: 16.67%, p99_lat(us): 6075, max_pending: 1
10s: 33.3% done, RPS(now/agg): 693751/714185, errs: 0, hitrate: 100.0%, clients: 640
done_min: 33.34%, done_max: 33.34%, p99_lat(us): 6512, max_pending: 1
I20260914 19:05:45.855839 301607 dfly_bench.cc:1466] 10s: 33.3% done, RPS(now/agg): 693751/714185, errs: 0, hitrate: 100.0%, clients: 640
done_min: 33.34%, done_max: 33.34%, p99_lat(us): 6512, max_pending: 1
15s: 50.0% done, RPS(now/agg): 716257/714876, errs: 0, hitrate: 100.0%, clients: 640
done_min: 50.01%, done_max: 50.01%, p99_lat(us): 6370, max_pending: 1
I20260914 19:05:50.856609 301607 dfly_bench.cc:1466] 15s: 50.0% done, RPS(now/agg): 716257/714876, errs: 0, hitrate: 100.0%, clients: 640
done_min: 50.01%, done_max: 50.01%, p99_lat(us): 6370, max_pending: 1
20s: 66.7% done, RPS(now/agg): 736152/720158, errs: 0, hitrate: 100.0%, clients: 640
done_min: 66.68%, done_max: 66.68%, p99_lat(us): 6024, max_pending: 1
I20260914 19:05:55.857345 301607 dfly_bench.cc:1466] 20s: 66.7% done, RPS(now/agg): 736152/720158, errs: 0, hitrate: 100.0%, clients: 640
done_min: 66.68%, done_max: 66.68%, p99_lat(us): 6024, max_pending: 1
25s: 83.3% done, RPS(now/agg): 722656/720629, errs: 0, hitrate: 100.0%, clients: 640
done_min: 83.34%, done_max: 83.35%, p99_lat(us): 6279, max_pending: 1
I20260914 19:06:00.858107 301607 dfly_bench.cc:1466] 25s: 83.3% done, RPS(now/agg): 722656/720629, errs: 0, hitrate: 100.0%, clients: 640
done_min: 83.34%, done_max: 83.35%, p99_lat(us): 6279, max_pending: 1
I20260914 19:06:05.853909 301620 dfly_bench.cc:926] Done queuing 4294967295 requests, which took 30.0s. Waiting for server processing
I20260914 19:06:05.853991 301620 dfly_bench.cc:1001] ReceiveFb done
I20260914 19:06:05.853995 301608 dfly_bench.cc:926] Done queuing 4294967295 requests, which took 30.0s. Waiting for server processing
I20260914 19:06:05.854048 301608 dfly_bench.cc:1001] ReceiveFb done
I20260914 19:06:05.854059 301620 dfly_bench.cc:926] Done queuing 4294967295 requests, which took 30.0s. Waiting for server processing
I20260914 19:06:05.854070 301620 dfly_bench.cc:1001] ReceiveFb done
I20260914 19:06:05.854070 301615 dfly_bench.cc:926] Done queuing 4294967295 requests, which took 30.0s. Waiting for server processing
I20260914 19:06:05.854092 301620 dfly_bench.cc:926] Done queuing 4294967295 requests, which took 30.0s. Waiting for server processing
I20260914 19:06:05.854084 301619 dfly_bench.cc:926] Done queuing 4294967295 requests, which took 30.0s. Waiting for server processing
I20260914 19:06:05.854135 301620 dfly_bench.cc:1001] ReceiveFb done
I20260914 19:06:05.854125 301608 dfly_bench.cc:926] Done queuing 4294967295 requests, which took 30.0s. Waiting for server processing
I20260914 19:06:05.854140 301614 dfly_bench.cc:926] Done queuing 4294967295 requests, which took 30.0s. Waiting for server processing
I20260914 19:06:05.854113 301611 dfly_bench.cc:926] Done queuing 4294967295 requests, which took 30.0s. Waiting for server processing
I20260914 19:06:05.854152 301619 dfly_bench.cc:1001] ReceiveFb done
I20260914 19:06:05.854156 301620 dfly_bench.cc:926] Done queuing 4294967295 requests, which took 30.0s. Waiting for server processing
I20260914 19:06:05.854108 301615 dfly_bench.cc:1001] ReceiveFb done
I20260914 19:06:05.854171 301608 dfly_bench.cc:1001] ReceiveFb done
I20260914 19:06:05.854172 301611 dfly_bench.cc:1001] ReceiveFb done
I20260914 19:06:05.854185 301614 dfly_bench.cc:1001] ReceiveFb done
I20260914 19:06:05.854238 301611 dfly_bench.cc:926] Done queuing 4294967295 requests, which took 30.0s. Waiting for server processing
I20260914 19:06:05.854173 301620 dfly_bench.cc:926] Done queuing 4294967295 requests, which took 30.0s. Waiting for server processing
I20260914 19:06:05.854202 301609 dfly_bench.cc:926] Done queuing 4294967295 requests, which took 30.0s. Waiting for server processing
I20260914 19:06:05.854235 301619 dfly_bench.cc:926] Done queuing 4294967295 requests, which took 30.0s. Waiting for server processing
I20260914 19:06:05.854307 301609 dfly_bench.cc:1001] ReceiveFb done
I20260914 19:06:05.854315 301620 dfly_bench.cc:1001] ReceiveFb done
I20260914 19:06:05.854321 301619 dfly_bench.cc:1001] ReceiveFb done
I20260914 19:06:05.854336 301609 dfly_bench.cc:926] Done queuing 4294967295 requests, which took 30.0s. Waiting for server processing
I20260914 19:06:05.854228 301618 dfly_bench.cc:926] Done queuing 4294967295 requests, which took 30.0s. Waiting for server processing
I20260914 19:06:05.854328 301605 dfly_bench.cc:926] Done queuing 4294967295 requests, which took 30.0s. Waiting for server processing
I20260914 19:06:05.854285 301611 dfly_bench.cc:1001] ReceiveFb done
I20260914 19:06:05.854351 301620 dfly_bench.cc:1001] ReceiveFb done
I20260914 19:06:05.854200 301608 dfly_bench.cc:926] Done queuing 4294967295 requests, which took 30.0s. Waiting for server processing
I20260914 19:06:05.854358 301618 dfly_bench.cc:1001] ReceiveFb done
I20260914 19:06:05.854300 301606 dfly_bench.cc:926] Done queuing 4294967295 requests, which took 30.0s. Waiting for server processing
I20260914 19:06:05.854364 301619 dfly_bench.cc:926] Done queuing 4294967295 requests, which took 30.0s. Waiting for server processing
I20260914 19:06:05.854221 301615 dfly_bench.cc:926] Done queuing 4294967295 requests, which took 30.0s. Waiting for server processing
I20260914 19:06:05.854344 301609 dfly_bench.cc:926] Done queuing 4294967295 requests, which took 30.0s. Waiting for server processing
I20260914 19:06:05.854370 301605 dfly_bench.cc:1001] ReceiveFb done
I20260914 19:06:05.854373 301607 dfly_bench.cc:926] Done queuing 4294967295 requests, which took 30.0s. Waiting for server processing
I20260914 19:06:05.854406 301617 dfly_bench.cc:926] Done queuing 4294967295 requests, which took 30.0s. Waiting for server processing
I20260914 19:06:05.854429 301611 dfly_bench.cc:926] Done queuing 4294967295 requests, which took 30.0s. Waiting for server processing
I20260914 19:06:05.854404 301619 dfly_bench.cc:1001] ReceiveFb done
I20260914 19:06:05.854530 301611 dfly_bench.cc:926] Done queuing 4294967295 requests, which took 30.0s. Waiting for server processing
I20260914 19:06:05.854379 301614 dfly_bench.cc:926] Done queuing 4294967295 requests, which took 30.0s. Waiting for server processing
I20260914 19:06:05.854382 301618 dfly_bench.cc:926] Done queuing 4294967295 requests, which took 30.0s. Waiting for server processing
I20260914 19:06:05.854477 301605 dfly_bench.cc:926] Done queuing 4294967295 requests, which took 30.0s. Waiting for server processing
I20260914 19:06:05.854550 301619 dfly_bench.cc:926] Done queuing 4294967295 requests, which took 30.0s. Waiting for server processing
I20260914 19:06:05.854375 301606 dfly_bench.cc:1001] ReceiveFb done
I20260914 19:06:05.854439 301620 dfly_bench.cc:926] Done queuing 4294967295 requests, which took 30.0s. Waiting for server processing
I20260914 19:06:05.854410 301615 dfly_bench.cc:1001] ReceiveFb done
I20260914 19:06:05.854460 301610 dfly_bench.cc:926] Done queuing 4294967295 requests, which took 30.0s. Waiting for server processing
I20260914 19:06:05.854432 301608 dfly_bench.cc:1001] ReceiveFb done
I20260914 19:06:05.854390 301609 dfly_bench.cc:926] Done queuing 4294967295 requests, which took 30.0s. Waiting for server processing
I20260914 19:06:05.854583 301605 dfly_bench.cc:926] Done queuing 4294967295 requests, which took 30.0s. Waiting for server processing
I20260914 19:06:05.854564 301611 dfly_bench.cc:1001] ReceiveFb done
I20260914 19:06:05.854596 301616 dfly_bench.cc:926] Done queuing 4294967295 requests, which took 30.0s. Waiting for server processing
I20260914 19:06:05.854527 301607 dfly_bench.cc:1001] ReceiveFb done
I20260914 19:06:05.854547 301613 dfly_bench.cc:926] Done queuing 4294967295 requests, which took 30.0s. Waiting for server processing
I20260914 19:06:05.854640 301618 dfly_bench.cc:1001] ReceiveFb done
I20260914 19:06:05.854597 301612 dfly_bench.cc:926] Done queuing 4294967295 requests, which took 30.0s. Waiting for server processing
I20260914 19:06:05.854643 301611 dfly_bench.cc:1001] ReceiveFb done
I20260914 19:06:05.854514 301617 dfly_bench.cc:926] Done queuing 4294967295 requests, which took 30.0s. Waiting for server processing
I20260914 19:06:05.854646 301616 dfly_bench.cc:1001] ReceiveFb done
I20260914 19:06:05.854668 301618 dfly_bench.cc:926] Done queuing 4294967295 requests, which took 30.0s. Waiting for server processing
I20260914 19:06:05.854561 301614 dfly_bench.cc:926] Done queuing 4294967295 requests, which took 30.0s. Waiting for server processing
I20260914 19:06:05.854679 301612 dfly_bench.cc:1001] ReceiveFb done
I20260914 19:06:05.854686 301611 dfly_bench.cc:926] Done queuing 4294967295 requests, which took 30.0s. Waiting for server processing
I20260914 19:06:05.854628 301615 dfly_bench.cc:926] Done queuing 4294967295 requests, which took 30.0s. Waiting for server processing
I20260914 19:06:05.854624 301609 dfly_bench.cc:926] Done queuing 4294967295 requests, which took 30.0s. Waiting for server processing
I20260914 19:06:05.854699 301615 dfly_bench.cc:926] Done queuing 4294967295 requests, which took 30.0s. Waiting for server processing
I20260914 19:06:05.854650 301605 dfly_bench.cc:1001] ReceiveFb done
I20260914 19:06:05.854692 301611 dfly_bench.cc:926] Done queuing 4294967295 requests, which took 30.0s. Waiting for server processing
I20260914 19:06:05.854651 301619 dfly_bench.cc:1001] ReceiveFb done
I20260914 19:06:05.854674 301613 dfly_bench.cc:1001] ReceiveFb done
I20260914 19:06:05.854681 301618 dfly_bench.cc:926] Done queuing 4294967295 requests, which took 30.0s. Waiting for server processing
I20260914 19:06:05.854643 301608 dfly_bench.cc:926] Done queuing 4294967295 requests, which took 30.0s. Waiting for server processing
I20260914 19:06:05.854668 301606 dfly_bench.cc:926] Done queuing 4294967295 requests, which took 30.0s. Waiting for server processing
I20260914 19:06:05.854724 301616 dfly_bench.cc:926] Done queuing 4294967295 requests, which took 30.0s. Waiting for server processing
I20260914 19:06:05.854743 301619 dfly_bench.cc:926] Done queuing 4294967295 requests, which took 30.0s. Waiting for server processing
I20260914 19:06:05.854779 301619 dfly_bench.cc:926] Done queuing 4294967295 requests, which took 30.0s. Waiting for server processing
I20260914 19:06:05.854710 301617 dfly_bench.cc:1001] ReceiveFb done
I20260914 19:06:05.854633 301620 dfly_bench.cc:1001] ReceiveFb done
I20260914 19:06:05.854709 301612 dfly_bench.cc:926] Done queuing 4294967295 requests, which took 30.0s. Waiting for server processing
I20260914 19:06:05.854736 301611 dfly_bench.cc:926] Done queuing 4294967295 requests, which took 30.0s. Waiting for server processing
I20260914 19:06:05.854701 301614 dfly_bench.cc:1001] ReceiveFb done
I20260914 19:06:05.854772 301613 dfly_bench.cc:926] Done queuing 4294967295 requests, which took 30.0s. Waiting for server processing
I20260914 19:06:05.854813 301611 dfly_bench.cc:926] Done queuing 4294967295 requests, which took 30.0s. Waiting for server processing
I20260914 19:06:05.854770 301616 dfly_bench.cc:926] Done queuing 4294967295 requests, which took 30.0s. Waiting for server processing
I20260914 19:06:05.854636 301610 dfly_bench.cc:1001] ReceiveFb done
I20260914 19:06:05.854825 301620 dfly_bench.cc:926] Done queuing 4294967295 requests, which took 30.0s. Waiting for server processing
I20260914 19:06:05.854664 301607 dfly_bench.cc:926] Done queuing 4294967295 requests, which took 30.0s. Waiting for server processing
I20260914 19:06:05.854745 301608 dfly_bench.cc:926] Done queuing 4294967295 requests, which took 30.0s. Waiting for server processing
I20260914 19:06:05.854740 301605 dfly_bench.cc:1001] ReceiveFb done
I20260914 19:06:05.854844 301620 dfly_bench.cc:926] Done queuing 4294967295 requests, which took 30.0s. Waiting for server processing
I20260914 19:06:05.854766 301606 dfly_bench.cc:926] Done queuing 4294967295 requests, which took 30.0s. Waiting for server processing
I20260914 19:06:05.854864 301620 dfly_bench.cc:926] Done queuing 4294967295 requests, which took 30.0s. Waiting for server processing
I20260914 19:06:05.854794 301619 dfly_bench.cc:926] Done queuing 4294967295 requests, which took 30.0s. Waiting for server processing
I20260914 19:06:05.854826 301614 dfly_bench.cc:1001] ReceiveFb done
I20260914 19:06:05.854822 301613 dfly_bench.cc:926] Done queuing 4294967295 requests, which took 30.0s. Waiting for server processing
I20260914 19:06:05.854888 301619 dfly_bench.cc:926] Done queuing 4294967295 requests, which took 30.0s. Waiting for server processing
I20260914 19:06:05.854813 301617 dfly_bench.cc:1001] ReceiveFb done
I20260914 19:06:05.854893 301613 dfly_bench.cc:926] Done queuing 4294967295 requests, which took 30.0s. Waiting for server processing
I20260914 19:06:05.854899 301607 dfly_bench.cc:1001] ReceiveFb done
I20260914 19:06:05.854915 301617 dfly_bench.cc:926] Done queuing 4294967295 requests, which took 30.0s. Waiting for server processing
I20260914 19:06:05.854903 301614 dfly_bench.cc:926] Done queuing 4294967295 requests, which took 30.0s. Waiting for server processing
I20260914 19:06:05.854923 301617 dfly_bench.cc:926] Done queuing 4294967295 requests, which took 30.0s. Waiting for server processing
I20260914 19:06:05.854858 301608 dfly_bench.cc:926] Done queuing 4294967295 requests, which took 30.0s. Waiting for server processing
I20260914 19:06:05.854935 301617 dfly_bench.cc:926] Done queuing 4294967295 requests, which took 30.0s. Waiting for server processing
I20260914 19:06:05.854847 301616 dfly_bench.cc:1001] ReceiveFb done
I20260914 19:06:05.854876 301605 dfly_bench.cc:926] Done queuing 4294967295 requests, which took 30.0s. Waiting for server processing
I20260914 19:06:05.854948 301619 dfly_bench.cc:1001] ReceiveFb done
I20260914 19:06:05.854919 301620 dfly_bench.cc:1001] ReceiveFb done
I20260914 19:06:05.854710 301615 dfly_bench.cc:926] Done queuing 4294967295 requests, which took 30.0s. Waiting for server processing
I20260914 19:06:05.854796 301609 dfly_bench.cc:1001] ReceiveFb done
I20260914 19:06:05.854977 301616 dfly_bench.cc:1001] ReceiveFb done
I20260914 19:06:05.854955 301613 dfly_bench.cc:1001] ReceiveFb done
I20260914 19:06:05.854852 301610 dfly_bench.cc:926] Done queuing 4294967295 requests, which took 30.0s. Waiting for server processing
I20260914 19:06:05.854869 301612 dfly_bench.cc:1001] ReceiveFb done
I20260914 19:06:05.854735 301618 dfly_bench.cc:926] Done queuing 4294967295 requests, which took 30.0s. Waiting for server processing
I20260914 19:06:05.854987 301620 dfly_bench.cc:1001] ReceiveFb done
I20260914 19:06:05.855000 301608 dfly_bench.cc:1001] ReceiveFb done
I20260914 19:06:05.855008 301620 dfly_bench.cc:1001] ReceiveFb done
I20260914 19:06:05.854946 301617 dfly_bench.cc:926] Done queuing 4294967295 requests, which took 30.0s. Waiting for server processing
I20260914 19:06:05.854997 301609 dfly_bench.cc:1001] ReceiveFb done
I20260914 19:06:05.854893 301611 dfly_bench.cc:1001] ReceiveFb done
I20260914 19:06:05.854866 301606 dfly_bench.cc:926] Done queuing 4294967295 requests, which took 30.0s. Waiting for server processing
I20260914 19:06:05.855041 301615 dfly_bench.cc:1001] ReceiveFb done
I20260914 19:06:05.854924 301614 dfly_bench.cc:926] Done queuing 4294967295 requests, which took 30.0s. Waiting for server processing
I20260914 19:06:05.855067 301610 dfly_bench.cc:1001] ReceiveFb done
I20260914 19:06:05.855073 301611 dfly_bench.cc:1001] ReceiveFb done
I20260914 19:06:05.854921 301607 dfly_bench.cc:926] Done queuing 4294967295 requests, which took 30.0s. Waiting for server processing
I20260914 19:06:05.855069 301609 dfly_bench.cc:1001] ReceiveFb done
I20260914 19:06:05.855085 301607 dfly_bench.cc:926] Done queuing 4294967295 requests, which took 30.0s. Waiting for server processing
I20260914 19:06:05.855031 301620 dfly_bench.cc:926] Done queuing 4294967295 requests, which took 30.0s. Waiting for server processing
I20260914 19:06:05.855098 301610 dfly_bench.cc:926] Done queuing 4294967295 requests, which took 30.0s. Waiting for server processing
I20260914 19:06:05.854996 301618 dfly_bench.cc:926] Done queuing 4294967295 requests, which took 30.0s. Waiting for server processing
I20260914 19:06:05.855034 301608 dfly_bench.cc:1001] ReceiveFb done
I20260914 19:06:05.855109 301610 dfly_bench.cc:926] Done queuing 4294967295 requests, which took 30.0s. Waiting for server processing
I20260914 19:06:05.855005 301612 dfly_bench.cc:926] Done queuing 4294967295 requests, which took 30.0s. Waiting for server processing
I20260914 19:06:05.855094 301615 dfly_bench.cc:1001] ReceiveFb done
I20260914 19:06:05.855100 301609 dfly_bench.cc:1001] ReceiveFb done
I20260914 19:06:05.854978 301619 dfly_bench.cc:1001] ReceiveFb done
I20260914 19:06:05.855098 301607 dfly_bench.cc:926] Done queuing 4294967295 requests, which took 30.0s. Waiting for server processing
I20260914 19:06:05.855121 301618 dfly_bench.cc:926] Done queuing 4294967295 requests, which took 30.0s. Waiting for server processing
I20260914 19:06:05.855085 301614 dfly_bench.cc:926] Done queuing 4294967295 requests, which took 30.0s. Waiting for server processing
I20260914 19:06:05.855098 301620 dfly_bench.cc:926] Done queuing 4294967295 requests, which took 30.0s. Waiting for server processing
I20260914 19:06:05.855001 301613 dfly_bench.cc:1001] ReceiveFb done
I20260914 19:06:05.855155 301609 dfly_bench.cc:926] Done queuing 4294967295 requests, which took 30.0s. Waiting for server processing
I20260914 19:06:05.855036 301605 dfly_bench.cc:1001] ReceiveFb done
I20260914 19:06:05.855057 301617 dfly_bench.cc:926] Done queuing 4294967295 requests, which took 30.0s. Waiting for server processing
I20260914 19:06:05.855069 301606 dfly_bench.cc:926] Done queuing 4294967295 requests, which took 30.0s. Waiting for server processing
I20260914 19:06:05.855170 301609 dfly_bench.cc:926] Done queuing 4294967295 requests, which took 30.0s. Waiting for server processing
I20260914 19:06:05.855144 301607 dfly_bench.cc:926] Done queuing 4294967295 requests, which took 30.0s. Waiting for server processing
I20260914 19:06:05.855144 301615 dfly_bench.cc:1001] ReceiveFb done
I20260914 19:06:05.855165 301620 dfly_bench.cc:926] Done queuing 4294967295 requests, which took 30.0s. Waiting for server processing
I20260914 19:06:05.855021 301616 dfly_bench.cc:926] Done queuing 4294967295 requests, which took 30.0s. Waiting for server processing
I20260914 19:06:05.855147 301614 dfly_bench.cc:926] Done queuing 4294967295 requests, which took 30.0s. Waiting for server processing
I20260914 19:06:05.855145 301618 dfly_bench.cc:926] Done queuing 4294967295 requests, which took 30.0s. Waiting for server processing
I20260914 19:06:05.855155 301619 dfly_bench.cc:1001] ReceiveFb done
I20260914 19:06:05.855232 301619 dfly_bench.cc:1001] ReceiveFb done
I20260914 19:06:05.855187 301606 dfly_bench.cc:926] Done queuing 4294967295 requests, which took 30.0s. Waiting for server processing
I20260914 19:06:05.855132 301612 dfly_bench.cc:926] Done queuing 4294967295 requests, which took 30.0s. Waiting for server processing
I20260914 19:06:05.855094 301611 dfly_bench.cc:1001] ReceiveFb done
I20260914 19:06:05.855262 301612 dfly_bench.cc:926] Done queuing 4294967295 requests, which took 30.0s. Waiting for server processing
I20260914 19:06:05.855134 301608 dfly_bench.cc:1001] ReceiveFb done
I20260914 19:06:05.855281 301619 dfly_bench.cc:926] Done queuing 4294967295 requests, which took 30.0s. Waiting for server processing
I20260914 19:06:05.855129 301610 dfly_bench.cc:926] Done queuing 4294967295 requests, which took 30.0s. Waiting for server processing
I20260914 19:06:05.855201 301617 dfly_bench.cc:926] Done queuing 4294967295 requests, which took 30.0s. Waiting for server processing
I20260914 19:06:05.855289 301616 dfly_bench.cc:1001] ReceiveFb done
I20260914 19:06:05.855296 301610 dfly_bench.cc:926] Done queuing 4294967295 requests, which took 30.0s. Waiting for server processing
I20260914 19:06:05.855289 301611 dfly_bench.cc:1001] ReceiveFb done
I20260914 19:06:05.855293 301619 dfly_bench.cc:926] Done queuing 4294967295 requests, which took 30.0s. Waiting for server processing
I20260914 19:06:05.855176 301613 dfly_bench.cc:1001] ReceiveFb done
I20260914 19:06:05.855223 301615 dfly_bench.cc:926] Done queuing 4294967295 requests, which took 30.0s. Waiting for server processing
I20260914 19:06:05.855355 301617 dfly_bench.cc:1001] ReceiveFb done
I20260914 19:06:05.855360 301615 dfly_bench.cc:926] Done queuing 4294967295 requests, which took 30.0s. Waiting for server processing
I20260914 19:06:05.855362 301613 dfly_bench.cc:926] Done queuing 4294967295 requests, which took 30.0s. Waiting for server processing
I20260914 19:06:05.855224 301605 dfly_bench.cc:926] Done queuing 4294967295 requests, which took 30.0s. Waiting for server processing
I20260914 19:06:05.855202 301609 dfly_bench.cc:926] Done queuing 4294967295 requests, which took 30.0s. Waiting for server processing
I20260914 19:06:05.855373 301615 dfly_bench.cc:926] Done queuing 4294967295 requests, which took 30.0s. Waiting for server processing
I20260914 19:06:05.855269 301612 dfly_bench.cc:926] Done queuing 4294967295 requests, which took 30.0s. Waiting for server processing
I20260914 19:06:05.855384 301617 dfly_bench.cc:1001] ReceiveFb done
I20260914 19:06:05.855398 301612 dfly_bench.cc:926] Done queuing 4294967295 requests, which took 30.0s. Waiting for server processing
I20260914 19:06:05.855296 301614 dfly_bench.cc:1001] ReceiveFb done
I20260914 19:06:05.855203 301607 dfly_bench.cc:926] Done queuing 4294967295 requests, which took 30.0s. Waiting for server processing
I20260914 19:06:05.855254 301606 dfly_bench.cc:926] Done queuing 4294967295 requests, which took 30.0s. Waiting for server processing
I20260914 19:06:05.855217 301618 dfly_bench.cc:926] Done queuing 4294967295 requests, which took 30.0s. Waiting for server processing
I20260914 19:06:05.855301 301620 dfly_bench.cc:1001] ReceiveFb done
I20260914 19:06:05.855351 301616 dfly_bench.cc:926] Done queuing 4294967295 requests, which took 30.0s. Waiting for server processing
I20260914 19:06:05.855377 301613 dfly_bench.cc:926] Done queuing 4294967295 requests, which took 30.0s. Waiting for server processing
I20260914 19:06:05.855300 301608 dfly_bench.cc:926] Done queuing 4294967295 requests, which took 30.0s. Waiting for server processing
I20260914 19:06:05.855317 301610 dfly_bench.cc:926] Done queuing 4294967295 requests, which took 30.0s. Waiting for server processing
I20260914 19:06:05.855355 301611 dfly_bench.cc:926] Done queuing 4294967295 requests, which took 30.0s. Waiting for server processing
I20260914 19:06:05.855448 301616 dfly_bench.cc:926] Done queuing 4294967295 requests, which took 30.0s. Waiting for server processing
I20260914 19:06:05.855432 301614 dfly_bench.cc:1001] ReceiveFb done
I20260914 19:06:05.855495 301615 dfly_bench.cc:1001] ReceiveFb done
I20260914 19:06:05.855484 301616 dfly_bench.cc:1001] ReceiveFb done
I20260914 19:06:05.855448 301612 dfly_bench.cc:1001] ReceiveFb done
I20260914 19:06:05.855479 301607 dfly_bench.cc:1001] ReceiveFb done
I20260914 19:06:05.855532 301612 dfly_bench.cc:1001] ReceiveFb done
I20260914 19:06:05.855535 301607 dfly_bench.cc:1001] ReceiveFb done
I20260914 19:06:05.855382 301609 dfly_bench.cc:926] Done queuing 4294967295 requests, which took 30.0s. Waiting for server processing
I20260914 19:06:05.855521 301615 dfly_bench.cc:1001] ReceiveFb done
I20260914 19:06:05.855406 301605 dfly_bench.cc:1001] ReceiveFb done
I20260914 19:06:05.855489 301614 dfly_bench.cc:1001] ReceiveFb done
I20260914 19:06:05.855343 301619 dfly_bench.cc:926] Done queuing 4294967295 requests, which took 30.0s. Waiting for server processing
I20260914 19:06:05.855468 301608 dfly_bench.cc:926] Done queuing 4294967295 requests, which took 30.0s. Waiting for server processing
I20260914 19:06:05.855557 301612 dfly_bench.cc:1001] ReceiveFb done
I20260914 19:06:05.855472 301606 dfly_bench.cc:1001] ReceiveFb done
I20260914 19:06:05.855577 301614 dfly_bench.cc:1001] ReceiveFb done
I20260914 19:06:05.855538 301610 dfly_bench.cc:1001] ReceiveFb done
I20260914 19:06:05.855558 301609 dfly_bench.cc:926] Done queuing 4294967295 requests, which took 30.0s. Waiting for server processing
I20260914 19:06:05.855571 301605 dfly_bench.cc:926] Done queuing 4294967295 requests, which took 30.0s. Waiting for server processing
I20260914 19:06:05.855465 301620 dfly_bench.cc:1001] ReceiveFb done
I20260914 19:06:05.855602 301605 dfly_bench.cc:926] Done queuing 4294967295 requests, which took 30.0s. Waiting for server processing
I20260914 19:06:05.855580 301608 dfly_bench.cc:926] Done queuing 4294967295 requests, which took 30.0s. Waiting for server processing
I20260914 19:06:05.855607 301610 dfly_bench.cc:1001] ReceiveFb done
I20260914 19:06:05.855578 301615 dfly_bench.cc:1001] ReceiveFb done
I20260914 19:06:05.855621 301620 dfly_bench.cc:1001] ReceiveFb done
I20260914 19:06:05.855612 301605 dfly_bench.cc:926] Done queuing 4294967295 requests, which took 30.0s. Waiting for server processing
I20260914 19:06:05.855572 301619 dfly_bench.cc:926] Done queuing 4294967295 requests, which took 30.0s. Waiting for server processing
I20260914 19:06:05.855470 301611 dfly_bench.cc:926] Done queuing 4294967295 requests, which took 30.0s. Waiting for server processing
I20260914 19:06:05.855484 301618 dfly_bench.cc:1001] ReceiveFb done
I20260914 19:06:05.855530 301616 dfly_bench.cc:1001] ReceiveFb done
I20260914 19:06:05.855636 301605 dfly_bench.cc:926] Done queuing 4294967295 requests, which took 30.0s. Waiting for server processing
I20260914 19:06:05.855597 301612 dfly_bench.cc:1001] ReceiveFb done
I20260914 19:06:05.855628 301610 dfly_bench.cc:1001] ReceiveFb done
I20260914 19:06:05.855613 301606 dfly_bench.cc:1001] ReceiveFb done
I20260914 19:06:05.855647 301605 dfly_bench.cc:926] Done queuing 4294967295 requests, which took 30.0s. Waiting for server processing
I20260914 19:06:05.855664 301610 dfly_bench.cc:1001] ReceiveFb done
I20260914 19:06:05.855572 301607 dfly_bench.cc:1001] ReceiveFb done
I20260914 19:06:05.855597 301609 dfly_bench.cc:926] Done queuing 4294967295 requests, which took 30.0s. Waiting for server processing
I20260914 19:06:05.855674 301606 dfly_bench.cc:1001] ReceiveFb done
I20260914 19:06:05.855602 301614 dfly_bench.cc:926] Done queuing 4294967295 requests, which took 30.0s. Waiting for server processing
I20260914 19:06:05.855662 301612 dfly_bench.cc:1001] ReceiveFb done
I20260914 19:06:05.855696 301609 dfly_bench.cc:926] Done queuing 4294967295 requests, which took 30.0s. Waiting for server processing
I20260914 19:06:05.855644 301615 dfly_bench.cc:926] Done queuing 4294967295 requests, which took 30.0s. Waiting for server processing
I20260914 19:06:05.855413 301617 dfly_bench.cc:1001] ReceiveFb done
I20260914 19:06:05.855707 301609 dfly_bench.cc:926] Done queuing 4294967295 requests, which took 30.0s. Waiting for server processing
I20260914 19:06:05.855690 301607 dfly_bench.cc:1001] ReceiveFb done
I20260914 19:06:05.855712 301608 dfly_bench.cc:1001] ReceiveFb done
I20260914 19:06:05.855728 301617 dfly_bench.cc:1001] ReceiveFb done
I20260914 19:06:05.855728 301620 dfly_bench.cc:926] Done queuing 4294967295 requests, which took 30.0s. Waiting for server processing
I20260914 19:06:05.855451 301613 dfly_bench.cc:926] Done queuing 4294967295 requests, which took 30.0s. Waiting for server processing
I20260914 19:06:05.855743 301608 dfly_bench.cc:1001] ReceiveFb done
I20260914 19:06:05.855754 301619 dfly_bench.cc:1001] ReceiveFb done
I20260914 19:06:05.855710 301615 dfly_bench.cc:926] Done queuing 4294967295 requests, which took 30.0s. Waiting for server processing
I20260914 19:06:05.855767 301608 dfly_bench.cc:1001] ReceiveFb done
I20260914 19:06:05.855717 301612 dfly_bench.cc:926] Done queuing 4294967295 requests, which took 30.0s. Waiting for server processing
I20260914 19:06:05.855717 301609 dfly_bench.cc:926] Done queuing 4294967295 requests, which took 30.0s. Waiting for server processing
I20260914 19:06:05.855708 301614 dfly_bench.cc:926] Done queuing 4294967295 requests, which took 30.0s. Waiting for server processing
I20260914 19:06:05.855782 301611 dfly_bench.cc:1001] ReceiveFb done
I20260914 19:06:05.855784 301614 dfly_bench.cc:926] Done queuing 4294967295 requests, which took 30.0s. Waiting for server processing
I20260914 19:06:05.855813 301611 dfly_bench.cc:1001] ReceiveFb done
I20260914 19:06:05.855708 301605 dfly_bench.cc:1001] ReceiveFb done
I20260914 19:06:05.855770 301615 dfly_bench.cc:926] Done queuing 4294967295 requests, which took 30.0s. Waiting for server processing
I20260914 19:06:05.855835 301615 dfly_bench.cc:926] Done queuing 4294967295 requests, which took 30.0s. Waiting for server processing
I20260914 19:06:05.855841 301611 dfly_bench.cc:926] Done queuing 4294967295 requests, which took 30.0s. Waiting for server processing
I20260914 19:06:05.855792 301608 dfly_bench.cc:926] Done queuing 4294967295 requests, which took 30.0s. Waiting for server processing
I20260914 19:06:05.855733 301607 dfly_bench.cc:1001] ReceiveFb done
I20260914 19:06:05.855849 301605 dfly_bench.cc:1001] ReceiveFb done
I20260914 19:06:05.855654 301618 dfly_bench.cc:1001] ReceiveFb done
I20260914 19:06:05.855855 301611 dfly_bench.cc:926] Done queuing 4294967295 requests, which took 30.0s. Waiting for server processing
I20260914 19:06:05.855764 301617 dfly_bench.cc:1001] ReceiveFb done
I20260914 19:06:05.855752 301620 dfly_bench.cc:926] Done queuing 4294967295 requests, which took 30.0s. Waiting for server processing
I20260914 19:06:05.855782 301619 dfly_bench.cc:1001] ReceiveFb done
I20260914 19:06:05.855713 301606 dfly_bench.cc:1001] ReceiveFb done
I20260914 19:06:05.855664 301616 dfly_bench.cc:926] Done queuing 4294967295 requests, which took 30.0s. Waiting for server processing
I20260914 19:06:05.855904 301617 dfly_bench.cc:1001] ReceiveFb done
I20260914 19:06:05.855685 301610 dfly_bench.cc:1001] ReceiveFb done
I20260914 19:06:05.855880 301605 dfly_bench.cc:1001] ReceiveFb done
I20260914 19:06:05.855875 301618 dfly_bench.cc:1001] ReceiveFb done
I20260914 19:06:05.855912 301619 dfly_bench.cc:1001] ReceiveFb done
I20260914 19:06:05.855883 301607 dfly_bench.cc:926] Done queuing 4294967295 requests, which took 30.0s. Waiting for server processing
I20260914 19:06:05.855782 301609 dfly_bench.cc:926] Done queuing 4294967295 requests, which took 30.0s. Waiting for server processing
I20260914 19:06:05.855780 301612 dfly_bench.cc:926] Done queuing 4294967295 requests, which took 30.0s. Waiting for server processing
I20260914 19:06:05.855957 301609 dfly_bench.cc:926] Done queuing 4294967295 requests, which took 30.0s. Waiting for server processing
I20260914 19:06:05.855952 301619 dfly_bench.cc:1001] ReceiveFb done
I20260914 19:06:05.855943 301607 dfly_bench.cc:926] Done queuing 4294967295 requests, which took 30.0s. Waiting for server processing
I20260914 19:06:05.855755 301613 dfly_bench.cc:926] Done queuing 4294967295 requests, which took 30.0s. Waiting for server processing
I20260914 19:06:05.855980 301607 dfly_bench.cc:926] Done queuing 4294967295 requests, which took 30.0s. Waiting for server processing
I20260914 19:06:05.855921 301606 dfly_bench.cc:1001] ReceiveFb done
I20260914 19:06:05.855966 301612 dfly_bench.cc:926] Done queuing 4294967295 requests, which took 30.0s. Waiting for server processing
I20260914 19:06:05.855932 301610 dfly_bench.cc:926] Done queuing 4294967295 requests, which took 30.0s. Waiting for server processing
I20260914 19:06:05.855904 301616 dfly_bench.cc:926] Done queuing 4294967295 requests, which took 30.0s. Waiting for server processing
I20260914 19:06:05.855850 301608 dfly_bench.cc:926] Done queuing 4294967295 requests, which took 30.0s. Waiting for server processing
I20260914 19:06:05.856007 301606 dfly_bench.cc:1001] ReceiveFb done
I20260914 19:06:05.855944 301618 dfly_bench.cc:1001] ReceiveFb done
I20260914 19:06:05.856012 301610 dfly_bench.cc:926] Done queuing 4294967295 requests, which took 30.0s. Waiting for server processing
I20260914 19:06:05.855902 301620 dfly_bench.cc:926] Done queuing 4294967295 requests, which took 30.0s. Waiting for server processing
I20260914 19:06:05.855966 301611 dfly_bench.cc:1001] ReceiveFb done
I20260914 19:06:05.855944 301614 dfly_bench.cc:1001] ReceiveFb done
I20260914 19:06:05.856030 301618 dfly_bench.cc:1001] ReceiveFb done
I20260914 19:06:05.856021 301608 dfly_bench.cc:926] Done queuing 4294967295 requests, which took 30.0s. Waiting for server processing
I20260914 19:06:05.855943 301605 dfly_bench.cc:1001] ReceiveFb done
I20260914 19:06:05.856041 301611 dfly_bench.cc:1001] ReceiveFb done
I20260914 19:06:05.855943 301615 dfly_bench.cc:1001] ReceiveFb done
I20260914 19:06:05.856050 301614 dfly_bench.cc:1001] ReceiveFb done
I20260914 19:06:05.855991 301607 dfly_bench.cc:926] Done queuing 4294967295 requests, which took 30.0s. Waiting for server processing
I20260914 19:06:05.855981 301619 dfly_bench.cc:926] Done queuing 4294967295 requests, which took 30.0s. Waiting for server processing
I20260914 19:06:05.856060 301618 dfly_bench.cc:1001] ReceiveFb done
I20260914 19:06:05.856079 301614 dfly_bench.cc:1001] ReceiveFb done
I20260914 19:06:05.856088 301618 dfly_bench.cc:1001] ReceiveFb done
I20260914 19:06:05.856083 301609 dfly_bench.cc:1001] ReceiveFb done
I20260914 19:06:05.856057 301620 dfly_bench.cc:1001] ReceiveFb done
I20260914 19:06:05.856105 301614 dfly_bench.cc:926] Done queuing 4294967295 requests, which took 30.0s. Waiting for server processing
I20260914 19:06:05.856068 301606 dfly_bench.cc:926] Done queuing 4294967295 requests, which took 30.0s. Waiting for server processing
I20260914 19:06:05.855957 301617 dfly_bench.cc:926] Done queuing 4294967295 requests, which took 30.0s. Waiting for server processing
I20260914 19:06:05.856112 301616 dfly_bench.cc:1001] ReceiveFb done
I20260914 19:06:05.856117 301613 dfly_bench.cc:1001] ReceiveFb done
I20260914 19:06:05.856117 301620 dfly_bench.cc:1001] ReceiveFb done
I20260914 19:06:05.856142 301616 dfly_bench.cc:1001] ReceiveFb done
I20260914 19:06:05.856145 301613 dfly_bench.cc:1001] ReceiveFb done
I20260914 19:06:05.856067 301619 dfly_bench.cc:926] Done queuing 4294967295 requests, which took 30.0s. Waiting for server processing
I20260914 19:06:05.856112 301609 dfly_bench.cc:1001] ReceiveFb done
I20260914 19:06:05.856133 301618 dfly_bench.cc:926] Done queuing 4294967295 requests, which took 30.0s. Waiting for server processing
I20260914 19:06:05.856154 301608 dfly_bench.cc:1001] ReceiveFb done
I20260914 19:06:05.856160 301619 dfly_bench.cc:926] Done queuing 4294967295 requests, which took 30.0s. Waiting for server processing
I20260914 19:06:05.856073 301615 dfly_bench.cc:1001] ReceiveFb done
I20260914 19:06:05.856189 301608 dfly_bench.cc:1001] ReceiveFb done
I20260914 19:06:05.856163 301620 dfly_bench.cc:1001] ReceiveFb done
I20260914 19:06:05.856169 301616 dfly_bench.cc:926] Done queuing 4294967295 requests, which took 30.0s. Waiting for server processing
I20260914 19:06:05.856209 301608 dfly_bench.cc:1001] ReceiveFb done
I20260914 19:06:05.856207 301615 dfly_bench.cc:1001] ReceiveFb done
I20260914 19:06:05.856213 301620 dfly_bench.cc:926] Done queuing 4294967295 requests, which took 30.0s. Waiting for server processing
I20260914 19:06:05.856176 301609 dfly_bench.cc:1001] ReceiveFb done
I20260914 19:06:05.856062 301611 dfly_bench.cc:926] Done queuing 4294967295 requests, which took 30.0s. Waiting for server processing
I20260914 19:06:05.856061 301605 dfly_bench.cc:1001] ReceiveFb done
I20260914 19:06:05.856228 301607 dfly_bench.cc:1001] ReceiveFb done
I20260914 19:06:05.856241 301614 dfly_bench.cc:1001] ReceiveFb done
I20260914 19:06:05.856256 301607 dfly_bench.cc:1001] ReceiveFb done
I20260914 19:06:05.856262 301605 dfly_bench.cc:926] Done queuing 4294967295 requests, which took 30.0s. Waiting for server processing
I20260914 19:06:05.856129 301612 dfly_bench.cc:1001] ReceiveFb done
I20260914 19:06:05.856230 301611 dfly_bench.cc:926] Done queuing 4294967295 requests, which took 30.0s. Waiting for server processing
I20260914 19:06:05.856264 301614 dfly_bench.cc:926] Done queuing 4294967295 requests, which took 30.0s. Waiting for server processing
I20260914 19:06:05.856123 301606 dfly_bench.cc:926] Done queuing 4294967295 requests, which took 30.0s. Waiting for server processing
I20260914 19:06:05.856186 301610 dfly_bench.cc:1001] ReceiveFb done
I20260914 19:06:05.856297 301605 dfly_bench.cc:926] Done queuing 4294967295 requests, which took 30.0s. Waiting for server processing
I20260914 19:06:05.856179 301619 dfly_bench.cc:926] Done queuing 4294967295 requests, which took 30.0s. Waiting for server processing
I20260914 19:06:05.856242 301615 dfly_bench.cc:1001] ReceiveFb done
I20260914 19:06:05.856287 301607 dfly_bench.cc:1001] ReceiveFb done
I20260914 19:06:05.856302 301614 dfly_bench.cc:926] Done queuing 4294967295 requests, which took 30.0s. Waiting for server processing
I20260914 19:06:05.856321 301620 dfly_bench.cc:1001] ReceiveFb done
I20260914 19:06:05.856312 301617 dfly_bench.cc:926] Done queuing 4294967295 requests, which took 30.0s. Waiting for server processing
I20260914 19:06:05.856298 301611 dfly_bench.cc:926] Done queuing 4294967295 requests, which took 30.0s. Waiting for server processing
I20260914 19:06:05.856170 301613 dfly_bench.cc:1001] ReceiveFb done
I20260914 19:06:05.856343 301617 dfly_bench.cc:926] Done queuing 4294967295 requests, which took 30.0s. Waiting for server processing
I20260914 19:06:05.856326 301619 dfly_bench.cc:926] Done queuing 4294967295 requests, which took 30.0s. Waiting for server processing
I20260914 19:06:05.856353 301618 dfly_bench.cc:926] Done queuing 4294967295 requests, which took 30.0s. Waiting for server processing
I20260914 19:06:05.856334 301614 dfly_bench.cc:926] Done queuing 4294967295 requests, which took 30.0s. Waiting for server processing
I20260914 19:06:05.856360 301619 dfly_bench.cc:926] Done queuing 4294967295 requests, which took 30.0s. Waiting for server processing
I20260914 19:06:05.856235 301608 dfly_bench.cc:926] Done queuing 4294967295 requests, which took 30.0s. Waiting for server processing
I20260914 19:06:05.856317 301616 dfly_bench.cc:1001] ReceiveFb done
I20260914 19:06:05.856365 301618 dfly_bench.cc:926] Done queuing 4294967295 requests, which took 30.0s. Waiting for server processing
I20260914 19:06:05.856370 301619 dfly_bench.cc:926] Done queuing 4294967295 requests, which took 30.0s. Waiting for server processing
I20260914 19:06:05.856357 301617 dfly_bench.cc:926] Done queuing 4294967295 requests, which took 30.0s. Waiting for server processing
I20260914 19:06:05.856325 301610 dfly_bench.cc:1001] ReceiveFb done
I20260914 19:06:05.856379 301617 dfly_bench.cc:926] Done queuing 4294967295 requests, which took 30.0s. Waiting for server processing
I20260914 19:06:05.856346 301607 dfly_bench.cc:1001] ReceiveFb done
I20260914 19:06:05.856235 301609 dfly_bench.cc:1001] ReceiveFb done
I20260914 19:06:05.856312 301612 dfly_bench.cc:1001] ReceiveFb done
I20260914 19:06:05.856348 301620 dfly_bench.cc:926] Done queuing 4294967295 requests, which took 30.0s. Waiting for server processing
I20260914 19:06:05.856377 301619 dfly_bench.cc:926] Done queuing 4294967295 requests, which took 30.0s. Waiting for server processing
I20260914 19:06:05.856366 301614 dfly_bench.cc:926] Done queuing 4294967295 requests, which took 30.0s. Waiting for server processing
I20260914 19:06:05.856343 301611 dfly_bench.cc:926] Done queuing 4294967295 requests, which took 30.0s. Waiting for server processing
I20260914 19:06:05.856418 301609 dfly_bench.cc:1001] ReceiveFb done
I20260914 19:06:05.856374 301618 dfly_bench.cc:926] Done queuing 4294967295 requests, which took 30.0s. Waiting for server processing
I20260914 19:06:05.856340 301615 dfly_bench.cc:926] Done queuing 4294967295 requests, which took 30.0s. Waiting for server processing
I20260914 19:06:05.856446 301609 dfly_bench.cc:1001] ReceiveFb done
I20260914 19:06:05.856415 301607 dfly_bench.cc:926] Done queuing 4294967295 requests, which took 30.0s. Waiting for server processing
I20260914 19:06:05.856436 301618 dfly_bench.cc:926] Done queuing 4294967295 requests, which took 30.0s. Waiting for server processing
I20260914 19:06:05.856392 301610 dfly_bench.cc:926] Done queuing 4294967295 requests, which took 30.0s. Waiting for server processing
I20260914 19:06:05.856375 301608 dfly_bench.cc:926] Done queuing 4294967295 requests, which took 30.0s. Waiting for server processing
I20260914 19:06:05.856468 301609 dfly_bench.cc:1001] ReceiveFb done
I20260914 19:06:05.856465 301610 dfly_bench.cc:926] Done queuing 4294967295 requests, which took 30.0s. Waiting for server processing
I20260914 19:06:05.856460 301607 dfly_bench.cc:926] Done queuing 4294967295 requests, which took 30.0s. Waiting for server processing
I20260914 19:06:05.856424 301620 dfly_bench.cc:926] Done queuing 4294967295 requests, which took 30.0s. Waiting for server processing
I20260914 19:06:05.856431 301605 dfly_bench.cc:926] Done queuing 4294967295 requests, which took 30.0s. Waiting for server processing
I20260914 19:06:05.856406 301616 dfly_bench.cc:926] Done queuing 4294967295 requests, which took 30.0s. Waiting for server processing
I20260914 19:06:05.856474 301614 dfly_bench.cc:1001] ReceiveFb done
I20260914 19:06:05.856420 301612 dfly_bench.cc:1001] ReceiveFb done
I20260914 19:06:05.856389 301617 dfly_bench.cc:926] Done queuing 4294967295 requests, which took 30.0s. Waiting for server processing
I20260914 19:06:05.856491 301609 dfly_bench.cc:1001] ReceiveFb done
I20260914 19:06:05.856516 301605 dfly_bench.cc:926] Done queuing 4294967295 requests, which took 30.0s. Waiting for server processing
I20260914 19:06:05.856443 301606 dfly_bench.cc:926] Done queuing 4294967295 requests, which took 30.0s. Waiting for server processing
I20260914 19:06:05.856357 301613 dfly_bench.cc:1001] ReceiveFb done
I20260914 19:06:05.856498 301611 dfly_bench.cc:1001] ReceiveFb done
I20260914 19:06:05.856482 301610 dfly_bench.cc:926] Done queuing 4294967295 requests, which took 30.0s. Waiting for server processing
I20260914 19:06:05.856534 301614 dfly_bench.cc:1001] ReceiveFb done
I20260914 19:06:05.856473 301608 dfly_bench.cc:926] Done queuing 4294967295 requests, which took 30.0s. Waiting for server processing
I20260914 19:06:05.856539 301618 dfly_bench.cc:1001] ReceiveFb done
I20260914 19:06:05.856576 301608 dfly_bench.cc:926] Done queuing 4294967295 requests, which took 30.0s. Waiting for server processing
I20260914 19:06:05.856542 301605 dfly_bench.cc:926] Done queuing 4294967295 requests, which took 30.0s. Waiting for server processing
I20260914 19:06:05.856575 301611 dfly_bench.cc:1001] ReceiveFb done
I20260914 19:06:05.856585 301614 dfly_bench.cc:1001] ReceiveFb done
I20260914 19:06:05.856544 301616 dfly_bench.cc:1001] ReceiveFb done
I20260914 19:06:05.856448 301615 dfly_bench.cc:926] Done queuing 4294967295 requests, which took 30.0s. Waiting for server processing
I20260914 19:06:05.856571 301610 dfly_bench.cc:926] Done queuing 4294967295 requests, which took 30.0s. Waiting for server processing
I20260914 19:06:05.856590 301605 dfly_bench.cc:926] Done queuing 4294967295 requests, which took 30.0s. Waiting for server processing
I20260914 19:06:05.856546 301606 dfly_bench.cc:926] Done queuing 4294967295 requests, which took 30.0s. Waiting for server processing
I20260914 19:06:05.856612 301616 dfly_bench.cc:926] Done queuing 4294967295 requests, which took 30.0s. Waiting for server processing
I20260914 19:06:05.856598 301618 dfly_bench.cc:1001] ReceiveFb done
I20260914 19:06:05.856532 301612 dfly_bench.cc:926] Done queuing 4294967295 requests, which took 30.0s. Waiting for server processing
I20260914 19:06:05.856606 301611 dfly_bench.cc:1001] ReceiveFb done
I20260914 19:06:05.856568 301613 dfly_bench.cc:926] Done queuing 4294967295 requests, which took 30.0s. Waiting for server processing
I20260914 19:06:05.856652 301618 dfly_bench.cc:1001] ReceiveFb done
I20260914 19:06:05.856637 301616 dfly_bench.cc:926] Done queuing 4294967295 requests, which took 30.0s. Waiting for server processing
I20260914 19:06:05.856498 301607 dfly_bench.cc:926] Done queuing 4294967295 requests, which took 30.0s. Waiting for server processing
I20260914 19:06:05.856642 301606 dfly_bench.cc:926] Done queuing 4294967295 requests, which took 30.0s. Waiting for server processing
I20260914 19:06:05.856609 301610 dfly_bench.cc:926] Done queuing 4294967295 requests, which took 30.0s. Waiting for server processing
I20260914 19:06:05.856662 301613 dfly_bench.cc:926] Done queuing 4294967295 requests, which took 30.0s. Waiting for server processing
I20260914 19:06:05.856554 301609 dfly_bench.cc:1001] ReceiveFb done
I20260914 19:06:05.856545 301620 dfly_bench.cc:1001] ReceiveFb done
I20260914 19:06:05.856670 301611 dfly_bench.cc:1001] ReceiveFb done
I20260914 19:06:05.856671 301610 dfly_bench.cc:926] Done queuing 4294967295 requests, which took 30.0s. Waiting for server processing
I20260914 19:06:05.856585 301617 dfly_bench.cc:1001] ReceiveFb done
I20260914 19:06:05.856545 301619 dfly_bench.cc:1001] ReceiveFb done
I20260914 19:06:05.856689 301620 dfly_bench.cc:1001] ReceiveFb done
I20260914 19:06:05.856616 301614 dfly_bench.cc:1001] ReceiveFb done
I20260914 19:06:05.856709 301617 dfly_bench.cc:1001] ReceiveFb done
I20260914 19:06:05.856711 301619 dfly_bench.cc:1001] ReceiveFb done
I20260914 19:06:05.856670 301606 dfly_bench.cc:926] Done queuing 4294967295 requests, which took 30.0s. Waiting for server processing
I20260914 19:06:05.856701 301609 dfly_bench.cc:1001] ReceiveFb done
I20260914 19:06:05.856643 301612 dfly_bench.cc:926] Done queuing 4294967295 requests, which took 30.0s. Waiting for server processing
I20260914 19:06:05.856631 301605 dfly_bench.cc:926] Done queuing 4294967295 requests, which took 30.0s. Waiting for server processing
I20260914 19:06:05.856743 301612 dfly_bench.cc:926] Done queuing 4294967295 requests, which took 30.0s. Waiting for server processing
I20260914 19:06:05.856602 301615 dfly_bench.cc:926] Done queuing 4294967295 requests, which took 30.0s. Waiting for server processing
I20260914 19:06:05.856731 301616 dfly_bench.cc:1001] ReceiveFb done
I20260914 19:06:05.856732 301619 dfly_bench.cc:1001] ReceiveFb done
I20260914 19:06:05.856693 301611 dfly_bench.cc:926] Done queuing 4294967295 requests, which took 30.0s. Waiting for server processing
I20260914 19:06:05.856750 301609 dfly_bench.cc:1001] ReceiveFb done
I20260914 19:06:05.856673 301618 dfly_bench.cc:1001] ReceiveFb done
I20260914 19:06:05.856693 301608 dfly_bench.cc:1001] ReceiveFb done
I20260914 19:06:05.856737 301617 dfly_bench.cc:1001] ReceiveFb done
I20260914 19:06:05.856779 301616 dfly_bench.cc:1001] ReceiveFb done
I20260914 19:06:05.856805 301610 dfly_bench.cc:1001] ReceiveFb done
I20260914 19:06:05.856734 301606 dfly_bench.cc:926] Done queuing 4294967295 requests, which took 30.0s. Waiting for server processing
I20260914 19:06:05.856791 301620 dfly_bench.cc:926] Done queuing 4294967295 requests, which took 30.0s. Waiting for server processing
I20260914 19:06:05.856773 301611 dfly_bench.cc:926] Done queuing 4294967295 requests, which took 30.0s. Waiting for server processing
I20260914 19:06:05.856817 301608 dfly_bench.cc:1001] ReceiveFb done
I20260914 19:06:05.856813 301605 dfly_bench.cc:1001] ReceiveFb done
I20260914 19:06:05.856828 301617 dfly_bench.cc:1001] ReceiveFb done
I20260914 19:06:05.856786 301619 dfly_bench.cc:1001] ReceiveFb done
I20260914 19:06:05.856839 301605 dfly_bench.cc:1001] ReceiveFb done
I20260914 19:06:05.856822 301611 dfly_bench.cc:926] Done queuing 4294967295 requests, which took 30.0s. Waiting for server processing
I20260914 19:06:05.856848 301608 dfly_bench.cc:1001] ReceiveFb done
I20260914 19:06:05.856762 301615 dfly_bench.cc:926] Done queuing 4294967295 requests, which took 30.0s. Waiting for server processing
I20260914 19:06:05.856806 301609 dfly_bench.cc:926] Done queuing 4294967295 requests, which took 30.0s. Waiting for server processing
I20260914 19:06:05.856851 301619 dfly_bench.cc:1001] ReceiveFb done
I20260914 19:06:05.856854 301617 dfly_bench.cc:1001] ReceiveFb done
I20260914 19:06:05.856820 301620 dfly_bench.cc:926] Done queuing 4294967295 requests, which took 30.0s. Waiting for server processing
I20260914 19:06:05.856863 301612 dfly_bench.cc:1001] ReceiveFb done
I20260914 19:06:05.856801 301618 dfly_bench.cc:1001] ReceiveFb done
I20260914 19:06:05.856827 301610 dfly_bench.cc:1001] ReceiveFb done
I20260914 19:06:05.856870 301608 dfly_bench.cc:1001] ReceiveFb done
I20260914 19:06:05.856865 301605 dfly_bench.cc:1001] ReceiveFb done
I20260914 19:06:05.856865 301614 dfly_bench.cc:926] Done queuing 4294967295 requests, which took 30.0s. Waiting for server processing
I20260914 19:06:05.856889 301617 dfly_bench.cc:1001] ReceiveFb done
I20260914 19:06:05.856892 301612 dfly_bench.cc:1001] ReceiveFb done
I20260914 19:06:05.856870 301615 dfly_bench.cc:926] Done queuing 4294967295 requests, which took 30.0s. Waiting for server processing
I20260914 19:06:05.856894 301618 dfly_bench.cc:926] Done queuing 4294967295 requests, which took 30.0s. Waiting for server processing
I20260914 19:06:05.856896 301606 dfly_bench.cc:1001] ReceiveFb done
I20260914 19:06:05.856922 301615 dfly_bench.cc:926] Done queuing 4294967295 requests, which took 30.0s. Waiting for server processing
I20260914 19:06:05.856885 301619 dfly_bench.cc:1001] ReceiveFb done
I20260914 19:06:05.856895 301610 dfly_bench.cc:1001] ReceiveFb done
I20260914 19:06:05.856906 301605 dfly_bench.cc:1001] ReceiveFb done
I20260914 19:06:05.856897 301614 dfly_bench.cc:926] Done queuing 4294967295 requests, which took 30.0s. Waiting for server processing
I20260914 19:06:05.856904 301620 dfly_bench.cc:1001] ReceiveFb done
I20260914 19:06:05.856957 301606 dfly_bench.cc:1001] ReceiveFb done
I20260914 19:06:05.856839 301613 dfly_bench.cc:1001] ReceiveFb done
I20260914 19:06:05.856961 301610 dfly_bench.cc:1001] ReceiveFb done
I20260914 19:06:05.856851 301611 dfly_bench.cc:926] Done queuing 4294967295 requests, which took 30.0s. Waiting for server processing
I20260914 19:06:05.856829 301616 dfly_bench.cc:926] Done queuing 4294967295 requests, which took 30.0s. Waiting for server processing
I20260914 19:06:05.857007 301610 dfly_bench.cc:1001] ReceiveFb done
I20260914 19:06:05.856897 301608 dfly_bench.cc:926] Done queuing 4294967295 requests, which took 30.0s. Waiting for server processing
I20260914 19:06:05.856988 301606 dfly_bench.cc:1001] ReceiveFb done
I20260914 19:06:05.856989 301613 dfly_bench.cc:1001] ReceiveFb done
I20260914 19:06:05.856963 301605 dfly_bench.cc:1001] ReceiveFb done
I20260914 19:06:05.856923 301612 dfly_bench.cc:1001] ReceiveFb done
I20260914 19:06:05.856985 301611 dfly_bench.cc:926] Done queuing 4294967295 requests, which took 30.0s. Waiting for server processing
I20260914 19:06:05.857031 301610 dfly_bench.cc:1001] ReceiveFb done
I20260914 19:06:05.856958 301619 dfly_bench.cc:1001] ReceiveFb done
I20260914 19:06:05.857045 301605 dfly_bench.cc:1001] ReceiveFb done
I20260914 19:06:05.857048 301612 dfly_bench.cc:926] Done queuing 4294967295 requests, which took 30.0s. Waiting for server processing
I20260914 19:06:05.856986 301620 dfly_bench.cc:1001] ReceiveFb done
I20260914 19:06:05.857039 301611 dfly_bench.cc:926] Done queuing 4294967295 requests, which took 30.0s. Waiting for server processing
I20260914 19:06:05.857038 301606 dfly_bench.cc:1001] ReceiveFb done
I20260914 19:06:05.857100 301620 dfly_bench.cc:926] Done queuing 4294967295 requests, which took 30.0s. Waiting for server processing
I20260914 19:06:05.857110 301606 dfly_bench.cc:1001] ReceiveFb done
I20260914 19:06:05.856791 301607 dfly_bench.cc:1001] ReceiveFb done
I20260914 19:06:05.857041 301613 dfly_bench.cc:926] Done queuing 4294967295 requests, which took 30.0s. Waiting for server processing
I20260914 19:06:05.857131 301613 dfly_bench.cc:926] Done queuing 4294967295 requests, which took 30.0s. Waiting for server processing
I20260914 19:06:05.857069 301605 dfly_bench.cc:1001] ReceiveFb done
I20260914 19:06:05.857151 301605 dfly_bench.cc:926] Done queuing 4294967295 requests, which took 30.0s. Waiting for server processing
I20260914 19:06:05.857056 301610 dfly_bench.cc:926] Done queuing 4294967295 requests, which took 30.0s. Waiting for server processing
I20260914 19:06:05.857137 301606 dfly_bench.cc:1001] ReceiveFb done
I20260914 19:06:05.857097 301611 dfly_bench.cc:926] Done queuing 4294967295 requests, which took 30.0s. Waiting for server processing
I20260914 19:06:05.857167 301610 dfly_bench.cc:926] Done queuing 4294967295 requests, which took 30.0s. Waiting for server processing
I20260914 19:06:05.857177 301610 dfly_bench.cc:926] Done queuing 4294967295 requests, which took 30.0s. Waiting for server processing
I20260914 19:06:05.857173 301611 dfly_bench.cc:926] Done queuing 4294967295 requests, which took 30.0s. Waiting for server processing
I20260914 19:06:05.857170 301620 dfly_bench.cc:1001] ReceiveFb done
I20260914 19:06:05.857182 301606 dfly_bench.cc:1001] ReceiveFb done
I20260914 19:06:05.857138 301613 dfly_bench.cc:926] Done queuing 4294967295 requests, which took 30.0s. Waiting for server processing
I20260914 19:06:05.857052 301615 dfly_bench.cc:1001] ReceiveFb done
I20260914 19:06:05.857203 301620 dfly_bench.cc:926] Done queuing 4294967295 requests, which took 30.0s. Waiting for server processing
I20260914 19:06:05.857017 301608 dfly_bench.cc:926] Done queuing 4294967295 requests, which took 30.0s. Waiting for server processing
I20260914 19:06:05.857090 301616 dfly_bench.cc:1001] ReceiveFb done
I20260914 19:06:05.857062 301619 dfly_bench.cc:1001] ReceiveFb done
I20260914 19:06:05.857213 301620 dfly_bench.cc:926] Done queuing 4294967295 requests, which took 30.0s. Waiting for server processing
I20260914 19:06:05.857062 301612 dfly_bench.cc:926] Done queuing 4294967295 requests, which took 30.0s. Waiting for server processing
I20260914 19:06:05.857043 301618 dfly_bench.cc:1001] ReceiveFb done
I20260914 19:06:05.857219 301608 dfly_bench.cc:926] Done queuing 4294967295 requests, which took 30.0s. Waiting for server processing
I20260914 19:06:05.856953 301614 dfly_bench.cc:926] Done queuing 4294967295 requests, which took 30.0s. Waiting for server processing
I20260914 19:06:05.857061 301617 dfly_bench.cc:926] Done queuing 4294967295 requests, which took 30.0s. Waiting for server processing
I20260914 19:06:05.857239 301606 dfly_bench.cc:926] Done queuing 4294967295 requests, which took 30.0s. Waiting for server processing
I20260914 19:06:05.857216 301615 dfly_bench.cc:1001] ReceiveFb done
I20260914 19:06:05.857264 301617 dfly_bench.cc:926] Done queuing 4294967295 requests, which took 30.0s. Waiting for server processing
I20260914 19:06:05.857196 301613 dfly_bench.cc:926] Done queuing 4294967295 requests, which took 30.0s. Waiting for server processing
I20260914 19:06:05.857285 301611 dfly_bench.cc:1001] ReceiveFb done
I20260914 19:06:05.857268 301618 dfly_bench.cc:926] Done queuing 4294967295 requests, which took 30.0s. Waiting for server processing
I20260914 19:06:05.857111 301609 dfly_bench.cc:926] Done queuing 4294967295 requests, which took 30.0s. Waiting for server processing
I20260914 19:06:05.857281 301620 dfly_bench.cc:1001] ReceiveFb done
I20260914 19:06:05.857262 301616 dfly_bench.cc:926] Done queuing 4294967295 requests, which took 30.0s. Waiting for server processing
I20260914 19:06:05.857266 301606 dfly_bench.cc:926] Done queuing 4294967295 requests, which took 30.0s. Waiting for server processing
I20260914 19:06:05.857333 301610 dfly_bench.cc:1001] ReceiveFb done
I20260914 19:06:05.857286 301615 dfly_bench.cc:1001] ReceiveFb done
I20260914 19:06:05.857138 301607 dfly_bench.cc:1001] ReceiveFb done
I20260914 19:06:05.857368 301608 dfly_bench.cc:1001] ReceiveFb done
I20260914 19:06:05.857333 301605 dfly_bench.cc:1001] ReceiveFb done
I20260914 19:06:05.857306 301611 dfly_bench.cc:1001] ReceiveFb done
I20260914 19:06:05.857307 301609 dfly_bench.cc:926] Done queuing 4294967295 requests, which took 30.0s. Waiting for server processing
I20260914 19:06:05.857394 301611 dfly_bench.cc:1001] ReceiveFb done
I20260914 19:06:05.857278 301617 dfly_bench.cc:926] Done queuing 4294967295 requests, which took 30.0s. Waiting for server processing
I20260914 19:06:05.857296 301618 dfly_bench.cc:926] Done queuing 4294967295 requests, which took 30.0s. Waiting for server processing
I20260914 19:06:05.857419 301611 dfly_bench.cc:1001] ReceiveFb done
I20260914 19:06:05.857334 301620 dfly_bench.cc:1001] ReceiveFb done
I20260914 19:06:05.857280 301619 dfly_bench.cc:926] Done queuing 4294967295 requests, which took 30.0s. Waiting for server processing
I20260914 19:06:05.857250 301612 dfly_bench.cc:926] Done queuing 4294967295 requests, which took 30.0s. Waiting for server processing
I20260914 19:06:05.857458 301619 dfly_bench.cc:926] Done queuing 4294967295 requests, which took 30.0s. Waiting for server processing
I20260914 19:06:05.857374 301607 dfly_bench.cc:1001] ReceiveFb done
I20260914 19:06:05.857462 301611 dfly_bench.cc:1001] ReceiveFb done
I20260914 19:06:05.857359 301610 dfly_bench.cc:1001] ReceiveFb done
I20260914 19:06:05.857261 301614 dfly_bench.cc:926] Done queuing 4294967295 requests, which took 30.0s. Waiting for server processing
I20260914 19:06:05.857386 301608 dfly_bench.cc:1001] ReceiveFb done
I20260914 19:06:05.857486 301611 dfly_bench.cc:1001] ReceiveFb done
I20260914 19:06:05.857360 301613 dfly_bench.cc:1001] ReceiveFb done
I20260914 19:06:05.857405 301609 dfly_bench.cc:926] Done queuing 4294967295 requests, which took 30.0s. Waiting for server processing
I20260914 19:06:05.857507 301611 dfly_bench.cc:1001] ReceiveFb done
I20260914 19:06:05.857514 301613 dfly_bench.cc:1001] ReceiveFb done
I20260914 19:06:05.857467 301619 dfly_bench.cc:926] Done queuing 4294967295 requests, which took 30.0s. Waiting for server processing
I20260914 19:06:05.857499 301618 dfly_bench.cc:1001] ReceiveFb done
I20260914 19:06:05.857492 301610 dfly_bench.cc:1001] ReceiveFb done
I20260914 19:06:05.857492 301614 dfly_bench.cc:926] Done queuing 4294967295 requests, which took 30.0s. Waiting for server processing
I20260914 19:06:05.857374 301615 dfly_bench.cc:1001] ReceiveFb done
I20260914 19:06:05.857548 301618 dfly_bench.cc:1001] ReceiveFb done
I20260914 19:06:05.857550 301612 dfly_bench.cc:1001] ReceiveFb done
I20260914 19:06:05.857509 301607 dfly_bench.cc:926] Done queuing 4294967295 requests, which took 30.0s. Waiting for server processing
I20260914 19:06:05.857528 301611 dfly_bench.cc:1001] ReceiveFb done
I20260914 19:06:05.857438 301605 dfly_bench.cc:926] Done queuing 4294967295 requests, which took 30.0s. Waiting for server processing
I20260914 19:06:05.857564 301607 dfly_bench.cc:926] Done queuing 4294967295 requests, which took 30.0s. Waiting for server processing
I20260914 19:06:05.857537 301613 dfly_bench.cc:1001] ReceiveFb done
I20260914 19:06:05.857532 301619 dfly_bench.cc:926] Done queuing 4294967295 requests, which took 30.0s. Waiting for server processing
I20260914 19:06:05.857573 301618 dfly_bench.cc:926] Done queuing 4294967295 requests, which took 30.0s. Waiting for server processing
I20260914 19:06:05.857584 301614 dfly_bench.cc:1001] ReceiveFb done
I20260914 19:06:05.857587 301618 dfly_bench.cc:926] Done queuing 4294967295 requests, which took 30.0s. Waiting for server processing
I20260914 19:06:05.857507 301609 dfly_bench.cc:926] Done queuing 4294967295 requests, which took 30.0s. Waiting for server processing
I20260914 19:06:05.857503 301608 dfly_bench.cc:1001] ReceiveFb done
I20260914 19:06:05.857547 301610 dfly_bench.cc:926] Done queuing 4294967295 requests, which took 30.0s. Waiting for server processing
I20260914 19:06:05.857582 301607 dfly_bench.cc:926] Done queuing 4294967295 requests, which took 30.0s. Waiting for server processing
I20260914 19:06:05.857333 301616 dfly_bench.cc:926] Done queuing 4294967295 requests, which took 30.0s. Waiting for server processing
I20260914 19:06:05.857435 301617 dfly_bench.cc:926] Done queuing 4294967295 requests, which took 30.0s. Waiting for server processing
I20260914 19:06:05.857595 301605 dfly_bench.cc:1001] ReceiveFb done
I20260914 19:06:05.857640 301609 dfly_bench.cc:1001] ReceiveFb done
I20260914 19:06:05.857642 301617 dfly_bench.cc:926] Done queuing 4294967295 requests, which took 30.0s. Waiting for server processing
I20260914 19:06:05.857587 301613 dfly_bench.cc:1001] ReceiveFb done
I20260914 19:06:05.857576 301615 dfly_bench.cc:1001] ReceiveFb done
I20260914 19:06:05.857627 301608 dfly_bench.cc:926] Done queuing 4294967295 requests, which took 30.0s. Waiting for server processing
I20260914 19:06:05.857609 301607 dfly_bench.cc:926] Done queuing 4294967295 requests, which took 30.0s. Waiting for server processing
I20260914 19:06:05.857662 301605 dfly_bench.cc:926] Done queuing 4294967295 requests, which took 30.0s. Waiting for server processing
I20260914 19:06:05.857610 301610 dfly_bench.cc:926] Done queuing 4294967295 requests, which took 30.0s. Waiting for server processing
I20260914 19:06:05.857570 301606 dfly_bench.cc:1001] ReceiveFb done
I20260914 19:06:05.857613 301614 dfly_bench.cc:1001] ReceiveFb done
I20260914 19:06:05.857671 301608 dfly_bench.cc:926] Done queuing 4294967295 requests, which took 30.0s. Waiting for server processing
I20260914 19:06:05.857678 301613 dfly_bench.cc:926] Done queuing 4294967295 requests, which took 30.0s. Waiting for server processing
I20260914 19:06:05.857666 301609 dfly_bench.cc:1001] ReceiveFb done
I20260914 19:06:05.857676 301605 dfly_bench.cc:926] Done queuing 4294967295 requests, which took 30.0s. Waiting for server processing
I20260914 19:06:05.857676 301615 dfly_bench.cc:1001] ReceiveFb done
I20260914 19:06:05.857677 301610 dfly_bench.cc:926] Done queuing 4294967295 requests, which took 30.0s. Waiting for server processing
I20260914 19:06:05.857688 301608 dfly_bench.cc:926] Done queuing 4294967295 requests, which took 30.0s. Waiting for server processing
I20260914 19:06:05.857697 301617 dfly_bench.cc:1001] ReceiveFb done
I20260914 19:06:05.857663 301618 dfly_bench.cc:1001] ReceiveFb done
I20260914 19:06:05.857573 301612 dfly_bench.cc:1001] ReceiveFb done
I20260914 19:06:05.857694 301613 dfly_bench.cc:926] Done queuing 4294967295 requests, which took 30.0s. Waiting for server processing
I20260914 19:06:05.857697 301616 dfly_bench.cc:1001] ReceiveFb done
I20260914 19:06:05.857733 301617 dfly_bench.cc:1001] ReceiveFb done
I20260914 19:06:05.857697 301614 dfly_bench.cc:1001] ReceiveFb done
I20260914 19:06:05.857692 301606 dfly_bench.cc:1001] ReceiveFb done
I20260914 19:06:05.857736 301613 dfly_bench.cc:926] Done queuing 4294967295 requests, which took 30.0s. Waiting for server processing
I20260914 19:06:05.857750 301616 dfly_bench.cc:1001] ReceiveFb done
I20260914 19:06:05.857756 301611 dfly_bench.cc:926] Done queuing 4294967295 requests, which took 30.0s. Waiting for server processing
I20260914 19:06:05.857744 301619 dfly_bench.cc:926] Done queuing 4294967295 requests, which took 30.0s. Waiting for server processing
I20260914 19:06:05.857761 301614 dfly_bench.cc:1001] ReceiveFb done
I20260914 19:06:05.857743 301618 dfly_bench.cc:1001] ReceiveFb done
I20260914 19:06:05.857698 301605 dfly_bench.cc:926] Done queuing 4294967295 requests, which took 30.0s. Waiting for server processing
I20260914 19:06:05.857771 301606 dfly_bench.cc:926] Done queuing 4294967295 requests, which took 30.0s. Waiting for server processing
I20260914 19:06:05.857744 301615 dfly_bench.cc:926] Done queuing 4294967295 requests, which took 30.0s. Waiting for server processing
I20260914 19:06:05.857757 301617 dfly_bench.cc:1001] ReceiveFb done
I20260914 19:06:05.857791 301606 dfly_bench.cc:926] Done queuing 4294967295 requests, which took 30.0s. Waiting for server processing
I20260914 19:06:05.857800 301615 dfly_bench.cc:926] Done queuing 4294967295 requests, which took 30.0s. Waiting for server processing
I20260914 19:06:05.857728 301620 dfly_bench.cc:926] Done queuing 4294967295 requests, which took 30.0s. Waiting for server processing
I20260914 19:06:05.857779 301619 dfly_bench.cc:926] Done queuing 4294967295 requests, which took 30.0s. Waiting for server processing
I20260914 19:06:05.857774 301616 dfly_bench.cc:926] Done queuing 4294967295 requests, which took 30.0s. Waiting for server processing
I20260914 19:06:05.857818 301617 dfly_bench.cc:1001] ReceiveFb done
I20260914 19:06:05.857828 301620 dfly_bench.cc:1001] ReceiveFb done
I20260914 19:06:05.857726 301610 dfly_bench.cc:926] Done queuing 4294967295 requests, which took 30.0s. Waiting for server processing
I20260914 19:06:05.857764 301613 dfly_bench.cc:926] Done queuing 4294967295 requests, which took 30.0s. Waiting for server processing
I20260914 19:06:05.857738 301612 dfly_bench.cc:1001] ReceiveFb done
I20260914 19:06:05.857793 301614 dfly_bench.cc:1001] ReceiveFb done
I20260914 19:06:05.857823 301605 dfly_bench.cc:1001] ReceiveFb done
I20260914 19:06:05.857856 301620 dfly_bench.cc:926] Done queuing 4294967295 requests, which took 30.0s. Waiting for server processing
I20260914 19:06:05.857858 301613 dfly_bench.cc:926] Done queuing 4294967295 requests, which took 30.0s. Waiting for server processing
I20260914 19:06:05.857729 301607 dfly_bench.cc:926] Done queuing 4294967295 requests, which took 30.0s. Waiting for server processing
I20260914 19:06:05.857846 301610 dfly_bench.cc:926] Done queuing 4294967295 requests, which took 30.0s. Waiting for server processing
I20260914 19:06:05.857842 301617 dfly_bench.cc:1001] ReceiveFb done
I20260914 19:06:05.857892 301620 dfly_bench.cc:926] Done queuing 4294967295 requests, which took 30.0s. Waiting for server processing
I20260914 19:06:05.857898 301613 dfly_bench.cc:926] Done queuing 4294967295 requests, which took 30.0s. Waiting for server processing
I20260914 19:06:05.857812 301606 dfly_bench.cc:926] Done queuing 4294967295 requests, which took 30.0s. Waiting for server processing
I20260914 19:06:05.857712 301609 dfly_bench.cc:1001] ReceiveFb done
I20260914 19:06:05.857797 301608 dfly_bench.cc:1001] ReceiveFb done
I20260914 19:06:05.857820 301619 dfly_bench.cc:926] Done queuing 4294967295 requests, which took 30.0s. Waiting for server processing
I20260914 19:06:05.857894 301605 dfly_bench.cc:1001] ReceiveFb done
I20260914 19:06:05.857801 301618 dfly_bench.cc:926] Done queuing 4294967295 requests, which took 30.0s. Waiting for server processing
I20260914 19:06:05.857899 301610 dfly_bench.cc:926] Done queuing 4294967295 requests, which took 30.0s. Waiting for server processing
I20260914 19:06:05.857915 301606 dfly_bench.cc:926] Done queuing 4294967295 requests, which took 30.0s. Waiting for server processing
I20260914 19:06:05.857836 301616 dfly_bench.cc:926] Done queuing 4294967295 requests, which took 30.0s. Waiting for server processing
I20260914 19:06:05.857774 301611 dfly_bench.cc:926] Done queuing 4294967295 requests, which took 30.0s. Waiting for server processing
I20260914 19:06:05.857892 301612 dfly_bench.cc:926] Done queuing 4294967295 requests, which took 30.0s. Waiting for server processing
I20260914 19:06:05.857950 301606 dfly_bench.cc:926] Done queuing 4294967295 requests, which took 30.0s. Waiting for server processing
I20260914 19:06:05.857944 301619 dfly_bench.cc:926] Done queuing 4294967295 requests, which took 30.0s. Waiting for server processing
I20260914 19:06:05.857933 301620 dfly_bench.cc:1001] ReceiveFb done
I20260914 19:06:05.857976 301611 dfly_bench.cc:1001] ReceiveFb done
I20260914 19:06:05.857945 301609 dfly_bench.cc:1001] ReceiveFb done
I20260914 19:06:05.858001 301620 dfly_bench.cc:1001] ReceiveFb done
I20260914 19:06:05.857952 301618 dfly_bench.cc:926] Done queuing 4294967295 requests, which took 30.0s. Waiting for server processing
I20260914 19:06:05.858008 301611 dfly_bench.cc:1001] ReceiveFb done
I20260914 19:06:05.858014 301618 dfly_bench.cc:926] Done queuing 4294967295 requests, which took 30.0s. Waiting for server processing
I20260914 19:06:05.857956 301616 dfly_bench.cc:926] Done queuing 4294967295 requests, which took 30.0s. Waiting for server processing
I20260914 19:06:05.857965 301605 dfly_bench.cc:1001] ReceiveFb done
I20260914 19:06:05.857960 301612 dfly_bench.cc:926] Done queuing 4294967295 requests, which took 30.0s. Waiting for server processing
I20260914 19:06:05.857949 301608 dfly_bench.cc:1001] ReceiveFb done
I20260914 19:06:05.858039 301609 dfly_bench.cc:1001] ReceiveFb done
I20260914 19:06:05.858042 301610 dfly_bench.cc:1001] ReceiveFb done
I20260914 19:06:05.858037 301612 dfly_bench.cc:926] Done queuing 4294967295 requests, which took 30.0s. Waiting for server processing
I20260914 19:06:05.857913 301617 dfly_bench.cc:926] Done queuing 4294967295 requests, which took 30.0s. Waiting for server processing
I20260914 19:06:05.857896 301607 dfly_bench.cc:926] Done queuing 4294967295 requests, which took 30.0s. Waiting for server processing
I20260914 19:06:05.857896 301614 dfly_bench.cc:926] Done queuing 4294967295 requests, which took 30.0s. Waiting for server processing
I20260914 19:06:05.857926 301615 dfly_bench.cc:926] Done queuing 4294967295 requests, which took 30.0s. Waiting for server processing
I20260914 19:06:05.858053 301613 dfly_bench.cc:1001] ReceiveFb done
I20260914 19:06:05.858074 301618 dfly_bench.cc:1001] ReceiveFb done
I20260914 19:06:05.858026 301620 dfly_bench.cc:926] Done queuing 4294967295 requests, which took 30.0s. Waiting for server processing
I20260914 19:06:05.857967 301619 dfly_bench.cc:926] Done queuing 4294967295 requests, which took 30.0s. Waiting for server processing
I20260914 19:06:05.858063 301609 dfly_bench.cc:926] Done queuing 4294967295 requests, which took 30.0s. Waiting for server processing
I20260914 19:06:05.858075 301614 dfly_bench.cc:926] Done queuing 4294967295 requests, which took 30.0s. Waiting for server processing
I20260914 19:06:05.858094 301616 dfly_bench.cc:1001] ReceiveFb done
I20260914 19:06:05.858121 301615 dfly_bench.cc:1001] ReceiveFb done
I20260914 19:06:05.858131 301619 dfly_bench.cc:1001] ReceiveFb done
I20260914 19:06:05.858129 301605 dfly_bench.cc:926] Done queuing 4294967295 requests, which took 30.0s. Waiting for server processing
I20260914 19:06:05.858064 301610 dfly_bench.cc:1001] ReceiveFb done
I20260914 19:06:05.858143 301620 dfly_bench.cc:1001] ReceiveFb done
I20260914 19:06:05.858155 301605 dfly_bench.cc:1001] ReceiveFb done
I20260914 19:06:05.858067 301612 dfly_bench.cc:926] Done queuing 4294967295 requests, which took 30.0s. Waiting for server processing
I20260914 19:06:05.858161 301610 dfly_bench.cc:1001] ReceiveFb done
I20260914 19:06:05.858053 301608 dfly_bench.cc:1001] ReceiveFb done
I20260914 19:06:05.858076 301606 dfly_bench.cc:1001] ReceiveFb done
I20260914 19:06:05.858184 301610 dfly_bench.cc:1001] ReceiveFb done
I20260914 19:06:05.858075 301617 dfly_bench.cc:926] Done queuing 4294967295 requests, which took 30.0s. Waiting for server processing
I20260914 19:06:05.858175 301620 dfly_bench.cc:926] Done queuing 4294967295 requests, which took 30.0s. Waiting for server processing
I20260914 19:06:05.858176 301605 dfly_bench.cc:926] Done queuing 4294967295 requests, which took 30.0s. Waiting for server processing
I20260914 19:06:05.858151 301616 dfly_bench.cc:1001] ReceiveFb done
I20260914 19:06:05.858142 301615 dfly_bench.cc:1001] ReceiveFb done
I20260914 19:06:05.858100 301613 dfly_bench.cc:1001] ReceiveFb done
I20260914 19:06:05.858112 301618 dfly_bench.cc:1001] ReceiveFb done
I20260914 19:06:05.858214 301606 dfly_bench.cc:1001] ReceiveFb done
I20260914 19:06:05.858237 301614 dfly_bench.cc:1001] ReceiveFb done
I20260914 19:06:05.858240 301613 dfly_bench.cc:1001] ReceiveFb done
I20260914 19:06:05.858132 301607 dfly_bench.cc:1001] ReceiveFb done
I20260914 19:06:05.858264 301614 dfly_bench.cc:1001] ReceiveFb done
I20260914 19:06:05.858263 301613 dfly_bench.cc:1001] ReceiveFb done
I20260914 19:06:05.858232 301615 dfly_bench.cc:1001] ReceiveFb done
I20260914 19:06:05.858248 301618 dfly_bench.cc:1001] ReceiveFb done
I20260914 19:06:05.858232 301620 dfly_bench.cc:1001] ReceiveFb done
I20260914 19:06:05.858218 301605 dfly_bench.cc:926] Done queuing 4294967295 requests, which took 30.0s. Waiting for server processing
I20260914 19:06:05.858297 301613 dfly_bench.cc:1001] ReceiveFb done
I20260914 19:06:05.858306 301618 dfly_bench.cc:926] Done queuing 4294967295 requests, which took 30.0s. Waiting for server processing
I20260914 19:06:05.858225 301608 dfly_bench.cc:926] Done queuing 4294967295 requests, which took 30.0s. Waiting for server processing
I20260914 19:06:05.858155 301619 dfly_bench.cc:1001] ReceiveFb done
I20260914 19:06:05.858265 301606 dfly_bench.cc:1001] ReceiveFb done
I20260914 19:06:05.858332 301611 dfly_bench.cc:926] Done queuing 4294967295 requests, which took 30.0s. Waiting for server processing
I20260914 19:06:05.858239 301616 dfly_bench.cc:1001] ReceiveFb done
I20260914 19:06:05.858318 301613 dfly_bench.cc:1001] ReceiveFb done
I20260914 19:06:05.858345 301619 dfly_bench.cc:1001] ReceiveFb done
I20260914 19:06:05.858217 301610 dfly_bench.cc:1001] ReceiveFb done
I20260914 19:06:05.858350 301606 dfly_bench.cc:1001] ReceiveFb done
I20260914 19:06:05.858279 301612 dfly_bench.cc:1001] ReceiveFb done
I20260914 19:06:05.858326 301605 dfly_bench.cc:1001] ReceiveFb done
I20260914 19:06:05.858105 301609 dfly_bench.cc:926] Done queuing 4294967295 requests, which took 30.0s. Waiting for server processing
I20260914 19:06:05.858294 301614 dfly_bench.cc:926] Done queuing 4294967295 requests, which took 30.0s. Waiting for server processing
I20260914 19:06:05.858373 301614 dfly_bench.cc:926] Done queuing 4294967295 requests, which took 30.0s. Waiting for server processing
I20260914 19:06:05.858327 301620 dfly_bench.cc:926] Done queuing 4294967295 requests, which took 30.0s. Waiting for server processing
I20260914 19:06:05.858390 301615 dfly_bench.cc:926] Done queuing 4294967295 requests, which took 30.0s. Waiting for server processing
I20260914 19:06:05.858364 301609 dfly_bench.cc:926] Done queuing 4294967295 requests, which took 30.0s. Waiting for server processing
I20260914 19:06:05.858373 301605 dfly_bench.cc:1001] ReceiveFb done
I20260914 19:06:05.858294 301607 dfly_bench.cc:1001] ReceiveFb done
I20260914 19:06:05.858381 301612 dfly_bench.cc:1001] ReceiveFb done
I20260914 19:06:05.858383 301606 dfly_bench.cc:1001] ReceiveFb done
I20260914 19:06:05.858412 301615 dfly_bench.cc:926] Done queuing 4294967295 requests, which took 30.0s. Waiting for server processing
I20260914 19:06:05.858371 301616 dfly_bench.cc:926] Done queuing 4294967295 requests, which took 30.0s. Waiting for server processing
I20260914 19:06:05.858369 301617 dfly_bench.cc:1001] ReceiveFb done
I20260914 19:06:05.858413 301608 dfly_bench.cc:1001] ReceiveFb done
I20260914 19:06:05.858369 301610 dfly_bench.cc:1001] ReceiveFb done
I20260914 19:06:05.858433 301612 dfly_bench.cc:1001] ReceiveFb done
I20260914 19:06:05.858316 301618 dfly_bench.cc:926] Done queuing 4294967295 requests, which took 30.0s. Waiting for server processing
I20260914 19:06:05.858430 301614 dfly_bench.cc:1001] ReceiveFb done
I20260914 19:06:05.858424 301616 dfly_bench.cc:926] Done queuing 4294967295 requests, which took 30.0s. Waiting for server processing
I20260914 19:06:05.858430 301605 dfly_bench.cc:926] Done queuing 4294967295 requests, which took 30.0s. Waiting for server processing
I20260914 19:06:05.858387 301620 dfly_bench.cc:1001] ReceiveFb done
I20260914 19:06:05.858466 301612 dfly_bench.cc:1001] ReceiveFb done
I20260914 19:06:05.858433 301606 dfly_bench.cc:926] Done queuing 4294967295 requests, which took 30.0s. Waiting for server processing
I20260914 19:06:05.858345 301611 dfly_bench.cc:1001] ReceiveFb done
I20260914 19:06:05.858371 301619 dfly_bench.cc:1001] ReceiveFb done
I20260914 19:06:05.858459 301608 dfly_bench.cc:926] Done queuing 4294967295 requests, which took 30.0s. Waiting for server processing
I20260914 19:06:05.858444 301617 dfly_bench.cc:1001] ReceiveFb done
I20260914 19:06:05.858489 301612 dfly_bench.cc:926] Done queuing 4294967295 requests, which took 30.0s. Waiting for server processing
I20260914 19:06:05.858464 301610 dfly_bench.cc:926] Done queuing 4294967295 requests, which took 30.0s. Waiting for server processing
I20260914 19:06:05.858500 301619 dfly_bench.cc:1001] ReceiveFb done
I20260914 19:06:05.858422 301615 dfly_bench.cc:926] Done queuing 4294967295 requests, which took 30.0s. Waiting for server processing
I20260914 19:06:05.858510 301613 dfly_bench.cc:926] Done queuing 4294967295 requests, which took 30.0s. Waiting for server processing
I20260914 19:06:05.858469 301614 dfly_bench.cc:1001] ReceiveFb done
I20260914 19:06:05.858517 301615 dfly_bench.cc:926] Done queuing 4294967295 requests, which took 30.0s. Waiting for server processing
I20260914 19:06:05.858505 301610 dfly_bench.cc:926] Done queuing 4294967295 requests, which took 30.0s. Waiting for server processing
I20260914 19:06:05.858521 301619 dfly_bench.cc:1001] ReceiveFb done
I20260914 19:06:05.858525 301611 dfly_bench.cc:926] Done queuing 4294967295 requests, which took 30.0s. Waiting for server processing
I20260914 19:06:05.858523 301608 dfly_bench.cc:1001] ReceiveFb done
I20260914 19:06:05.858552 301608 dfly_bench.cc:926] Done queuing 4294967295 requests, which took 30.0s. Waiting for server processing
I20260914 19:06:05.858435 301607 dfly_bench.cc:1001] ReceiveFb done
I20260914 19:06:05.858515 301605 dfly_bench.cc:1001] ReceiveFb done
I20260914 19:06:05.858536 301618 dfly_bench.cc:1001] ReceiveFb done
I20260914 19:06:05.858537 301611 dfly_bench.cc:1001] ReceiveFb done
I20260914 19:06:05.858564 301608 dfly_bench.cc:926] Done queuing 4294967295 requests, which took 30.0s. Waiting for server processing
I20260914 19:06:05.858549 301615 dfly_bench.cc:1001] ReceiveFb done
I20260914 19:06:05.858560 301609 dfly_bench.cc:1001] ReceiveFb done
I20260914 19:06:05.858546 301619 dfly_bench.cc:1001] ReceiveFb done
I20260914 19:06:05.858515 301617 dfly_bench.cc:926] Done queuing 4294967295 requests, which took 30.0s. Waiting for server processing
I20260914 19:06:05.858522 301613 dfly_bench.cc:926] Done queuing 4294967295 requests, which took 30.0s. Waiting for server processing
I20260914 19:06:05.858548 301616 dfly_bench.cc:1001] ReceiveFb done
I20260914 19:06:05.858587 301614 dfly_bench.cc:926] Done queuing 4294967295 requests, which took 30.0s. Waiting for server processing
I20260914 19:06:05.858589 301617 dfly_bench.cc:926] Done queuing 4294967295 requests, which took 30.0s. Waiting for server processing
I20260914 19:06:05.858589 301613 dfly_bench.cc:926] Done queuing 4294967295 requests, which took 30.0s. Waiting for server processing
I20260914 19:06:05.858598 301619 dfly_bench.cc:1001] ReceiveFb done
I20260914 19:06:05.858584 301607 dfly_bench.cc:1001] ReceiveFb done
I20260914 19:06:05.858584 301618 dfly_bench.cc:1001] ReceiveFb done
I20260914 19:06:05.858598 301612 dfly_bench.cc:1001] ReceiveFb done
I20260914 19:06:05.858582 301605 dfly_bench.cc:926] Done queuing 4294967295 requests, which took 30.0s. Waiting for server processing
I20260914 19:06:05.858603 301608 dfly_bench.cc:1001] ReceiveFb done
I20260914 19:06:05.858619 301613 dfly_bench.cc:926] Done queuing 4294967295 requests, which took 30.0s. Waiting for server processing
I20260914 19:06:05.858644 301607 dfly_bench.cc:1001] ReceiveFb done
I20260914 19:06:05.858601 301609 dfly_bench.cc:1001] ReceiveFb done
I20260914 19:06:05.858639 301619 dfly_bench.cc:1001] ReceiveFb done
I20260914 19:06:05.858637 301605 dfly_bench.cc:926] Done queuing 4294967295 requests, which took 30.0s. Waiting for server processing
I20260914 19:06:05.858669 301617 dfly_bench.cc:1001] ReceiveFb done
I20260914 19:06:05.858599 301614 dfly_bench.cc:1001] ReceiveFb done
I20260914 19:06:05.858593 301615 dfly_bench.cc:1001] ReceiveFb done
I20260914 19:06:05.858656 301612 dfly_bench.cc:926] Done queuing 4294967295 requests, which took 30.0s. Waiting for server processing
I20260914 19:06:05.858660 301605 dfly_bench.cc:926] Done queuing 4294967295 requests, which took 30.0s. Waiting for server processing
I20260914 19:06:05.858606 301616 dfly_bench.cc:1001] ReceiveFb done
I20260914 19:06:05.858692 301612 dfly_bench.cc:926] Done queuing 4294967295 requests, which took 30.0s. Waiting for server processing
I20260914 19:06:05.858665 301609 dfly_bench.cc:1001] ReceiveFb done
I20260914 19:06:05.858651 301608 dfly_bench.cc:1001] ReceiveFb done
I20260914 19:06:05.858688 301617 dfly_bench.cc:1001] ReceiveFb done
I20260914 19:06:05.858675 301610 dfly_bench.cc:1001] ReceiveFb done
I20260914 19:06:05.858665 301613 dfly_bench.cc:1001] ReceiveFb done
I20260914 19:06:05.858636 301606 dfly_bench.cc:1001] ReceiveFb done
I20260914 19:06:05.858707 301612 dfly_bench.cc:926] Done queuing 4294967295 requests, which took 30.0s. Waiting for server processing
I20260914 19:06:05.858712 301616 dfly_bench.cc:926] Done queuing 4294967295 requests, which took 30.0s. Waiting for server processing
I20260914 19:06:05.858719 301605 dfly_bench.cc:1001] ReceiveFb done
I20260914 19:06:05.858736 301616 dfly_bench.cc:926] Done queuing 4294967295 requests, which took 30.0s. Waiting for server processing
I20260914 19:06:05.858745 301616 dfly_bench.cc:926] Done queuing 4294967295 requests, which took 30.0s. Waiting for server processing
I20260914 19:06:05.858733 301617 dfly_bench.cc:926] Done queuing 4294967295 requests, which took 30.0s. Waiting for server processing
I20260914 19:06:05.858664 301607 dfly_bench.cc:1001] ReceiveFb done
I20260914 19:06:05.858763 301608 dfly_bench.cc:926] Done queuing 4294967295 requests, which took 30.0s. Waiting for server processing
I20260914 19:06:05.858712 301615 dfly_bench.cc:1001] ReceiveFb done
I20260914 19:06:05.858762 301605 dfly_bench.cc:1001] ReceiveFb done
I20260914 19:06:05.858748 301606 dfly_bench.cc:926] Done queuing 4294967295 requests, which took 30.0s. Waiting for server processing
I20260914 19:06:05.858757 301613 dfly_bench.cc:1001] ReceiveFb done
I20260914 19:06:05.858726 301609 dfly_bench.cc:926] Done queuing 4294967295 requests, which took 30.0s. Waiting for server processing
I20260914 19:06:05.858644 301618 dfly_bench.cc:926] Done queuing 4294967295 requests, which took 30.0s. Waiting for server processing
I20260914 19:06:05.858760 301616 dfly_bench.cc:926] Done queuing 4294967295 requests, which took 30.0s. Waiting for server processing
I20260914 19:06:05.858757 301612 dfly_bench.cc:1001] ReceiveFb done
I20260914 19:06:05.858783 301606 dfly_bench.cc:926] Done queuing 4294967295 requests, which took 30.0s. Waiting for server processing
I20260914 19:06:05.858791 301605 dfly_bench.cc:1001] ReceiveFb done
I20260914 19:06:05.858733 301610 dfly_bench.cc:1001] ReceiveFb done
I20260914 19:06:05.858806 301612 dfly_bench.cc:1001] ReceiveFb done
I20260914 19:06:05.858762 301617 dfly_bench.cc:926] Done queuing 4294967295 requests, which took 30.0s. Waiting for server processing
I20260914 19:06:05.858776 301608 dfly_bench.cc:1001] ReceiveFb done
I20260914 19:06:05.858793 301615 dfly_bench.cc:1001] ReceiveFb done
I20260914 19:06:05.858798 301613 dfly_bench.cc:1001] ReceiveFb done
I20260914 19:06:05.858837 301606 dfly_bench.cc:1001] ReceiveFb done
I20260914 19:06:05.858795 301609 dfly_bench.cc:926] Done queuing 4294967295 requests, which took 30.0s. Waiting for server processing
I20260914 19:06:05.858831 301612 dfly_bench.cc:1001] ReceiveFb done
I20260914 19:06:05.858857 301613 dfly_bench.cc:1001] ReceiveFb done
I20260914 19:06:05.858863 301606 dfly_bench.cc:1001] ReceiveFb done
I20260914 19:06:05.858834 301618 dfly_bench.cc:1001] ReceiveFb done
I20260914 19:06:05.858870 301608 dfly_bench.cc:926] Done queuing 4294967295 requests, which took 30.0s. Waiting for server processing
I20260914 19:06:05.858871 301612 dfly_bench.cc:926] Done queuing 4294967295 requests, which took 30.0s. Waiting for server processing
I20260914 19:06:05.858837 301616 dfly_bench.cc:1001] ReceiveFb done
I20260914 19:06:05.858852 301609 dfly_bench.cc:926] Done queuing 4294967295 requests, which took 30.0s. Waiting for server processing
I20260914 19:06:05.858882 301606 dfly_bench.cc:926] Done queuing 4294967295 requests, which took 30.0s. Waiting for server processing
I20260914 19:06:05.858878 301619 dfly_bench.cc:926] Done queuing 4294967295 requests, which took 30.0s. Waiting for server processing
I20260914 19:06:05.858830 301610 dfly_bench.cc:926] Done queuing 4294967295 requests, which took 30.0s. Waiting for server processing
I20260914 19:06:05.858891 301605 dfly_bench.cc:926] Done queuing 4294967295 requests, which took 30.0s. Waiting for server processing
I20260914 19:06:05.858888 301618 dfly_bench.cc:926] Done queuing 4294967295 requests, which took 30.0s. Waiting for server processing
I20260914 19:06:05.858919 301606 dfly_bench.cc:926] Done queuing 4294967295 requests, which took 30.0s. Waiting for server processing
I20260914 19:06:05.858881 301617 dfly_bench.cc:1001] ReceiveFb done
I20260914 19:06:05.858911 301616 dfly_bench.cc:1001] ReceiveFb done
I20260914 19:06:05.858952 301619 dfly_bench.cc:1001] ReceiveFb done
I20260914 19:06:05.858950 301605 dfly_bench.cc:926] Done queuing 4294967295 requests, which took 30.0s. Waiting for server processing
I20260914 19:06:05.858954 301612 dfly_bench.cc:1001] ReceiveFb done
I20260914 19:06:05.858969 301607 dfly_bench.cc:926] Done queuing 4294967295 requests, which took 30.0s. Waiting for server processing
I20260914 19:06:05.858978 301610 dfly_bench.cc:1001] ReceiveFb done
I20260914 19:06:05.858865 301614 dfly_bench.cc:926] Done queuing 4294967295 requests, which took 30.0s. Waiting for server processing
I20260914 19:06:05.858985 301615 dfly_bench.cc:926] Done queuing 4294967295 requests, which took 30.0s. Waiting for server processing
I20260914 19:06:05.859004 301615 dfly_bench.cc:926] Done queuing 4294967295 requests, which took 30.0s. Waiting for server processing
I20260914 19:06:05.858892 301608 dfly_bench.cc:1001] ReceiveFb done
I20260914 19:06:05.859017 301615 dfly_bench.cc:926] Done queuing 4294967295 requests, which took 30.0s. Waiting for server processing
I20260914 19:06:05.859010 301605 dfly_bench.cc:1001] ReceiveFb done
I20260914 19:06:05.859001 301620 dfly_bench.cc:926] Done queuing 4294967295 requests, which took 30.0s. Waiting for server processing
I20260914 19:06:05.859026 301615 dfly_bench.cc:926] Done queuing 4294967295 requests, which took 30.0s. Waiting for server processing
I20260914 19:06:05.858983 301618 dfly_bench.cc:1001] ReceiveFb done
I20260914 19:06:05.858973 301616 dfly_bench.cc:1001] ReceiveFb done
I20260914 19:06:05.859038 301620 dfly_bench.cc:1001] ReceiveFb done
I20260914 19:06:05.859043 301615 dfly_bench.cc:1001] ReceiveFb done
I20260914 19:06:05.859045 301611 dfly_bench.cc:926] Done queuing 4294967295 requests, which took 30.0s. Waiting for server processing
I20260914 19:06:05.858969 301617 dfly_bench.cc:1001] ReceiveFb done
I20260914 19:06:05.858999 301610 dfly_bench.cc:926] Done queuing 4294967295 requests, which took 30.0s. Waiting for server processing
I20260914 19:06:05.858986 301612 dfly_bench.cc:926] Done queuing 4294967295 requests, which took 30.0s. Waiting for server processing
I20260914 19:06:05.859052 301618 dfly_bench.cc:926] Done queuing 4294967295 requests, which took 30.0s. Waiting for server processing
I20260914 19:06:05.859077 301617 dfly_bench.cc:926] Done queuing 4294967295 requests, which took 30.0s. Waiting for server processing
I20260914 19:06:05.859056 301605 dfly_bench.cc:1001] ReceiveFb done
I20260914 19:06:05.859043 301613 dfly_bench.cc:926] Done queuing 4294967295 requests, which took 30.0s. Waiting for server processing
I20260914 19:06:05.859066 301615 dfly_bench.cc:1001] ReceiveFb done
I20260914 19:06:05.859063 301611 dfly_bench.cc:1001] ReceiveFb done
I20260914 19:06:05.859081 301618 dfly_bench.cc:926] Done queuing 4294967295 requests, which took 30.0s. Waiting for server processing
I20260914 19:06:05.859103 301608 dfly_bench.cc:926] Done queuing 4294967295 requests, which took 30.0s. Waiting for server processing
I20260914 19:06:05.859123 301608 dfly_bench.cc:926] Done queuing 4294967295 requests, which took 30.0s. Waiting for server processing
I20260914 19:06:05.859072 301606 dfly_bench.cc:1001] ReceiveFb done
I20260914 19:06:05.858991 301609 dfly_bench.cc:1001] ReceiveFb done
I20260914 19:06:05.859073 301612 dfly_bench.cc:926] Done queuing 4294967295 requests, which took 30.0s. Waiting for server processing
I20260914 19:06:05.859066 301620 dfly_bench.cc:926] Done queuing 4294967295 requests, which took 30.0s. Waiting for server processing
I20260914 19:06:05.858999 301614 dfly_bench.cc:1001] ReceiveFb done
I20260914 19:06:05.859119 301618 dfly_bench.cc:926] Done queuing 4294967295 requests, which took 30.0s. Waiting for server processing
I20260914 19:06:05.859112 301613 dfly_bench.cc:926] Done queuing 4294967295 requests, which took 30.0s. Waiting for server processing
I20260914 19:06:05.859139 301608 dfly_bench.cc:1001] ReceiveFb done
I20260914 19:06:05.859145 301609 dfly_bench.cc:1001] ReceiveFb done
I20260914 19:06:05.859058 301616 dfly_bench.cc:1001] ReceiveFb done
I20260914 19:06:05.859160 301620 dfly_bench.cc:1001] ReceiveFb done
I20260914 19:06:05.859156 301614 dfly_bench.cc:926] Done queuing 4294967295 requests, which took 30.0s. Waiting for server processing
I20260914 19:06:05.859170 301618 dfly_bench.cc:1001] ReceiveFb done
I20260914 19:06:05.859156 301606 dfly_bench.cc:1001] ReceiveFb done
I20260914 19:06:05.859166 301609 dfly_bench.cc:1001] ReceiveFb done
I20260914 19:06:05.859161 301608 dfly_bench.cc:1001] ReceiveFb done
I20260914 19:06:05.859135 301612 dfly_bench.cc:926] Done queuing 4294967295 requests, which took 30.0s. Waiting for server processing
I20260914 19:06:05.859145 301613 dfly_bench.cc:926] Done queuing 4294967295 requests, which took 30.0s. Waiting for server processing
I20260914 19:06:05.859122 301610 dfly_bench.cc:1001] ReceiveFb done
I20260914 19:06:05.859189 301617 dfly_bench.cc:1001] ReceiveFb done
I20260914 19:06:05.859122 301615 dfly_bench.cc:1001] ReceiveFb done
I20260914 19:06:05.858985 301607 dfly_bench.cc:926] Done queuing 4294967295 requests, which took 30.0s. Waiting for server processing
I20260914 19:06:05.859241 301615 dfly_bench.cc:1001] ReceiveFb done
I20260914 19:06:05.859220 301606 dfly_bench.cc:926] Done queuing 4294967295 requests, which took 30.0s. Waiting for server processing
I20260914 19:06:05.859237 301617 dfly_bench.cc:926] Done queuing 4294967295 requests, which took 30.0s. Waiting for server processing
I20260914 19:06:05.859217 301620 dfly_bench.cc:926] Done queuing 4294967295 requests, which took 30.0s. Waiting for server processing
I20260914 19:06:05.859270 301619 dfly_bench.cc:926] Done queuing 4294967295 requests, which took 30.0s. Waiting for server processing
I20260914 19:06:05.859287 301619 dfly_bench.cc:1001] ReceiveFb done
I20260914 19:06:05.859208 301618 dfly_bench.cc:1001] ReceiveFb done
I20260914 19:06:05.859262 301620 dfly_bench.cc:1001] ReceiveFb done
I20260914 19:06:05.859297 301612 dfly_bench.cc:1001] ReceiveFb done
I20260914 19:06:05.859256 301606 dfly_bench.cc:926] Done queuing 4294967295 requests, which took 30.0s. Waiting for server processing
I20260914 19:06:05.859226 301608 dfly_bench.cc:926] Done queuing 4294967295 requests, which took 30.0s. Waiting for server processing
I20260914 19:06:05.859258 301617 dfly_bench.cc:926] Done queuing 4294967295 requests, which took 30.0s. Waiting for server processing
I20260914 19:06:05.859221 301613 dfly_bench.cc:926] Done queuing 4294967295 requests, which took 30.0s. Waiting for server processing
I20260914 19:06:05.859310 301618 dfly_bench.cc:1001] ReceiveFb done
I20260914 19:06:05.859321 301612 dfly_bench.cc:1001] ReceiveFb done
I20260914 19:06:05.859326 301613 dfly_bench.cc:1001] ReceiveFb done
I20260914 19:06:05.859253 301616 dfly_bench.cc:926] Done queuing 4294967295 requests, which took 30.0s. Waiting for server processing
I20260914 19:06:05.859341 301612 dfly_bench.cc:1001] ReceiveFb done
I20260914 19:06:05.859221 301609 dfly_bench.cc:926] Done queuing 4294967295 requests, which took 30.0s. Waiting for server processing
I20260914 19:06:05.859315 301606 dfly_bench.cc:926] Done queuing 4294967295 requests, which took 30.0s. Waiting for server processing
I20260914 19:06:05.859360 301609 dfly_bench.cc:926] Done queuing 4294967295 requests, which took 30.0s. Waiting for server processing
I20260914 19:06:05.859236 301614 dfly_bench.cc:1001] ReceiveFb done
I20260914 19:06:05.859345 301616 dfly_bench.cc:926] Done queuing 4294967295 requests, which took 30.0s. Waiting for server processing
I20260914 19:06:05.859352 301615 dfly_bench.cc:926] Done queuing 4294967295 requests, which took 30.0s. Waiting for server processing
I20260914 19:06:05.859247 301607 dfly_bench.cc:926] Done queuing 4294967295 requests, which took 30.0s. Waiting for server processing
I20260914 19:06:05.859347 301613 dfly_bench.cc:1001] ReceiveFb done
I20260914 19:06:05.859315 301617 dfly_bench.cc:926] Done queuing 4294967295 requests, which took 30.0s. Waiting for server processing
I20260914 19:06:05.859352 301608 dfly_bench.cc:1001] ReceiveFb done
I20260914 19:06:05.859405 301617 dfly_bench.cc:926] Done queuing 4294967295 requests, which took 30.0s. Waiting for server processing
I20260914 19:06:05.859416 301617 dfly_bench.cc:926] Done queuing 4294967295 requests, which took 30.0s. Waiting for server processing
I20260914 19:06:05.859412 301614 dfly_bench.cc:926] Done queuing 4294967295 requests, which took 30.0s. Waiting for server processing
I20260914 19:06:05.859422 301608 dfly_bench.cc:926] Done queuing 4294967295 requests, which took 30.0s. Waiting for server processing
I20260914 19:06:05.859380 301616 dfly_bench.cc:926] Done queuing 4294967295 requests, which took 30.0s. Waiting for server processing
I20260914 19:06:05.859426 301617 dfly_bench.cc:926] Done queuing 4294967295 requests, which took 30.0s. Waiting for server processing
I20260914 19:06:05.859237 301610 dfly_bench.cc:926] Done queuing 4294967295 requests, which took 30.0s. Waiting for server processing
I20260914 19:06:05.859445 301616 dfly_bench.cc:1001] ReceiveFb done
I20260914 19:06:05.859429 301614 dfly_bench.cc:1001] ReceiveFb done
I20260914 19:06:05.859400 301615 dfly_bench.cc:926] Done queuing 4294967295 requests, which took 30.0s. Waiting for server processing
I20260914 19:06:05.859402 301607 dfly_bench.cc:926] Done queuing 4294967295 requests, which took 30.0s. Waiting for server processing
I20260914 19:06:05.859416 301613 dfly_bench.cc:1001] ReceiveFb done
I20260914 19:06:05.859439 301606 dfly_bench.cc:1001] ReceiveFb done
I20260914 19:06:05.859464 301615 dfly_bench.cc:1001] ReceiveFb done
I20260914 19:06:05.859472 301617 dfly_bench.cc:1001] ReceiveFb done
I20260914 19:06:05.859476 301608 dfly_bench.cc:1001] ReceiveFb done
I20260914 19:06:05.859426 301612 dfly_bench.cc:926] Done queuing 4294967295 requests, which took 30.0s. Waiting for server processing
I20260914 19:06:05.859488 301615 dfly_bench.cc:1001] ReceiveFb done
I20260914 19:06:05.859476 301609 dfly_bench.cc:1001] ReceiveFb done
I20260914 19:06:05.859483 301613 dfly_bench.cc:1001] ReceiveFb done
I20260914 19:06:05.859436 301618 dfly_bench.cc:926] Done queuing 4294967295 requests, which took 30.0s. Waiting for server processing
I20260914 19:06:05.859490 301617 dfly_bench.cc:1001] ReceiveFb done
I20260914 19:06:05.859477 301610 dfly_bench.cc:1001] ReceiveFb done
I20260914 19:06:05.859521 301609 dfly_bench.cc:1001] ReceiveFb done
I20260914 19:06:05.859524 301618 dfly_bench.cc:1001] ReceiveFb done
I20260914 19:06:05.859524 301613 dfly_bench.cc:926] Done queuing 4294967295 requests, which took 30.0s. Waiting for server processing
I20260914 19:06:05.859495 301612 dfly_bench.cc:926] Done queuing 4294967295 requests, which took 30.0s. Waiting for server processing
I20260914 19:06:05.859535 301617 dfly_bench.cc:1001] ReceiveFb done
I20260914 19:06:05.859485 301606 dfly_bench.cc:1001] ReceiveFb done
I20260914 19:06:05.859546 301612 dfly_bench.cc:1001] ReceiveFb done
I20260914 19:06:05.859552 301607 dfly_bench.cc:1001] ReceiveFb done
I20260914 19:06:05.859565 301612 dfly_bench.cc:1001] ReceiveFb done
I20260914 19:06:05.859558 301610 dfly_bench.cc:926] Done queuing 4294967295 requests, which took 30.0s. Waiting for server processing
I20260914 19:06:05.859467 301616 dfly_bench.cc:1001] ReceiveFb done
I20260914 19:06:05.859561 301606 dfly_bench.cc:1001] ReceiveFb done
I20260914 19:06:05.859558 301617 dfly_bench.cc:1001] ReceiveFb done
I20260914 19:06:05.859539 301609 dfly_bench.cc:926] Done queuing 4294967295 requests, which took 30.0s. Waiting for server processing
I20260914 19:06:05.859581 301610 dfly_bench.cc:1001] ReceiveFb done
I20260914 19:06:05.859575 301618 dfly_bench.cc:926] Done queuing 4294967295 requests, which took 30.0s. Waiting for server processing
I20260914 19:06:05.859591 301616 dfly_bench.cc:1001] ReceiveFb done
I20260914 19:06:05.859596 301617 dfly_bench.cc:1001] ReceiveFb done
I20260914 19:06:05.859594 301618 dfly_bench.cc:1001] ReceiveFb done
I20260914 19:06:05.859603 301610 dfly_bench.cc:926] Done queuing 4294967295 requests, which took 30.0s. Waiting for server processing
I20260914 19:06:05.859615 301617 dfly_bench.cc:1001] ReceiveFb done
I20260914 19:06:05.859596 301606 dfly_bench.cc:926] Done queuing 4294967295 requests, which took 30.0s. Waiting for server processing
I20260914 19:06:05.859625 301613 dfly_bench.cc:1001] ReceiveFb done
I20260914 19:06:05.859637 301609 dfly_bench.cc:1001] ReceiveFb done
I20260914 19:06:05.859639 301610 dfly_bench.cc:1001] ReceiveFb done
I20260914 19:06:05.859645 301613 dfly_bench.cc:926] Done queuing 4294967295 requests, which took 30.0s. Waiting for server processing
I20260914 19:06:05.859655 301609 dfly_bench.cc:926] Done queuing 4294967295 requests, which took 30.0s. Waiting for server processing
I20260914 19:06:05.859573 301607 dfly_bench.cc:1001] ReceiveFb done
I20260914 19:06:05.859686 301609 dfly_bench.cc:926] Done queuing 4294967295 requests, which took 30.0s. Waiting for server processing
I20260914 19:06:05.859694 301609 dfly_bench.cc:926] Done queuing 4294967295 requests, which took 30.0s. Waiting for server processing
I20260914 19:06:05.859701 301607 dfly_bench.cc:1001] ReceiveFb done
I20260914 19:06:05.859671 301613 dfly_bench.cc:1001] ReceiveFb done
I20260914 19:06:05.859719 301607 dfly_bench.cc:1001] ReceiveFb done
I20260914 19:06:05.859723 301609 dfly_bench.cc:1001] ReceiveFb done
I20260914 19:06:05.859726 301616 dfly_bench.cc:926] Done queuing 4294967295 requests, which took 30.0s. Waiting for server processing
I20260914 19:06:05.859728 301606 dfly_bench.cc:1001] ReceiveFb done
30s: 100.0% done, RPS(now/agg): 724803/721325, errs: 0, hitrate: 100.0%, clients: 207
done_min: 100.00%, done_max: 100.02%, p99_lat(us): 6400, max_pending: 1
I20260914 19:06:05.859741 301616 dfly_bench.cc:1001] ReceiveFb done
I20260914 19:06:05.859747 301609 dfly_bench.cc:1001] ReceiveFb done
I20260914 19:06:05.859750 301617 dfly_bench.cc:926] Done queuing 4294967295 requests, which took 30.0s. Waiting for server processing
I20260914 19:06:05.859762 301617 dfly_bench.cc:1001] ReceiveFb done
I20260914 19:06:05.859766 301609 dfly_bench.cc:1001] ReceiveFb done
I20260914 19:06:05.859771 301606 dfly_bench.cc:926] Done queuing 4294967295 requests, which took 30.0s. Waiting for server processing
I20260914 19:06:05.859781 301617 dfly_bench.cc:926] Done queuing 4294967295 requests, which took 30.0s. Waiting for server processing
I20260914 19:06:05.859786 301609 dfly_bench.cc:926] Done queuing 4294967295 requests, which took 30.0s. Waiting for server processing
I20260914 19:06:05.859807 301617 dfly_bench.cc:1001] ReceiveFb done
I20260914 19:06:05.859829 301606 dfly_bench.cc:1001] ReceiveFb done
I20260914 19:06:05.859838 301607 dfly_bench.cc:1466] 30s: 100.0% done, RPS(now/agg): 724803/721325, errs: 0, hitrate: 100.0%, clients: 207
done_min: 100.00%, done_max: 100.02%, p99_lat(us): 6400, max_pending: 1
I20260914 19:06:05.859848 301609 dfly_bench.cc:1001] ReceiveFb done
I20260914 19:06:05.859848 301606 dfly_bench.cc:926] Done queuing 4294967295 requests, which took 30.0s. Waiting for server processing
I20260914 19:06:05.859865 301607 dfly_bench.cc:926] Done queuing 4294967295 requests, which took 30.0s. Waiting for server processing
I20260914 19:06:05.859867 301606 dfly_bench.cc:926] Done queuing 4294967295 requests, which took 30.0s. Waiting for server processing
I20260914 19:06:05.859879 301607 dfly_bench.cc:926] Done queuing 4294967295 requests, which took 30.0s. Waiting for server processing
I20260914 19:06:05.859886 301607 dfly_bench.cc:926] Done queuing 4294967295 requests, which took 30.0s. Waiting for server processing
I20260914 19:06:05.859894 301607 dfly_bench.cc:926] Done queuing 4294967295 requests, which took 30.0s. Waiting for server processing
I20260914 19:06:05.859900 301607 dfly_bench.cc:926] Done queuing 4294967295 requests, which took 30.0s. Waiting for server processing
I20260914 19:06:05.859907 301607 dfly_bench.cc:926] Done queuing 4294967295 requests, which took 30.0s. Waiting for server processing
I20260914 19:06:05.859915 301607 dfly_bench.cc:926] Done queuing 4294967295 requests, which took 30.0s. Waiting for server processing
I20260914 19:06:05.859913 301606 dfly_bench.cc:1001] ReceiveFb done
I20260914 19:06:05.859935 301607 dfly_bench.cc:1001] ReceiveFb done
I20260914 19:06:05.859949 301606 dfly_bench.cc:1001] ReceiveFb done
I20260914 19:06:05.859961 301607 dfly_bench.cc:1001] ReceiveFb done
I20260914 19:06:05.859982 301607 dfly_bench.cc:1001] ReceiveFb done
I20260914 19:06:05.860002 301607 dfly_bench.cc:1001] ReceiveFb done
I20260914 19:06:05.860041 301607 dfly_bench.cc:1001] ReceiveFb done
I20260914 19:06:05.860056 301606 dfly_bench.cc:926] Done queuing 4294967295 requests, which took 30.0s. Waiting for server processing
I20260914 19:06:05.860061 301607 dfly_bench.cc:1001] ReceiveFb done
I20260914 19:06:05.860067 301606 dfly_bench.cc:1001] ReceiveFb done
I20260914 19:06:05.860088 301607 dfly_bench.cc:1001] ReceiveFb done
I20260914 19:06:05.860108 301607 dfly_bench.cc:926] Done queuing 4294967295 requests, which took 30.0s. Waiting for server processing
I20260914 19:06:05.860119 301607 dfly_bench.cc:926] Done queuing 4294967295 requests, which took 30.0s. Waiting for server processing
I20260914 19:06:05.860281 301619 dfly_bench.cc:926] Done queuing 4294967295 requests, which took 30.0s. Waiting for server processing
I20260914 19:06:05.860284 301607 dfly_bench.cc:1001] ReceiveFb done
I20260914 19:06:05.860294 301619 dfly_bench.cc:926] Done queuing 4294967295 requests, which took 30.0s. Waiting for server processing
I20260914 19:06:05.860304 301619 dfly_bench.cc:1001] ReceiveFb done
I20260914 19:06:05.860306 301607 dfly_bench.cc:1001] ReceiveFb done
I20260914 19:06:05.860332 301614 dfly_bench.cc:926] Done queuing 4294967295 requests, which took 30.0s. Waiting for server processing
I20260914 19:06:05.860335 301619 dfly_bench.cc:1001] ReceiveFb done
I20260914 19:06:05.860342 301614 dfly_bench.cc:1001] ReceiveFb done
I20260914 19:06:05.860337 301605 dfly_bench.cc:926] Done queuing 4294967295 requests, which took 30.0s. Waiting for server processing
I20260914 19:06:05.860342 301607 dfly_bench.cc:926] Done queuing 4294967295 requests, which took 30.0s. Waiting for server processing
I20260914 19:06:05.860342 301608 dfly_bench.cc:926] Done queuing 4294967295 requests, which took 30.0s. Waiting for server processing
I20260914 19:06:05.860366 301605 dfly_bench.cc:1001] ReceiveFb done
I20260914 19:06:05.860373 301608 dfly_bench.cc:1001] ReceiveFb done
I20260914 19:06:05.860359 301611 dfly_bench.cc:926] Done queuing 4294967295 requests, which took 30.0s. Waiting for server processing
I20260914 19:06:05.860379 301615 dfly_bench.cc:926] Done queuing 4294967295 requests, which took 30.0s. Waiting for server processing
I20260914 19:06:05.860342 301610 dfly_bench.cc:926] Done queuing 4294967295 requests, which took 30.0s. Waiting for server processing
I20260914 19:06:05.860419 301609 dfly_bench.cc:926] Done queuing 4294967295 requests, which took 30.0s. Waiting for server processing
I20260914 19:06:05.860427 301608 dfly_bench.cc:926] Done queuing 4294967295 requests, which took 30.0s. Waiting for server processing
I20260914 19:06:05.860391 301620 dfly_bench.cc:926] Done queuing 4294967295 requests, which took 30.0s. Waiting for server processing
I20260914 19:06:05.860441 301608 dfly_bench.cc:1001] ReceiveFb done
I20260914 19:06:05.860414 301616 dfly_bench.cc:926] Done queuing 4294967295 requests, which took 30.0s. Waiting for server processing
I20260914 19:06:05.860396 301611 dfly_bench.cc:1001] ReceiveFb done
I20260914 19:06:05.860409 301614 dfly_bench.cc:926] Done queuing 4294967295 requests, which took 30.0s. Waiting for server processing
I20260914 19:06:05.860458 301620 dfly_bench.cc:1001] ReceiveFb done
I20260914 19:06:05.860402 301607 dfly_bench.cc:1001] ReceiveFb done
I20260914 19:06:05.860430 301612 dfly_bench.cc:926] Done queuing 4294967295 requests, which took 30.0s. Waiting for server processing
I20260914 19:06:05.860399 301613 dfly_bench.cc:926] Done queuing 4294967295 requests, which took 30.0s. Waiting for server processing
I20260914 19:06:05.860488 301612 dfly_bench.cc:926] Done queuing 4294967295 requests, which took 30.0s. Waiting for server processing
I20260914 19:06:05.860436 301618 dfly_bench.cc:926] Done queuing 4294967295 requests, which took 30.0s. Waiting for server processing
I20260914 19:06:05.860507 301607 dfly_bench.cc:926] Done queuing 4294967295 requests, which took 30.0s. Waiting for server processing
I20260914 19:06:05.860416 301605 dfly_bench.cc:926] Done queuing 4294967295 requests, which took 30.0s. Waiting for server processing
I20260914 19:06:05.860410 301619 dfly_bench.cc:926] Done queuing 4294967295 requests, which took 30.0s. Waiting for server processing
I20260914 19:06:05.860525 301607 dfly_bench.cc:1001] ReceiveFb done
I20260914 19:06:05.860498 301611 dfly_bench.cc:926] Done queuing 4294967295 requests, which took 30.0s. Waiting for server processing
I20260914 19:06:05.860546 301611 dfly_bench.cc:1001] ReceiveFb done
I20260914 19:06:05.860437 301609 dfly_bench.cc:1001] ReceiveFb done
I20260914 19:06:05.860538 301619 dfly_bench.cc:926] Done queuing 4294967295 requests, which took 30.0s. Waiting for server processing
I20260914 19:06:05.860428 301610 dfly_bench.cc:1001] ReceiveFb done
I20260914 19:06:05.860440 301617 dfly_bench.cc:926] Done queuing 4294967295 requests, which took 30.0s. Waiting for server processing
I20260914 19:06:05.860569 301609 dfly_bench.cc:926] Done queuing 4294967295 requests, which took 30.0s. Waiting for server processing
I20260914 19:06:05.860580 301617 dfly_bench.cc:1001] ReceiveFb done
I20260914 19:06:05.860468 301614 dfly_bench.cc:926] Done queuing 4294967295 requests, which took 30.0s. Waiting for server processing
I20260914 19:06:05.860510 301618 dfly_bench.cc:1001] ReceiveFb done
I20260914 19:06:05.860533 301605 dfly_bench.cc:1001] ReceiveFb done
I20260914 19:06:05.860610 301620 dfly_bench.cc:926] Done queuing 4294967295 requests, which took 30.0s. Waiting for server processing
I20260914 19:06:05.860499 301613 dfly_bench.cc:1001] ReceiveFb done
I20260914 19:06:05.860392 301615 dfly_bench.cc:1001] ReceiveFb done
I20260914 19:06:05.860618 301610 dfly_bench.cc:926] Done queuing 4294967295 requests, which took 30.0s. Waiting for server processing
I20260914 19:06:05.860471 301616 dfly_bench.cc:1001] ReceiveFb done
I20260914 19:06:05.860625 301620 dfly_bench.cc:1001] ReceiveFb done
I20260914 19:06:05.860606 301609 dfly_bench.cc:1001] ReceiveFb done
I20260914 19:06:05.860569 301619 dfly_bench.cc:1001] ReceiveFb done
I20260914 19:06:05.860631 301611 dfly_bench.cc:926] Done queuing 4294967295 requests, which took 30.0s. Waiting for server processing
I20260914 19:06:05.860647 301610 dfly_bench.cc:1001] ReceiveFb done
I20260914 19:06:05.860505 301612 dfly_bench.cc:1001] ReceiveFb done
I20260914 19:06:05.860605 301614 dfly_bench.cc:926] Done queuing 4294967295 requests, which took 30.0s. Waiting for server processing
I20260914 19:06:05.860656 301611 dfly_bench.cc:1001] ReceiveFb done
I20260914 19:06:05.860620 301605 dfly_bench.cc:926] Done queuing 4294967295 requests, which took 30.0s. Waiting for server processing
I20260914 19:06:05.860661 301619 dfly_bench.cc:1001] ReceiveFb done
I20260914 19:06:05.860672 301605 dfly_bench.cc:926] Done queuing 4294967295 requests, which took 30.0s. Waiting for server processing
I20260914 19:06:05.860679 301614 dfly_bench.cc:1001] ReceiveFb done
I20260914 19:06:05.860682 301618 dfly_bench.cc:926] Done queuing 4294967295 requests, which took 30.0s. Waiting for server processing
I20260914 19:06:05.860684 301615 dfly_bench.cc:926] Done queuing 4294967295 requests, which took 30.0s. Waiting for server processing
I20260914 19:06:05.860692 301616 dfly_bench.cc:926] Done queuing 4294967295 requests, which took 30.0s. Waiting for server processing
I20260914 19:06:05.860697 301615 dfly_bench.cc:926] Done queuing 4294967295 requests, which took 30.0s. Waiting for server processing
I20260914 19:06:05.860700 301605 dfly_bench.cc:1001] ReceiveFb done
I20260914 19:06:05.860707 301615 dfly_bench.cc:1001] ReceiveFb done
I20260914 19:06:05.860693 301618 dfly_bench.cc:1001] ReceiveFb done
I20260914 19:06:05.860656 301613 dfly_bench.cc:926] Done queuing 4294967295 requests, which took 30.0s. Waiting for server processing
I20260914 19:06:05.860705 301616 dfly_bench.cc:1001] ReceiveFb done
I20260914 19:06:05.860683 301610 dfly_bench.cc:926] Done queuing 4294967295 requests, which took 30.0s. Waiting for server processing
I20260914 19:06:05.860723 301613 dfly_bench.cc:1001] ReceiveFb done
I20260914 19:06:05.860672 301612 dfly_bench.cc:1001] ReceiveFb done
I20260914 19:06:05.860730 301615 dfly_bench.cc:1001] ReceiveFb done
I20260914 19:06:05.860672 301617 dfly_bench.cc:926] Done queuing 4294967295 requests, which took 30.0s. Waiting for server processing
I20260914 19:06:05.860702 301614 dfly_bench.cc:1001] ReceiveFb done
I20260914 19:06:05.860749 301610 dfly_bench.cc:926] Done queuing 4294967295 requests, which took 30.0s. Waiting for server processing
I20260914 19:06:05.860761 301617 dfly_bench.cc:1001] ReceiveFb done
I20260914 19:06:05.860761 301613 dfly_bench.cc:926] Done queuing 4294967295 requests, which took 30.0s. Waiting for server processing
I20260914 19:06:05.860773 301614 dfly_bench.cc:1001] ReceiveFb done
I20260914 19:06:05.860726 301605 dfly_bench.cc:1001] ReceiveFb done
I20260914 19:06:05.860740 301619 dfly_bench.cc:926] Done queuing 4294967295 requests, which took 30.0s. Waiting for server processing
I20260914 19:06:05.860795 301610 dfly_bench.cc:1001] ReceiveFb done
I20260914 19:06:05.860798 301619 dfly_bench.cc:1001] ReceiveFb done
I20260914 19:06:05.860805 301613 dfly_bench.cc:1001] ReceiveFb done
I20260914 19:06:05.860471 301608 dfly_bench.cc:926] Done queuing 4294967295 requests, which took 30.0s. Waiting for server processing
I20260914 19:06:05.860821 301612 dfly_bench.cc:926] Done queuing 4294967295 requests, which took 30.0s. Waiting for server processing
I20260914 19:06:05.860821 301610 dfly_bench.cc:1001] ReceiveFb done
I20260914 19:06:05.860833 301619 dfly_bench.cc:926] Done queuing 4294967295 requests, which took 30.0s. Waiting for server processing
I20260914 19:06:05.860839 301612 dfly_bench.cc:1001] ReceiveFb done
I20260914 19:06:05.860860 301619 dfly_bench.cc:1001] ReceiveFb done
I20260914 19:06:05.860862 301608 dfly_bench.cc:1001] ReceiveFb done
I20260914 19:06:05.860867 301617 dfly_bench.cc:926] Done queuing 4294967295 requests, which took 30.0s. Waiting for server processing
I20260914 19:06:05.860867 301612 dfly_bench.cc:926] Done queuing 4294967295 requests, which took 30.0s. Waiting for server processing
I20260914 19:06:05.860880 301614 dfly_bench.cc:926] Done queuing 4294967295 requests, which took 30.0s. Waiting for server processing
I20260914 19:06:05.860893 301616 dfly_bench.cc:926] Done queuing 4294967295 requests, which took 30.0s. Waiting for server processing
I20260914 19:06:05.860898 301617 dfly_bench.cc:1001] ReceiveFb done
I20260914 19:06:05.860884 301607 dfly_bench.cc:926] Done queuing 4294967295 requests, which took 30.0s. Waiting for server processing
I20260914 19:06:05.860884 301606 dfly_bench.cc:926] Done queuing 4294967295 requests, which took 30.0s. Waiting for server processing
I20260914 19:06:05.860903 301611 dfly_bench.cc:926] Done queuing 4294967295 requests, which took 30.0s. Waiting for server processing
I20260914 19:06:05.860914 301607 dfly_bench.cc:1001] ReceiveFb done
I20260914 19:06:05.860924 301610 dfly_bench.cc:926] Done queuing 4294967295 requests, which took 30.0s. Waiting for server processing
I20260914 19:06:05.860920 301611 dfly_bench.cc:1001] ReceiveFb done
I20260914 19:06:05.860903 301612 dfly_bench.cc:926] Done queuing 4294967295 requests, which took 30.0s. Waiting for server processing
I20260914 19:06:05.860932 301613 dfly_bench.cc:926] Done queuing 4294967295 requests, which took 30.0s. Waiting for server processing
I20260914 19:06:05.860903 301614 dfly_bench.cc:1001] ReceiveFb done
I20260914 19:06:05.860908 301616 dfly_bench.cc:1001] ReceiveFb done
I20260914 19:06:05.860945 301613 dfly_bench.cc:1001] ReceiveFb done
I20260914 19:06:05.860944 301611 dfly_bench.cc:926] Done queuing 4294967295 requests, which took 30.0s. Waiting for server processing
I20260914 19:06:05.860914 301606 dfly_bench.cc:1001] ReceiveFb done
I20260914 19:06:05.860944 301608 dfly_bench.cc:926] Done queuing 4294967295 requests, which took 30.0s. Waiting for server processing
I20260914 19:06:05.860961 301612 dfly_bench.cc:1001] ReceiveFb done
I20260914 19:06:05.860966 301611 dfly_bench.cc:926] Done queuing 4294967295 requests, which took 30.0s. Waiting for server processing
I20260914 19:06:05.860975 301608 dfly_bench.cc:1001] ReceiveFb done
I20260914 19:06:05.860986 301612 dfly_bench.cc:1001] ReceiveFb done
I20260914 19:06:05.860955 301607 dfly_bench.cc:926] Done queuing 4294967295 requests, which took 30.0s. Waiting for server processing
I20260914 19:06:05.860972 301618 dfly_bench.cc:926] Done queuing 4294967295 requests, which took 30.0s. Waiting for server processing
I20260914 19:06:05.861003 301607 dfly_bench.cc:1001] ReceiveFb done
I20260914 19:06:05.861008 301618 dfly_bench.cc:1001] ReceiveFb done
I20260914 19:06:05.860973 301620 dfly_bench.cc:926] Done queuing 4294967295 requests, which took 30.0s. Waiting for server processing
I20260914 19:06:05.860998 301611 dfly_bench.cc:1001] ReceiveFb done
I20260914 19:06:05.861001 301608 dfly_bench.cc:926] Done queuing 4294967295 requests, which took 30.0s. Waiting for server processing
I20260914 19:06:05.861027 301620 dfly_bench.cc:1001] ReceiveFb done
I20260914 19:06:05.861034 301615 dfly_bench.cc:926] Done queuing 4294967295 requests, which took 30.0s. Waiting for server processing
I20260914 19:06:05.860941 301610 dfly_bench.cc:1001] ReceiveFb done
I20260914 19:06:05.861042 301614 dfly_bench.cc:926] Done queuing 4294967295 requests, which took 30.0s. Waiting for server processing
I20260914 19:06:05.861043 301615 dfly_bench.cc:1001] ReceiveFb done
I20260914 19:06:05.861037 301611 dfly_bench.cc:1001] ReceiveFb done
I20260914 19:06:05.861048 301607 dfly_bench.cc:926] Done queuing 4294967295 requests, which took 30.0s. Waiting for server processing
I20260914 19:06:05.861048 301608 dfly_bench.cc:1001] ReceiveFb done
I20260914 19:06:05.861071 301607 dfly_bench.cc:1001] ReceiveFb done
I20260914 19:06:05.861042 301612 dfly_bench.cc:926] Done queuing 4294967295 requests, which took 30.0s. Waiting for server processing
I20260914 19:06:05.861080 301610 dfly_bench.cc:926] Done queuing 4294967295 requests, which took 30.0s. Waiting for server processing
I20260914 19:06:05.861084 301612 dfly_bench.cc:1001] ReceiveFb done
I20260914 19:06:05.861089 301610 dfly_bench.cc:1001] ReceiveFb done
I20260914 19:06:05.861053 301614 dfly_bench.cc:1001] ReceiveFb done
I20260914 19:06:05.861111 301615 dfly_bench.cc:926] Done queuing 4294967295 requests, which took 30.0s. Waiting for server processing
I20260914 19:06:05.861120 301615 dfly_bench.cc:1001] ReceiveFb done
I20260914 19:06:05.861124 301612 dfly_bench.cc:926] Done queuing 4294967295 requests, which took 30.0s. Waiting for server processing
I20260914 19:06:05.861133 301612 dfly_bench.cc:1001] ReceiveFb done
I20260914 19:06:05.861198 301619 dfly_bench.cc:926] Done queuing 4294967295 requests, which took 30.0s. Waiting for server processing
I20260914 19:06:05.861210 301619 dfly_bench.cc:1001] ReceiveFb done
I20260914 19:06:05.861725 301619 dfly_bench.cc:926] Done queuing 4294967295 requests, which took 30.0s. Waiting for server processing
I20260914 19:06:05.861730 301606 dfly_bench.cc:926] Done queuing 4294967295 requests, which took 30.0s. Waiting for server processing
I20260914 19:06:05.861737 301619 dfly_bench.cc:1001] ReceiveFb done
I20260914 19:06:05.861740 301606 dfly_bench.cc:1001] ReceiveFb done
I20260914 19:06:05.861765 301618 dfly_bench.cc:926] Done queuing 4294967295 requests, which took 30.0s. Waiting for server processing
I20260914 19:06:05.861778 301616 dfly_bench.cc:926] Done queuing 4294967295 requests, which took 30.0s. Waiting for server processing
I20260914 19:06:05.861791 301614 dfly_bench.cc:926] Done queuing 4294967295 requests, which took 30.0s. Waiting for server processing
I20260914 19:06:05.861804 301616 dfly_bench.cc:1001] ReceiveFb done
I20260914 19:06:05.861830 301619 dfly_bench.cc:926] Done queuing 4294967295 requests, which took 30.0s. Waiting for server processing
I20260914 19:06:05.861783 301609 dfly_bench.cc:926] Done queuing 4294967295 requests, which took 30.0s. Waiting for server processing
I20260914 19:06:05.861840 301619 dfly_bench.cc:1001] ReceiveFb done
I20260914 19:06:05.861841 301605 dfly_bench.cc:926] Done queuing 4294967295 requests, which took 30.0s. Waiting for server processing
I20260914 19:06:05.861867 301616 dfly_bench.cc:926] Done queuing 4294967295 requests, which took 30.0s. Waiting for server processing
I20260914 19:06:05.861778 301618 dfly_bench.cc:1001] ReceiveFb done
I20260914 19:06:05.861879 301616 dfly_bench.cc:926] Done queuing 4294967295 requests, which took 30.0s. Waiting for server processing
I20260914 19:06:05.861811 301607 dfly_bench.cc:926] Done queuing 4294967295 requests, which took 30.0s. Waiting for server processing
I20260914 19:06:05.861843 301609 dfly_bench.cc:1001] ReceiveFb done
I20260914 19:06:05.861804 301611 dfly_bench.cc:926] Done queuing 4294967295 requests, which took 30.0s. Waiting for server processing
I20260914 19:06:05.861855 301605 dfly_bench.cc:1001] ReceiveFb done
I20260914 19:06:05.861806 301615 dfly_bench.cc:926] Done queuing 4294967295 requests, which took 30.0s. Waiting for server processing
I20260914 19:06:05.861809 301614 dfly_bench.cc:1001] ReceiveFb done
I20260914 19:06:05.861909 301611 dfly_bench.cc:926] Done queuing 4294967295 requests, which took 30.0s. Waiting for server processing
I20260914 19:06:05.861800 301613 dfly_bench.cc:926] Done queuing 4294967295 requests, which took 30.0s. Waiting for server processing
I20260914 19:06:05.861927 301611 dfly_bench.cc:1001] ReceiveFb done
I20260914 19:06:05.861934 301609 dfly_bench.cc:926] Done queuing 4294967295 requests, which took 30.0s. Waiting for server processing
I20260914 19:06:05.861894 301607 dfly_bench.cc:1001] ReceiveFb done
I20260914 19:06:05.861925 301613 dfly_bench.cc:926] Done queuing 4294967295 requests, which took 30.0s. Waiting for server processing
I20260914 19:06:05.861776 301617 dfly_bench.cc:926] Done queuing 4294967295 requests, which took 30.0s. Waiting for server processing
I20260914 19:06:05.861948 301614 dfly_bench.cc:926] Done queuing 4294967295 requests, which took 30.0s. Waiting for server processing
I20260914 19:06:05.861959 301617 dfly_bench.cc:1001] ReceiveFb done
I20260914 19:06:05.861948 301609 dfly_bench.cc:1001] ReceiveFb done
I20260914 19:06:05.861894 301616 dfly_bench.cc:1001] ReceiveFb done
I20260914 19:06:05.861910 301615 dfly_bench.cc:1001] ReceiveFb done
I20260914 19:06:05.861881 301619 dfly_bench.cc:1126] Total hits: 679997
I20260914 19:06:05.861950 301611 dfly_bench.cc:1001] ReceiveFb done
I20260914 19:06:05.861967 301614 dfly_bench.cc:926] Done queuing 4294967295 requests, which took 30.0s. Waiting for server processing
I20260914 19:06:05.861956 301613 dfly_bench.cc:1001] ReceiveFb done
I20260914 19:06:05.861994 301614 dfly_bench.cc:1001] ReceiveFb done
I20260914 19:06:05.862000 301616 dfly_bench.cc:1001] ReceiveFb done
I20260914 19:06:05.862003 301617 dfly_bench.cc:926] Done queuing 4294967295 requests, which took 30.0s. Waiting for server processing
I20260914 19:06:05.862008 301613 dfly_bench.cc:1001] ReceiveFb done
I20260914 19:06:05.862042 301616 dfly_bench.cc:926] Done queuing 4294967295 requests, which took 30.0s. Waiting for server processing
I20260914 19:06:05.862051 301616 dfly_bench.cc:926] Done queuing 4294967295 requests, which took 30.0s. Waiting for server processing
I20260914 19:06:05.862038 301617 dfly_bench.cc:926] Done queuing 4294967295 requests, which took 30.0s. Waiting for server processing
I20260914 19:06:05.861766 301608 dfly_bench.cc:926] Done queuing 4294967295 requests, which took 30.0s. Waiting for server processing
I20260914 19:06:05.862072 301617 dfly_bench.cc:1001] ReceiveFb done
I20260914 19:06:05.862075 301608 dfly_bench.cc:1001] ReceiveFb done
I20260914 19:06:05.862012 301614 dfly_bench.cc:1001] ReceiveFb done
I20260914 19:06:05.862092 301617 dfly_bench.cc:1001] ReceiveFb done
I20260914 19:06:05.862097 301613 dfly_bench.cc:926] Done queuing 4294967295 requests, which took 30.0s. Waiting for server processing
I20260914 19:06:05.862100 301616 dfly_bench.cc:1001] ReceiveFb done
I20260914 19:06:05.862047 301611 dfly_bench.cc:926] Done queuing 4294967295 requests, which took 30.0s. Waiting for server processing
I20260914 19:06:05.862123 301611 dfly_bench.cc:926] Done queuing 4294967295 requests, which took 30.0s. Waiting for server processing
I20260914 19:06:05.862109 301613 dfly_bench.cc:926] Done queuing 4294967295 requests, which took 30.0s. Waiting for server processing
I20260914 19:06:05.862119 301608 dfly_bench.cc:926] Done queuing 4294967295 requests, which took 30.0s. Waiting for server processing
I20260914 19:06:05.862142 301608 dfly_bench.cc:1001] ReceiveFb done
I20260914 19:06:05.862135 301611 dfly_bench.cc:1001] ReceiveFb done
I20260914 19:06:05.862139 301613 dfly_bench.cc:1001] ReceiveFb done
I20260914 19:06:05.862157 301617 dfly_bench.cc:1126] Total hits: 676065
I20260914 19:06:05.862128 301616 dfly_bench.cc:1001] ReceiveFb done
I20260914 19:06:05.862170 301613 dfly_bench.cc:1001] ReceiveFb done
I20260914 19:06:05.862170 301611 dfly_bench.cc:1001] ReceiveFb done
I20260914 19:06:05.862285 301605 dfly_bench.cc:926] Done queuing 4294967295 requests, which took 30.0s. Waiting for server processing
I20260914 19:06:05.862296 301605 dfly_bench.cc:1001] ReceiveFb done
I20260914 19:06:05.862316 301614 dfly_bench.cc:926] Done queuing 4294967295 requests, which took 30.0s. Waiting for server processing
I20260914 19:06:05.862329 301614 dfly_bench.cc:1001] ReceiveFb done
I20260914 19:06:05.862342 301610 dfly_bench.cc:926] Done queuing 4294967295 requests, which took 30.0s. Waiting for server processing
I20260914 19:06:05.862352 301610 dfly_bench.cc:926] Done queuing 4294967295 requests, which took 30.0s. Waiting for server processing
I20260914 19:06:05.862361 301606 dfly_bench.cc:926] Done queuing 4294967295 requests, which took 30.0s. Waiting for server processing
I20260914 19:06:05.862362 301610 dfly_bench.cc:1001] ReceiveFb done
I20260914 19:06:05.862387 301606 dfly_bench.cc:1001] ReceiveFb done
I20260914 19:06:05.862388 301610 dfly_bench.cc:1001] ReceiveFb done
I20260914 19:06:05.862396 301616 dfly_bench.cc:926] Done queuing 4294967295 requests, which took 30.0s. Waiting for server processing
I20260914 19:06:05.862392 301620 dfly_bench.cc:926] Done queuing 4294967295 requests, which took 30.0s. Waiting for server processing
I20260914 19:06:05.862421 301618 dfly_bench.cc:926] Done queuing 4294967295 requests, which took 30.0s. Waiting for server processing
I20260914 19:06:05.862432 301620 dfly_bench.cc:926] Done queuing 4294967295 requests, which took 30.0s. Waiting for server processing
I20260914 19:06:05.862430 301616 dfly_bench.cc:1001] ReceiveFb done
I20260914 19:06:05.862409 301612 dfly_bench.cc:926] Done queuing 4294967295 requests, which took 30.0s. Waiting for server processing
I20260914 19:06:05.862466 301620 dfly_bench.cc:1001] ReceiveFb done
I20260914 19:06:05.862470 301612 dfly_bench.cc:1001] ReceiveFb done
I20260914 19:06:05.862474 301605 dfly_bench.cc:926] Done queuing 4294967295 requests, which took 30.0s. Waiting for server processing
I20260914 19:06:05.862478 301609 dfly_bench.cc:926] Done queuing 4294967295 requests, which took 30.0s. Waiting for server processing
I20260914 19:06:05.862484 301615 dfly_bench.cc:926] Done queuing 4294967295 requests, which took 30.0s. Waiting for server processing
I20260914 19:06:05.862488 301609 dfly_bench.cc:1001] ReceiveFb done
I20260914 19:06:05.862490 301605 dfly_bench.cc:1001] ReceiveFb done
I20260914 19:06:05.862497 301610 dfly_bench.cc:926] Done queuing 4294967295 requests, which took 30.0s. Waiting for server processing
I20260914 19:06:05.862498 301608 dfly_bench.cc:926] Done queuing 4294967295 requests, which took 30.0s. Waiting for server processing
I20260914 19:06:05.862495 301615 dfly_bench.cc:1001] ReceiveFb done
I20260914 19:06:05.862510 301612 dfly_bench.cc:926] Done queuing 4294967295 requests, which took 30.0s. Waiting for server processing
I20260914 19:06:05.862521 301608 dfly_bench.cc:1001] ReceiveFb done
I20260914 19:06:05.862484 301620 dfly_bench.cc:1001] ReceiveFb done
I20260914 19:06:05.862511 301610 dfly_bench.cc:1001] ReceiveFb done
I20260914 19:06:05.862535 301612 dfly_bench.cc:1001] ReceiveFb done
I20260914 19:06:05.862506 301613 dfly_bench.cc:926] Done queuing 4294967295 requests, which took 30.0s. Waiting for server processing
I20260914 19:06:05.862447 301618 dfly_bench.cc:1001] ReceiveFb done
I20260914 19:06:05.862555 301613 dfly_bench.cc:1001] ReceiveFb done
I20260914 19:06:05.862573 301610 dfly_bench.cc:1126] Total hits: 674251
I20260914 19:06:05.862577 301608 dfly_bench.cc:1126] Total hits: 684011
I20260914 19:06:05.862587 301620 dfly_bench.cc:926] Done queuing 4294967295 requests, which took 30.0s. Waiting for server processing
I20260914 19:06:05.862596 301613 dfly_bench.cc:926] Done queuing 4294967295 requests, which took 30.0s. Waiting for server processing
I20260914 19:06:05.862596 301620 dfly_bench.cc:1001] ReceiveFb done
I20260914 19:06:05.862607 301613 dfly_bench.cc:1001] ReceiveFb done
I20260914 19:06:05.862644 301613 dfly_bench.cc:1126] Total hits: 673762
I20260914 19:06:05.862675 301615 dfly_bench.cc:926] Done queuing 4294967295 requests, which took 30.0s. Waiting for server processing
I20260914 19:06:05.862684 301615 dfly_bench.cc:1001] ReceiveFb done
I20260914 19:06:05.862690 301618 dfly_bench.cc:926] Done queuing 4294967295 requests, which took 30.0s. Waiting for server processing
I20260914 19:06:05.862692 301611 dfly_bench.cc:926] Done queuing 4294967295 requests, which took 30.0s. Waiting for server processing
I20260914 19:06:05.862704 301618 dfly_bench.cc:1001] ReceiveFb done
I20260914 19:06:05.862710 301611 dfly_bench.cc:1001] ReceiveFb done
I20260914 19:06:05.862722 301605 dfly_bench.cc:926] Done queuing 4294967295 requests, which took 30.0s. Waiting for server processing
I20260914 19:06:05.862731 301605 dfly_bench.cc:1001] ReceiveFb done
I20260914 19:06:05.862741 301606 dfly_bench.cc:926] Done queuing 4294967295 requests, which took 30.0s. Waiting for server processing
I20260914 19:06:05.862743 301618 dfly_bench.cc:926] Done queuing 4294967295 requests, which took 30.0s. Waiting for server processing
I20260914 19:06:05.862749 301611 dfly_bench.cc:1126] Total hits: 674603
I20260914 19:06:05.862751 301606 dfly_bench.cc:1001] ReceiveFb done
I20260914 19:06:05.862775 301618 dfly_bench.cc:1001] ReceiveFb done
I20260914 19:06:05.862849 301607 dfly_bench.cc:926] Done queuing 4294967295 requests, which took 30.0s. Waiting for server processing
I20260914 19:06:05.862851 301616 dfly_bench.cc:926] Done queuing 4294967295 requests, which took 30.0s. Waiting for server processing
I20260914 19:06:05.862865 301607 dfly_bench.cc:1001] ReceiveFb done
I20260914 19:06:05.862874 301616 dfly_bench.cc:1001] ReceiveFb done
I20260914 19:06:05.862884 301605 dfly_bench.cc:926] Done queuing 4294967295 requests, which took 30.0s. Waiting for server processing
I20260914 19:06:05.862896 301605 dfly_bench.cc:1001] ReceiveFb done
I20260914 19:06:05.862892 301616 dfly_bench.cc:926] Done queuing 4294967295 requests, which took 30.0s. Waiting for server processing
I20260914 19:06:05.862895 301620 dfly_bench.cc:926] Done queuing 4294967295 requests, which took 30.0s. Waiting for server processing
I20260914 19:06:05.862905 301607 dfly_bench.cc:1126] Total hits: 671756
I20260914 19:06:05.862893 301614 dfly_bench.cc:926] Done queuing 4294967295 requests, which took 30.0s. Waiting for server processing
I20260914 19:06:05.862919 301620 dfly_bench.cc:1001] ReceiveFb done
I20260914 19:06:05.862932 301614 dfly_bench.cc:1001] ReceiveFb done
I20260914 19:06:05.862934 301616 dfly_bench.cc:1001] ReceiveFb done
I20260914 19:06:05.862949 301605 dfly_bench.cc:1126] Total hits: 675217
I20260914 19:06:05.862972 301616 dfly_bench.cc:926] Done queuing 4294967295 requests, which took 30.0s. Waiting for server processing
I20260914 19:06:05.862973 301614 dfly_bench.cc:926] Done queuing 4294967295 requests, which took 30.0s. Waiting for server processing
I20260914 19:06:05.862988 301614 dfly_bench.cc:1001] ReceiveFb done
I20260914 19:06:05.862986 301616 dfly_bench.cc:1001] ReceiveFb done
I20260914 19:06:05.863026 301614 dfly_bench.cc:1126] Total hits: 678431
I20260914 19:06:05.863032 301616 dfly_bench.cc:1126] Total hits: 668016
I20260914 19:06:05.864320 301618 dfly_bench.cc:926] Done queuing 4294967295 requests, which took 30.0s. Waiting for server processing
I20260914 19:06:05.864332 301618 dfly_bench.cc:1001] ReceiveFb done
I20260914 19:06:05.864559 301615 dfly_bench.cc:926] Done queuing 4294967295 requests, which took 30.0s. Waiting for server processing
I20260914 19:06:05.864557 301606 dfly_bench.cc:926] Done queuing 4294967295 requests, which took 30.0s. Waiting for server processing
I20260914 19:06:05.864557 301618 dfly_bench.cc:926] Done queuing 4294967295 requests, which took 30.0s. Waiting for server processing
I20260914 19:06:05.864571 301615 dfly_bench.cc:1001] ReceiveFb done
I20260914 19:06:05.864574 301606 dfly_bench.cc:1001] ReceiveFb done
I20260914 19:06:05.864578 301618 dfly_bench.cc:1001] ReceiveFb done
I20260914 19:06:05.864578 301620 dfly_bench.cc:926] Done queuing 4294967295 requests, which took 30.0s. Waiting for server processing
I20260914 19:06:05.864585 301612 dfly_bench.cc:926] Done queuing 4294967295 requests, which took 30.0s. Waiting for server processing
I20260914 19:06:05.864595 301620 dfly_bench.cc:1001] ReceiveFb done
I20260914 19:06:05.864603 301612 dfly_bench.cc:1001] ReceiveFb done
I20260914 19:06:05.864607 301615 dfly_bench.cc:1126] Total hits: 677473
I20260914 19:06:05.864617 301618 dfly_bench.cc:1126] Total hits: 679229
I20260914 19:06:05.864634 301620 dfly_bench.cc:1126] Total hits: 677463
I20260914 19:06:05.864639 301612 dfly_bench.cc:1126] Total hits: 680180
I20260914 19:06:05.870353 301606 dfly_bench.cc:926] Done queuing 4294967295 requests, which took 30.0s. Waiting for server processing
I20260914 19:06:05.870354 301609 dfly_bench.cc:926] Done queuing 4294967295 requests, which took 30.0s. Waiting for server processing
I20260914 19:06:05.870368 301606 dfly_bench.cc:1001] ReceiveFb done
I20260914 19:06:05.870369 301609 dfly_bench.cc:1001] ReceiveFb done
I20260914 19:06:05.870412 301609 dfly_bench.cc:1126] Total hits: 673469
I20260914 19:06:05.870414 301606 dfly_bench.cc:1126] Total hits: 678269
I20260914 19:06:06.859934 301604 dfly_bench.cc:1711] Resetting all threads

Total time: 30.01618306s. Overall number of requests: 21642873, QPS: 720254, P99 lat: 6280.21us
I20260914 19:06:06.860495 301604 dfly_bench.cc:1721] 
Total time: 30.01618306s. Overall number of requests: 21642873, QPS: 720254, P99 lat: 6280.21us
Latency summary, all times are in usec:
Count: 21642873 Average: 885.0601
Min: 148.0000  Median: 617.3506  Max: 200325.0000
------------------------------------------------------
[     140,     160 ) 231   0.001%   0.001% 
[     160,     180 ) 4754   0.022%   0.023% 
[     180,     200 ) 23562   0.109%   0.132% 
[     200,     250 ) 235536   1.088%   1.220% 
[     250,     300 ) 567516   2.622%   3.842% #
[     300,     350 ) 923379   4.266%   8.109% #
[     350,     400 ) 1298547   6.000%  14.109% #
[     400,     450 ) 1582530   7.312%  21.421% #
[     450,     500 ) 1790313   8.272%  29.693% ##
[     500,     600 ) 3809625  17.602%  47.295% ####
[     600,     700 ) 3374195  15.590%  62.885% ###
[     700,     800 ) 2532740  11.702%  74.588% ##
[     800,     900 ) 1622796   7.498%  82.086% #
[     900,    1000 ) 925780   4.278%  86.363% #
[    1000,    1200 ) 807928   3.733%  90.096% #
[    1200,    1400 ) 322694   1.491%  91.587% 
[    1400,    1600 ) 193366   0.893%  92.481% 
[    1600,    1800 ) 141013   0.652%  93.132% 
[    1800,    2000 ) 112177   0.518%  93.651% 
[    2000,    2500 ) 220285   1.018%  94.668% 
[    2500,    3000 ) 186220   0.860%  95.529% 
[    3000,    3500 ) 166394   0.769%  96.298% 
[    3500,    4000 ) 148007   0.684%  96.982% 
[    4000,    4500 ) 131643   0.608%  97.590% 
[    4500,    5000 ) 113160   0.523%  98.113% 
[    5000,    6000 ) 165278   0.764%  98.876% 
[    6000,    7000 ) 95553   0.441%  99.318% 
[    7000,    8000 ) 57828   0.267%  99.585% 
[    8000,    9000 ) 38720   0.179%  99.764% 
[    9000,   10000 ) 23060   0.107%  99.870% 
[   10000,   12000 ) 16517   0.076%  99.947% 
[   12000,   14000 ) 5489   0.025%  99.972% 
[   14000,   16000 ) 1638   0.008%  99.980% 
[   16000,   18000 ) 680   0.003%  99.983% 
[   18000,   20000 ) 313   0.001%  99.984% 
[   20000,   25000 ) 548   0.003%  99.987% 
[   25000,   30000 ) 303   0.001%  99.988% 
[   30000,   35000 ) 204   0.001%  99.989% 
[   35000,   40000 ) 154   0.001%  99.990% 
[   40000,   45000 ) 159   0.001%  99.991% 
[   45000,   50000 ) 141   0.001%  99.991% 
[   50000,   60000 ) 241   0.001%  99.992% 
[   60000,   70000 ) 369   0.002%  99.994% 
[   70000,   80000 ) 666   0.003%  99.997% 
[   80000,   90000 ) 251   0.001%  99.998% 
[   90000,  100000 ) 5   0.000%  99.998% 
[  100000,  120000 ) 82   0.000%  99.999% 
[  120000,  140000 ) 243   0.001% 100.000% 
[  140000,  160000 ) 1   0.000% 100.000% 
[  160000,  180000 ) 4   0.000% 100.000% 
[  180000,  200000 ) 34   0.000% 100.000% 
[  200000,  250000 ) 1   0.000% 100.000% 
----------------------------------
Hit rate: 100%
I20260914 19:06:06.860522 301604 dfly_bench.cc:1730] Latency summary, all times are in usec:
Count: 21642873 Average: 885.0601
Min: 148.0000  Median: 617.3506  Max: 200325.0000
------------------------------------------------------
[     140,     160 ) 231   0.001%   0.001% 
[     160,     180 ) 4754   0.022%   0.023% 
[     180,     200 ) 23562   0.109%   0.132% 
[     200,     250 ) 235536   1.088%   1.220% 
[     250,     300 ) 567516   2.622%   3.842% #
[     300,     350 ) 923379   4.266%   8.109% #
[     350,     400 ) 1298547   6.000%  14.109% #
[     400,     450 ) 1582530   7.312%  21.421% #
[     450,     500 ) 1790313   8.272%  29.693% ##
[     500,     600 ) 3809625  17.602%  47.295% ####
[     600,     700 ) 3374195  15.590%  62.885% ###
[     700,     800 ) 2532740  11.702%  74.588% ##
[     800,     900 ) 1622796   7.498%  82.086% #
[     900,    1000 ) 925780   4.278%  86.363% #
[    1000,    1200 ) 807928   3.733%  90.096% #
[    1200,    1400 ) 322694   1.491%  91.587% 
[    1400,    1600 ) 193366   0.893%  92.481% 
[    1600,    1800 ) 141013   0.652%  93.132% 
[    1800,    2000 ) 112177   0.518%  93.651% 
[    2000,    2500 ) 220285   1.018%  94.668% 
[    2500,    3000 ) 186220   0.860%  95.529% 
[    3000,    3500 ) 166394   0.769%  96.298% 
[    3500,    4000 ) 148007   0.684%  96.982% 
[    4000,    4500 ) 131643   0.608%  97.590% 
[    4500,    5000 ) 113160   0.523%  98.113% 
[    5000,    6000 ) 165278   0.764%  98.876% 
[    6000,    7000 ) 95553   0.441%  99.318% 
[    7000,    8000 ) 57828   0.267%  99.585% 
[    8000,    9000 ) 38720   0.179%  99.764% 
[    9000,   10000 ) 23060   0.107%  99.870% 
[   10000,   12000 ) 16517   0.076%  99.947% 
[   12000,   14000 ) 5489   0.025%  99.972% 
[   14000,   16000 ) 1638   0.008%  99.980% 
[   16000,   18000 ) 680   0.003%  99.983% 
[   18000,   20000 ) 313   0.001%  99.984% 
[   20000,   25000 ) 548   0.003%  99.987% 
[   25000,   30000 ) 303   0.001%  99.988% 
[   30000,   35000 ) 204   0.001%  99.989% 
[   35000,   40000 ) 154   0.001%  99.990% 
[   40000,   45000 ) 159   0.001%  99.991% 
[   45000,   50000 ) 141   0.001%  99.991% 
[   50000,   60000 ) 241   0.001%  99.992% 
[   60000,   70000 ) 369   0.002%  99.994% 
[   70000,   80000 ) 666   0.003%  99.997% 
[   80000,   90000 ) 251   0.001%  99.998% 
[   90000,  100000 ) 5   0.000%  99.998% 
[  100000,  120000 ) 82   0.000%  99.999% 
[  120000,  140000 ) 243   0.001% 100.000% 
[  140000,  160000 ) 1   0.000% 100.000% 
[  160000,  180000 ) 4   0.000% 100.000% 
[  180000,  200000 ) 34   0.000% 100.000% 
[  200000,  250000 ) 1   0.000% 100.000% 
I20260914 19:06:06.860571 301604 dfly_bench.cc:1732] ----------------------------------
Hit rate: 100%
