I20260914 18:47:09.771852 300294 init.cc:144] /mnt/dev/dfly-get-issue20-20260909/dfly_bench-x86_64 running in opt mode.
I20260914 18:47:09.772413 300295 uring_proactor.cc:263] IORing with 256 entries, allocated 24640 bytes, cq_entries is 512
I20260914 18:47:09.773476 300294 proactor_pool.cc:149] Running 16 io threads
I20260914 18:47:09.774783 300296 dfly_bench.cc:1512] Cluster spec: 43b0581d608485fbfe6bf7848b2b3868e5cd7ca7 172.16.0.4:6379@0 myself,master - 0 0 1 connected 0-16383
Connecting to 1 shard cluster
I20260914 18:47:09.774850 300294 dfly_bench.cc:1624] Connecting to 1 shard cluster
I20260914 18:47:09.774887 300296 dfly_bench.cc:1640] Seeding bitgen with seed 10822700762264828896
I20260914 18:47:09.774885 300295 dfly_bench.cc:1640] Seeding bitgen with seed 15060681878671775511
I20260914 18:47:09.774906 300303 dfly_bench.cc:1640] Seeding bitgen with seed 12118589563438863789
I20260914 18:47:09.774917 300306 dfly_bench.cc:1640] Seeding bitgen with seed 1874761853549885278
I20260914 18:47:09.774900 300302 dfly_bench.cc:1640] Seeding bitgen with seed 16895792424643493586
I20260914 18:47:09.774894 300299 dfly_bench.cc:1640] Seeding bitgen with seed 17216034358484725089
I20260914 18:47:09.774926 300308 dfly_bench.cc:1640] Seeding bitgen with seed 1170942096379108118
I20260914 18:47:09.774941 300309 dfly_bench.cc:1640] Seeding bitgen with seed 15276590866534493727
I20260914 18:47:09.774909 300304 dfly_bench.cc:1640] Seeding bitgen with seed 11307208369450389195
I20260914 18:47:09.774914 300305 dfly_bench.cc:1640] Seeding bitgen with seed 10195239939060650412
I20260914 18:47:09.774899 300300 dfly_bench.cc:1640] Seeding bitgen with seed 13573634044124876488
I20260914 18:47:09.774937 300310 dfly_bench.cc:1640] Seeding bitgen with seed 7869241381331718183
I20260914 18:47:09.774930 300297 dfly_bench.cc:1640] Seeding bitgen with seed 5494342264434493627
I20260914 18:47:09.774899 300301 dfly_bench.cc:1640] Seeding bitgen with seed 17687344794123191778
I20260914 18:47:09.774919 300307 dfly_bench.cc:1640] Seeding bitgen with seed 1572231070121490324
I20260914 18:47:09.775040 300298 dfly_bench.cc:1640] Seeding bitgen with seed 5591683215506142111
Coordinated omission mode - the rate is determined by the server
I20260914 18:47:09.823668 300294 dfly_bench.cc:1686] Coordinated omission mode - the rate is determined by the server
I20260914 18:47:09.827206 300297 dfly_bench.cc:1418] Started watching
5s: 16.7% done, RPS(now/agg): 716603/716603, errs: 0, hitrate: 100.0%, clients: 640
done_min: 16.67%, done_max: 16.67%, p99_lat(us): 6385, max_pending: 1
I20260914 18:47:14.827661 300297 dfly_bench.cc:1466] 5s: 16.7% done, RPS(now/agg): 716603/716603, errs: 0, hitrate: 100.0%, clients: 640
done_min: 16.67%, done_max: 16.67%, p99_lat(us): 6385, max_pending: 1
10s: 33.3% done, RPS(now/agg): 671206/693904, errs: 0, hitrate: 100.0%, clients: 640
done_min: 33.34%, done_max: 33.34%, p99_lat(us): 6659, max_pending: 1
I20260914 18:47:19.828636 300297 dfly_bench.cc:1466] 10s: 33.3% done, RPS(now/agg): 671206/693904, errs: 0, hitrate: 100.0%, clients: 640
done_min: 33.34%, done_max: 33.34%, p99_lat(us): 6659, max_pending: 1
15s: 50.0% done, RPS(now/agg): 716763/701477, errs: 0, hitrate: 100.0%, clients: 640
done_min: 50.01%, done_max: 50.01%, p99_lat(us): 6415, max_pending: 1
I20260914 18:47:24.829398 300297 dfly_bench.cc:1466] 15s: 50.0% done, RPS(now/agg): 716763/701477, errs: 0, hitrate: 100.0%, clients: 640
done_min: 50.01%, done_max: 50.01%, p99_lat(us): 6415, max_pending: 1
20s: 66.7% done, RPS(now/agg): 715531/704955, errs: 0, hitrate: 100.0%, clients: 640
done_min: 66.68%, done_max: 66.68%, p99_lat(us): 6488, max_pending: 1
I20260914 18:47:29.830299 300297 dfly_bench.cc:1466] 20s: 66.7% done, RPS(now/agg): 715531/704955, errs: 0, hitrate: 100.0%, clients: 640
done_min: 66.68%, done_max: 66.68%, p99_lat(us): 6488, max_pending: 1
25s: 83.3% done, RPS(now/agg): 720242/707984, errs: 0, hitrate: 100.0%, clients: 640
done_min: 83.35%, done_max: 83.35%, p99_lat(us): 6349, max_pending: 1
I20260914 18:47:34.830983 300297 dfly_bench.cc:1466] 25s: 83.3% done, RPS(now/agg): 720242/707984, errs: 0, hitrate: 100.0%, clients: 640
done_min: 83.35%, done_max: 83.35%, p99_lat(us): 6349, max_pending: 1
I20260914 18:47:39.826952 300296 dfly_bench.cc:926] Done queuing 4294967295 requests, which took 30.0s. Waiting for server processing
I20260914 18:47:39.826989 300306 dfly_bench.cc:926] Done queuing 4294967295 requests, which took 30.0s. Waiting for server processing
I20260914 18:47:39.827045 300296 dfly_bench.cc:1001] ReceiveFb done
I20260914 18:47:39.827049 300306 dfly_bench.cc:926] Done queuing 4294967295 requests, which took 30.0s. Waiting for server processing
I20260914 18:47:39.826957 300309 dfly_bench.cc:926] Done queuing 4294967295 requests, which took 30.0s. Waiting for server processing
I20260914 18:47:39.827005 300307 dfly_bench.cc:926] Done queuing 4294967295 requests, which took 30.0s. Waiting for server processing
I20260914 18:47:39.827093 300309 dfly_bench.cc:1001] ReceiveFb done
I20260914 18:47:39.827095 300306 dfly_bench.cc:1001] ReceiveFb done
I20260914 18:47:39.827102 300307 dfly_bench.cc:1001] ReceiveFb done
I20260914 18:47:39.827116 300306 dfly_bench.cc:1001] ReceiveFb done
I20260914 18:47:39.827121 300309 dfly_bench.cc:926] Done queuing 4294967295 requests, which took 30.0s. Waiting for server processing
I20260914 18:47:39.827126 300307 dfly_bench.cc:926] Done queuing 4294967295 requests, which took 30.0s. Waiting for server processing
I20260914 18:47:39.827128 300309 dfly_bench.cc:926] Done queuing 4294967295 requests, which took 30.0s. Waiting for server processing
I20260914 18:47:39.827133 300296 dfly_bench.cc:926] Done queuing 4294967295 requests, which took 30.0s. Waiting for server processing
I20260914 18:47:39.827155 300296 dfly_bench.cc:1001] ReceiveFb done
I20260914 18:47:39.827170 300302 dfly_bench.cc:926] Done queuing 4294967295 requests, which took 30.0s. Waiting for server processing
I20260914 18:47:39.827184 300309 dfly_bench.cc:1001] ReceiveFb done
I20260914 18:47:39.827210 300299 dfly_bench.cc:926] Done queuing 4294967295 requests, which took 30.0s. Waiting for server processing
I20260914 18:47:39.827229 300301 dfly_bench.cc:926] Done queuing 4294967295 requests, which took 30.0s. Waiting for server processing
I20260914 18:47:39.827224 300296 dfly_bench.cc:926] Done queuing 4294967295 requests, which took 30.0s. Waiting for server processing
I20260914 18:47:39.827203 300306 dfly_bench.cc:926] Done queuing 4294967295 requests, which took 30.0s. Waiting for server processing
I20260914 18:47:39.827245 300300 dfly_bench.cc:926] Done queuing 4294967295 requests, which took 30.0s. Waiting for server processing
I20260914 18:47:39.827206 300302 dfly_bench.cc:1001] ReceiveFb done
I20260914 18:47:39.827199 300303 dfly_bench.cc:926] Done queuing 4294967295 requests, which took 30.0s. Waiting for server processing
I20260914 18:47:39.827281 300310 dfly_bench.cc:926] Done queuing 4294967295 requests, which took 30.0s. Waiting for server processing
I20260914 18:47:39.827268 300306 dfly_bench.cc:926] Done queuing 4294967295 requests, which took 30.0s. Waiting for server processing
I20260914 18:47:39.827294 300304 dfly_bench.cc:926] Done queuing 4294967295 requests, which took 30.0s. Waiting for server processing
I20260914 18:47:39.827194 300307 dfly_bench.cc:1001] ReceiveFb done
I20260914 18:47:39.827239 300309 dfly_bench.cc:1001] ReceiveFb done
I20260914 18:47:39.827287 300296 dfly_bench.cc:926] Done queuing 4294967295 requests, which took 30.0s. Waiting for server processing
I20260914 18:47:39.827270 300301 dfly_bench.cc:1001] ReceiveFb done
I20260914 18:47:39.827320 300303 dfly_bench.cc:1001] ReceiveFb done
I20260914 18:47:39.827260 300299 dfly_bench.cc:926] Done queuing 4294967295 requests, which took 30.0s. Waiting for server processing
I20260914 18:47:39.827364 300309 dfly_bench.cc:926] Done queuing 4294967295 requests, which took 30.0s. Waiting for server processing
I20260914 18:47:39.827322 300306 dfly_bench.cc:926] Done queuing 4294967295 requests, which took 30.0s. Waiting for server processing
I20260914 18:47:39.827387 300299 dfly_bench.cc:1001] ReceiveFb done
I20260914 18:47:39.827389 300303 dfly_bench.cc:926] Done queuing 4294967295 requests, which took 30.0s. Waiting for server processing
I20260914 18:47:39.827348 300300 dfly_bench.cc:1001] ReceiveFb done
I20260914 18:47:39.827521 300303 dfly_bench.cc:926] Done queuing 4294967295 requests, which took 30.0s. Waiting for server processing
I20260914 18:47:39.827507 300306 dfly_bench.cc:926] Done queuing 4294967295 requests, which took 30.0s. Waiting for server processing
I20260914 18:47:39.827350 300304 dfly_bench.cc:1001] ReceiveFb done
I20260914 18:47:39.827536 300299 dfly_bench.cc:1001] ReceiveFb done
I20260914 18:47:39.827363 300302 dfly_bench.cc:926] Done queuing 4294967295 requests, which took 30.0s. Waiting for server processing
I20260914 18:47:39.827365 300307 dfly_bench.cc:926] Done queuing 4294967295 requests, which took 30.0s. Waiting for server processing
I20260914 18:47:39.827353 300296 dfly_bench.cc:926] Done queuing 4294967295 requests, which took 30.0s. Waiting for server processing
I20260914 18:47:39.827265 300305 dfly_bench.cc:926] Done queuing 4294967295 requests, which took 30.0s. Waiting for server processing
I20260914 18:47:39.827355 300298 dfly_bench.cc:926] Done queuing 4294967295 requests, which took 30.0s. Waiting for server processing
I20260914 18:47:39.827557 300299 dfly_bench.cc:926] Done queuing 4294967295 requests, which took 30.0s. Waiting for server processing
I20260914 18:47:39.827322 300310 dfly_bench.cc:1001] ReceiveFb done
I20260914 18:47:39.827579 300306 dfly_bench.cc:1001] ReceiveFb done
I20260914 18:47:39.827463 300301 dfly_bench.cc:926] Done queuing 4294967295 requests, which took 30.0s. Waiting for server processing
I20260914 18:47:39.827507 300308 dfly_bench.cc:926] Done queuing 4294967295 requests, which took 30.0s. Waiting for server processing
I20260914 18:47:39.827570 300299 dfly_bench.cc:926] Done queuing 4294967295 requests, which took 30.0s. Waiting for server processing
I20260914 18:47:39.827467 300297 dfly_bench.cc:926] Done queuing 4294967295 requests, which took 30.0s. Waiting for server processing
I20260914 18:47:39.827294 300295 dfly_bench.cc:926] Done queuing 4294967295 requests, which took 30.0s. Waiting for server processing
I20260914 18:47:39.827555 300307 dfly_bench.cc:926] Done queuing 4294967295 requests, which took 30.0s. Waiting for server processing
I20260914 18:47:39.827595 300298 dfly_bench.cc:1001] ReceiveFb done
I20260914 18:47:39.827613 300309 dfly_bench.cc:1001] ReceiveFb done
I20260914 18:47:39.827600 300299 dfly_bench.cc:926] Done queuing 4294967295 requests, which took 30.0s. Waiting for server processing
I20260914 18:47:39.827642 300304 dfly_bench.cc:926] Done queuing 4294967295 requests, which took 30.0s. Waiting for server processing
I20260914 18:47:39.827605 300301 dfly_bench.cc:926] Done queuing 4294967295 requests, which took 30.0s. Waiting for server processing
I20260914 18:47:39.827622 300297 dfly_bench.cc:1001] ReceiveFb done
I20260914 18:47:39.827615 300310 dfly_bench.cc:926] Done queuing 4294967295 requests, which took 30.0s. Waiting for server processing
I20260914 18:47:39.827597 300306 dfly_bench.cc:1001] ReceiveFb done
I20260914 18:47:39.827625 300308 dfly_bench.cc:1001] ReceiveFb done
I20260914 18:47:39.827667 300304 dfly_bench.cc:926] Done queuing 4294967295 requests, which took 30.0s. Waiting for server processing
I20260914 18:47:39.827590 300305 dfly_bench.cc:1001] ReceiveFb done
I20260914 18:47:39.827677 300297 dfly_bench.cc:926] Done queuing 4294967295 requests, which took 30.0s. Waiting for server processing
I20260914 18:47:39.827689 300297 dfly_bench.cc:926] Done queuing 4294967295 requests, which took 30.0s. Waiting for server processing
I20260914 18:47:39.827690 300306 dfly_bench.cc:1001] ReceiveFb done
I20260914 18:47:39.827557 300302 dfly_bench.cc:926] Done queuing 4294967295 requests, which took 30.0s. Waiting for server processing
I20260914 18:47:39.827715 300297 dfly_bench.cc:926] Done queuing 4294967295 requests, which took 30.0s. Waiting for server processing
I20260914 18:47:39.827601 300296 dfly_bench.cc:1001] ReceiveFb done
I20260914 18:47:39.827623 300303 dfly_bench.cc:1001] ReceiveFb done
I20260914 18:47:39.827621 300307 dfly_bench.cc:926] Done queuing 4294967295 requests, which took 30.0s. Waiting for server processing
I20260914 18:47:39.827693 300305 dfly_bench.cc:926] Done queuing 4294967295 requests, which took 30.0s. Waiting for server processing
I20260914 18:47:39.827754 300310 dfly_bench.cc:1001] ReceiveFb done
I20260914 18:47:39.827734 300299 dfly_bench.cc:1001] ReceiveFb done
I20260914 18:47:39.827766 300305 dfly_bench.cc:926] Done queuing 4294967295 requests, which took 30.0s. Waiting for server processing
I20260914 18:47:39.827586 300300 dfly_bench.cc:926] Done queuing 4294967295 requests, which took 30.0s. Waiting for server processing
I20260914 18:47:39.827688 300304 dfly_bench.cc:926] Done queuing 4294967295 requests, which took 30.0s. Waiting for server processing
I20260914 18:47:39.827780 300307 dfly_bench.cc:926] Done queuing 4294967295 requests, which took 30.0s. Waiting for server processing
I20260914 18:47:39.827777 300305 dfly_bench.cc:926] Done queuing 4294967295 requests, which took 30.0s. Waiting for server processing
I20260914 18:47:39.827726 300297 dfly_bench.cc:926] Done queuing 4294967295 requests, which took 30.0s. Waiting for server processing
I20260914 18:47:39.827785 300310 dfly_bench.cc:926] Done queuing 4294967295 requests, which took 30.0s. Waiting for server processing
I20260914 18:47:39.827664 300301 dfly_bench.cc:926] Done queuing 4294967295 requests, which took 30.0s. Waiting for server processing
I20260914 18:47:39.827783 300299 dfly_bench.cc:1001] ReceiveFb done
I20260914 18:47:39.827785 300303 dfly_bench.cc:1001] ReceiveFb done
I20260914 18:47:39.827735 300306 dfly_bench.cc:1001] ReceiveFb done
I20260914 18:47:39.827688 300295 dfly_bench.cc:1001] ReceiveFb done
I20260914 18:47:39.827646 300309 dfly_bench.cc:926] Done queuing 4294967295 requests, which took 30.0s. Waiting for server processing
I20260914 18:47:39.827822 300305 dfly_bench.cc:926] Done queuing 4294967295 requests, which took 30.0s. Waiting for server processing
I20260914 18:47:39.827773 300296 dfly_bench.cc:1001] ReceiveFb done
I20260914 18:47:39.827847 300300 dfly_bench.cc:1001] ReceiveFb done
I20260914 18:47:39.827723 300302 dfly_bench.cc:926] Done queuing 4294967295 requests, which took 30.0s. Waiting for server processing
I20260914 18:47:39.827787 300304 dfly_bench.cc:926] Done queuing 4294967295 requests, which took 30.0s. Waiting for server processing
I20260914 18:47:39.827860 300301 dfly_bench.cc:1001] ReceiveFb done
I20260914 18:47:39.827863 300302 dfly_bench.cc:926] Done queuing 4294967295 requests, which took 30.0s. Waiting for server processing
I20260914 18:47:39.827867 300305 dfly_bench.cc:1001] ReceiveFb done
I20260914 18:47:39.827870 300296 dfly_bench.cc:1001] ReceiveFb done
I20260914 18:47:39.827824 300299 dfly_bench.cc:1001] ReceiveFb done
I20260914 18:47:39.827888 300301 dfly_bench.cc:1001] ReceiveFb done
I20260914 18:47:39.827833 300295 dfly_bench.cc:926] Done queuing 4294967295 requests, which took 30.0s. Waiting for server processing
I20260914 18:47:39.827833 300307 dfly_bench.cc:1001] ReceiveFb done
I20260914 18:47:39.827747 300308 dfly_bench.cc:926] Done queuing 4294967295 requests, which took 30.0s. Waiting for server processing
I20260914 18:47:39.827903 300296 dfly_bench.cc:926] Done queuing 4294967295 requests, which took 30.0s. Waiting for server processing
I20260914 18:47:39.827913 300304 dfly_bench.cc:1001] ReceiveFb done
I20260914 18:47:39.827833 300310 dfly_bench.cc:926] Done queuing 4294967295 requests, which took 30.0s. Waiting for server processing
I20260914 18:47:39.827908 300302 dfly_bench.cc:1001] ReceiveFb done
I20260914 18:47:39.827836 300303 dfly_bench.cc:926] Done queuing 4294967295 requests, which took 30.0s. Waiting for server processing
I20260914 18:47:39.827946 300304 dfly_bench.cc:1001] ReceiveFb done
I20260914 18:47:39.827853 300309 dfly_bench.cc:926] Done queuing 4294967295 requests, which took 30.0s. Waiting for server processing
I20260914 18:47:39.827920 300301 dfly_bench.cc:1001] ReceiveFb done
I20260914 18:47:39.827920 300296 dfly_bench.cc:926] Done queuing 4294967295 requests, which took 30.0s. Waiting for server processing
I20260914 18:47:39.827831 300306 dfly_bench.cc:926] Done queuing 4294967295 requests, which took 30.0s. Waiting for server processing
I20260914 18:47:39.827903 300299 dfly_bench.cc:926] Done queuing 4294967295 requests, which took 30.0s. Waiting for server processing
I20260914 18:47:39.827916 300308 dfly_bench.cc:926] Done queuing 4294967295 requests, which took 30.0s. Waiting for server processing
I20260914 18:47:39.827903 300295 dfly_bench.cc:926] Done queuing 4294967295 requests, which took 30.0s. Waiting for server processing
I20260914 18:47:39.827873 300300 dfly_bench.cc:926] Done queuing 4294967295 requests, which took 30.0s. Waiting for server processing
I20260914 18:47:39.827983 300301 dfly_bench.cc:926] Done queuing 4294967295 requests, which took 30.0s. Waiting for server processing
I20260914 18:47:39.827641 300298 dfly_bench.cc:926] Done queuing 4294967295 requests, which took 30.0s. Waiting for server processing
I20260914 18:47:39.827970 300296 dfly_bench.cc:926] Done queuing 4294967295 requests, which took 30.0s. Waiting for server processing
I20260914 18:47:39.827823 300297 dfly_bench.cc:926] Done queuing 4294967295 requests, which took 30.0s. Waiting for server processing
I20260914 18:47:39.827970 300302 dfly_bench.cc:1001] ReceiveFb done
I20260914 18:47:39.827991 300309 dfly_bench.cc:1001] ReceiveFb done
I20260914 18:47:39.827927 300307 dfly_bench.cc:1001] ReceiveFb done
I20260914 18:47:39.827994 300295 dfly_bench.cc:926] Done queuing 4294967295 requests, which took 30.0s. Waiting for server processing
I20260914 18:47:39.827966 300310 dfly_bench.cc:1001] ReceiveFb done
I20260914 18:47:39.828011 300300 dfly_bench.cc:926] Done queuing 4294967295 requests, which took 30.0s. Waiting for server processing
I20260914 18:47:39.827982 300306 dfly_bench.cc:926] Done queuing 4294967295 requests, which took 30.0s. Waiting for server processing
I20260914 18:47:39.827988 300308 dfly_bench.cc:926] Done queuing 4294967295 requests, which took 30.0s. Waiting for server processing
I20260914 18:47:39.828066 300309 dfly_bench.cc:1001] ReceiveFb done
I20260914 18:47:39.827888 300305 dfly_bench.cc:1001] ReceiveFb done
I20260914 18:47:39.828060 300302 dfly_bench.cc:1001] ReceiveFb done
I20260914 18:47:39.827970 300304 dfly_bench.cc:1001] ReceiveFb done
I20260914 18:47:39.828060 300295 dfly_bench.cc:926] Done queuing 4294967295 requests, which took 30.0s. Waiting for server processing
I20260914 18:47:39.827988 300299 dfly_bench.cc:926] Done queuing 4294967295 requests, which took 30.0s. Waiting for server processing
I20260914 18:47:39.828068 300300 dfly_bench.cc:926] Done queuing 4294967295 requests, which took 30.0s. Waiting for server processing
I20260914 18:47:39.828079 300297 dfly_bench.cc:1001] ReceiveFb done
I20260914 18:47:39.828097 300295 dfly_bench.cc:926] Done queuing 4294967295 requests, which took 30.0s. Waiting for server processing
I20260914 18:47:39.828073 300306 dfly_bench.cc:926] Done queuing 4294967295 requests, which took 30.0s. Waiting for server processing
I20260914 18:47:39.828016 300298 dfly_bench.cc:926] Done queuing 4294967295 requests, which took 30.0s. Waiting for server processing
I20260914 18:47:39.828094 300309 dfly_bench.cc:926] Done queuing 4294967295 requests, which took 30.0s. Waiting for server processing
I20260914 18:47:39.828068 300307 dfly_bench.cc:1001] ReceiveFb done
I20260914 18:47:39.828126 300306 dfly_bench.cc:926] Done queuing 4294967295 requests, which took 30.0s. Waiting for server processing
I20260914 18:47:39.827950 300303 dfly_bench.cc:926] Done queuing 4294967295 requests, which took 30.0s. Waiting for server processing
I20260914 18:47:39.828104 300302 dfly_bench.cc:1001] ReceiveFb done
I20260914 18:47:39.828088 300310 dfly_bench.cc:1001] ReceiveFb done
I20260914 18:47:39.828099 300299 dfly_bench.cc:926] Done queuing 4294967295 requests, which took 30.0s. Waiting for server processing
I20260914 18:47:39.828145 300307 dfly_bench.cc:1001] ReceiveFb done
I20260914 18:47:39.828104 300304 dfly_bench.cc:1001] ReceiveFb done
I20260914 18:47:39.828189 300307 dfly_bench.cc:926] Done queuing 4294967295 requests, which took 30.0s. Waiting for server processing
I20260914 18:47:39.828099 300305 dfly_bench.cc:1001] ReceiveFb done
I20260914 18:47:39.828200 300307 dfly_bench.cc:926] Done queuing 4294967295 requests, which took 30.0s. Waiting for server processing
I20260914 18:47:39.828013 300301 dfly_bench.cc:926] Done queuing 4294967295 requests, which took 30.0s. Waiting for server processing
I20260914 18:47:39.828150 300300 dfly_bench.cc:1001] ReceiveFb done
I20260914 18:47:39.828217 300307 dfly_bench.cc:926] Done queuing 4294967295 requests, which took 30.0s. Waiting for server processing
I20260914 18:47:39.828163 300302 dfly_bench.cc:926] Done queuing 4294967295 requests, which took 30.0s. Waiting for server processing
I20260914 18:47:39.828229 300305 dfly_bench.cc:1001] ReceiveFb done
I20260914 18:47:39.828117 300295 dfly_bench.cc:926] Done queuing 4294967295 requests, which took 30.0s. Waiting for server processing
I20260914 18:47:39.828128 300298 dfly_bench.cc:926] Done queuing 4294967295 requests, which took 30.0s. Waiting for server processing
I20260914 18:47:39.828125 300297 dfly_bench.cc:1001] ReceiveFb done
I20260914 18:47:39.828080 300308 dfly_bench.cc:926] Done queuing 4294967295 requests, which took 30.0s. Waiting for server processing
I20260914 18:47:39.828251 300310 dfly_bench.cc:926] Done queuing 4294967295 requests, which took 30.0s. Waiting for server processing
I20260914 18:47:39.828258 300299 dfly_bench.cc:1001] ReceiveFb done
I20260914 18:47:39.828265 300305 dfly_bench.cc:926] Done queuing 4294967295 requests, which took 30.0s. Waiting for server processing
I20260914 18:47:39.828140 300303 dfly_bench.cc:926] Done queuing 4294967295 requests, which took 30.0s. Waiting for server processing
I20260914 18:47:39.828222 300301 dfly_bench.cc:926] Done queuing 4294967295 requests, which took 30.0s. Waiting for server processing
I20260914 18:47:39.828280 300297 dfly_bench.cc:1001] ReceiveFb done
I20260914 18:47:39.828284 300305 dfly_bench.cc:926] Done queuing 4294967295 requests, which took 30.0s. Waiting for server processing
I20260914 18:47:39.828235 300300 dfly_bench.cc:1001] ReceiveFb done
I20260914 18:47:39.828243 300295 dfly_bench.cc:926] Done queuing 4294967295 requests, which took 30.0s. Waiting for server processing
I20260914 18:47:39.828238 300302 dfly_bench.cc:926] Done queuing 4294967295 requests, which took 30.0s. Waiting for server processing
I20260914 18:47:39.828148 300296 dfly_bench.cc:1001] ReceiveFb done
I20260914 18:47:39.828308 300302 dfly_bench.cc:926] Done queuing 4294967295 requests, which took 30.0s. Waiting for server processing
I20260914 18:47:39.828243 300298 dfly_bench.cc:926] Done queuing 4294967295 requests, which took 30.0s. Waiting for server processing
I20260914 18:47:39.828328 300296 dfly_bench.cc:1001] ReceiveFb done
I20260914 18:47:39.828336 300295 dfly_bench.cc:926] Done queuing 4294967295 requests, which took 30.0s. Waiting for server processing
I20260914 18:47:39.828136 300306 dfly_bench.cc:926] Done queuing 4294967295 requests, which took 30.0s. Waiting for server processing
I20260914 18:47:39.828315 300300 dfly_bench.cc:1001] ReceiveFb done
I20260914 18:47:39.828351 300306 dfly_bench.cc:926] Done queuing 4294967295 requests, which took 30.0s. Waiting for server processing
I20260914 18:47:39.828130 300309 dfly_bench.cc:926] Done queuing 4294967295 requests, which took 30.0s. Waiting for server processing
I20260914 18:47:39.828299 300297 dfly_bench.cc:1001] ReceiveFb done
I20260914 18:47:39.828310 300308 dfly_bench.cc:1001] ReceiveFb done
I20260914 18:47:39.828285 300301 dfly_bench.cc:926] Done queuing 4294967295 requests, which took 30.0s. Waiting for server processing
I20260914 18:47:39.828320 300302 dfly_bench.cc:926] Done queuing 4294967295 requests, which took 30.0s. Waiting for server processing
I20260914 18:47:39.828262 300310 dfly_bench.cc:926] Done queuing 4294967295 requests, which took 30.0s. Waiting for server processing
I20260914 18:47:39.828323 300298 dfly_bench.cc:926] Done queuing 4294967295 requests, which took 30.0s. Waiting for server processing
I20260914 18:47:39.828397 300297 dfly_bench.cc:1001] ReceiveFb done
I20260914 18:47:39.828402 300301 dfly_bench.cc:926] Done queuing 4294967295 requests, which took 30.0s. Waiting for server processing
I20260914 18:47:39.828342 300295 dfly_bench.cc:926] Done queuing 4294967295 requests, which took 30.0s. Waiting for server processing
I20260914 18:47:39.828418 300301 dfly_bench.cc:926] Done queuing 4294967295 requests, which took 30.0s. Waiting for server processing
I20260914 18:47:39.828426 300297 dfly_bench.cc:926] Done queuing 4294967295 requests, which took 30.0s. Waiting for server processing
I20260914 18:47:39.828361 300303 dfly_bench.cc:1001] ReceiveFb done
I20260914 18:47:39.828401 300308 dfly_bench.cc:1001] ReceiveFb done
I20260914 18:47:39.828403 300310 dfly_bench.cc:926] Done queuing 4294967295 requests, which took 30.0s. Waiting for server processing
I20260914 18:47:39.828349 300296 dfly_bench.cc:1001] ReceiveFb done
I20260914 18:47:39.828370 300309 dfly_bench.cc:926] Done queuing 4294967295 requests, which took 30.0s. Waiting for server processing
I20260914 18:47:39.828464 300303 dfly_bench.cc:1001] ReceiveFb done
I20260914 18:47:39.828301 300299 dfly_bench.cc:1001] ReceiveFb done
I20260914 18:47:39.828366 300306 dfly_bench.cc:926] Done queuing 4294967295 requests, which took 30.0s. Waiting for server processing
I20260914 18:47:39.828467 300308 dfly_bench.cc:1001] ReceiveFb done
I20260914 18:47:39.828477 300306 dfly_bench.cc:926] Done queuing 4294967295 requests, which took 30.0s. Waiting for server processing
I20260914 18:47:39.828295 300305 dfly_bench.cc:926] Done queuing 4294967295 requests, which took 30.0s. Waiting for server processing
I20260914 18:47:39.828433 300297 dfly_bench.cc:926] Done queuing 4294967295 requests, which took 30.0s. Waiting for server processing
I20260914 18:47:39.828372 300300 dfly_bench.cc:926] Done queuing 4294967295 requests, which took 30.0s. Waiting for server processing
I20260914 18:47:39.828510 300297 dfly_bench.cc:926] Done queuing 4294967295 requests, which took 30.0s. Waiting for server processing
I20260914 18:47:39.828527 300297 dfly_bench.cc:926] Done queuing 4294967295 requests, which took 30.0s. Waiting for server processing
I20260914 18:47:39.828454 300301 dfly_bench.cc:926] Done queuing 4294967295 requests, which took 30.0s. Waiting for server processing
I20260914 18:47:39.828405 300298 dfly_bench.cc:926] Done queuing 4294967295 requests, which took 30.0s. Waiting for server processing
I20260914 18:47:39.828226 300307 dfly_bench.cc:926] Done queuing 4294967295 requests, which took 30.0s. Waiting for server processing
I20260914 18:47:39.828552 300307 dfly_bench.cc:926] Done queuing 4294967295 requests, which took 30.0s. Waiting for server processing
I20260914 18:47:39.828562 300307 dfly_bench.cc:926] Done queuing 4294967295 requests, which took 30.0s. Waiting for server processing
I20260914 18:47:39.828212 300304 dfly_bench.cc:926] Done queuing 4294967295 requests, which took 30.0s. Waiting for server processing
I20260914 18:47:39.828472 300309 dfly_bench.cc:926] Done queuing 4294967295 requests, which took 30.0s. Waiting for server processing
I20260914 18:47:39.828485 300306 dfly_bench.cc:926] Done queuing 4294967295 requests, which took 30.0s. Waiting for server processing
I20260914 18:47:39.828586 300309 dfly_bench.cc:926] Done queuing 4294967295 requests, which took 30.0s. Waiting for server processing
I20260914 18:47:39.828492 300308 dfly_bench.cc:1001] ReceiveFb done
I20260914 18:47:39.828459 300310 dfly_bench.cc:926] Done queuing 4294967295 requests, which took 30.0s. Waiting for server processing
I20260914 18:47:39.828480 300296 dfly_bench.cc:926] Done queuing 4294967295 requests, which took 30.0s. Waiting for server processing
I20260914 18:47:39.828408 300302 dfly_bench.cc:926] Done queuing 4294967295 requests, which took 30.0s. Waiting for server processing
I20260914 18:47:39.828604 300298 dfly_bench.cc:1001] ReceiveFb done
I20260914 18:47:39.828457 300295 dfly_bench.cc:1001] ReceiveFb done
I20260914 18:47:39.828626 300298 dfly_bench.cc:1001] ReceiveFb done
I20260914 18:47:39.828487 300303 dfly_bench.cc:1001] ReceiveFb done
I20260914 18:47:39.828644 300298 dfly_bench.cc:1001] ReceiveFb done
I20260914 18:47:39.828648 300301 dfly_bench.cc:1001] ReceiveFb done
I20260914 18:47:39.828487 300299 dfly_bench.cc:1001] ReceiveFb done
I20260914 18:47:39.828667 300301 dfly_bench.cc:1001] ReceiveFb done
I20260914 18:47:39.828665 300303 dfly_bench.cc:926] Done queuing 4294967295 requests, which took 30.0s. Waiting for server processing
I20260914 18:47:39.828608 300296 dfly_bench.cc:926] Done queuing 4294967295 requests, which took 30.0s. Waiting for server processing
I20260914 18:47:39.828612 300302 dfly_bench.cc:926] Done queuing 4294967295 requests, which took 30.0s. Waiting for server processing
I20260914 18:47:39.828676 300303 dfly_bench.cc:926] Done queuing 4294967295 requests, which took 30.0s. Waiting for server processing
I20260914 18:47:39.828685 300301 dfly_bench.cc:1001] ReceiveFb done
I20260914 18:47:39.828661 300297 dfly_bench.cc:1001] ReceiveFb done
I20260914 18:47:39.828699 300309 dfly_bench.cc:1001] ReceiveFb done
I20260914 18:47:39.828641 300295 dfly_bench.cc:1001] ReceiveFb done
I20260914 18:47:39.828513 300300 dfly_bench.cc:926] Done queuing 4294967295 requests, which took 30.0s. Waiting for server processing
I20260914 18:47:39.828687 300303 dfly_bench.cc:926] Done queuing 4294967295 requests, which took 30.0s. Waiting for server processing
I20260914 18:47:39.828634 300308 dfly_bench.cc:926] Done queuing 4294967295 requests, which took 30.0s. Waiting for server processing
I20260914 18:47:39.828747 300308 dfly_bench.cc:926] Done queuing 4294967295 requests, which took 30.0s. Waiting for server processing
I20260914 18:47:39.828637 300305 dfly_bench.cc:1001] ReceiveFb done
I20260914 18:47:39.828739 300309 dfly_bench.cc:1001] ReceiveFb done
I20260914 18:47:39.828718 300306 dfly_bench.cc:1001] ReceiveFb done
I20260914 18:47:39.828711 300297 dfly_bench.cc:1001] ReceiveFb done
I20260914 18:47:39.828604 300310 dfly_bench.cc:926] Done queuing 4294967295 requests, which took 30.0s. Waiting for server processing
I20260914 18:47:39.828742 300295 dfly_bench.cc:1001] ReceiveFb done
I20260914 18:47:39.828776 300305 dfly_bench.cc:1001] ReceiveFb done
I20260914 18:47:39.828785 300297 dfly_bench.cc:1001] ReceiveFb done
I20260914 18:47:39.828712 300301 dfly_bench.cc:1001] ReceiveFb done
I20260914 18:47:39.828783 300306 dfly_bench.cc:1001] ReceiveFb done
I20260914 18:47:39.828787 300309 dfly_bench.cc:1001] ReceiveFb done
I20260914 18:47:39.828805 300296 dfly_bench.cc:1001] ReceiveFb done
I20260914 18:47:39.828675 300307 dfly_bench.cc:1001] ReceiveFb done
I20260914 18:47:39.828783 300310 dfly_bench.cc:926] Done queuing 4294967295 requests, which took 30.0s. Waiting for server processing
I20260914 18:47:39.828814 300297 dfly_bench.cc:1001] ReceiveFb done
I20260914 18:47:39.828828 300299 dfly_bench.cc:926] Done queuing 4294967295 requests, which took 30.0s. Waiting for server processing
I20260914 18:47:39.828830 300296 dfly_bench.cc:1001] ReceiveFb done
I20260914 18:47:39.828794 300295 dfly_bench.cc:1001] ReceiveFb done
I20260914 18:47:39.828847 300297 dfly_bench.cc:926] Done queuing 4294967295 requests, which took 30.0s. Waiting for server processing
I20260914 18:47:39.828684 300302 dfly_bench.cc:926] Done queuing 4294967295 requests, which took 30.0s. Waiting for server processing
I20260914 18:47:39.828796 300305 dfly_bench.cc:1001] ReceiveFb done
I20260914 18:47:39.828852 300303 dfly_bench.cc:1001] ReceiveFb done
I20260914 18:47:39.828828 300306 dfly_bench.cc:1001] ReceiveFb done
I20260914 18:47:39.828830 300310 dfly_bench.cc:926] Done queuing 4294967295 requests, which took 30.0s. Waiting for server processing
I20260914 18:47:39.828886 300303 dfly_bench.cc:1001] ReceiveFb done
I20260914 18:47:39.828841 300299 dfly_bench.cc:926] Done queuing 4294967295 requests, which took 30.0s. Waiting for server processing
I20260914 18:47:39.828857 300295 dfly_bench.cc:1001] ReceiveFb done
I20260914 18:47:39.828786 300304 dfly_bench.cc:1001] ReceiveFb done
I20260914 18:47:39.828871 300300 dfly_bench.cc:1001] ReceiveFb done
I20260914 18:47:39.828902 300299 dfly_bench.cc:926] Done queuing 4294967295 requests, which took 30.0s. Waiting for server processing
I20260914 18:47:39.828855 300296 dfly_bench.cc:926] Done queuing 4294967295 requests, which took 30.0s. Waiting for server processing
I20260914 18:47:39.828858 300297 dfly_bench.cc:926] Done queuing 4294967295 requests, which took 30.0s. Waiting for server processing
I20260914 18:47:39.828910 300299 dfly_bench.cc:926] Done queuing 4294967295 requests, which took 30.0s. Waiting for server processing
I20260914 18:47:39.828912 300296 dfly_bench.cc:926] Done queuing 4294967295 requests, which took 30.0s. Waiting for server processing
I20260914 18:47:39.828905 300306 dfly_bench.cc:1001] ReceiveFb done
I20260914 18:47:39.828836 300307 dfly_bench.cc:1001] ReceiveFb done
I20260914 18:47:39.828819 300301 dfly_bench.cc:1001] ReceiveFb done
I20260914 18:47:39.828924 300296 dfly_bench.cc:926] Done queuing 4294967295 requests, which took 30.0s. Waiting for server processing
I20260914 18:47:39.828820 300309 dfly_bench.cc:1001] ReceiveFb done
I20260914 18:47:39.828953 300307 dfly_bench.cc:1001] ReceiveFb done
I20260914 18:47:39.828958 300306 dfly_bench.cc:1001] ReceiveFb done
I20260914 18:47:39.828858 300302 dfly_bench.cc:926] Done queuing 4294967295 requests, which took 30.0s. Waiting for server processing
I20260914 18:47:39.828938 300304 dfly_bench.cc:926] Done queuing 4294967295 requests, which took 30.0s. Waiting for server processing
I20260914 18:47:39.828919 300295 dfly_bench.cc:1001] ReceiveFb done
I20260914 18:47:39.828913 300303 dfly_bench.cc:1001] ReceiveFb done
I20260914 18:47:39.828922 300299 dfly_bench.cc:926] Done queuing 4294967295 requests, which took 30.0s. Waiting for server processing
I20260914 18:47:39.828888 300305 dfly_bench.cc:926] Done queuing 4294967295 requests, which took 30.0s. Waiting for server processing
I20260914 18:47:39.828977 300301 dfly_bench.cc:1001] ReceiveFb done
I20260914 18:47:39.828979 300306 dfly_bench.cc:1001] ReceiveFb done
I20260914 18:47:39.828966 300302 dfly_bench.cc:926] Done queuing 4294967295 requests, which took 30.0s. Waiting for server processing
I20260914 18:47:39.828969 300309 dfly_bench.cc:1001] ReceiveFb done
I20260914 18:47:39.828995 300295 dfly_bench.cc:1001] ReceiveFb done
I20260914 18:47:39.828898 300308 dfly_bench.cc:1001] ReceiveFb done
I20260914 18:47:39.828970 300304 dfly_bench.cc:926] Done queuing 4294967295 requests, which took 30.0s. Waiting for server processing
I20260914 18:47:39.828969 300310 dfly_bench.cc:1001] ReceiveFb done
I20260914 18:47:39.829027 300306 dfly_bench.cc:1001] ReceiveFb done
I20260914 18:47:39.828949 300296 dfly_bench.cc:926] Done queuing 4294967295 requests, which took 30.0s. Waiting for server processing
I20260914 18:47:39.828922 300300 dfly_bench.cc:1001] ReceiveFb done
I20260914 18:47:39.829027 300301 dfly_bench.cc:1001] ReceiveFb done
I20260914 18:47:39.829047 300297 dfly_bench.cc:1001] ReceiveFb done
I20260914 18:47:39.829043 300296 dfly_bench.cc:926] Done queuing 4294967295 requests, which took 30.0s. Waiting for server processing
I20260914 18:47:39.829051 300310 dfly_bench.cc:1001] ReceiveFb done
I20260914 18:47:39.829062 300301 dfly_bench.cc:926] Done queuing 4294967295 requests, which took 30.0s. Waiting for server processing
I20260914 18:47:39.829052 300306 dfly_bench.cc:1001] ReceiveFb done
I20260914 18:47:39.829061 300300 dfly_bench.cc:926] Done queuing 4294967295 requests, which took 30.0s. Waiting for server processing
I20260914 18:47:39.829090 300306 dfly_bench.cc:1001] ReceiveFb done
I20260914 18:47:39.828996 300303 dfly_bench.cc:926] Done queuing 4294967295 requests, which took 30.0s. Waiting for server processing
I20260914 18:47:39.829095 300300 dfly_bench.cc:926] Done queuing 4294967295 requests, which took 30.0s. Waiting for server processing
I20260914 18:47:39.829041 300304 dfly_bench.cc:926] Done queuing 4294967295 requests, which took 30.0s. Waiting for server processing
I20260914 18:47:39.829104 300300 dfly_bench.cc:926] Done queuing 4294967295 requests, which took 30.0s. Waiting for server processing
I20260914 18:47:39.829044 300308 dfly_bench.cc:1001] ReceiveFb done
I20260914 18:47:39.829010 300305 dfly_bench.cc:926] Done queuing 4294967295 requests, which took 30.0s. Waiting for server processing
I20260914 18:47:39.829070 300296 dfly_bench.cc:926] Done queuing 4294967295 requests, which took 30.0s. Waiting for server processing
I20260914 18:47:39.828971 300307 dfly_bench.cc:1001] ReceiveFb done
I20260914 18:47:39.829126 300305 dfly_bench.cc:926] Done queuing 4294967295 requests, which took 30.0s. Waiting for server processing
I20260914 18:47:39.829074 300301 dfly_bench.cc:926] Done queuing 4294967295 requests, which took 30.0s. Waiting for server processing
I20260914 18:47:39.828997 300299 dfly_bench.cc:926] Done queuing 4294967295 requests, which took 30.0s. Waiting for server processing
I20260914 18:47:39.829107 300303 dfly_bench.cc:926] Done queuing 4294967295 requests, which took 30.0s. Waiting for server processing
I20260914 18:47:39.829109 300306 dfly_bench.cc:926] Done queuing 4294967295 requests, which took 30.0s. Waiting for server processing
I20260914 18:47:39.829083 300310 dfly_bench.cc:1001] ReceiveFb done
I20260914 18:47:39.829173 300306 dfly_bench.cc:926] Done queuing 4294967295 requests, which took 30.0s. Waiting for server processing
I20260914 18:47:39.829084 300297 dfly_bench.cc:1001] ReceiveFb done
I20260914 18:47:39.829141 300307 dfly_bench.cc:1001] ReceiveFb done
I20260914 18:47:39.829041 300309 dfly_bench.cc:926] Done queuing 4294967295 requests, which took 30.0s. Waiting for server processing
I20260914 18:47:39.829041 300295 dfly_bench.cc:1001] ReceiveFb done
I20260914 18:47:39.829203 300306 dfly_bench.cc:926] Done queuing 4294967295 requests, which took 30.0s. Waiting for server processing
I20260914 18:47:39.829209 300309 dfly_bench.cc:926] Done queuing 4294967295 requests, which took 30.0s. Waiting for server processing
I20260914 18:47:39.829141 300308 dfly_bench.cc:926] Done queuing 4294967295 requests, which took 30.0s. Waiting for server processing
I20260914 18:47:39.829217 300309 dfly_bench.cc:926] Done queuing 4294967295 requests, which took 30.0s. Waiting for server processing
I20260914 18:47:39.829109 300304 dfly_bench.cc:926] Done queuing 4294967295 requests, which took 30.0s. Waiting for server processing
I20260914 18:47:39.829191 300310 dfly_bench.cc:1001] ReceiveFb done
I20260914 18:47:39.829226 300308 dfly_bench.cc:926] Done queuing 4294967295 requests, which took 30.0s. Waiting for server processing
I20260914 18:47:39.829111 300300 dfly_bench.cc:926] Done queuing 4294967295 requests, which took 30.0s. Waiting for server processing
I20260914 18:47:39.829247 300296 dfly_bench.cc:1001] ReceiveFb done
I20260914 18:47:39.829269 300304 dfly_bench.cc:926] Done queuing 4294967295 requests, which took 30.0s. Waiting for server processing
I20260914 18:47:39.829159 300303 dfly_bench.cc:926] Done queuing 4294967295 requests, which took 30.0s. Waiting for server processing
I20260914 18:47:39.828663 300298 dfly_bench.cc:1001] ReceiveFb done
I20260914 18:47:39.829221 300307 dfly_bench.cc:1001] ReceiveFb done
I20260914 18:47:39.829288 300300 dfly_bench.cc:926] Done queuing 4294967295 requests, which took 30.0s. Waiting for server processing
I20260914 18:47:39.829171 300302 dfly_bench.cc:1001] ReceiveFb done
I20260914 18:47:39.829252 300299 dfly_bench.cc:1001] ReceiveFb done
I20260914 18:47:39.829303 300298 dfly_bench.cc:1001] ReceiveFb done
I20260914 18:47:39.829226 300295 dfly_bench.cc:1001] ReceiveFb done
I20260914 18:47:39.829325 300298 dfly_bench.cc:1001] ReceiveFb done
I20260914 18:47:39.829316 300304 dfly_bench.cc:926] Done queuing 4294967295 requests, which took 30.0s. Waiting for server processing
I20260914 18:47:39.829241 300309 dfly_bench.cc:926] Done queuing 4294967295 requests, which took 30.0s. Waiting for server processing
I20260914 18:47:39.829344 300309 dfly_bench.cc:926] Done queuing 4294967295 requests, which took 30.0s. Waiting for server processing
I20260914 18:47:39.829355 300309 dfly_bench.cc:926] Done queuing 4294967295 requests, which took 30.0s. Waiting for server processing
I20260914 18:47:39.829304 300305 dfly_bench.cc:1001] ReceiveFb done
I20260914 18:47:39.829367 300295 dfly_bench.cc:926] Done queuing 4294967295 requests, which took 30.0s. Waiting for server processing
I20260914 18:47:39.829321 300302 dfly_bench.cc:1001] ReceiveFb done
I20260914 18:47:39.829295 300303 dfly_bench.cc:926] Done queuing 4294967295 requests, which took 30.0s. Waiting for server processing
I20260914 18:47:39.829227 300297 dfly_bench.cc:926] Done queuing 4294967295 requests, which took 30.0s. Waiting for server processing
I20260914 18:47:39.829322 300299 dfly_bench.cc:1001] ReceiveFb done
I20260914 18:47:39.829382 300305 dfly_bench.cc:1001] ReceiveFb done
I20260914 18:47:39.829296 300296 dfly_bench.cc:1001] ReceiveFb done
I20260914 18:47:39.829432 300305 dfly_bench.cc:1001] ReceiveFb done
I20260914 18:47:39.829447 300296 dfly_bench.cc:1001] ReceiveFb done
I20260914 18:47:39.829402 300301 dfly_bench.cc:1001] ReceiveFb done
I20260914 18:47:39.829461 300305 dfly_bench.cc:926] Done queuing 4294967295 requests, which took 30.0s. Waiting for server processing
I20260914 18:47:39.829465 300296 dfly_bench.cc:1001] ReceiveFb done
I20260914 18:47:39.829361 300309 dfly_bench.cc:926] Done queuing 4294967295 requests, which took 30.0s. Waiting for server processing
I20260914 18:47:39.829469 300305 dfly_bench.cc:926] Done queuing 4294967295 requests, which took 30.0s. Waiting for server processing
I20260914 18:47:39.829298 300310 dfly_bench.cc:1001] ReceiveFb done
I20260914 18:47:39.829492 300301 dfly_bench.cc:1001] ReceiveFb done
I20260914 18:47:39.829412 300302 dfly_bench.cc:1001] ReceiveFb done
I20260914 18:47:39.829413 300304 dfly_bench.cc:1001] ReceiveFb done
I20260914 18:47:39.829485 300309 dfly_bench.cc:926] Done queuing 4294967295 requests, which took 30.0s. Waiting for server processing
I20260914 18:47:39.829423 300300 dfly_bench.cc:1001] ReceiveFb done
I20260914 18:47:39.829475 300306 dfly_bench.cc:1001] ReceiveFb done
I20260914 18:47:39.829345 300307 dfly_bench.cc:926] Done queuing 4294967295 requests, which took 30.0s. Waiting for server processing
I20260914 18:47:39.829270 300308 dfly_bench.cc:926] Done queuing 4294967295 requests, which took 30.0s. Waiting for server processing
I20260914 18:47:39.829486 300296 dfly_bench.cc:1001] ReceiveFb done
I20260914 18:47:39.829550 300307 dfly_bench.cc:926] Done queuing 4294967295 requests, which took 30.0s. Waiting for server processing
I20260914 18:47:39.829403 300298 dfly_bench.cc:926] Done queuing 4294967295 requests, which took 30.0s. Waiting for server processing
I20260914 18:47:39.829514 300301 dfly_bench.cc:926] Done queuing 4294967295 requests, which took 30.0s. Waiting for server processing
I20260914 18:47:39.829519 300302 dfly_bench.cc:1001] ReceiveFb done
I20260914 18:47:39.829561 300307 dfly_bench.cc:926] Done queuing 4294967295 requests, which took 30.0s. Waiting for server processing
I20260914 18:47:39.829417 300299 dfly_bench.cc:1001] ReceiveFb done
I20260914 18:47:39.829583 300302 dfly_bench.cc:1001] ReceiveFb done
I20260914 18:47:39.829403 300297 dfly_bench.cc:926] Done queuing 4294967295 requests, which took 30.0s. Waiting for server processing
I20260914 18:47:39.829486 300305 dfly_bench.cc:926] Done queuing 4294967295 requests, which took 30.0s. Waiting for server processing
I20260914 18:47:39.829612 300305 dfly_bench.cc:926] Done queuing 4294967295 requests, which took 30.0s. Waiting for server processing
I20260914 18:47:39.829530 300303 dfly_bench.cc:1001] ReceiveFb done
I20260914 18:47:39.829509 300310 dfly_bench.cc:1001] ReceiveFb done
I20260914 18:47:39.829528 300304 dfly_bench.cc:1001] ReceiveFb done
I20260914 18:47:39.829553 300306 dfly_bench.cc:1001] ReceiveFb done
I20260914 18:47:39.829603 300302 dfly_bench.cc:1001] ReceiveFb done
I20260914 18:47:39.829569 300301 dfly_bench.cc:926] Done queuing 4294967295 requests, which took 30.0s. Waiting for server processing
I20260914 18:47:39.829566 300296 dfly_bench.cc:1001] ReceiveFb done
I20260914 18:47:39.829639 300303 dfly_bench.cc:1001] ReceiveFb done
I20260914 18:47:39.829537 300300 dfly_bench.cc:1001] ReceiveFb done
I20260914 18:47:39.829666 300302 dfly_bench.cc:1001] ReceiveFb done
I20260914 18:47:39.829644 300310 dfly_bench.cc:1001] ReceiveFb done
I20260914 18:47:39.829607 300297 dfly_bench.cc:926] Done queuing 4294967295 requests, which took 30.0s. Waiting for server processing
I20260914 18:47:39.829682 300297 dfly_bench.cc:926] Done queuing 4294967295 requests, which took 30.0s. Waiting for server processing
I20260914 18:47:39.829671 300301 dfly_bench.cc:926] Done queuing 4294967295 requests, which took 30.0s. Waiting for server processing
I20260914 18:47:39.829689 300300 dfly_bench.cc:1001] ReceiveFb done
I20260914 18:47:39.829646 300304 dfly_bench.cc:1001] ReceiveFb done
I20260914 18:47:39.829694 300297 dfly_bench.cc:926] Done queuing 4294967295 requests, which took 30.0s. Waiting for server processing
I20260914 18:47:39.829625 300305 dfly_bench.cc:926] Done queuing 4294967295 requests, which took 30.0s. Waiting for server processing
I20260914 18:47:39.829598 300295 dfly_bench.cc:926] Done queuing 4294967295 requests, which took 30.0s. Waiting for server processing
I20260914 18:47:39.829689 300309 dfly_bench.cc:1001] ReceiveFb done
I20260914 18:47:39.829710 300307 dfly_bench.cc:926] Done queuing 4294967295 requests, which took 30.0s. Waiting for server processing
I20260914 18:47:39.829651 300306 dfly_bench.cc:1001] ReceiveFb done
I20260914 18:47:39.829684 300296 dfly_bench.cc:926] Done queuing 4294967295 requests, which took 30.0s. Waiting for server processing
I20260914 18:47:39.829690 300302 dfly_bench.cc:1001] ReceiveFb done
I20260914 18:47:39.829734 300306 dfly_bench.cc:926] Done queuing 4294967295 requests, which took 30.0s. Waiting for server processing
I20260914 18:47:39.829722 300307 dfly_bench.cc:926] Done queuing 4294967295 requests, which took 30.0s. Waiting for server processing
I20260914 18:47:39.829713 300305 dfly_bench.cc:926] Done queuing 4294967295 requests, which took 30.0s. Waiting for server processing
I20260914 18:47:39.829748 300306 dfly_bench.cc:926] Done queuing 4294967295 requests, which took 30.0s. Waiting for server processing
I20260914 18:47:39.829762 300306 dfly_bench.cc:926] Done queuing 4294967295 requests, which took 30.0s. Waiting for server processing
I20260914 18:47:39.829718 300304 dfly_bench.cc:1001] ReceiveFb done
I20260914 18:47:39.829746 300307 dfly_bench.cc:926] Done queuing 4294967295 requests, which took 30.0s. Waiting for server processing
I20260914 18:47:39.829695 300301 dfly_bench.cc:926] Done queuing 4294967295 requests, which took 30.0s. Waiting for server processing
I20260914 18:47:39.829690 300303 dfly_bench.cc:1001] ReceiveFb done
I20260914 18:47:39.829790 300301 dfly_bench.cc:926] Done queuing 4294967295 requests, which took 30.0s. Waiting for server processing
I20260914 18:47:39.829711 300300 dfly_bench.cc:1001] ReceiveFb done
I20260914 18:47:39.829802 300304 dfly_bench.cc:1001] ReceiveFb done
I20260914 18:47:39.829783 300307 dfly_bench.cc:926] Done queuing 4294967295 requests, which took 30.0s. Waiting for server processing
I20260914 18:47:39.829684 300308 dfly_bench.cc:1001] ReceiveFb done
I20260914 18:47:39.829603 300299 dfly_bench.cc:1001] ReceiveFb done
I20260914 18:47:39.829566 300298 dfly_bench.cc:926] Done queuing 4294967295 requests, which took 30.0s. Waiting for server processing
I20260914 18:47:39.829818 300300 dfly_bench.cc:1001] ReceiveFb done
I20260914 18:47:39.829815 300307 dfly_bench.cc:926] Done queuing 4294967295 requests, which took 30.0s. Waiting for server processing
I20260914 18:47:39.829751 300302 dfly_bench.cc:1001] ReceiveFb done
I20260914 18:47:39.829833 300298 dfly_bench.cc:926] Done queuing 4294967295 requests, which took 30.0s. Waiting for server processing
I20260914 18:47:39.829707 300297 dfly_bench.cc:926] Done queuing 4294967295 requests, which took 30.0s. Waiting for server processing
I20260914 18:47:39.829737 300296 dfly_bench.cc:926] Done queuing 4294967295 requests, which took 30.0s. Waiting for server processing
I20260914 18:47:39.829773 300306 dfly_bench.cc:926] Done queuing 4294967295 requests, which took 30.0s. Waiting for server processing
I20260914 18:47:39.829722 300295 dfly_bench.cc:926] Done queuing 4294967295 requests, which took 30.0s. Waiting for server processing
I20260914 18:47:39.829871 300302 dfly_bench.cc:926] Done queuing 4294967295 requests, which took 30.0s. Waiting for server processing
I20260914 18:47:39.829874 300295 dfly_bench.cc:926] Done queuing 4294967295 requests, which took 30.0s. Waiting for server processing
I20260914 18:47:39.829885 300295 dfly_bench.cc:926] Done queuing 4294967295 requests, which took 30.0s. Waiting for server processing
I20260914 18:47:39.829751 300309 dfly_bench.cc:1001] ReceiveFb done
I20260914 18:47:39.829900 300295 dfly_bench.cc:926] Done queuing 4294967295 requests, which took 30.0s. Waiting for server processing
I20260914 18:47:39.829840 300307 dfly_bench.cc:926] Done queuing 4294967295 requests, which took 30.0s. Waiting for server processing
I20260914 18:47:39.829864 300305 dfly_bench.cc:1001] ReceiveFb done
I20260914 18:47:39.829823 300304 dfly_bench.cc:1001] ReceiveFb done
I20260914 18:47:39.829916 300309 dfly_bench.cc:1001] ReceiveFb done
I20260914 18:47:39.829843 300298 dfly_bench.cc:926] Done queuing 4294967295 requests, which took 30.0s. Waiting for server processing
I20260914 18:47:39.829885 300302 dfly_bench.cc:926] Done queuing 4294967295 requests, which took 30.0s. Waiting for server processing
I20260914 18:47:39.829859 300306 dfly_bench.cc:926] Done queuing 4294967295 requests, which took 30.0s. Waiting for server processing
I20260914 18:47:39.829834 300299 dfly_bench.cc:1001] ReceiveFb done
I20260914 18:47:39.829811 300303 dfly_bench.cc:1001] ReceiveFb done
I20260914 18:47:39.829829 300308 dfly_bench.cc:1001] ReceiveFb done
I20260914 18:47:39.829854 300297 dfly_bench.cc:926] Done queuing 4294967295 requests, which took 30.0s. Waiting for server processing
I20260914 18:47:39.829943 300309 dfly_bench.cc:1001] ReceiveFb done
I20260914 18:47:39.829847 300300 dfly_bench.cc:926] Done queuing 4294967295 requests, which took 30.0s. Waiting for server processing
I20260914 18:47:39.829937 300302 dfly_bench.cc:926] Done queuing 4294967295 requests, which took 30.0s. Waiting for server processing
I20260914 18:47:39.829949 300297 dfly_bench.cc:926] Done queuing 4294967295 requests, which took 30.0s. Waiting for server processing
I20260914 18:47:39.829931 300305 dfly_bench.cc:1001] ReceiveFb done
I20260914 18:47:39.829955 300304 dfly_bench.cc:926] Done queuing 4294967295 requests, which took 30.0s. Waiting for server processing
I20260914 18:47:39.829957 300300 dfly_bench.cc:926] Done queuing 4294967295 requests, which took 30.0s. Waiting for server processing
I20260914 18:47:39.829802 300301 dfly_bench.cc:926] Done queuing 4294967295 requests, which took 30.0s. Waiting for server processing
I20260914 18:47:39.829873 300310 dfly_bench.cc:926] Done queuing 4294967295 requests, which took 30.0s. Waiting for server processing
I20260914 18:47:39.829944 300306 dfly_bench.cc:926] Done queuing 4294967295 requests, which took 30.0s. Waiting for server processing
I20260914 18:47:39.829916 300307 dfly_bench.cc:926] Done queuing 4294967295 requests, which took 30.0s. Waiting for server processing
I20260914 18:47:39.829963 300302 dfly_bench.cc:926] Done queuing 4294967295 requests, which took 30.0s. Waiting for server processing
I20260914 18:47:39.829965 300309 dfly_bench.cc:1001] ReceiveFb done
I20260914 18:47:39.829959 300303 dfly_bench.cc:926] Done queuing 4294967295 requests, which took 30.0s. Waiting for server processing
I20260914 18:47:39.829993 300307 dfly_bench.cc:926] Done queuing 4294967295 requests, which took 30.0s. Waiting for server processing
I20260914 18:47:39.829983 300300 dfly_bench.cc:926] Done queuing 4294967295 requests, which took 30.0s. Waiting for server processing
I20260914 18:47:39.829986 300301 dfly_bench.cc:926] Done queuing 4294967295 requests, which took 30.0s. Waiting for server processing
I20260914 18:47:39.829988 300305 dfly_bench.cc:1001] ReceiveFb done
I20260914 18:47:39.829965 300308 dfly_bench.cc:1001] ReceiveFb done
I20260914 18:47:39.829973 300295 dfly_bench.cc:1001] ReceiveFb done
I20260914 18:47:39.830013 300296 dfly_bench.cc:1001] ReceiveFb done
I20260914 18:47:39.830006 300300 dfly_bench.cc:926] Done queuing 4294967295 requests, which took 30.0s. Waiting for server processing
I20260914 18:47:39.829986 300310 dfly_bench.cc:926] Done queuing 4294967295 requests, which took 30.0s. Waiting for server processing
I20260914 18:47:39.830040 300310 dfly_bench.cc:926] Done queuing 4294967295 requests, which took 30.0s. Waiting for server processing
I20260914 18:47:39.830051 300310 dfly_bench.cc:926] Done queuing 4294967295 requests, which took 30.0s. Waiting for server processing
I20260914 18:47:39.830005 300307 dfly_bench.cc:926] Done queuing 4294967295 requests, which took 30.0s. Waiting for server processing
I20260914 18:47:39.830044 300305 dfly_bench.cc:1001] ReceiveFb done
I20260914 18:47:39.829988 300306 dfly_bench.cc:926] Done queuing 4294967295 requests, which took 30.0s. Waiting for server processing
I20260914 18:47:39.830010 300309 dfly_bench.cc:1001] ReceiveFb done
I20260914 18:47:39.829964 300297 dfly_bench.cc:926] Done queuing 4294967295 requests, which took 30.0s. Waiting for server processing
I20260914 18:47:39.830080 300296 dfly_bench.cc:1001] ReceiveFb done
I20260914 18:47:39.829959 300299 dfly_bench.cc:1001] ReceiveFb done
I20260914 18:47:39.830045 300308 dfly_bench.cc:926] Done queuing 4294967295 requests, which took 30.0s. Waiting for server processing
I20260914 18:47:39.830029 300301 dfly_bench.cc:926] Done queuing 4294967295 requests, which took 30.0s. Waiting for server processing
I20260914 18:47:39.829975 300304 dfly_bench.cc:926] Done queuing 4294967295 requests, which took 30.0s. Waiting for server processing
I20260914 18:47:39.830061 300310 dfly_bench.cc:926] Done queuing 4294967295 requests, which took 30.0s. Waiting for server processing
I20260914 18:47:39.829998 300303 dfly_bench.cc:926] Done queuing 4294967295 requests, which took 30.0s. Waiting for server processing
I20260914 18:47:39.829993 300302 dfly_bench.cc:926] Done queuing 4294967295 requests, which took 30.0s. Waiting for server processing
I20260914 18:47:39.830104 300304 dfly_bench.cc:926] Done queuing 4294967295 requests, which took 30.0s. Waiting for server processing
I20260914 18:47:39.830106 300310 dfly_bench.cc:926] Done queuing 4294967295 requests, which took 30.0s. Waiting for server processing
I20260914 18:47:39.830049 300295 dfly_bench.cc:1001] ReceiveFb done
I20260914 18:47:39.830094 300309 dfly_bench.cc:1001] ReceiveFb done
I20260914 18:47:39.830120 300296 dfly_bench.cc:926] Done queuing 4294967295 requests, which took 30.0s. Waiting for server processing
I20260914 18:47:39.830085 300297 dfly_bench.cc:926] Done queuing 4294967295 requests, which took 30.0s. Waiting for server processing
I20260914 18:47:39.830137 300295 dfly_bench.cc:1001] ReceiveFb done
I20260914 18:47:39.830116 300304 dfly_bench.cc:926] Done queuing 4294967295 requests, which took 30.0s. Waiting for server processing
I20260914 18:47:39.830096 300308 dfly_bench.cc:926] Done queuing 4294967295 requests, which took 30.0s. Waiting for server processing
I20260914 18:47:39.830118 300310 dfly_bench.cc:926] Done queuing 4294967295 requests, which took 30.0s. Waiting for server processing
I20260914 18:47:39.830116 300302 dfly_bench.cc:926] Done queuing 4294967295 requests, which took 30.0s. Waiting for server processing
I20260914 18:47:39.830098 300298 dfly_bench.cc:926] Done queuing 4294967295 requests, which took 30.0s. Waiting for server processing
I20260914 18:47:39.830132 300299 dfly_bench.cc:926] Done queuing 4294967295 requests, which took 30.0s. Waiting for server processing
I20260914 18:47:39.830088 300305 dfly_bench.cc:1001] ReceiveFb done
I20260914 18:47:39.830111 300303 dfly_bench.cc:926] Done queuing 4294967295 requests, which took 30.0s. Waiting for server processing
I20260914 18:47:39.830149 300304 dfly_bench.cc:926] Done queuing 4294967295 requests, which took 30.0s. Waiting for server processing
I20260914 18:47:39.830148 300307 dfly_bench.cc:1001] ReceiveFb done
I20260914 18:47:39.830133 300309 dfly_bench.cc:1001] ReceiveFb done
I20260914 18:47:39.830188 300304 dfly_bench.cc:926] Done queuing 4294967295 requests, which took 30.0s. Waiting for server processing
I20260914 18:47:39.830185 300303 dfly_bench.cc:926] Done queuing 4294967295 requests, which took 30.0s. Waiting for server processing
I20260914 18:47:39.830168 300310 dfly_bench.cc:926] Done queuing 4294967295 requests, which took 30.0s. Waiting for server processing
I20260914 18:47:39.830132 300296 dfly_bench.cc:926] Done queuing 4294967295 requests, which took 30.0s. Waiting for server processing
I20260914 18:47:39.830199 300304 dfly_bench.cc:926] Done queuing 4294967295 requests, which took 30.0s. Waiting for server processing
I20260914 18:47:39.830206 300296 dfly_bench.cc:926] Done queuing 4294967295 requests, which took 30.0s. Waiting for server processing
I20260914 18:47:39.830202 300300 dfly_bench.cc:1001] ReceiveFb done
I20260914 18:47:39.830096 300301 dfly_bench.cc:926] Done queuing 4294967295 requests, which took 30.0s. Waiting for server processing
I20260914 18:47:39.830225 300309 dfly_bench.cc:926] Done queuing 4294967295 requests, which took 30.0s. Waiting for server processing
I20260914 18:47:39.830250 300300 dfly_bench.cc:1001] ReceiveFb done
I20260914 18:47:39.830150 300308 dfly_bench.cc:926] Done queuing 4294967295 requests, which took 30.0s. Waiting for server processing
I20260914 18:47:39.830137 300297 dfly_bench.cc:926] Done queuing 4294967295 requests, which took 30.0s. Waiting for server processing
I20260914 18:47:39.830174 300306 dfly_bench.cc:1001] ReceiveFb done
I20260914 18:47:39.830201 300303 dfly_bench.cc:926] Done queuing 4294967295 requests, which took 30.0s. Waiting for server processing
I20260914 18:47:39.830279 300300 dfly_bench.cc:1001] ReceiveFb done
I20260914 18:47:39.830175 300298 dfly_bench.cc:926] Done queuing 4294967295 requests, which took 30.0s. Waiting for server processing
I20260914 18:47:39.830278 300297 dfly_bench.cc:926] Done queuing 4294967295 requests, which took 30.0s. Waiting for server processing
I20260914 18:47:39.830268 300308 dfly_bench.cc:926] Done queuing 4294967295 requests, which took 30.0s. Waiting for server processing
I20260914 18:47:39.830158 300295 dfly_bench.cc:1001] ReceiveFb done
I20260914 18:47:39.830248 300310 dfly_bench.cc:1001] ReceiveFb done
I20260914 18:47:39.830251 300309 dfly_bench.cc:926] Done queuing 4294967295 requests, which took 30.0s. Waiting for server processing
I20260914 18:47:39.830188 300305 dfly_bench.cc:1001] ReceiveFb done
I20260914 18:47:39.830225 300296 dfly_bench.cc:926] Done queuing 4294967295 requests, which took 30.0s. Waiting for server processing
I20260914 18:47:39.830322 300298 dfly_bench.cc:926] Done queuing 4294967295 requests, which took 30.0s. Waiting for server processing
I20260914 18:47:39.830331 300310 dfly_bench.cc:1001] ReceiveFb done
I20260914 18:47:39.830200 300307 dfly_bench.cc:1001] ReceiveFb done
I20260914 18:47:39.830176 300299 dfly_bench.cc:926] Done queuing 4294967295 requests, which took 30.0s. Waiting for server processing
I20260914 18:47:39.830338 300305 dfly_bench.cc:926] Done queuing 4294967295 requests, which took 30.0s. Waiting for server processing
I20260914 18:47:39.830360 300304 dfly_bench.cc:926] Done queuing 4294967295 requests, which took 30.0s. Waiting for server processing
I20260914 18:47:39.830333 300300 dfly_bench.cc:1001] ReceiveFb done
I20260914 18:47:39.830348 300301 dfly_bench.cc:1001] ReceiveFb done
I20260914 18:47:39.830358 300307 dfly_bench.cc:1001] ReceiveFb done
I20260914 18:47:39.830359 300305 dfly_bench.cc:926] Done queuing 4294967295 requests, which took 30.0s. Waiting for server processing
I20260914 18:47:39.830332 300298 dfly_bench.cc:926] Done queuing 4294967295 requests, which took 30.0s. Waiting for server processing
I20260914 18:47:39.830322 300309 dfly_bench.cc:926] Done queuing 4294967295 requests, which took 30.0s. Waiting for server processing
I20260914 18:47:39.830302 300303 dfly_bench.cc:926] Done queuing 4294967295 requests, which took 30.0s. Waiting for server processing
I20260914 18:47:39.830408 300301 dfly_bench.cc:1001] ReceiveFb done
I20260914 18:47:39.830317 300297 dfly_bench.cc:926] Done queuing 4294967295 requests, which took 30.0s. Waiting for server processing
I20260914 18:47:39.830372 300304 dfly_bench.cc:926] Done queuing 4294967295 requests, which took 30.0s. Waiting for server processing
I20260914 18:47:39.830312 300306 dfly_bench.cc:1001] ReceiveFb done
I20260914 18:47:39.830317 300308 dfly_bench.cc:926] Done queuing 4294967295 requests, which took 30.0s. Waiting for server processing
I20260914 18:47:39.830426 300298 dfly_bench.cc:926] Done queuing 4294967295 requests, which took 30.0s. Waiting for server processing
I20260914 18:47:39.830353 300310 dfly_bench.cc:1001] ReceiveFb done
I20260914 18:47:39.830440 300301 dfly_bench.cc:1001] ReceiveFb done
I20260914 18:47:39.830435 300308 dfly_bench.cc:926] Done queuing 4294967295 requests, which took 30.0s. Waiting for server processing
I20260914 18:47:39.830331 300296 dfly_bench.cc:926] Done queuing 4294967295 requests, which took 30.0s. Waiting for server processing
I20260914 18:47:39.830479 300301 dfly_bench.cc:1001] ReceiveFb done
I20260914 18:47:39.830442 300306 dfly_bench.cc:1001] ReceiveFb done
I20260914 18:47:39.830507 300301 dfly_bench.cc:1001] ReceiveFb done
I20260914 18:47:39.830513 300297 dfly_bench.cc:1001] ReceiveFb done
I20260914 18:47:39.830332 300295 dfly_bench.cc:1001] ReceiveFb done
I20260914 18:47:39.830353 300299 dfly_bench.cc:926] Done queuing 4294967295 requests, which took 30.0s. Waiting for server processing
I20260914 18:47:39.830423 300307 dfly_bench.cc:1001] ReceiveFb done
I20260914 18:47:39.830431 300304 dfly_bench.cc:926] Done queuing 4294967295 requests, which took 30.0s. Waiting for server processing
I20260914 18:47:39.830538 300303 dfly_bench.cc:1001] ReceiveFb done
I20260914 18:47:39.830533 300297 dfly_bench.cc:1001] ReceiveFb done
I20260914 18:47:39.830410 300305 dfly_bench.cc:926] Done queuing 4294967295 requests, which took 30.0s. Waiting for server processing
I20260914 18:47:39.830516 300306 dfly_bench.cc:1001] ReceiveFb done
I20260914 18:47:39.830385 300300 dfly_bench.cc:926] Done queuing 4294967295 requests, which took 30.0s. Waiting for server processing
I20260914 18:47:39.830579 300297 dfly_bench.cc:1001] ReceiveFb done
I20260914 18:47:39.830581 300306 dfly_bench.cc:1001] ReceiveFb done
I20260914 18:47:39.830587 300303 dfly_bench.cc:1001] ReceiveFb done
I20260914 18:47:39.830596 300308 dfly_bench.cc:1001] ReceiveFb done
I20260914 18:47:39.830569 300296 dfly_bench.cc:1001] ReceiveFb done
I20260914 18:47:39.830542 300295 dfly_bench.cc:1001] ReceiveFb done
I20260914 18:47:39.830577 300300 dfly_bench.cc:926] Done queuing 4294967295 requests, which took 30.0s. Waiting for server processing
I20260914 18:47:39.830534 300301 dfly_bench.cc:1001] ReceiveFb done
I20260914 18:47:39.830610 300303 dfly_bench.cc:1001] ReceiveFb done
I20260914 18:47:39.830631 300300 dfly_bench.cc:926] Done queuing 4294967295 requests, which took 30.0s. Waiting for server processing
I20260914 18:47:39.830582 300309 dfly_bench.cc:926] Done queuing 4294967295 requests, which took 30.0s. Waiting for server processing
I20260914 18:47:39.830556 300299 dfly_bench.cc:926] Done queuing 4294967295 requests, which took 30.0s. Waiting for server processing
I20260914 18:47:39.830647 300303 dfly_bench.cc:1001] ReceiveFb done
I20260914 18:47:39.830442 300298 dfly_bench.cc:1001] ReceiveFb done
I20260914 18:47:39.830665 300295 dfly_bench.cc:926] Done queuing 4294967295 requests, which took 30.0s. Waiting for server processing
I20260914 18:47:39.830642 300300 dfly_bench.cc:926] Done queuing 4294967295 requests, which took 30.0s. Waiting for server processing
I20260914 18:47:39.830606 300306 dfly_bench.cc:1001] ReceiveFb done
I20260914 18:47:39.830677 300295 dfly_bench.cc:926] Done queuing 4294967295 requests, which took 30.0s. Waiting for server processing
I20260914 18:47:39.830686 300295 dfly_bench.cc:926] Done queuing 4294967295 requests, which took 30.0s. Waiting for server processing
I20260914 18:47:39.830597 300297 dfly_bench.cc:1001] ReceiveFb done
I20260914 18:47:39.830452 300310 dfly_bench.cc:1001] ReceiveFb done
I20260914 18:47:39.830554 300304 dfly_bench.cc:926] Done queuing 4294967295 requests, which took 30.0s. Waiting for server processing
I20260914 18:47:39.830566 300305 dfly_bench.cc:926] Done queuing 4294967295 requests, which took 30.0s. Waiting for server processing
I20260914 18:47:39.830719 300297 dfly_bench.cc:1001] ReceiveFb done
I20260914 18:47:39.830693 300298 dfly_bench.cc:1001] ReceiveFb done
I20260914 18:47:39.830683 300300 dfly_bench.cc:926] Done queuing 4294967295 requests, which took 30.0s. Waiting for server processing
I20260914 18:47:39.830566 300307 dfly_bench.cc:1001] ReceiveFb done
I20260914 18:47:39.830740 300297 dfly_bench.cc:1001] ReceiveFb done
I20260914 18:47:39.830644 300309 dfly_bench.cc:926] Done queuing 4294967295 requests, which took 30.0s. Waiting for server processing
I20260914 18:47:39.830621 300308 dfly_bench.cc:1001] ReceiveFb done
I20260914 18:47:39.830713 300304 dfly_bench.cc:926] Done queuing 4294967295 requests, which took 30.0s. Waiting for server processing
I20260914 18:47:39.830767 300304 dfly_bench.cc:926] Done queuing 4294967295 requests, which took 30.0s. Waiting for server processing
I20260914 18:47:39.830631 300296 dfly_bench.cc:1001] ReceiveFb done
I20260914 18:47:39.830677 300303 dfly_bench.cc:1001] ReceiveFb done
I20260914 18:47:39.830780 300304 dfly_bench.cc:926] Done queuing 4294967295 requests, which took 30.0s. Waiting for server processing
I20260914 18:47:39.830642 300301 dfly_bench.cc:1001] ReceiveFb done
I20260914 18:47:39.830698 300306 dfly_bench.cc:1001] ReceiveFb done
I20260914 18:47:39.830430 300302 dfly_bench.cc:926] Done queuing 4294967295 requests, which took 30.0s. Waiting for server processing
I20260914 18:47:39.830744 300298 dfly_bench.cc:1001] ReceiveFb done
I20260914 18:47:39.830729 300305 dfly_bench.cc:926] Done queuing 4294967295 requests, which took 30.0s. Waiting for server processing
I20260914 18:47:39.830698 300295 dfly_bench.cc:926] Done queuing 4294967295 requests, which took 30.0s. Waiting for server processing
I20260914 18:47:39.830726 300310 dfly_bench.cc:1001] ReceiveFb done
I20260914 18:47:39.830777 300308 dfly_bench.cc:1001] ReceiveFb done
I20260914 18:47:39.830796 300296 dfly_bench.cc:1001] ReceiveFb done
I20260914 18:47:39.830814 300295 dfly_bench.cc:926] Done queuing 4294967295 requests, which took 30.0s. Waiting for server processing
I20260914 18:47:39.830741 300300 dfly_bench.cc:926] Done queuing 4294967295 requests, which took 30.0s. Waiting for server processing
I20260914 18:47:39.830806 300303 dfly_bench.cc:1001] ReceiveFb done
I20260914 18:47:39.830830 300295 dfly_bench.cc:926] Done queuing 4294967295 requests, which took 30.0s. Waiting for server processing
I20260914 18:47:39.830767 300309 dfly_bench.cc:926] Done queuing 4294967295 requests, which took 30.0s. Waiting for server processing
I20260914 18:47:39.830833 300300 dfly_bench.cc:926] Done queuing 4294967295 requests, which took 30.0s. Waiting for server processing
I20260914 18:47:39.830809 300305 dfly_bench.cc:926] Done queuing 4294967295 requests, which took 30.0s. Waiting for server processing
I20260914 18:47:39.830819 300298 dfly_bench.cc:1001] ReceiveFb done
I20260914 18:47:39.830849 300303 dfly_bench.cc:926] Done queuing 4294967295 requests, which took 30.0s. Waiting for server processing
I20260914 18:47:39.830835 300308 dfly_bench.cc:1001] ReceiveFb done
I20260914 18:47:39.830838 300304 dfly_bench.cc:1001] ReceiveFb done
I20260914 18:47:39.830765 300297 dfly_bench.cc:1001] ReceiveFb done
I20260914 18:47:39.830827 300310 dfly_bench.cc:1001] ReceiveFb done
I20260914 18:47:39.830883 300309 dfly_bench.cc:1001] ReceiveFb done
I20260914 18:47:39.830892 300297 dfly_bench.cc:1001] ReceiveFb done
I20260914 18:47:39.830857 300305 dfly_bench.cc:926] Done queuing 4294967295 requests, which took 30.0s. Waiting for server processing
I20260914 18:47:39.830847 300295 dfly_bench.cc:926] Done queuing 4294967295 requests, which took 30.0s. Waiting for server processing
I20260914 18:47:39.830760 300307 dfly_bench.cc:1001] ReceiveFb done
I20260914 18:47:39.830873 300308 dfly_bench.cc:1001] ReceiveFb done
I20260914 18:47:39.830811 300299 dfly_bench.cc:926] Done queuing 4294967295 requests, which took 30.0s. Waiting for server processing
I20260914 18:47:39.830863 300303 dfly_bench.cc:926] Done queuing 4294967295 requests, which took 30.0s. Waiting for server processing
I20260914 18:47:39.830905 300309 dfly_bench.cc:1001] ReceiveFb done
I20260914 18:47:39.830901 300310 dfly_bench.cc:1001] ReceiveFb done
I20260914 18:47:39.830852 300300 dfly_bench.cc:926] Done queuing 4294967295 requests, which took 30.0s. Waiting for server processing
I20260914 18:47:39.830955 300303 dfly_bench.cc:926] Done queuing 4294967295 requests, which took 30.0s. Waiting for server processing
I20260914 18:47:39.830914 300297 dfly_bench.cc:1001] ReceiveFb done
I20260914 18:47:39.830839 300296 dfly_bench.cc:1001] ReceiveFb done
I20260914 18:47:39.830806 300301 dfly_bench.cc:1001] ReceiveFb done
I20260914 18:47:39.830941 300299 dfly_bench.cc:926] Done queuing 4294967295 requests, which took 30.0s. Waiting for server processing
I20260914 18:47:39.830883 300304 dfly_bench.cc:1001] ReceiveFb done
I20260914 18:47:39.830976 300310 dfly_bench.cc:1001] ReceiveFb done
I20260914 18:47:39.830953 300308 dfly_bench.cc:1001] ReceiveFb done
I20260914 18:47:39.830988 300301 dfly_bench.cc:1001] ReceiveFb done
I20260914 18:47:39.830837 300306 dfly_bench.cc:926] Done queuing 4294967295 requests, which took 30.0s. Waiting for server processing
I20260914 18:47:39.831022 300306 dfly_bench.cc:926] Done queuing 4294967295 requests, which took 30.0s. Waiting for server processing
I20260914 18:47:39.831037 300306 dfly_bench.cc:926] Done queuing 4294967295 requests, which took 30.0s. Waiting for server processing
I20260914 18:47:39.831046 300301 dfly_bench.cc:926] Done queuing 4294967295 requests, which took 30.0s. Waiting for server processing
I20260914 18:47:39.830804 300302 dfly_bench.cc:926] Done queuing 4294967295 requests, which took 30.0s. Waiting for server processing
I20260914 18:47:39.831058 300301 dfly_bench.cc:926] Done queuing 4294967295 requests, which took 30.0s. Waiting for server processing
I20260914 18:47:39.831060 300295 dfly_bench.cc:926] Done queuing 4294967295 requests, which took 30.0s. Waiting for server processing
I20260914 18:47:39.831068 300295 dfly_bench.cc:926] Done queuing 4294967295 requests, which took 30.0s. Waiting for server processing
I20260914 18:47:39.831064 300302 dfly_bench.cc:926] Done queuing 4294967295 requests, which took 30.0s. Waiting for server processing
I20260914 18:47:39.831079 300302 dfly_bench.cc:926] Done queuing 4294967295 requests, which took 30.0s. Waiting for server processing
I20260914 18:47:39.831007 300308 dfly_bench.cc:926] Done queuing 4294967295 requests, which took 30.0s. Waiting for server processing
I20260914 18:47:39.830951 300298 dfly_bench.cc:926] Done queuing 4294967295 requests, which took 30.0s. Waiting for server processing
I20260914 18:47:39.830984 300297 dfly_bench.cc:1001] ReceiveFb done
I20260914 18:47:39.831012 300310 dfly_bench.cc:926] Done queuing 4294967295 requests, which took 30.0s. Waiting for server processing
I20260914 18:47:39.831091 300302 dfly_bench.cc:1001] ReceiveFb done
I20260914 18:47:39.830984 300296 dfly_bench.cc:1001] ReceiveFb done
I20260914 18:47:39.831099 300298 dfly_bench.cc:926] Done queuing 4294967295 requests, which took 30.0s. Waiting for server processing
I20260914 18:47:39.831104 300310 dfly_bench.cc:926] Done queuing 4294967295 requests, which took 30.0s. Waiting for server processing
I20260914 18:47:39.831117 300302 dfly_bench.cc:1001] ReceiveFb done
I20260914 18:47:39.830971 300303 dfly_bench.cc:926] Done queuing 4294967295 requests, which took 30.0s. Waiting for server processing
I20260914 18:47:39.830965 300300 dfly_bench.cc:926] Done queuing 4294967295 requests, which took 30.0s. Waiting for server processing
I20260914 18:47:39.830992 300304 dfly_bench.cc:1001] ReceiveFb done
I20260914 18:47:39.831133 300303 dfly_bench.cc:926] Done queuing 4294967295 requests, which took 30.0s. Waiting for server processing
I20260914 18:47:39.831075 300295 dfly_bench.cc:926] Done queuing 4294967295 requests, which took 30.0s. Waiting for server processing
I20260914 18:47:39.831141 300296 dfly_bench.cc:926] Done queuing 4294967295 requests, which took 30.0s. Waiting for server processing
I20260914 18:47:39.830971 300309 dfly_bench.cc:1001] ReceiveFb done
I20260914 18:47:39.830950 300307 dfly_bench.cc:1001] ReceiveFb done
I20260914 18:47:39.831073 300305 dfly_bench.cc:1001] ReceiveFb done
I20260914 18:47:39.831148 300295 dfly_bench.cc:926] Done queuing 4294967295 requests, which took 30.0s. Waiting for server processing
I20260914 18:47:39.831123 300298 dfly_bench.cc:926] Done queuing 4294967295 requests, which took 30.0s. Waiting for server processing
I20260914 18:47:39.830976 300299 dfly_bench.cc:926] Done queuing 4294967295 requests, which took 30.0s. Waiting for server processing
I20260914 18:47:39.831142 300302 dfly_bench.cc:1001] ReceiveFb done
I20260914 18:47:39.831151 300296 dfly_bench.cc:926] Done queuing 4294967295 requests, which took 30.0s. Waiting for server processing
I20260914 18:47:39.831065 300301 dfly_bench.cc:926] Done queuing 4294967295 requests, which took 30.0s. Waiting for server processing
I20260914 18:47:39.831171 300307 dfly_bench.cc:1001] ReceiveFb done
I20260914 18:47:39.831096 300308 dfly_bench.cc:926] Done queuing 4294967295 requests, which took 30.0s. Waiting for server processing
I20260914 18:47:39.831174 300305 dfly_bench.cc:1001] ReceiveFb done
I20260914 18:47:39.831151 300304 dfly_bench.cc:1001] ReceiveFb done
I20260914 18:47:39.831111 300297 dfly_bench.cc:1001] ReceiveFb done
I20260914 18:47:39.831209 300305 dfly_bench.cc:1001] ReceiveFb done
I20260914 18:47:39.831168 300299 dfly_bench.cc:926] Done queuing 4294967295 requests, which took 30.0s. Waiting for server processing
I20260914 18:47:39.831190 300308 dfly_bench.cc:926] Done queuing 4294967295 requests, which took 30.0s. Waiting for server processing
I20260914 18:47:39.831177 300296 dfly_bench.cc:926] Done queuing 4294967295 requests, which took 30.0s. Waiting for server processing
I20260914 18:47:39.831225 300299 dfly_bench.cc:1001] ReceiveFb done
I20260914 18:47:39.831184 300301 dfly_bench.cc:926] Done queuing 4294967295 requests, which took 30.0s. Waiting for server processing
I20260914 18:47:39.831241 300301 dfly_bench.cc:926] Done queuing 4294967295 requests, which took 30.0s. Waiting for server processing
I20260914 18:47:39.831228 300297 dfly_bench.cc:1001] ReceiveFb done
I20260914 18:47:39.831200 300307 dfly_bench.cc:1001] ReceiveFb done
I20260914 18:47:39.831188 300302 dfly_bench.cc:1001] ReceiveFb done
I20260914 18:47:39.831255 300296 dfly_bench.cc:926] Done queuing 4294967295 requests, which took 30.0s. Waiting for server processing
I20260914 18:47:39.831261 300299 dfly_bench.cc:1001] ReceiveFb done
I20260914 18:47:39.831169 300309 dfly_bench.cc:1001] ReceiveFb done
I20260914 18:47:39.831282 300302 dfly_bench.cc:1001] ReceiveFb done
I20260914 18:47:39.831223 300304 dfly_bench.cc:1001] ReceiveFb done
I20260914 18:47:39.831295 300299 dfly_bench.cc:1001] ReceiveFb done
I20260914 18:47:39.831296 300309 dfly_bench.cc:1001] ReceiveFb done
I20260914 18:47:39.831199 300306 dfly_bench.cc:926] Done queuing 4294967295 requests, which took 30.0s. Waiting for server processing
I20260914 18:47:39.831231 300308 dfly_bench.cc:926] Done queuing 4294967295 requests, which took 30.0s. Waiting for server processing
I20260914 18:47:39.831305 300303 dfly_bench.cc:1001] ReceiveFb done
I20260914 18:47:39.831254 300301 dfly_bench.cc:926] Done queuing 4294967295 requests, which took 30.0s. Waiting for server processing
I20260914 18:47:39.831197 300295 dfly_bench.cc:1001] ReceiveFb done
I20260914 18:47:39.831287 300297 dfly_bench.cc:1001] ReceiveFb done
I20260914 18:47:39.831363 300303 dfly_bench.cc:1001] ReceiveFb done
I20260914 18:47:39.831352 300302 dfly_bench.cc:1001] ReceiveFb done
I20260914 18:47:39.831372 300295 dfly_bench.cc:1001] ReceiveFb done
I20260914 18:47:39.831280 300307 dfly_bench.cc:1001] ReceiveFb done
I20260914 18:47:39.831349 300308 dfly_bench.cc:926] Done queuing 4294967295 requests, which took 30.0s. Waiting for server processing
I20260914 18:47:39.831310 300310 dfly_bench.cc:926] Done queuing 4294967295 requests, which took 30.0s. Waiting for server processing
I20260914 18:47:39.831382 300296 dfly_bench.cc:926] Done queuing 4294967295 requests, which took 30.0s. Waiting for server processing
I20260914 18:47:39.831393 300295 dfly_bench.cc:1001] ReceiveFb done
I20260914 18:47:39.831404 300310 dfly_bench.cc:926] Done queuing 4294967295 requests, which took 30.0s. Waiting for server processing
I20260914 18:47:39.831365 300299 dfly_bench.cc:1001] ReceiveFb done
I20260914 18:47:39.831168 300298 dfly_bench.cc:926] Done queuing 4294967295 requests, which took 30.0s. Waiting for server processing
I20260914 18:47:39.831400 300307 dfly_bench.cc:1001] ReceiveFb done
I20260914 18:47:39.831385 300303 dfly_bench.cc:1001] ReceiveFb done
I20260914 18:47:39.831358 300309 dfly_bench.cc:1001] ReceiveFb done
I20260914 18:47:39.831390 300306 dfly_bench.cc:1001] ReceiveFb done
I20260914 18:47:39.831245 300300 dfly_bench.cc:1001] ReceiveFb done
I20260914 18:47:39.831398 300297 dfly_bench.cc:926] Done queuing 4294967295 requests, which took 30.0s. Waiting for server processing
I20260914 18:47:39.831432 300295 dfly_bench.cc:1001] ReceiveFb done
I20260914 18:47:39.831394 300308 dfly_bench.cc:926] Done queuing 4294967295 requests, which took 30.0s. Waiting for server processing
I20260914 18:47:39.831440 300303 dfly_bench.cc:1001] ReceiveFb done
I20260914 18:47:39.831413 300310 dfly_bench.cc:926] Done queuing 4294967295 requests, which took 30.0s. Waiting for server processing
I20260914 18:47:39.831446 300306 dfly_bench.cc:1001] ReceiveFb done
I20260914 18:47:39.831355 300304 dfly_bench.cc:1001] ReceiveFb done
I20260914 18:47:39.831465 300306 dfly_bench.cc:1001] ReceiveFb done
I20260914 18:47:39.831403 300296 dfly_bench.cc:926] Done queuing 4294967295 requests, which took 30.0s. Waiting for server processing
I20260914 18:47:39.831453 300310 dfly_bench.cc:926] Done queuing 4294967295 requests, which took 30.0s. Waiting for server processing
I20260914 18:47:39.831441 300307 dfly_bench.cc:1001] ReceiveFb done
I20260914 18:47:39.831494 300310 dfly_bench.cc:926] Done queuing 4294967295 requests, which took 30.0s. Waiting for server processing
I20260914 18:47:39.831471 300304 dfly_bench.cc:1001] ReceiveFb done
I20260914 18:47:39.831456 300309 dfly_bench.cc:926] Done queuing 4294967295 requests, which took 30.0s. Waiting for server processing
I20260914 18:47:39.831454 300295 dfly_bench.cc:1001] ReceiveFb done
I20260914 18:47:39.831491 300306 dfly_bench.cc:1001] ReceiveFb done
I20260914 18:47:39.831434 300298 dfly_bench.cc:926] Done queuing 4294967295 requests, which took 30.0s. Waiting for server processing
I20260914 18:47:39.831532 300301 dfly_bench.cc:926] Done queuing 4294967295 requests, which took 30.0s. Waiting for server processing
I20260914 18:47:39.831503 300310 dfly_bench.cc:926] Done queuing 4294967295 requests, which took 30.0s. Waiting for server processing
I20260914 18:47:39.831458 300300 dfly_bench.cc:1001] ReceiveFb done
I20260914 18:47:39.831552 300310 dfly_bench.cc:926] Done queuing 4294967295 requests, which took 30.0s. Waiting for server processing
I20260914 18:47:39.831542 300298 dfly_bench.cc:926] Done queuing 4294967295 requests, which took 30.0s. Waiting for server processing
I20260914 18:47:39.831573 300300 dfly_bench.cc:1001] ReceiveFb done
I20260914 18:47:39.831568 300310 dfly_bench.cc:926] Done queuing 4294967295 requests, which took 30.0s. Waiting for server processing
I20260914 18:47:39.831570 300302 dfly_bench.cc:1001] ReceiveFb done
I20260914 18:47:39.831532 300306 dfly_bench.cc:926] Done queuing 4294967295 requests, which took 30.0s. Waiting for server processing
I20260914 18:47:39.831441 300299 dfly_bench.cc:926] Done queuing 4294967295 requests, which took 30.0s. Waiting for server processing
I20260914 18:47:39.831588 300308 dfly_bench.cc:1001] ReceiveFb done
I20260914 18:47:39.831463 300303 dfly_bench.cc:1001] ReceiveFb done
I20260914 18:47:39.831233 300305 dfly_bench.cc:1001] ReceiveFb done
I20260914 18:47:39.831590 300310 dfly_bench.cc:926] Done queuing 4294967295 requests, which took 30.0s. Waiting for server processing
I20260914 18:47:39.831521 300304 dfly_bench.cc:1001] ReceiveFb done
I20260914 18:47:39.831489 300296 dfly_bench.cc:926] Done queuing 4294967295 requests, which took 30.0s. Waiting for server processing
I20260914 18:47:39.831543 300301 dfly_bench.cc:926] Done queuing 4294967295 requests, which took 30.0s. Waiting for server processing
I20260914 18:47:39.831591 300298 dfly_bench.cc:926] Done queuing 4294967295 requests, which took 30.0s. Waiting for server processing
I20260914 18:47:39.831606 300308 dfly_bench.cc:1001] ReceiveFb done
I20260914 18:47:39.831528 300295 dfly_bench.cc:1001] ReceiveFb done
I20260914 18:47:39.831614 300298 dfly_bench.cc:926] Done queuing 4294967295 requests, which took 30.0s. Waiting for server processing
I20260914 18:47:39.831597 300299 dfly_bench.cc:926] Done queuing 4294967295 requests, which took 30.0s. Waiting for server processing
I20260914 18:47:39.831629 300299 dfly_bench.cc:926] Done queuing 4294967295 requests, which took 30.0s. Waiting for server processing
I20260914 18:47:39.831595 300300 dfly_bench.cc:1001] ReceiveFb done
I20260914 18:47:39.831635 300309 dfly_bench.cc:926] Done queuing 4294967295 requests, which took 30.0s. Waiting for server processing
I20260914 18:47:39.831609 300310 dfly_bench.cc:926] Done queuing 4294967295 requests, which took 30.0s. Waiting for server processing
I20260914 18:47:39.831615 300304 dfly_bench.cc:1001] ReceiveFb done
I20260914 18:47:39.831611 300302 dfly_bench.cc:1001] ReceiveFb done
I20260914 18:47:39.831610 300296 dfly_bench.cc:926] Done queuing 4294967295 requests, which took 30.0s. Waiting for server processing
I20260914 18:47:39.831596 300306 dfly_bench.cc:926] Done queuing 4294967295 requests, which took 30.0s. Waiting for server processing
I20260914 18:47:39.831678 300297 dfly_bench.cc:926] Done queuing 4294967295 requests, which took 30.0s. Waiting for server processing
I20260914 18:47:39.831611 300305 dfly_bench.cc:1001] ReceiveFb done
I20260914 18:47:39.831651 300300 dfly_bench.cc:1001] ReceiveFb done
I20260914 18:47:39.831646 300309 dfly_bench.cc:926] Done queuing 4294967295 requests, which took 30.0s. Waiting for server processing
I20260914 18:47:39.831629 300295 dfly_bench.cc:1001] ReceiveFb done
I20260914 18:47:39.831707 300305 dfly_bench.cc:1001] ReceiveFb done
I20260914 18:47:39.831666 300306 dfly_bench.cc:926] Done queuing 4294967295 requests, which took 30.0s. Waiting for server processing
I20260914 18:47:39.831683 300310 dfly_bench.cc:1001] ReceiveFb done
I20260914 18:47:39.831692 300296 dfly_bench.cc:1001] ReceiveFb done
I20260914 18:47:39.831629 300308 dfly_bench.cc:1001] ReceiveFb done
I20260914 18:47:39.831640 300299 dfly_bench.cc:926] Done queuing 4294967295 requests, which took 30.0s. Waiting for server processing
I20260914 18:47:39.831668 300304 dfly_bench.cc:1001] ReceiveFb done
I20260914 18:47:39.831712 300309 dfly_bench.cc:926] Done queuing 4294967295 requests, which took 30.0s. Waiting for server processing
I20260914 18:47:39.831611 300301 dfly_bench.cc:926] Done queuing 4294967295 requests, which took 30.0s. Waiting for server processing
I20260914 18:47:39.831727 300295 dfly_bench.cc:1001] ReceiveFb done
I20260914 18:47:39.831713 300300 dfly_bench.cc:1001] ReceiveFb done
I20260914 18:47:39.831693 300297 dfly_bench.cc:926] Done queuing 4294967295 requests, which took 30.0s. Waiting for server processing
I20260914 18:47:39.831712 300298 dfly_bench.cc:1001] ReceiveFb done
I20260914 18:47:39.831753 300304 dfly_bench.cc:1001] ReceiveFb done
I20260914 18:47:39.831745 300308 dfly_bench.cc:1001] ReceiveFb done
I20260914 18:47:39.831758 300303 dfly_bench.cc:926] Done queuing 4294967295 requests, which took 30.0s. Waiting for server processing
I20260914 18:47:39.831785 300303 dfly_bench.cc:926] Done queuing 4294967295 requests, which took 30.0s. Waiting for server processing
I20260914 18:47:39.831737 300310 dfly_bench.cc:1001] ReceiveFb done
I20260914 18:47:39.831818 300303 dfly_bench.cc:926] Done queuing 4294967295 requests, which took 30.0s. Waiting for server processing
I20260914 18:47:39.831763 300295 dfly_bench.cc:1001] ReceiveFb done
I20260914 18:47:39.831827 300299 dfly_bench.cc:1001] ReceiveFb done
I20260914 18:47:39.831779 300301 dfly_bench.cc:1001] ReceiveFb done
I20260914 18:47:39.831787 300309 dfly_bench.cc:1001] ReceiveFb done
I20260914 18:47:39.831844 300295 dfly_bench.cc:1001] ReceiveFb done
I20260914 18:47:39.831673 300302 dfly_bench.cc:1001] ReceiveFb done
I20260914 18:47:39.831849 300299 dfly_bench.cc:1001] ReceiveFb done
I20260914 18:47:39.831851 300301 dfly_bench.cc:1001] ReceiveFb done
I20260914 18:47:39.831866 300302 dfly_bench.cc:1001] ReceiveFb done
I20260914 18:47:39.831871 300301 dfly_bench.cc:1001] ReceiveFb done
I20260914 18:47:39.831728 300305 dfly_bench.cc:1001] ReceiveFb done
I20260914 18:47:39.831779 300300 dfly_bench.cc:1001] ReceiveFb done
I20260914 18:47:39.831794 300304 dfly_bench.cc:1001] ReceiveFb done
I20260914 18:47:39.831888 300302 dfly_bench.cc:926] Done queuing 4294967295 requests, which took 30.0s. Waiting for server processing
I20260914 18:47:39.831859 300309 dfly_bench.cc:1001] ReceiveFb done
I20260914 18:47:39.831822 300306 dfly_bench.cc:1001] ReceiveFb done
I20260914 18:47:39.831907 300304 dfly_bench.cc:1001] ReceiveFb done
I20260914 18:47:39.831748 300296 dfly_bench.cc:1001] ReceiveFb done
I20260914 18:47:39.831863 300295 dfly_bench.cc:1001] ReceiveFb done
I20260914 18:47:39.831911 300305 dfly_bench.cc:926] Done queuing 4294967295 requests, which took 30.0s. Waiting for server processing
I20260914 18:47:39.831782 300307 dfly_bench.cc:926] Done queuing 4294967295 requests, which took 30.0s. Waiting for server processing
I20260914 18:47:39.831902 300301 dfly_bench.cc:1001] ReceiveFb done
I20260914 18:47:39.831868 300299 dfly_bench.cc:1001] ReceiveFb done
I20260914 18:47:39.831926 300305 dfly_bench.cc:926] Done queuing 4294967295 requests, which took 30.0s. Waiting for server processing
I20260914 18:47:39.831928 300307 dfly_bench.cc:926] Done queuing 4294967295 requests, which took 30.0s. Waiting for server processing
I20260914 18:47:39.831826 300303 dfly_bench.cc:926] Done queuing 4294967295 requests, which took 30.0s. Waiting for server processing
I20260914 18:47:39.831791 300298 dfly_bench.cc:1001] ReceiveFb done
I20260914 18:47:39.831938 300307 dfly_bench.cc:926] Done queuing 4294967295 requests, which took 30.0s. Waiting for server processing
I20260914 18:47:39.831791 300297 dfly_bench.cc:1001] ReceiveFb done
I20260914 18:47:39.831920 300306 dfly_bench.cc:1001] ReceiveFb done
I20260914 18:47:39.831941 300301 dfly_bench.cc:1001] ReceiveFb done
I20260914 18:47:39.831956 300303 dfly_bench.cc:1001] ReceiveFb done
I20260914 18:47:39.831936 300296 dfly_bench.cc:1001] ReceiveFb done
I20260914 18:47:39.831969 300298 dfly_bench.cc:1001] ReceiveFb done
I20260914 18:47:39.831795 300308 dfly_bench.cc:1001] ReceiveFb done
I20260914 18:47:39.831828 300310 dfly_bench.cc:1001] ReceiveFb done
I20260914 18:47:39.831903 300300 dfly_bench.cc:1001] ReceiveFb done
I20260914 18:47:39.831929 300304 dfly_bench.cc:1001] ReceiveFb done
I20260914 18:47:39.831900 300302 dfly_bench.cc:926] Done queuing 4294967295 requests, which took 30.0s. Waiting for server processing
I20260914 18:47:39.832011 300307 dfly_bench.cc:1001] ReceiveFb done
I20260914 18:47:39.831952 300299 dfly_bench.cc:1001] ReceiveFb done
I20260914 18:47:39.832007 300297 dfly_bench.cc:1001] ReceiveFb done
I20260914 18:47:39.832036 300298 dfly_bench.cc:1001] ReceiveFb done
I20260914 18:47:39.831912 300309 dfly_bench.cc:1001] ReceiveFb done
I20260914 18:47:39.832041 300310 dfly_bench.cc:1001] ReceiveFb done
I20260914 18:47:39.832059 300298 dfly_bench.cc:1001] ReceiveFb done
I20260914 18:47:39.832043 300300 dfly_bench.cc:1001] ReceiveFb done
I20260914 18:47:39.832050 300307 dfly_bench.cc:1001] ReceiveFb done
I20260914 18:47:39.832070 300299 dfly_bench.cc:926] Done queuing 4294967295 requests, which took 30.0s. Waiting for server processing
I20260914 18:47:39.832031 300296 dfly_bench.cc:1001] ReceiveFb done
I20260914 18:47:39.832038 300308 dfly_bench.cc:1001] ReceiveFb done
I20260914 18:47:39.832083 300299 dfly_bench.cc:926] Done queuing 4294967295 requests, which took 30.0s. Waiting for server processing
I20260914 18:47:39.832090 300299 dfly_bench.cc:926] Done queuing 4294967295 requests, which took 30.0s. Waiting for server processing
I20260914 18:47:39.832098 300296 dfly_bench.cc:1001] ReceiveFb done
I20260914 18:47:39.832013 300306 dfly_bench.cc:1001] ReceiveFb done
I20260914 18:47:39.832053 300304 dfly_bench.cc:926] Done queuing 4294967295 requests, which took 30.0s. Waiting for server processing
I20260914 18:47:39.832118 300296 dfly_bench.cc:1001] ReceiveFb done
I20260914 18:47:39.832056 300297 dfly_bench.cc:1001] ReceiveFb done
I20260914 18:47:39.832013 300301 dfly_bench.cc:1001] ReceiveFb done
I20260914 18:47:39.832060 300309 dfly_bench.cc:1001] ReceiveFb done
I20260914 18:47:39.832100 300307 dfly_bench.cc:1001] ReceiveFb done
I20260914 18:47:39.832114 300308 dfly_bench.cc:926] Done queuing 4294967295 requests, which took 30.0s. Waiting for server processing
I20260914 18:47:39.832101 300299 dfly_bench.cc:926] Done queuing 4294967295 requests, which took 30.0s. Waiting for server processing
I20260914 18:47:39.832041 300302 dfly_bench.cc:926] Done queuing 4294967295 requests, which took 30.0s. Waiting for server processing
I20260914 18:47:39.832144 300308 dfly_bench.cc:926] Done queuing 4294967295 requests, which took 30.0s. Waiting for server processing
I20260914 18:47:39.832018 300303 dfly_bench.cc:1001] ReceiveFb done
I20260914 18:47:39.832157 300308 dfly_bench.cc:926] Done queuing 4294967295 requests, which took 30.0s. Waiting for server processing
I20260914 18:47:39.832087 300310 dfly_bench.cc:1001] ReceiveFb done
I20260914 18:47:39.832120 300304 dfly_bench.cc:926] Done queuing 4294967295 requests, which took 30.0s. Waiting for server processing
I20260914 18:47:39.832170 300295 dfly_bench.cc:926] Done queuing 4294967295 requests, which took 30.0s. Waiting for server processing
I20260914 18:47:39.832146 300302 dfly_bench.cc:926] Done queuing 4294967295 requests, which took 30.0s. Waiting for server processing
I20260914 18:47:39.832154 300307 dfly_bench.cc:926] Done queuing 4294967295 requests, which took 30.0s. Waiting for server processing
I20260914 18:47:39.832151 300296 dfly_bench.cc:1001] ReceiveFb done
I20260914 18:47:39.832188 300295 dfly_bench.cc:926] Done queuing 4294967295 requests, which took 30.0s. Waiting for server processing
I20260914 18:47:39.832141 300297 dfly_bench.cc:926] Done queuing 4294967295 requests, which took 30.0s. Waiting for server processing
I20260914 18:47:39.832185 300310 dfly_bench.cc:1001] ReceiveFb done
I20260914 18:47:39.832201 300295 dfly_bench.cc:926] Done queuing 4294967295 requests, which took 30.0s. Waiting for server processing
I20260914 18:47:39.832144 300301 dfly_bench.cc:1001] ReceiveFb done
I20260914 18:47:39.832199 300297 dfly_bench.cc:926] Done queuing 4294967295 requests, which took 30.0s. Waiting for server processing
I20260914 18:47:39.832170 300308 dfly_bench.cc:926] Done queuing 4294967295 requests, which took 30.0s. Waiting for server processing
I20260914 18:47:39.832218 300310 dfly_bench.cc:1001] ReceiveFb done
I20260914 18:47:39.832125 300306 dfly_bench.cc:926] Done queuing 4294967295 requests, which took 30.0s. Waiting for server processing
I20260914 18:47:39.832239 300306 dfly_bench.cc:926] Done queuing 4294967295 requests, which took 30.0s. Waiting for server processing
I20260914 18:47:39.832255 300307 dfly_bench.cc:1001] ReceiveFb done
I20260914 18:47:39.832230 300309 dfly_bench.cc:926] Done queuing 4294967295 requests, which took 30.0s. Waiting for server processing
I20260914 18:47:39.832190 300302 dfly_bench.cc:926] Done queuing 4294967295 requests, which took 30.0s. Waiting for server processing
I20260914 18:47:39.832224 300297 dfly_bench.cc:926] Done queuing 4294967295 requests, which took 30.0s. Waiting for server processing
I20260914 18:47:39.832172 300303 dfly_bench.cc:1001] ReceiveFb done
I20260914 18:47:39.832242 300310 dfly_bench.cc:1001] ReceiveFb done
I20260914 18:47:39.832224 300299 dfly_bench.cc:1001] ReceiveFb done
I20260914 18:47:39.832206 300296 dfly_bench.cc:1001] ReceiveFb done
I20260914 18:47:39.832227 300295 dfly_bench.cc:1001] ReceiveFb done
I20260914 18:47:39.832290 300302 dfly_bench.cc:926] Done queuing 4294967295 requests, which took 30.0s. Waiting for server processing
I20260914 18:47:39.832283 300309 dfly_bench.cc:1001] ReceiveFb done
I20260914 18:47:39.832311 300303 dfly_bench.cc:1001] ReceiveFb done
I20260914 18:47:39.832288 300307 dfly_bench.cc:926] Done queuing 4294967295 requests, which took 30.0s. Waiting for server processing
I20260914 18:47:39.832105 300300 dfly_bench.cc:926] Done queuing 4294967295 requests, which took 30.0s. Waiting for server processing
I20260914 18:47:39.832319 300295 dfly_bench.cc:1001] ReceiveFb done
I20260914 18:47:39.832327 300299 dfly_bench.cc:1001] ReceiveFb done
I20260914 18:47:39.832250 300306 dfly_bench.cc:926] Done queuing 4294967295 requests, which took 30.0s. Waiting for server processing
I20260914 18:47:39.832352 300299 dfly_bench.cc:1001] ReceiveFb done
I20260914 18:47:39.832324 300310 dfly_bench.cc:1001] ReceiveFb done
I20260914 18:47:39.832176 300304 dfly_bench.cc:926] Done queuing 4294967295 requests, which took 30.0s. Waiting for server processing
I20260914 18:47:39.832291 300298 dfly_bench.cc:1001] ReceiveFb done
I20260914 18:47:39.832345 300306 dfly_bench.cc:926] Done queuing 4294967295 requests, which took 30.0s. Waiting for server processing
I20260914 18:47:39.832072 300305 dfly_bench.cc:926] Done queuing 4294967295 requests, which took 30.0s. Waiting for server processing
I20260914 18:47:39.832234 300301 dfly_bench.cc:1001] ReceiveFb done
I20260914 18:47:39.832381 300304 dfly_bench.cc:926] Done queuing 4294967295 requests, which took 30.0s. Waiting for server processing
I20260914 18:47:39.832353 300308 dfly_bench.cc:926] Done queuing 4294967295 requests, which took 30.0s. Waiting for server processing
I20260914 18:47:39.832373 300303 dfly_bench.cc:926] Done queuing 4294967295 requests, which took 30.0s. Waiting for server processing
I20260914 18:47:39.832355 300309 dfly_bench.cc:926] Done queuing 4294967295 requests, which took 30.0s. Waiting for server processing
I20260914 18:47:39.832335 300300 dfly_bench.cc:926] Done queuing 4294967295 requests, which took 30.0s. Waiting for server processing
I20260914 18:47:39.832440 300300 dfly_bench.cc:926] Done queuing 4294967295 requests, which took 30.0s. Waiting for server processing
I20260914 18:47:39.832438 300309 dfly_bench.cc:926] Done queuing 4294967295 requests, which took 30.0s. Waiting for server processing
I20260914 18:47:39.832445 300308 dfly_bench.cc:1001] ReceiveFb done
I20260914 18:47:39.832449 300300 dfly_bench.cc:926] Done queuing 4294967295 requests, which took 30.0s. Waiting for server processing
I20260914 18:47:39.832388 300299 dfly_bench.cc:1001] ReceiveFb done
I20260914 18:47:39.832382 300305 dfly_bench.cc:926] Done queuing 4294967295 requests, which took 30.0s. Waiting for server processing
I20260914 18:47:39.832453 300309 dfly_bench.cc:926] Done queuing 4294967295 requests, which took 30.0s. Waiting for server processing
I20260914 18:47:39.832383 300310 dfly_bench.cc:1001] ReceiveFb done
I20260914 18:47:39.832329 300307 dfly_bench.cc:926] Done queuing 4294967295 requests, which took 30.0s. Waiting for server processing
I20260914 18:47:39.832469 300305 dfly_bench.cc:926] Done queuing 4294967295 requests, which took 30.0s. Waiting for server processing
I20260914 18:47:39.832481 300305 dfly_bench.cc:926] Done queuing 4294967295 requests, which took 30.0s. Waiting for server processing
I20260914 18:47:39.832484 300310 dfly_bench.cc:1001] ReceiveFb done
I20260914 18:47:39.832404 300301 dfly_bench.cc:1001] ReceiveFb done
I20260914 18:47:39.832372 300297 dfly_bench.cc:1001] ReceiveFb done
I20260914 18:47:39.832389 300298 dfly_bench.cc:1001] ReceiveFb done
I20260914 18:47:39.832350 300295 dfly_bench.cc:1001] ReceiveFb done
I20260914 18:47:39.832517 300297 dfly_bench.cc:1001] ReceiveFb done
I20260914 18:47:39.832419 300302 dfly_bench.cc:1001] ReceiveFb done
I20260914 18:47:39.832506 300310 dfly_bench.cc:1001] ReceiveFb done
I20260914 18:47:39.832480 300307 dfly_bench.cc:926] Done queuing 4294967295 requests, which took 30.0s. Waiting for server processing
I20260914 18:47:39.832568 300299 dfly_bench.cc:1001] ReceiveFb done
I20260914 18:47:39.832468 300300 dfly_bench.cc:926] Done queuing 4294967295 requests, which took 30.0s. Waiting for server processing
I20260914 18:47:39.832515 300301 dfly_bench.cc:926] Done queuing 4294967295 requests, which took 30.0s. Waiting for server processing
I20260914 18:47:39.832475 300309 dfly_bench.cc:1001] ReceiveFb done
I20260914 18:47:39.832472 300303 dfly_bench.cc:1001] ReceiveFb done
I20260914 18:47:39.832585 300301 dfly_bench.cc:926] Done queuing 4294967295 requests, which took 30.0s. Waiting for server processing
I20260914 18:47:39.832479 300296 dfly_bench.cc:926] Done queuing 4294967295 requests, which took 30.0s. Waiting for server processing
I20260914 18:47:39.832556 300302 dfly_bench.cc:1001] ReceiveFb done
I20260914 18:47:39.832466 300308 dfly_bench.cc:1001] ReceiveFb done
I20260914 18:47:39.832551 300297 dfly_bench.cc:1001] ReceiveFb done
I20260914 18:47:39.832619 300308 dfly_bench.cc:1001] ReceiveFb done
I20260914 18:47:39.832584 300307 dfly_bench.cc:1001] ReceiveFb done
I20260914 18:47:39.832446 300306 dfly_bench.cc:1001] ReceiveFb done
I20260914 18:47:39.832515 300298 dfly_bench.cc:1001] ReceiveFb done
I20260914 18:47:39.832605 300296 dfly_bench.cc:1001] ReceiveFb done
I20260914 18:47:39.832597 300301 dfly_bench.cc:926] Done queuing 4294967295 requests, which took 30.0s. Waiting for server processing
I20260914 18:47:39.832528 300305 dfly_bench.cc:1001] ReceiveFb done
I20260914 18:47:39.832588 300299 dfly_bench.cc:1001] ReceiveFb done
I20260914 18:47:39.832613 300302 dfly_bench.cc:1001] ReceiveFb done
I20260914 18:47:39.832638 300308 dfly_bench.cc:1001] ReceiveFb done
I20260914 18:47:39.832643 300297 dfly_bench.cc:926] Done queuing 4294967295 requests, which took 30.0s. Waiting for server processing
I20260914 18:47:39.832598 300309 dfly_bench.cc:1001] ReceiveFb done
I20260914 18:47:39.832647 300306 dfly_bench.cc:1001] ReceiveFb done
I20260914 18:47:39.832677 300299 dfly_bench.cc:1001] ReceiveFb done
I20260914 18:47:39.832647 300307 dfly_bench.cc:1001] ReceiveFb done
I20260914 18:47:39.832684 300302 dfly_bench.cc:1001] ReceiveFb done
I20260914 18:47:39.832671 300298 dfly_bench.cc:1001] ReceiveFb done
I20260914 18:47:39.832723 300306 dfly_bench.cc:1001] ReceiveFb done
I20260914 18:47:39.832715 300309 dfly_bench.cc:1001] ReceiveFb done
I20260914 18:47:39.832683 300297 dfly_bench.cc:926] Done queuing 4294967295 requests, which took 30.0s. Waiting for server processing
I20260914 18:47:39.832626 300303 dfly_bench.cc:926] Done queuing 4294967295 requests, which took 30.0s. Waiting for server processing
I20260914 18:47:39.832598 300295 dfly_bench.cc:926] Done queuing 4294967295 requests, which took 30.0s. Waiting for server processing
I20260914 18:47:39.832710 300304 dfly_bench.cc:926] Done queuing 4294967295 requests, which took 30.0s. Waiting for server processing
I20260914 18:47:39.832758 300297 dfly_bench.cc:926] Done queuing 4294967295 requests, which took 30.0s. Waiting for server processing
I20260914 18:47:39.832672 300305 dfly_bench.cc:1001] ReceiveFb done
I20260914 18:47:39.832768 300304 dfly_bench.cc:926] Done queuing 4294967295 requests, which took 30.0s. Waiting for server processing
I20260914 18:47:39.832746 300298 dfly_bench.cc:1001] ReceiveFb done
I20260914 18:47:39.832731 300307 dfly_bench.cc:1001] ReceiveFb done
I20260914 18:47:39.832684 300308 dfly_bench.cc:1001] ReceiveFb done
I20260914 18:47:39.832785 300305 dfly_bench.cc:1001] ReceiveFb done
I20260914 18:47:39.832729 300296 dfly_bench.cc:926] Done queuing 4294967295 requests, which took 30.0s. Waiting for server processing
I20260914 18:47:39.832790 300298 dfly_bench.cc:1001] ReceiveFb done
I20260914 18:47:39.832751 300303 dfly_bench.cc:926] Done queuing 4294967295 requests, which took 30.0s. Waiting for server processing
I20260914 18:47:39.832813 300298 dfly_bench.cc:1001] ReceiveFb done
I20260914 18:47:39.832808 300304 dfly_bench.cc:1001] ReceiveFb done
I20260914 18:47:39.832742 300302 dfly_bench.cc:1001] ReceiveFb done
I20260914 18:47:39.832801 300308 dfly_bench.cc:926] Done queuing 4294967295 requests, which took 30.0s. Waiting for server processing
I20260914 18:47:39.832834 300308 dfly_bench.cc:926] Done queuing 4294967295 requests, which took 30.0s. Waiting for server processing
I20260914 18:47:39.832823 300310 dfly_bench.cc:926] Done queuing 4294967295 requests, which took 30.0s. Waiting for server processing
I20260914 18:47:39.832800 300296 dfly_bench.cc:926] Done queuing 4294967295 requests, which took 30.0s. Waiting for server processing
I20260914 18:47:39.832852 300301 dfly_bench.cc:926] Done queuing 4294967295 requests, which took 30.0s. Waiting for server processing
I20260914 18:47:39.832754 300295 dfly_bench.cc:926] Done queuing 4294967295 requests, which took 30.0s. Waiting for server processing
I20260914 18:47:39.832723 300299 dfly_bench.cc:1001] ReceiveFb done
I20260914 18:47:39.832759 300300 dfly_bench.cc:926] Done queuing 4294967295 requests, which took 30.0s. Waiting for server processing
I20260914 18:47:39.832845 300304 dfly_bench.cc:1001] ReceiveFb done
I20260914 18:47:39.832849 300303 dfly_bench.cc:1001] ReceiveFb done
I20260914 18:47:39.832846 300308 dfly_bench.cc:926] Done queuing 4294967295 requests, which took 30.0s. Waiting for server processing
I20260914 18:47:39.832839 300302 dfly_bench.cc:1001] ReceiveFb done
I20260914 18:47:39.832878 300297 dfly_bench.cc:1001] ReceiveFb done
I20260914 18:47:39.832751 300306 dfly_bench.cc:1001] ReceiveFb done
I20260914 18:47:39.832800 300307 dfly_bench.cc:926] Done queuing 4294967295 requests, which took 30.0s. Waiting for server processing
I20260914 18:47:39.832897 300304 dfly_bench.cc:1001] ReceiveFb done
I20260914 18:47:39.832837 300298 dfly_bench.cc:1001] ReceiveFb done
I20260914 18:47:39.832906 300295 dfly_bench.cc:1001] ReceiveFb done
I20260914 18:47:39.832858 300310 dfly_bench.cc:1001] ReceiveFb done
I20260914 18:47:39.832880 300300 dfly_bench.cc:926] Done queuing 4294967295 requests, which took 30.0s. Waiting for server processing
I20260914 18:47:39.832895 300303 dfly_bench.cc:1001] ReceiveFb done
I20260914 18:47:39.832919 300304 dfly_bench.cc:1001] ReceiveFb done
I20260914 18:47:39.832928 300295 dfly_bench.cc:1001] ReceiveFb done
I20260914 18:47:39.832906 300297 dfly_bench.cc:1001] ReceiveFb done
I20260914 18:47:39.832877 300296 dfly_bench.cc:1001] ReceiveFb done
I20260914 18:47:39.832919 300301 dfly_bench.cc:1001] ReceiveFb done
I20260914 18:47:39.832903 300302 dfly_bench.cc:926] Done queuing 4294967295 requests, which took 30.0s. Waiting for server processing
I20260914 18:47:39.832891 300299 dfly_bench.cc:926] Done queuing 4294967295 requests, which took 30.0s. Waiting for server processing
I20260914 18:47:39.832950 300300 dfly_bench.cc:1001] ReceiveFb done
I20260914 18:47:39.832952 300297 dfly_bench.cc:1001] ReceiveFb done
I20260914 18:47:39.832957 300296 dfly_bench.cc:1001] ReceiveFb done
I20260914 18:47:39.832969 300301 dfly_bench.cc:1001] ReceiveFb done
I20260914 18:47:39.832931 300310 dfly_bench.cc:926] Done queuing 4294967295 requests, which took 30.0s. Waiting for server processing
I20260914 18:47:39.832973 300300 dfly_bench.cc:1001] ReceiveFb done
I20260914 18:47:39.832980 300298 dfly_bench.cc:926] Done queuing 4294967295 requests, which took 30.0s. Waiting for server processing
I20260914 18:47:39.832981 300297 dfly_bench.cc:926] Done queuing 4294967295 requests, which took 30.0s. Waiting for server processing
I20260914 18:47:39.833019 300310 dfly_bench.cc:1001] ReceiveFb done
I20260914 18:47:39.833030 300298 dfly_bench.cc:926] Done queuing 4294967295 requests, which took 30.0s. Waiting for server processing
I20260914 18:47:39.833042 300298 dfly_bench.cc:926] Done queuing 4294967295 requests, which took 30.0s. Waiting for server processing
I20260914 18:47:39.833014 300308 dfly_bench.cc:1001] ReceiveFb done
I20260914 18:47:39.832998 300301 dfly_bench.cc:1001] ReceiveFb done
I20260914 18:47:39.833027 300296 dfly_bench.cc:926] Done queuing 4294967295 requests, which took 30.0s. Waiting for server processing
I20260914 18:47:39.832996 300307 dfly_bench.cc:1001] ReceiveFb done
I20260914 18:47:39.833039 300306 dfly_bench.cc:926] Done queuing 4294967295 requests, which took 30.0s. Waiting for server processing
I20260914 18:47:39.833091 300301 dfly_bench.cc:1001] ReceiveFb done
I20260914 18:47:39.833096 300306 dfly_bench.cc:1001] ReceiveFb done
I20260914 18:47:39.833098 300307 dfly_bench.cc:926] Done queuing 4294967295 requests, which took 30.0s. Waiting for server processing
I20260914 18:47:39.833073 300308 dfly_bench.cc:1001] ReceiveFb done
I20260914 18:47:39.833020 300304 dfly_bench.cc:1001] ReceiveFb done
I20260914 18:47:39.833124 300302 dfly_bench.cc:1001] ReceiveFb done
I20260914 18:47:39.833073 300298 dfly_bench.cc:926] Done queuing 4294967295 requests, which took 30.0s. Waiting for server processing
I20260914 18:47:39.833001 300295 dfly_bench.cc:926] Done queuing 4294967295 requests, which took 30.0s. Waiting for server processing
I20260914 18:47:39.832998 300300 dfly_bench.cc:1001] ReceiveFb done
I20260914 18:47:39.833143 300302 dfly_bench.cc:926] Done queuing 4294967295 requests, which took 30.0s. Waiting for server processing
I20260914 18:47:39.832813 300305 dfly_bench.cc:1001] ReceiveFb done
I20260914 18:47:39.832983 300303 dfly_bench.cc:926] Done queuing 4294967295 requests, which took 30.0s. Waiting for server processing
I20260914 18:47:39.833081 300296 dfly_bench.cc:1001] ReceiveFb done
I20260914 18:47:39.833166 300300 dfly_bench.cc:1001] ReceiveFb done
I20260914 18:47:39.833149 300295 dfly_bench.cc:1001] ReceiveFb done
I20260914 18:47:39.833142 300307 dfly_bench.cc:1001] ReceiveFb done
I20260914 18:47:39.833027 300299 dfly_bench.cc:926] Done queuing 4294967295 requests, which took 30.0s. Waiting for server processing
I20260914 18:47:39.833170 300303 dfly_bench.cc:1001] ReceiveFb done
I20260914 18:47:39.833142 300298 dfly_bench.cc:926] Done queuing 4294967295 requests, which took 30.0s. Waiting for server processing
I20260914 18:47:39.833220 300299 dfly_bench.cc:926] Done queuing 4294967295 requests, which took 30.0s. Waiting for server processing
I20260914 18:47:39.833079 300297 dfly_bench.cc:1001] ReceiveFb done
I20260914 18:47:39.833140 300304 dfly_bench.cc:1001] ReceiveFb done
I20260914 18:47:39.833040 300310 dfly_bench.cc:926] Done queuing 4294967295 requests, which took 30.0s. Waiting for server processing
I20260914 18:47:39.833213 300300 dfly_bench.cc:1001] ReceiveFb done
I20260914 18:47:39.833129 300308 dfly_bench.cc:1001] ReceiveFb done
I20260914 18:47:39.833238 300306 dfly_bench.cc:926] Done queuing 4294967295 requests, which took 30.0s. Waiting for server processing
I20260914 18:47:39.833171 300305 dfly_bench.cc:1001] ReceiveFb done
I20260914 18:47:39.833225 300307 dfly_bench.cc:926] Done queuing 4294967295 requests, which took 30.0s. Waiting for server processing
I20260914 18:47:39.833153 300302 dfly_bench.cc:926] Done queuing 4294967295 requests, which took 30.0s. Waiting for server processing
I20260914 18:47:39.833262 300306 dfly_bench.cc:1001] ReceiveFb done
I20260914 18:47:39.833267 300304 dfly_bench.cc:926] Done queuing 4294967295 requests, which took 30.0s. Waiting for server processing
I20260914 18:47:39.833236 300303 dfly_bench.cc:926] Done queuing 4294967295 requests, which took 30.0s. Waiting for server processing
I20260914 18:47:39.833254 300310 dfly_bench.cc:926] Done queuing 4294967295 requests, which took 30.0s. Waiting for server processing
I20260914 18:47:39.833267 300299 dfly_bench.cc:1001] ReceiveFb done
I20260914 18:47:39.833321 300303 dfly_bench.cc:926] Done queuing 4294967295 requests, which took 30.0s. Waiting for server processing
I20260914 18:47:39.833333 300299 dfly_bench.cc:1001] ReceiveFb done
I20260914 18:47:39.833264 300302 dfly_bench.cc:926] Done queuing 4294967295 requests, which took 30.0s. Waiting for server processing
I20260914 18:47:39.833331 300303 dfly_bench.cc:1001] ReceiveFb done
I20260914 18:47:39.833278 300308 dfly_bench.cc:926] Done queuing 4294967295 requests, which took 30.0s. Waiting for server processing
I20260914 18:47:39.833281 300305 dfly_bench.cc:1001] ReceiveFb done
I20260914 18:47:39.833379 300300 dfly_bench.cc:1001] ReceiveFb done
I20260914 18:47:39.833336 300295 dfly_bench.cc:926] Done queuing 4294967295 requests, which took 30.0s. Waiting for server processing
I20260914 18:47:39.833287 300297 dfly_bench.cc:926] Done queuing 4294967295 requests, which took 30.0s. Waiting for server processing
I20260914 18:47:39.833181 300301 dfly_bench.cc:926] Done queuing 4294967295 requests, which took 30.0s. Waiting for server processing
I20260914 18:47:39.833387 300299 dfly_bench.cc:1001] ReceiveFb done
I20260914 18:47:39.833294 300304 dfly_bench.cc:926] Done queuing 4294967295 requests, which took 30.0s. Waiting for server processing
I20260914 18:47:39.833360 300310 dfly_bench.cc:1001] ReceiveFb done
I20260914 18:47:39.833398 300300 dfly_bench.cc:1001] ReceiveFb done
I20260914 18:47:39.833405 300302 dfly_bench.cc:1001] ReceiveFb done
I20260914 18:47:39.833395 300298 dfly_bench.cc:1001] ReceiveFb done
I20260914 18:47:39.833384 300308 dfly_bench.cc:926] Done queuing 4294967295 requests, which took 30.0s. Waiting for server processing
I20260914 18:47:39.833426 300298 dfly_bench.cc:1001] ReceiveFb done
I20260914 18:47:39.833412 300310 dfly_bench.cc:1001] ReceiveFb done
I20260914 18:47:39.833420 300301 dfly_bench.cc:1001] ReceiveFb done
I20260914 18:47:39.833395 300297 dfly_bench.cc:926] Done queuing 4294967295 requests, which took 30.0s. Waiting for server processing
I20260914 18:47:39.833416 300305 dfly_bench.cc:926] Done queuing 4294967295 requests, which took 30.0s. Waiting for server processing
I20260914 18:47:39.833441 300304 dfly_bench.cc:1001] ReceiveFb done
I20260914 18:47:39.833421 300300 dfly_bench.cc:926] Done queuing 4294967295 requests, which took 30.0s. Waiting for server processing
I20260914 18:47:39.833451 300310 dfly_bench.cc:926] Done queuing 4294967295 requests, which took 30.0s. Waiting for server processing
I20260914 18:47:39.833438 300302 dfly_bench.cc:1001] ReceiveFb done
I20260914 18:47:39.833447 300298 dfly_bench.cc:1001] ReceiveFb done
I20260914 18:47:39.833395 300295 dfly_bench.cc:1001] ReceiveFb done
I20260914 18:47:39.833449 300297 dfly_bench.cc:1001] ReceiveFb done
I20260914 18:47:39.833464 300304 dfly_bench.cc:1001] ReceiveFb done
I20260914 18:47:39.833467 300301 dfly_bench.cc:926] Done queuing 4294967295 requests, which took 30.0s. Waiting for server processing
I20260914 18:47:39.833395 300303 dfly_bench.cc:1001] ReceiveFb done
I20260914 18:47:39.833478 300302 dfly_bench.cc:1001] ReceiveFb done
I20260914 18:47:39.833487 300297 dfly_bench.cc:1001] ReceiveFb done
I20260914 18:47:39.833289 300307 dfly_bench.cc:1001] ReceiveFb done
I20260914 18:47:39.833492 300301 dfly_bench.cc:926] Done queuing 4294967295 requests, which took 30.0s. Waiting for server processing
I20260914 18:47:39.833498 300300 dfly_bench.cc:1001] ReceiveFb done
I20260914 18:47:39.833508 300302 dfly_bench.cc:926] Done queuing 4294967295 requests, which took 30.0s. Waiting for server processing
I20260914 18:47:39.833480 300298 dfly_bench.cc:1001] ReceiveFb done
I20260914 18:47:39.833503 300308 dfly_bench.cc:1001] ReceiveFb done
I20260914 18:47:39.833530 300304 dfly_bench.cc:926] Done queuing 4294967295 requests, which took 30.0s. Waiting for server processing
I20260914 18:47:39.833523 300301 dfly_bench.cc:1001] ReceiveFb done
I20260914 18:47:39.833504 300310 dfly_bench.cc:1001] ReceiveFb done
I20260914 18:47:39.833547 300304 dfly_bench.cc:926] Done queuing 4294967295 requests, which took 30.0s. Waiting for server processing
I20260914 18:47:39.833518 300302 dfly_bench.cc:926] Done queuing 4294967295 requests, which took 30.0s. Waiting for server processing
I20260914 18:47:39.833536 300300 dfly_bench.cc:926] Done queuing 4294967295 requests, which took 30.0s. Waiting for server processing
I20260914 18:47:39.833561 300304 dfly_bench.cc:1001] ReceiveFb done
I20260914 18:47:39.833564 300301 dfly_bench.cc:1001] ReceiveFb done
I20260914 18:47:39.833578 300298 dfly_bench.cc:1001] ReceiveFb done
I20260914 18:47:39.833565 300300 dfly_bench.cc:1001] ReceiveFb done
I20260914 18:47:39.833487 300299 dfly_bench.cc:926] Done queuing 4294967295 requests, which took 30.0s. Waiting for server processing
I20260914 18:47:39.833596 300310 dfly_bench.cc:926] Done queuing 4294967295 requests, which took 30.0s. Waiting for server processing
I20260914 18:47:39.833606 300299 dfly_bench.cc:1001] ReceiveFb done
I20260914 18:47:39.833626 300302 dfly_bench.cc:1001] ReceiveFb done
I20260914 18:47:39.833635 300300 dfly_bench.cc:926] Done queuing 4294967295 requests, which took 30.0s. Waiting for server processing
I20260914 18:47:39.833643 300300 dfly_bench.cc:1001] ReceiveFb done
I20260914 18:47:39.833650 300302 dfly_bench.cc:1001] ReceiveFb done
I20260914 18:47:39.833554 300308 dfly_bench.cc:1001] ReceiveFb done
I20260914 18:47:39.833612 300298 dfly_bench.cc:926] Done queuing 4294967295 requests, which took 30.0s. Waiting for server processing
30s: 100.0% done, RPS(now/agg): 717122/709507, errs: 0, hitrate: 100.0%, clients: 162
done_min: 100.00%, done_max: 100.02%, p99_lat(us): 6529, max_pending: 1
I20260914 18:47:39.833580 300304 dfly_bench.cc:1001] ReceiveFb done
I20260914 18:47:39.833618 300310 dfly_bench.cc:1001] ReceiveFb done
I20260914 18:47:39.833642 300299 dfly_bench.cc:926] Done queuing 4294967295 requests, which took 30.0s. Waiting for server processing
I20260914 18:47:39.833603 300305 dfly_bench.cc:926] Done queuing 4294967295 requests, which took 30.0s. Waiting for server processing
I20260914 18:47:39.833693 300305 dfly_bench.cc:926] Done queuing 4294967295 requests, which took 30.0s. Waiting for server processing
I20260914 18:47:39.833709 300299 dfly_bench.cc:1001] ReceiveFb done
I20260914 18:47:39.833710 300305 dfly_bench.cc:926] Done queuing 4294967295 requests, which took 30.0s. Waiting for server processing
I20260914 18:47:39.833729 300308 dfly_bench.cc:926] Done queuing 4294967295 requests, which took 30.0s. Waiting for server processing
I20260914 18:47:39.833739 300305 dfly_bench.cc:1001] ReceiveFb done
I20260914 18:47:39.833748 300298 dfly_bench.cc:926] Done queuing 4294967295 requests, which took 30.0s. Waiting for server processing
I20260914 18:47:39.833739 300297 dfly_bench.cc:1466] 30s: 100.0% done, RPS(now/agg): 717122/709507, errs: 0, hitrate: 100.0%, clients: 162
done_min: 100.00%, done_max: 100.02%, p99_lat(us): 6529, max_pending: 1
I20260914 18:47:39.833740 300308 dfly_bench.cc:1001] ReceiveFb done
I20260914 18:47:39.833755 300298 dfly_bench.cc:926] Done queuing 4294967295 requests, which took 30.0s. Waiting for server processing
I20260914 18:47:39.833760 300305 dfly_bench.cc:1001] ReceiveFb done
I20260914 18:47:39.833786 300308 dfly_bench.cc:926] Done queuing 4294967295 requests, which took 30.0s. Waiting for server processing
I20260914 18:47:39.833788 300305 dfly_bench.cc:1001] ReceiveFb done
I20260914 18:47:39.833796 300303 dfly_bench.cc:926] Done queuing 4294967295 requests, which took 30.0s. Waiting for server processing
I20260914 18:47:39.833812 300303 dfly_bench.cc:1001] ReceiveFb done
I20260914 18:47:39.833815 300305 dfly_bench.cc:1001] ReceiveFb done
I20260914 18:47:39.833817 300308 dfly_bench.cc:1001] ReceiveFb done
I20260914 18:47:39.833827 300298 dfly_bench.cc:1001] ReceiveFb done
I20260914 18:47:39.833858 300298 dfly_bench.cc:1001] ReceiveFb done
I20260914 18:47:39.833863 300300 dfly_bench.cc:926] Done queuing 4294967295 requests, which took 30.0s. Waiting for server processing
I20260914 18:47:39.833864 300302 dfly_bench.cc:926] Done queuing 4294967295 requests, which took 30.0s. Waiting for server processing
I20260914 18:47:39.833879 300302 dfly_bench.cc:1001] ReceiveFb done
I20260914 18:47:39.833884 300298 dfly_bench.cc:1001] ReceiveFb done
I20260914 18:47:39.833877 300300 dfly_bench.cc:1001] ReceiveFb done
I20260914 18:47:39.833878 300295 dfly_bench.cc:926] Done queuing 4294967295 requests, which took 30.0s. Waiting for server processing
I20260914 18:47:39.833906 300295 dfly_bench.cc:1001] ReceiveFb done
I20260914 18:47:39.833909 300298 dfly_bench.cc:926] Done queuing 4294967295 requests, which took 30.0s. Waiting for server processing
I20260914 18:47:39.833932 300298 dfly_bench.cc:926] Done queuing 4294967295 requests, which took 30.0s. Waiting for server processing
I20260914 18:47:39.833941 300305 dfly_bench.cc:926] Done queuing 4294967295 requests, which took 30.0s. Waiting for server processing
I20260914 18:47:39.833949 300305 dfly_bench.cc:926] Done queuing 4294967295 requests, which took 30.0s. Waiting for server processing
I20260914 18:47:39.833958 300305 dfly_bench.cc:926] Done queuing 4294967295 requests, which took 30.0s. Waiting for server processing
I20260914 18:47:39.833971 300302 dfly_bench.cc:926] Done queuing 4294967295 requests, which took 30.0s. Waiting for server processing
I20260914 18:47:39.833977 300307 dfly_bench.cc:926] Done queuing 4294967295 requests, which took 30.0s. Waiting for server processing
I20260914 18:47:39.833981 300302 dfly_bench.cc:1001] ReceiveFb done
I20260914 18:47:39.833986 300305 dfly_bench.cc:1001] ReceiveFb done
I20260914 18:47:39.833994 300300 dfly_bench.cc:926] Done queuing 4294967295 requests, which took 30.0s. Waiting for server processing
I20260914 18:47:39.834002 300307 dfly_bench.cc:1001] ReceiveFb done
I20260914 18:47:39.834007 300300 dfly_bench.cc:926] Done queuing 4294967295 requests, which took 30.0s. Waiting for server processing
I20260914 18:47:39.833994 300304 dfly_bench.cc:926] Done queuing 4294967295 requests, which took 30.0s. Waiting for server processing
I20260914 18:47:39.834015 300300 dfly_bench.cc:1001] ReceiveFb done
I20260914 18:47:39.834015 300305 dfly_bench.cc:1001] ReceiveFb done
I20260914 18:47:39.834040 300298 dfly_bench.cc:1001] ReceiveFb done
I20260914 18:47:39.834043 300307 dfly_bench.cc:926] Done queuing 4294967295 requests, which took 30.0s. Waiting for server processing
I20260914 18:47:39.834062 300298 dfly_bench.cc:1001] ReceiveFb done
I20260914 18:47:39.834019 300306 dfly_bench.cc:926] Done queuing 4294967295 requests, which took 30.0s. Waiting for server processing
I20260914 18:47:39.834054 300307 dfly_bench.cc:1001] ReceiveFb done
I20260914 18:47:39.834055 300305 dfly_bench.cc:1001] ReceiveFb done
I20260914 18:47:39.834018 300310 dfly_bench.cc:926] Done queuing 4294967295 requests, which took 30.0s. Waiting for server processing
I20260914 18:47:39.834020 300296 dfly_bench.cc:926] Done queuing 4294967295 requests, which took 30.0s. Waiting for server processing
I20260914 18:47:39.834023 300304 dfly_bench.cc:1001] ReceiveFb done
I20260914 18:47:39.834044 300300 dfly_bench.cc:1001] ReceiveFb done
I20260914 18:47:39.834096 300298 dfly_bench.cc:926] Done queuing 4294967295 requests, which took 30.0s. Waiting for server processing
I20260914 18:47:39.834090 300306 dfly_bench.cc:1001] ReceiveFb done
I20260914 18:47:39.834017 300308 dfly_bench.cc:926] Done queuing 4294967295 requests, which took 30.0s. Waiting for server processing
I20260914 18:47:39.834106 300296 dfly_bench.cc:1001] ReceiveFb done
I20260914 18:47:39.834069 300299 dfly_bench.cc:926] Done queuing 4294967295 requests, which took 30.0s. Waiting for server processing
I20260914 18:47:39.834100 300310 dfly_bench.cc:1001] ReceiveFb done
I20260914 18:47:39.834117 300295 dfly_bench.cc:926] Done queuing 4294967295 requests, which took 30.0s. Waiting for server processing
I20260914 18:47:39.834118 300299 dfly_bench.cc:1001] ReceiveFb done
I20260914 18:47:39.834115 300308 dfly_bench.cc:1001] ReceiveFb done
I20260914 18:47:39.834024 300309 dfly_bench.cc:926] Done queuing 4294967295 requests, which took 30.0s. Waiting for server processing
I20260914 18:47:39.834128 300295 dfly_bench.cc:1001] ReceiveFb done
I20260914 18:47:39.834138 300296 dfly_bench.cc:926] Done queuing 4294967295 requests, which took 30.0s. Waiting for server processing
I20260914 18:47:39.834141 300309 dfly_bench.cc:1001] ReceiveFb done
I20260914 18:47:39.834148 300308 dfly_bench.cc:926] Done queuing 4294967295 requests, which took 30.0s. Waiting for server processing
I20260914 18:47:39.834165 300296 dfly_bench.cc:1001] ReceiveFb done
I20260914 18:47:39.834178 300308 dfly_bench.cc:1001] ReceiveFb done
I20260914 18:47:39.834185 300295 dfly_bench.cc:926] Done queuing 4294967295 requests, which took 30.0s. Waiting for server processing
I20260914 18:47:39.834149 300298 dfly_bench.cc:1001] ReceiveFb done
I20260914 18:47:39.834198 300295 dfly_bench.cc:1001] ReceiveFb done
I20260914 18:47:39.834235 300299 dfly_bench.cc:926] Done queuing 4294967295 requests, which took 30.0s. Waiting for server processing
I20260914 18:47:39.834247 300299 dfly_bench.cc:1001] ReceiveFb done
I20260914 18:47:39.834391 300299 dfly_bench.cc:926] Done queuing 4294967295 requests, which took 30.0s. Waiting for server processing
I20260914 18:47:39.834403 300299 dfly_bench.cc:1001] ReceiveFb done
I20260914 18:47:39.834417 300303 dfly_bench.cc:926] Done queuing 4294967295 requests, which took 30.0s. Waiting for server processing
I20260914 18:47:39.834422 300301 dfly_bench.cc:926] Done queuing 4294967295 requests, which took 30.0s. Waiting for server processing
I20260914 18:47:39.834435 300297 dfly_bench.cc:926] Done queuing 4294967295 requests, which took 30.0s. Waiting for server processing
I20260914 18:47:39.834434 300301 dfly_bench.cc:1001] ReceiveFb done
I20260914 18:47:39.834450 300297 dfly_bench.cc:1001] ReceiveFb done
I20260914 18:47:39.834430 300310 dfly_bench.cc:926] Done queuing 4294967295 requests, which took 30.0s. Waiting for server processing
I20260914 18:47:39.834432 300309 dfly_bench.cc:926] Done queuing 4294967295 requests, which took 30.0s. Waiting for server processing
I20260914 18:47:39.834445 300304 dfly_bench.cc:926] Done queuing 4294967295 requests, which took 30.0s. Waiting for server processing
I20260914 18:47:39.834429 300303 dfly_bench.cc:1001] ReceiveFb done
I20260914 18:47:39.834450 300307 dfly_bench.cc:926] Done queuing 4294967295 requests, which took 30.0s. Waiting for server processing
I20260914 18:47:39.834445 300308 dfly_bench.cc:926] Done queuing 4294967295 requests, which took 30.0s. Waiting for server processing
I20260914 18:47:39.834472 300307 dfly_bench.cc:1001] ReceiveFb done
I20260914 18:47:39.834477 300308 dfly_bench.cc:1001] ReceiveFb done
I20260914 18:47:39.834487 300301 dfly_bench.cc:926] Done queuing 4294967295 requests, which took 30.0s. Waiting for server processing
I20260914 18:47:39.834468 300309 dfly_bench.cc:926] Done queuing 4294967295 requests, which took 30.0s. Waiting for server processing
I20260914 18:47:39.834496 300295 dfly_bench.cc:926] Done queuing 4294967295 requests, which took 30.0s. Waiting for server processing
I20260914 18:47:39.834463 300310 dfly_bench.cc:1001] ReceiveFb done
I20260914 18:47:39.834488 300296 dfly_bench.cc:926] Done queuing 4294967295 requests, which took 30.0s. Waiting for server processing
I20260914 18:47:39.834508 300295 dfly_bench.cc:1001] ReceiveFb done
I20260914 18:47:39.834463 300299 dfly_bench.cc:926] Done queuing 4294967295 requests, which took 30.0s. Waiting for server processing
I20260914 18:47:39.834517 300296 dfly_bench.cc:1001] ReceiveFb done
I20260914 18:47:39.834503 300301 dfly_bench.cc:1001] ReceiveFb done
I20260914 18:47:39.834506 300303 dfly_bench.cc:926] Done queuing 4294967295 requests, which took 30.0s. Waiting for server processing
I20260914 18:47:39.834478 300304 dfly_bench.cc:1001] ReceiveFb done
I20260914 18:47:39.834509 300309 dfly_bench.cc:1001] ReceiveFb done
I20260914 18:47:39.834543 300303 dfly_bench.cc:1001] ReceiveFb done
I20260914 18:47:39.834443 300305 dfly_bench.cc:926] Done queuing 4294967295 requests, which took 30.0s. Waiting for server processing
I20260914 18:47:39.834563 300303 dfly_bench.cc:926] Done queuing 4294967295 requests, which took 30.0s. Waiting for server processing
I20260914 18:47:39.834559 300305 dfly_bench.cc:1001] ReceiveFb done
I20260914 18:47:39.834558 300309 dfly_bench.cc:1001] ReceiveFb done
I20260914 18:47:39.834527 300299 dfly_bench.cc:1001] ReceiveFb done
I20260914 18:47:39.834560 300301 dfly_bench.cc:1126] Total hits: 660563
I20260914 18:47:39.834582 300305 dfly_bench.cc:926] Done queuing 4294967295 requests, which took 30.0s. Waiting for server processing
I20260914 18:47:39.834589 300303 dfly_bench.cc:1001] ReceiveFb done
I20260914 18:47:39.834607 300303 dfly_bench.cc:926] Done queuing 4294967295 requests, which took 30.0s. Waiting for server processing
I20260914 18:47:39.834609 300305 dfly_bench.cc:1001] ReceiveFb done
I20260914 18:47:39.834631 300309 dfly_bench.cc:926] Done queuing 4294967295 requests, which took 30.0s. Waiting for server processing
I20260914 18:47:39.834635 300298 dfly_bench.cc:926] Done queuing 4294967295 requests, which took 30.0s. Waiting for server processing
I20260914 18:47:39.834640 300303 dfly_bench.cc:1001] ReceiveFb done
I20260914 18:47:39.834640 300309 dfly_bench.cc:1001] ReceiveFb done
I20260914 18:47:39.834645 300298 dfly_bench.cc:926] Done queuing 4294967295 requests, which took 30.0s. Waiting for server processing
I20260914 18:47:39.834681 300298 dfly_bench.cc:926] Done queuing 4294967295 requests, which took 30.0s. Waiting for server processing
I20260914 18:47:39.834692 300298 dfly_bench.cc:1001] ReceiveFb done
I20260914 18:47:39.834718 300298 dfly_bench.cc:1001] ReceiveFb done
I20260914 18:47:39.834736 300298 dfly_bench.cc:1001] ReceiveFb done
I20260914 18:47:39.835479 300307 dfly_bench.cc:926] Done queuing 4294967295 requests, which took 30.0s. Waiting for server processing
I20260914 18:47:39.835491 300307 dfly_bench.cc:1001] ReceiveFb done
I20260914 18:47:39.835518 300308 dfly_bench.cc:926] Done queuing 4294967295 requests, which took 30.0s. Waiting for server processing
I20260914 18:47:39.835527 300298 dfly_bench.cc:926] Done queuing 4294967295 requests, which took 30.0s. Waiting for server processing
I20260914 18:47:39.835529 300308 dfly_bench.cc:1001] ReceiveFb done
I20260914 18:47:39.835541 300306 dfly_bench.cc:926] Done queuing 4294967295 requests, which took 30.0s. Waiting for server processing
I20260914 18:47:39.835539 300298 dfly_bench.cc:1001] ReceiveFb done
I20260914 18:47:39.835554 300306 dfly_bench.cc:1001] ReceiveFb done
I20260914 18:47:39.835539 300300 dfly_bench.cc:926] Done queuing 4294967295 requests, which took 30.0s. Waiting for server processing
I20260914 18:47:39.835582 300305 dfly_bench.cc:926] Done queuing 4294967295 requests, which took 30.0s. Waiting for server processing
I20260914 18:47:39.835587 300300 dfly_bench.cc:1001] ReceiveFb done
I20260914 18:47:39.835593 300305 dfly_bench.cc:1001] ReceiveFb done
I20260914 18:47:39.835578 300303 dfly_bench.cc:926] Done queuing 4294967295 requests, which took 30.0s. Waiting for server processing
I20260914 18:47:39.835532 300309 dfly_bench.cc:926] Done queuing 4294967295 requests, which took 30.0s. Waiting for server processing
I20260914 18:47:39.835556 300302 dfly_bench.cc:926] Done queuing 4294967295 requests, which took 30.0s. Waiting for server processing
I20260914 18:47:39.835574 300310 dfly_bench.cc:926] Done queuing 4294967295 requests, which took 30.0s. Waiting for server processing
I20260914 18:47:39.835613 300309 dfly_bench.cc:1001] ReceiveFb done
I20260914 18:47:39.835588 300296 dfly_bench.cc:926] Done queuing 4294967295 requests, which took 30.0s. Waiting for server processing
I20260914 18:47:39.835608 300303 dfly_bench.cc:1001] ReceiveFb done
I20260914 18:47:39.835614 300306 dfly_bench.cc:1126] Total hits: 672701
I20260914 18:47:39.835634 300305 dfly_bench.cc:1126] Total hits: 667154
I20260914 18:47:39.835629 300296 dfly_bench.cc:1001] ReceiveFb done
I20260914 18:47:39.835613 300298 dfly_bench.cc:926] Done queuing 4294967295 requests, which took 30.0s. Waiting for server processing
I20260914 18:47:39.835673 300303 dfly_bench.cc:1126] Total hits: 663775
I20260914 18:47:39.835619 300310 dfly_bench.cc:1001] ReceiveFb done
I20260914 18:47:39.835680 300298 dfly_bench.cc:1001] ReceiveFb done
I20260914 18:47:39.835615 300302 dfly_bench.cc:1001] ReceiveFb done
I20260914 18:47:39.835638 300309 dfly_bench.cc:926] Done queuing 4294967295 requests, which took 30.0s. Waiting for server processing
I20260914 18:47:39.835721 300310 dfly_bench.cc:1126] Total hits: 665379
I20260914 18:47:39.835732 300302 dfly_bench.cc:926] Done queuing 4294967295 requests, which took 30.0s. Waiting for server processing
I20260914 18:47:39.835731 300309 dfly_bench.cc:1001] ReceiveFb done
I20260914 18:47:39.835745 300302 dfly_bench.cc:1001] ReceiveFb done
I20260914 18:47:39.835728 300298 dfly_bench.cc:1126] Total hits: 668138
I20260914 18:47:39.835793 300302 dfly_bench.cc:1126] Total hits: 666248
I20260914 18:47:39.838754 300300 dfly_bench.cc:926] Done queuing 4294967295 requests, which took 30.0s. Waiting for server processing
I20260914 18:47:39.838759 300308 dfly_bench.cc:926] Done queuing 4294967295 requests, which took 30.0s. Waiting for server processing
I20260914 18:47:39.838766 300300 dfly_bench.cc:1001] ReceiveFb done
I20260914 18:47:39.838770 300308 dfly_bench.cc:1001] ReceiveFb done
I20260914 18:47:39.838776 300296 dfly_bench.cc:926] Done queuing 4294967295 requests, which took 30.0s. Waiting for server processing
I20260914 18:47:39.838771 300295 dfly_bench.cc:926] Done queuing 4294967295 requests, which took 30.0s. Waiting for server processing
I20260914 18:47:39.838786 300296 dfly_bench.cc:1001] ReceiveFb done
I20260914 18:47:39.838788 300295 dfly_bench.cc:1001] ReceiveFb done
I20260914 18:47:39.838805 300300 dfly_bench.cc:1126] Total hits: 658847
I20260914 18:47:39.838824 300296 dfly_bench.cc:1126] Total hits: 670502
I20260914 18:47:39.838846 300307 dfly_bench.cc:926] Done queuing 4294967295 requests, which took 30.0s. Waiting for server processing
I20260914 18:47:39.838863 300309 dfly_bench.cc:926] Done queuing 4294967295 requests, which took 30.0s. Waiting for server processing
I20260914 18:47:39.838865 300307 dfly_bench.cc:1001] ReceiveFb done
I20260914 18:47:39.838872 300309 dfly_bench.cc:1001] ReceiveFb done
I20260914 18:47:39.838912 300309 dfly_bench.cc:1126] Total hits: 658986
I20260914 18:47:39.838923 300299 dfly_bench.cc:926] Done queuing 4294967295 requests, which took 30.0s. Waiting for server processing
I20260914 18:47:39.838933 300299 dfly_bench.cc:1001] ReceiveFb done
I20260914 18:47:39.838972 300299 dfly_bench.cc:1126] Total hits: 669936
I20260914 18:47:39.839143 300295 dfly_bench.cc:926] Done queuing 4294967295 requests, which took 30.0s. Waiting for server processing
I20260914 18:47:39.839154 300295 dfly_bench.cc:1001] ReceiveFb done
I20260914 18:47:39.839190 300295 dfly_bench.cc:1126] Total hits: 660185
I20260914 18:47:39.839434 300307 dfly_bench.cc:926] Done queuing 4294967295 requests, which took 30.0s. Waiting for server processing
I20260914 18:47:39.839447 300307 dfly_bench.cc:1001] ReceiveFb done
I20260914 18:47:39.839449 300308 dfly_bench.cc:926] Done queuing 4294967295 requests, which took 30.0s. Waiting for server processing
I20260914 18:47:39.839457 300308 dfly_bench.cc:1001] ReceiveFb done
I20260914 18:47:39.839461 300304 dfly_bench.cc:926] Done queuing 4294967295 requests, which took 30.0s. Waiting for server processing
I20260914 18:47:39.839470 300304 dfly_bench.cc:1001] ReceiveFb done
I20260914 18:47:39.839470 300297 dfly_bench.cc:926] Done queuing 4294967295 requests, which took 30.0s. Waiting for server processing
I20260914 18:47:39.839485 300307 dfly_bench.cc:1126] Total hits: 667094
I20260914 18:47:39.839491 300297 dfly_bench.cc:1001] ReceiveFb done
I20260914 18:47:39.839495 300308 dfly_bench.cc:1126] Total hits: 658865
I20260914 18:47:39.842453 300297 dfly_bench.cc:926] Done queuing 4294967295 requests, which took 30.0s. Waiting for server processing
I20260914 18:47:39.842468 300297 dfly_bench.cc:1001] ReceiveFb done
I20260914 18:47:39.842489 300304 dfly_bench.cc:926] Done queuing 4294967295 requests, which took 30.0s. Waiting for server processing
I20260914 18:47:39.842500 300304 dfly_bench.cc:1001] ReceiveFb done
I20260914 18:47:39.842505 300297 dfly_bench.cc:1126] Total hits: 667927
I20260914 18:47:39.842540 300304 dfly_bench.cc:1126] Total hits: 667550
I20260914 18:47:40.833842 300294 dfly_bench.cc:1711] Resetting all threads

Total time: 30.015347243s. Overall number of requests: 21288910, QPS: 708990, P99 lat: 6468.96us
I20260914 18:47:40.834455 300294 dfly_bench.cc:1721] 
Total time: 30.015347243s. Overall number of requests: 21288910, QPS: 708990, P99 lat: 6468.96us
Latency summary, all times are in usec:
Count: 21288910 Average: 899.9130
Min: 147.0000  Median: 612.0972  Max: 203676.0000
------------------------------------------------------
[     140,     160 ) 165   0.001%   0.001% 
[     160,     180 ) 4100   0.019%   0.020% 
[     180,     200 ) 22341   0.105%   0.125% 
[     200,     250 ) 241398   1.134%   1.259% 
[     250,     300 ) 598407   2.811%   4.070% #
[     300,     350 ) 972509   4.568%   8.638% #
[     350,     400 ) 1346311   6.324%  14.962% #
[     400,     450 ) 1609287   7.559%  22.521% ##
[     450,     500 ) 1776790   8.346%  30.867% ##
[     500,     600 ) 3685792  17.313%  48.180% ###
[     600,     700 ) 3202027  15.041%  63.221% ###
[     700,     800 ) 2386599  11.211%  74.432% ##
[     800,     900 ) 1540107   7.234%  81.666% #
[     900,    1000 ) 891075   4.186%  85.852% #
[    1000,    1200 ) 797621   3.747%  89.598% #
[    1200,    1400 ) 321609   1.511%  91.109% 
[    1400,    1600 ) 195907   0.920%  92.029% 
[    1600,    1800 ) 144860   0.680%  92.710% 
[    1800,    2000 ) 114594   0.538%  93.248% 
[    2000,    2500 ) 223935   1.052%  94.300% 
[    2500,    3000 ) 188792   0.887%  95.187% 
[    3000,    3500 ) 169072   0.794%  95.981% 
[    3500,    4000 ) 153291   0.720%  96.701% 
[    4000,    4500 ) 137316   0.645%  97.346% 
[    4500,    5000 ) 120050   0.564%  97.910% 
[    5000,    6000 ) 180568   0.848%  98.758% 
[    6000,    7000 ) 109809   0.516%  99.274% 
[    7000,    8000 ) 64975   0.305%  99.579% 
[    8000,    9000 ) 39375   0.185%  99.764% 
[    9000,   10000 ) 22330   0.105%  99.869% 
[   10000,   12000 ) 16492   0.077%  99.946% 
[   12000,   14000 ) 5549   0.026%  99.972% 
[   14000,   16000 ) 1638   0.008%  99.980% 
[   16000,   18000 ) 423   0.002%  99.982% 
[   18000,   20000 ) 200   0.001%  99.983% 
[   20000,   25000 ) 526   0.002%  99.986% 
[   25000,   30000 ) 371   0.002%  99.987% 
[   30000,   35000 ) 200   0.001%  99.988% 
[   35000,   40000 ) 137   0.001%  99.989% 
[   40000,   45000 ) 240   0.001%  99.990% 
[   45000,   50000 ) 165   0.001%  99.991% 
[   50000,   60000 ) 454   0.002%  99.993% 
[   60000,   70000 ) 331   0.002%  99.994% 
[   70000,   80000 ) 271   0.001%  99.996% 
[   80000,   90000 ) 224   0.001%  99.997% 
[   90000,  100000 ) 47   0.000%  99.997% 
[  100000,  120000 ) 195   0.001%  99.998% 
[  120000,  140000 ) 338   0.002% 100.000% 
[  140000,  160000 ) 36   0.000% 100.000% 
[  160000,  180000 ) 23   0.000% 100.000% 
[  180000,  200000 ) 37   0.000% 100.000% 
[  200000,  250000 ) 1   0.000% 100.000% 
----------------------------------
Hit rate: 100%
I20260914 18:47:40.834481 300294 dfly_bench.cc:1730] Latency summary, all times are in usec:
Count: 21288910 Average: 899.9130
Min: 147.0000  Median: 612.0972  Max: 203676.0000
------------------------------------------------------
[     140,     160 ) 165   0.001%   0.001% 
[     160,     180 ) 4100   0.019%   0.020% 
[     180,     200 ) 22341   0.105%   0.125% 
[     200,     250 ) 241398   1.134%   1.259% 
[     250,     300 ) 598407   2.811%   4.070% #
[     300,     350 ) 972509   4.568%   8.638% #
[     350,     400 ) 1346311   6.324%  14.962% #
[     400,     450 ) 1609287   7.559%  22.521% ##
[     450,     500 ) 1776790   8.346%  30.867% ##
[     500,     600 ) 3685792  17.313%  48.180% ###
[     600,     700 ) 3202027  15.041%  63.221% ###
[     700,     800 ) 2386599  11.211%  74.432% ##
[     800,     900 ) 1540107   7.234%  81.666% #
[     900,    1000 ) 891075   4.186%  85.852% #
[    1000,    1200 ) 797621   3.747%  89.598% #
[    1200,    1400 ) 321609   1.511%  91.109% 
[    1400,    1600 ) 195907   0.920%  92.029% 
[    1600,    1800 ) 144860   0.680%  92.710% 
[    1800,    2000 ) 114594   0.538%  93.248% 
[    2000,    2500 ) 223935   1.052%  94.300% 
[    2500,    3000 ) 188792   0.887%  95.187% 
[    3000,    3500 ) 169072   0.794%  95.981% 
[    3500,    4000 ) 153291   0.720%  96.701% 
[    4000,    4500 ) 137316   0.645%  97.346% 
[    4500,    5000 ) 120050   0.564%  97.910% 
[    5000,    6000 ) 180568   0.848%  98.758% 
[    6000,    7000 ) 109809   0.516%  99.274% 
[    7000,    8000 ) 64975   0.305%  99.579% 
[    8000,    9000 ) 39375   0.185%  99.764% 
[    9000,   10000 ) 22330   0.105%  99.869% 
[   10000,   12000 ) 16492   0.077%  99.946% 
[   12000,   14000 ) 5549   0.026%  99.972% 
[   14000,   16000 ) 1638   0.008%  99.980% 
[   16000,   18000 ) 423   0.002%  99.982% 
[   18000,   20000 ) 200   0.001%  99.983% 
[   20000,   25000 ) 526   0.002%  99.986% 
[   25000,   30000 ) 371   0.002%  99.987% 
[   30000,   35000 ) 200   0.001%  99.988% 
[   35000,   40000 ) 137   0.001%  99.989% 
[   40000,   45000 ) 240   0.001%  99.990% 
[   45000,   50000 ) 165   0.001%  99.991% 
[   50000,   60000 ) 454   0.002%  99.993% 
[   60000,   70000 ) 331   0.002%  99.994% 
[   70000,   80000 ) 271   0.001%  99.996% 
[   80000,   90000 ) 224   0.001%  99.997% 
[   90000,  100000 ) 47   0.000%  99.997% 
[  100000,  120000 ) 195   0.001%  99.998% 
[  120000,  140000 ) 338   0.002% 100.000% 
[  140000,  160000 ) 36   0.000% 100.000% 
[  160000,  180000 ) 23   0.000% 100.000% 
[  180000,  200000 ) 37   0.000% 100.000% 
[  200000,  250000 ) 1   0.000% 100.000% 
I20260914 18:47:40.834530 300294 dfly_bench.cc:1732] ----------------------------------
Hit rate: 100%
