I20260914 17:28:32.474436 293997 init.cc:144] /mnt/dev/dfly-get-issue20-20260909/dfly_bench-x86_64 running in opt mode.
I20260914 17:28:32.475013 293998 uring_proactor.cc:263] IORing with 256 entries, allocated 24640 bytes, cq_entries is 512
I20260914 17:28:32.476176 293997 proactor_pool.cc:149] Running 16 io threads
I20260914 17:28:32.477658 293999 dfly_bench.cc:1512] Cluster spec: 880bb8cd68f83f4ca30a0d492933463531156f1d 172.16.0.4:6379@0 myself,master - 0 0 1 connected 0-16383
Connecting to 1 shard cluster
I20260914 17:28:32.477735 293997 dfly_bench.cc:1624] Connecting to 1 shard cluster
I20260914 17:28:32.477767 293998 dfly_bench.cc:1640] Seeding bitgen with seed 13679457532755275413
I20260914 17:28:32.477780 294002 dfly_bench.cc:1640] Seeding bitgen with seed 12481025763002990426
I20260914 17:28:32.477788 294005 dfly_bench.cc:1640] Seeding bitgen with seed 2503023328373235847
I20260914 17:28:32.477805 294007 dfly_bench.cc:1640] Seeding bitgen with seed 5466169337352252795
I20260914 17:28:32.477814 294010 dfly_bench.cc:1640] Seeding bitgen with seed 10144007605128035131
I20260914 17:28:32.477785 294006 dfly_bench.cc:1640] Seeding bitgen with seed 14409239773818910091
I20260914 17:28:32.477783 294003 dfly_bench.cc:1640] Seeding bitgen with seed 2056569053324758029
I20260914 17:28:32.477813 294009 dfly_bench.cc:1640] Seeding bitgen with seed 5209412506023851798
I20260914 17:28:32.477773 294000 dfly_bench.cc:1640] Seeding bitgen with seed 14933144304075557485
I20260914 17:28:32.477811 294008 dfly_bench.cc:1640] Seeding bitgen with seed 13379591377107037830
I20260914 17:28:32.477823 294012 dfly_bench.cc:1640] Seeding bitgen with seed 906930385563774169
I20260914 17:28:32.477829 294013 dfly_bench.cc:1640] Seeding bitgen with seed 17038306936092701182
I20260914 17:28:32.477767 293999 dfly_bench.cc:1640] Seeding bitgen with seed 9137025405167583488
I20260914 17:28:32.477818 294011 dfly_bench.cc:1640] Seeding bitgen with seed 12787670241224771080
I20260914 17:28:32.477785 294004 dfly_bench.cc:1640] Seeding bitgen with seed 15449793331780352531
I20260914 17:28:32.477777 294001 dfly_bench.cc:1640] Seeding bitgen with seed 14578222796510442015
Coordinated omission mode - the rate is determined by the server
I20260914 17:28:32.540602 293997 dfly_bench.cc:1686] Coordinated omission mode - the rate is determined by the server
I20260914 17:28:32.544243 294000 dfly_bench.cc:1418] Started watching
I20260914 17:28:35.544014 294003 dfly_bench.cc:926] Done queuing 4294967295 requests, which took 3.0s. Waiting for server processing
I20260914 17:28:35.544083 294005 dfly_bench.cc:926] Done queuing 4294967295 requests, which took 3.0s. Waiting for server processing
I20260914 17:28:35.544127 294003 dfly_bench.cc:1001] ReceiveFb done
I20260914 17:28:35.544104 294007 dfly_bench.cc:926] Done queuing 4294967295 requests, which took 3.0s. Waiting for server processing
I20260914 17:28:35.544163 293998 dfly_bench.cc:926] Done queuing 4294967295 requests, which took 3.0s. Waiting for server processing
I20260914 17:28:35.544180 294005 dfly_bench.cc:1001] ReceiveFb done
I20260914 17:28:35.544153 294001 dfly_bench.cc:926] Done queuing 4294967295 requests, which took 3.0s. Waiting for server processing
I20260914 17:28:35.544183 294007 dfly_bench.cc:926] Done queuing 4294967295 requests, which took 3.0s. Waiting for server processing
I20260914 17:28:35.544064 294004 dfly_bench.cc:926] Done queuing 4294967295 requests, which took 3.0s. Waiting for server processing
I20260914 17:28:35.544214 294001 dfly_bench.cc:1001] ReceiveFb done
I20260914 17:28:35.544189 293998 dfly_bench.cc:926] Done queuing 4294967295 requests, which took 3.0s. Waiting for server processing
I20260914 17:28:35.544258 293998 dfly_bench.cc:926] Done queuing 4294967295 requests, which took 3.0s. Waiting for server processing
I20260914 17:28:35.544258 294009 dfly_bench.cc:926] Done queuing 4294967295 requests, which took 3.0s. Waiting for server processing
I20260914 17:28:35.544246 294013 dfly_bench.cc:926] Done queuing 4294967295 requests, which took 3.0s. Waiting for server processing
I20260914 17:28:35.544335 294009 dfly_bench.cc:1001] ReceiveFb done
I20260914 17:28:35.544203 294012 dfly_bench.cc:926] Done queuing 4294967295 requests, which took 3.0s. Waiting for server processing
I20260914 17:28:35.544365 294001 dfly_bench.cc:926] Done queuing 4294967295 requests, which took 3.0s. Waiting for server processing
I20260914 17:28:35.544345 294013 dfly_bench.cc:926] Done queuing 4294967295 requests, which took 3.0s. Waiting for server processing
I20260914 17:28:35.544379 294001 dfly_bench.cc:926] Done queuing 4294967295 requests, which took 3.0s. Waiting for server processing
I20260914 17:28:35.544209 294005 dfly_bench.cc:926] Done queuing 4294967295 requests, which took 3.0s. Waiting for server processing
I20260914 17:28:35.544222 294006 dfly_bench.cc:926] Done queuing 4294967295 requests, which took 3.0s. Waiting for server processing
I20260914 17:28:35.544320 294004 dfly_bench.cc:1001] ReceiveFb done
I20260914 17:28:35.544314 294002 dfly_bench.cc:926] Done queuing 4294967295 requests, which took 3.0s. Waiting for server processing
I20260914 17:28:35.544420 294013 dfly_bench.cc:1001] ReceiveFb done
I20260914 17:28:35.544348 294008 dfly_bench.cc:926] Done queuing 4294967295 requests, which took 3.0s. Waiting for server processing
I20260914 17:28:35.544248 294003 dfly_bench.cc:926] Done queuing 4294967295 requests, which took 3.0s. Waiting for server processing
I20260914 17:28:35.544224 294007 dfly_bench.cc:926] Done queuing 4294967295 requests, which took 3.0s. Waiting for server processing
I20260914 17:28:35.544436 294006 dfly_bench.cc:1001] ReceiveFb done
I20260914 17:28:35.544400 294012 dfly_bench.cc:1001] ReceiveFb done
I20260914 17:28:35.544428 294002 dfly_bench.cc:926] Done queuing 4294967295 requests, which took 3.0s. Waiting for server processing
I20260914 17:28:35.544451 294003 dfly_bench.cc:926] Done queuing 4294967295 requests, which took 3.0s. Waiting for server processing
I20260914 17:28:35.544368 294000 dfly_bench.cc:926] Done queuing 4294967295 requests, which took 3.0s. Waiting for server processing
I20260914 17:28:35.544479 294009 dfly_bench.cc:926] Done queuing 4294967295 requests, which took 3.0s. Waiting for server processing
I20260914 17:28:35.544456 294013 dfly_bench.cc:1001] ReceiveFb done
I20260914 17:28:35.544454 294007 dfly_bench.cc:926] Done queuing 4294967295 requests, which took 3.0s. Waiting for server processing
I20260914 17:28:35.544426 294001 dfly_bench.cc:1001] ReceiveFb done
I20260914 17:28:35.544505 294013 dfly_bench.cc:926] Done queuing 4294967295 requests, which took 3.0s. Waiting for server processing
I20260914 17:28:35.544510 294000 dfly_bench.cc:1001] ReceiveFb done
I20260914 17:28:35.544495 294009 dfly_bench.cc:926] Done queuing 4294967295 requests, which took 3.0s. Waiting for server processing
I20260914 17:28:35.544369 294011 dfly_bench.cc:926] Done queuing 4294967295 requests, which took 3.0s. Waiting for server processing
I20260914 17:28:35.544541 294003 dfly_bench.cc:1001] ReceiveFb done
I20260914 17:28:35.544535 294007 dfly_bench.cc:1001] ReceiveFb done
I20260914 17:28:35.544294 293998 dfly_bench.cc:1001] ReceiveFb done
I20260914 17:28:35.544497 294005 dfly_bench.cc:1001] ReceiveFb done
I20260914 17:28:35.544634 294013 dfly_bench.cc:1001] ReceiveFb done
I20260914 17:28:35.544394 294010 dfly_bench.cc:926] Done queuing 4294967295 requests, which took 3.0s. Waiting for server processing
I20260914 17:28:35.544660 294007 dfly_bench.cc:1001] ReceiveFb done
I20260914 17:28:35.544411 293999 dfly_bench.cc:926] Done queuing 4294967295 requests, which took 3.0s. Waiting for server processing
I20260914 17:28:35.544678 294000 dfly_bench.cc:926] Done queuing 4294967295 requests, which took 3.0s. Waiting for server processing
I20260914 17:28:35.544680 294007 dfly_bench.cc:1001] ReceiveFb done
I20260914 17:28:35.544489 294008 dfly_bench.cc:1001] ReceiveFb done
I20260914 17:28:35.544512 294002 dfly_bench.cc:1001] ReceiveFb done
I20260914 17:28:35.544725 294000 dfly_bench.cc:1001] ReceiveFb done
I20260914 17:28:35.544670 294010 dfly_bench.cc:926] Done queuing 4294967295 requests, which took 3.0s. Waiting for server processing
I20260914 17:28:35.544546 294001 dfly_bench.cc:1001] ReceiveFb done
I20260914 17:28:35.544565 294012 dfly_bench.cc:926] Done queuing 4294967295 requests, which took 3.0s. Waiting for server processing
I20260914 17:28:35.544728 294007 dfly_bench.cc:1001] ReceiveFb done
I20260914 17:28:35.544680 294011 dfly_bench.cc:1001] ReceiveFb done
I20260914 17:28:35.544749 294000 dfly_bench.cc:926] Done queuing 4294967295 requests, which took 3.0s. Waiting for server processing
I20260914 17:28:35.544762 294013 dfly_bench.cc:926] Done queuing 4294967295 requests, which took 3.0s. Waiting for server processing
I20260914 17:28:35.544605 294004 dfly_bench.cc:926] Done queuing 4294967295 requests, which took 3.0s. Waiting for server processing
I20260914 17:28:35.544728 293999 dfly_bench.cc:1001] ReceiveFb done
I20260914 17:28:35.544673 293998 dfly_bench.cc:1001] ReceiveFb done
I20260914 17:28:35.544800 294004 dfly_bench.cc:926] Done queuing 4294967295 requests, which took 3.0s. Waiting for server processing
I20260914 17:28:35.544536 294009 dfly_bench.cc:926] Done queuing 4294967295 requests, which took 3.0s. Waiting for server processing
I20260914 17:28:35.544579 294003 dfly_bench.cc:1001] ReceiveFb done
I20260914 17:28:35.544822 293998 dfly_bench.cc:1001] ReceiveFb done
I20260914 17:28:35.544817 294010 dfly_bench.cc:1001] ReceiveFb done
I20260914 17:28:35.544759 294001 dfly_bench.cc:926] Done queuing 4294967295 requests, which took 3.0s. Waiting for server processing
I20260914 17:28:35.544751 294002 dfly_bench.cc:1001] ReceiveFb done
I20260914 17:28:35.544786 294000 dfly_bench.cc:926] Done queuing 4294967295 requests, which took 3.0s. Waiting for server processing
I20260914 17:28:35.544844 294011 dfly_bench.cc:926] Done queuing 4294967295 requests, which took 3.0s. Waiting for server processing
I20260914 17:28:35.544826 294009 dfly_bench.cc:926] Done queuing 4294967295 requests, which took 3.0s. Waiting for server processing
I20260914 17:28:35.544827 294008 dfly_bench.cc:926] Done queuing 4294967295 requests, which took 3.0s. Waiting for server processing
I20260914 17:28:35.544854 294000 dfly_bench.cc:926] Done queuing 4294967295 requests, which took 3.0s. Waiting for server processing
I20260914 17:28:35.544813 294004 dfly_bench.cc:926] Done queuing 4294967295 requests, which took 3.0s. Waiting for server processing
I20260914 17:28:35.544847 294003 dfly_bench.cc:926] Done queuing 4294967295 requests, which took 3.0s. Waiting for server processing
I20260914 17:28:35.544854 294010 dfly_bench.cc:1001] ReceiveFb done
I20260914 17:28:35.544876 294003 dfly_bench.cc:926] Done queuing 4294967295 requests, which took 3.0s. Waiting for server processing
I20260914 17:28:35.544865 294009 dfly_bench.cc:926] Done queuing 4294967295 requests, which took 3.0s. Waiting for server processing
I20260914 17:28:35.544566 294006 dfly_bench.cc:926] Done queuing 4294967295 requests, which took 3.0s. Waiting for server processing
I20260914 17:28:35.544765 294005 dfly_bench.cc:926] Done queuing 4294967295 requests, which took 3.0s. Waiting for server processing
I20260914 17:28:35.544751 294012 dfly_bench.cc:926] Done queuing 4294967295 requests, which took 3.0s. Waiting for server processing
I20260914 17:28:35.544790 294013 dfly_bench.cc:926] Done queuing 4294967295 requests, which took 3.0s. Waiting for server processing
I20260914 17:28:35.544895 294003 dfly_bench.cc:926] Done queuing 4294967295 requests, which took 3.0s. Waiting for server processing
I20260914 17:28:35.544895 294011 dfly_bench.cc:1001] ReceiveFb done
I20260914 17:28:35.544868 294000 dfly_bench.cc:926] Done queuing 4294967295 requests, which took 3.0s. Waiting for server processing
I20260914 17:28:35.544920 294007 dfly_bench.cc:926] Done queuing 4294967295 requests, which took 3.0s. Waiting for server processing
I20260914 17:28:35.544910 294005 dfly_bench.cc:926] Done queuing 4294967295 requests, which took 3.0s. Waiting for server processing
I20260914 17:28:35.544945 294007 dfly_bench.cc:926] Done queuing 4294967295 requests, which took 3.0s. Waiting for server processing
I20260914 17:28:35.544951 294006 dfly_bench.cc:1001] ReceiveFb done
I20260914 17:28:35.544953 294005 dfly_bench.cc:926] Done queuing 4294967295 requests, which took 3.0s. Waiting for server processing
I20260914 17:28:35.544853 294001 dfly_bench.cc:926] Done queuing 4294967295 requests, which took 3.0s. Waiting for server processing
I20260914 17:28:35.544970 294009 dfly_bench.cc:1001] ReceiveFb done
I20260914 17:28:35.544981 294001 dfly_bench.cc:926] Done queuing 4294967295 requests, which took 3.0s. Waiting for server processing
I20260914 17:28:35.544910 294012 dfly_bench.cc:926] Done queuing 4294967295 requests, which took 3.0s. Waiting for server processing
I20260914 17:28:35.545001 294012 dfly_bench.cc:926] Done queuing 4294967295 requests, which took 3.0s. Waiting for server processing
I20260914 17:28:35.545020 294000 dfly_bench.cc:1001] ReceiveFb done
I20260914 17:28:35.544991 294001 dfly_bench.cc:926] Done queuing 4294967295 requests, which took 3.0s. Waiting for server processing
I20260914 17:28:35.544917 294003 dfly_bench.cc:926] Done queuing 4294967295 requests, which took 3.0s. Waiting for server processing
I20260914 17:28:35.545138 294003 dfly_bench.cc:926] Done queuing 4294967295 requests, which took 3.0s. Waiting for server processing
I20260914 17:28:35.544911 293999 dfly_bench.cc:926] Done queuing 4294967295 requests, which took 3.0s. Waiting for server processing
I20260914 17:28:35.544865 294008 dfly_bench.cc:926] Done queuing 4294967295 requests, which took 3.0s. Waiting for server processing
I20260914 17:28:35.544999 294009 dfly_bench.cc:1001] ReceiveFb done
I20260914 17:28:35.544974 294006 dfly_bench.cc:926] Done queuing 4294967295 requests, which took 3.0s. Waiting for server processing
I20260914 17:28:35.545019 294012 dfly_bench.cc:926] Done queuing 4294967295 requests, which took 3.0s. Waiting for server processing
I20260914 17:28:35.545192 294006 dfly_bench.cc:926] Done queuing 4294967295 requests, which took 3.0s. Waiting for server processing
I20260914 17:28:35.545202 294012 dfly_bench.cc:926] Done queuing 4294967295 requests, which took 3.0s. Waiting for server processing
I20260914 17:28:35.545197 294009 dfly_bench.cc:1001] ReceiveFb done
I20260914 17:28:35.544930 294011 dfly_bench.cc:926] Done queuing 4294967295 requests, which took 3.0s. Waiting for server processing
I20260914 17:28:35.545212 294012 dfly_bench.cc:926] Done queuing 4294967295 requests, which took 3.0s. Waiting for server processing
I20260914 17:28:35.545208 294006 dfly_bench.cc:926] Done queuing 4294967295 requests, which took 3.0s. Waiting for server processing
I20260914 17:28:35.545221 294012 dfly_bench.cc:926] Done queuing 4294967295 requests, which took 3.0s. Waiting for server processing
I20260914 17:28:35.545010 294002 dfly_bench.cc:926] Done queuing 4294967295 requests, which took 3.0s. Waiting for server processing
I20260914 17:28:35.545228 294006 dfly_bench.cc:926] Done queuing 4294967295 requests, which took 3.0s. Waiting for server processing
I20260914 17:28:35.545229 294012 dfly_bench.cc:926] Done queuing 4294967295 requests, which took 3.0s. Waiting for server processing
I20260914 17:28:35.544917 294013 dfly_bench.cc:926] Done queuing 4294967295 requests, which took 3.0s. Waiting for server processing
I20260914 17:28:35.545010 294010 dfly_bench.cc:926] Done queuing 4294967295 requests, which took 3.0s. Waiting for server processing
I20260914 17:28:35.545246 294013 dfly_bench.cc:926] Done queuing 4294967295 requests, which took 3.0s. Waiting for server processing
I20260914 17:28:35.544955 294007 dfly_bench.cc:926] Done queuing 4294967295 requests, which took 3.0s. Waiting for server processing
I20260914 17:28:35.545229 294011 dfly_bench.cc:926] Done queuing 4294967295 requests, which took 3.0s. Waiting for server processing
I20260914 17:28:35.545089 294000 dfly_bench.cc:1001] ReceiveFb done
I20260914 17:28:35.545255 294010 dfly_bench.cc:926] Done queuing 4294967295 requests, which took 3.0s. Waiting for server processing
I20260914 17:28:35.544974 293998 dfly_bench.cc:926] Done queuing 4294967295 requests, which took 3.0s. Waiting for server processing
I20260914 17:28:35.545230 294009 dfly_bench.cc:1001] ReceiveFb done
I20260914 17:28:35.545290 294010 dfly_bench.cc:926] Done queuing 4294967295 requests, which took 3.0s. Waiting for server processing
I20260914 17:28:35.545267 294011 dfly_bench.cc:926] Done queuing 4294967295 requests, which took 3.0s. Waiting for server processing
I20260914 17:28:35.545258 294013 dfly_bench.cc:926] Done queuing 4294967295 requests, which took 3.0s. Waiting for server processing
I20260914 17:28:35.545151 294003 dfly_bench.cc:926] Done queuing 4294967295 requests, which took 3.0s. Waiting for server processing
I20260914 17:28:35.544875 294004 dfly_bench.cc:926] Done queuing 4294967295 requests, which took 3.0s. Waiting for server processing
I20260914 17:28:35.545163 293999 dfly_bench.cc:926] Done queuing 4294967295 requests, which took 3.0s. Waiting for server processing
I20260914 17:28:35.545310 294011 dfly_bench.cc:926] Done queuing 4294967295 requests, which took 3.0s. Waiting for server processing
I20260914 17:28:35.545224 294008 dfly_bench.cc:1001] ReceiveFb done
I20260914 17:28:35.545234 294006 dfly_bench.cc:926] Done queuing 4294967295 requests, which took 3.0s. Waiting for server processing
I20260914 17:28:35.545239 294002 dfly_bench.cc:926] Done queuing 4294967295 requests, which took 3.0s. Waiting for server processing
I20260914 17:28:35.545262 294007 dfly_bench.cc:926] Done queuing 4294967295 requests, which took 3.0s. Waiting for server processing
I20260914 17:28:35.545315 294009 dfly_bench.cc:1001] ReceiveFb done
I20260914 17:28:35.545120 294001 dfly_bench.cc:926] Done queuing 4294967295 requests, which took 3.0s. Waiting for server processing
I20260914 17:28:35.545303 294010 dfly_bench.cc:926] Done queuing 4294967295 requests, which took 3.0s. Waiting for server processing
I20260914 17:28:35.545308 294013 dfly_bench.cc:926] Done queuing 4294967295 requests, which took 3.0s. Waiting for server processing
I20260914 17:28:35.545240 294012 dfly_bench.cc:926] Done queuing 4294967295 requests, which took 3.0s. Waiting for server processing
I20260914 17:28:35.545323 294011 dfly_bench.cc:926] Done queuing 4294967295 requests, which took 3.0s. Waiting for server processing
I20260914 17:28:35.544977 294005 dfly_bench.cc:926] Done queuing 4294967295 requests, which took 3.0s. Waiting for server processing
I20260914 17:28:35.545337 294008 dfly_bench.cc:1001] ReceiveFb done
I20260914 17:28:35.545334 294002 dfly_bench.cc:926] Done queuing 4294967295 requests, which took 3.0s. Waiting for server processing
I20260914 17:28:35.545321 293999 dfly_bench.cc:926] Done queuing 4294967295 requests, which took 3.0s. Waiting for server processing
I20260914 17:28:35.545342 294001 dfly_bench.cc:926] Done queuing 4294967295 requests, which took 3.0s. Waiting for server processing
I20260914 17:28:35.545363 294005 dfly_bench.cc:926] Done queuing 4294967295 requests, which took 3.0s. Waiting for server processing
I20260914 17:28:35.545348 294013 dfly_bench.cc:926] Done queuing 4294967295 requests, which took 3.0s. Waiting for server processing
I20260914 17:28:35.545313 294003 dfly_bench.cc:926] Done queuing 4294967295 requests, which took 3.0s. Waiting for server processing
I20260914 17:28:35.545336 294007 dfly_bench.cc:926] Done queuing 4294967295 requests, which took 3.0s. Waiting for server processing
I20260914 17:28:35.545368 294002 dfly_bench.cc:926] Done queuing 4294967295 requests, which took 3.0s. Waiting for server processing
I20260914 17:28:35.545380 293999 dfly_bench.cc:926] Done queuing 4294967295 requests, which took 3.0s. Waiting for server processing
I20260914 17:28:35.545352 293998 dfly_bench.cc:1001] ReceiveFb done
I20260914 17:28:35.545394 293999 dfly_bench.cc:926] Done queuing 4294967295 requests, which took 3.0s. Waiting for server processing
I20260914 17:28:35.545378 294003 dfly_bench.cc:926] Done queuing 4294967295 requests, which took 3.0s. Waiting for server processing
I20260914 17:28:35.545352 294012 dfly_bench.cc:926] Done queuing 4294967295 requests, which took 3.0s. Waiting for server processing
I20260914 17:28:35.545316 294004 dfly_bench.cc:926] Done queuing 4294967295 requests, which took 3.0s. Waiting for server processing
I20260914 17:28:35.545414 294004 dfly_bench.cc:926] Done queuing 4294967295 requests, which took 3.0s. Waiting for server processing
I20260914 17:28:35.545302 294000 dfly_bench.cc:1001] ReceiveFb done
I20260914 17:28:35.545375 294008 dfly_bench.cc:926] Done queuing 4294967295 requests, which took 3.0s. Waiting for server processing
I20260914 17:28:35.545373 294005 dfly_bench.cc:926] Done queuing 4294967295 requests, which took 3.0s. Waiting for server processing
I20260914 17:28:35.545354 294009 dfly_bench.cc:926] Done queuing 4294967295 requests, which took 3.0s. Waiting for server processing
I20260914 17:28:35.545432 294008 dfly_bench.cc:926] Done queuing 4294967295 requests, which took 3.0s. Waiting for server processing
I20260914 17:28:35.545347 294010 dfly_bench.cc:926] Done queuing 4294967295 requests, which took 3.0s. Waiting for server processing
I20260914 17:28:35.545379 294007 dfly_bench.cc:926] Done queuing 4294967295 requests, which took 3.0s. Waiting for server processing
I20260914 17:28:35.545426 294004 dfly_bench.cc:926] Done queuing 4294967295 requests, which took 3.0s. Waiting for server processing
I20260914 17:28:35.545328 294006 dfly_bench.cc:926] Done queuing 4294967295 requests, which took 3.0s. Waiting for server processing
I20260914 17:28:35.545377 294001 dfly_bench.cc:926] Done queuing 4294967295 requests, which took 3.0s. Waiting for server processing
I20260914 17:28:35.545387 294002 dfly_bench.cc:926] Done queuing 4294967295 requests, which took 3.0s. Waiting for server processing
I20260914 17:28:35.545473 294006 dfly_bench.cc:926] Done queuing 4294967295 requests, which took 3.0s. Waiting for server processing
I20260914 17:28:35.545410 294012 dfly_bench.cc:926] Done queuing 4294967295 requests, which took 3.0s. Waiting for server processing
I20260914 17:28:35.545493 294005 dfly_bench.cc:1001] ReceiveFb done
I20260914 17:28:35.545428 294013 dfly_bench.cc:1001] ReceiveFb done
I20260914 17:28:35.545444 294008 dfly_bench.cc:926] Done queuing 4294967295 requests, which took 3.0s. Waiting for server processing
I20260914 17:28:35.545457 294007 dfly_bench.cc:926] Done queuing 4294967295 requests, which took 3.0s. Waiting for server processing
I20260914 17:28:35.545409 294003 dfly_bench.cc:926] Done queuing 4294967295 requests, which took 3.0s. Waiting for server processing
I20260914 17:28:35.545354 294011 dfly_bench.cc:926] Done queuing 4294967295 requests, which took 3.0s. Waiting for server processing
I20260914 17:28:35.545444 294009 dfly_bench.cc:926] Done queuing 4294967295 requests, which took 3.0s. Waiting for server processing
I20260914 17:28:35.545418 293999 dfly_bench.cc:926] Done queuing 4294967295 requests, which took 3.0s. Waiting for server processing
I20260914 17:28:35.545471 294001 dfly_bench.cc:926] Done queuing 4294967295 requests, which took 3.0s. Waiting for server processing
I20260914 17:28:35.545410 293998 dfly_bench.cc:926] Done queuing 4294967295 requests, which took 3.0s. Waiting for server processing
I20260914 17:28:35.545512 294005 dfly_bench.cc:1001] ReceiveFb done
I20260914 17:28:35.545487 294006 dfly_bench.cc:926] Done queuing 4294967295 requests, which took 3.0s. Waiting for server processing
I20260914 17:28:35.545442 294000 dfly_bench.cc:1001] ReceiveFb done
I20260914 17:28:35.545522 294003 dfly_bench.cc:926] Done queuing 4294967295 requests, which took 3.0s. Waiting for server processing
I20260914 17:28:35.545485 294002 dfly_bench.cc:926] Done queuing 4294967295 requests, which took 3.0s. Waiting for server processing
I20260914 17:28:35.545537 293999 dfly_bench.cc:926] Done queuing 4294967295 requests, which took 3.0s. Waiting for server processing
I20260914 17:28:35.545526 294011 dfly_bench.cc:926] Done queuing 4294967295 requests, which took 3.0s. Waiting for server processing
I20260914 17:28:35.545528 294001 dfly_bench.cc:926] Done queuing 4294967295 requests, which took 3.0s. Waiting for server processing
I20260914 17:28:35.545547 294002 dfly_bench.cc:926] Done queuing 4294967295 requests, which took 3.0s. Waiting for server processing
I20260914 17:28:35.545552 294011 dfly_bench.cc:926] Done queuing 4294967295 requests, which took 3.0s. Waiting for server processing
I20260914 17:28:35.545517 294007 dfly_bench.cc:926] Done queuing 4294967295 requests, which took 3.0s. Waiting for server processing
I20260914 17:28:35.545567 294007 dfly_bench.cc:926] Done queuing 4294967295 requests, which took 3.0s. Waiting for server processing
I20260914 17:28:35.545589 294000 dfly_bench.cc:926] Done queuing 4294967295 requests, which took 3.0s. Waiting for server processing
I20260914 17:28:35.545461 294004 dfly_bench.cc:926] Done queuing 4294967295 requests, which took 3.0s. Waiting for server processing
I20260914 17:28:35.545557 294012 dfly_bench.cc:1001] ReceiveFb done
I20260914 17:28:35.545534 294013 dfly_bench.cc:1001] ReceiveFb done
I20260914 17:28:35.545536 293998 dfly_bench.cc:926] Done queuing 4294967295 requests, which took 3.0s. Waiting for server processing
I20260914 17:28:35.545605 294004 dfly_bench.cc:926] Done queuing 4294967295 requests, which took 3.0s. Waiting for server processing
I20260914 17:28:35.545524 294009 dfly_bench.cc:926] Done queuing 4294967295 requests, which took 3.0s. Waiting for server processing
I20260914 17:28:35.545576 294007 dfly_bench.cc:926] Done queuing 4294967295 requests, which took 3.0s. Waiting for server processing
I20260914 17:28:35.545511 294008 dfly_bench.cc:926] Done queuing 4294967295 requests, which took 3.0s. Waiting for server processing
I20260914 17:28:35.545604 294000 dfly_bench.cc:926] Done queuing 4294967295 requests, which took 3.0s. Waiting for server processing
I20260914 17:28:35.545687 293998 dfly_bench.cc:926] Done queuing 4294967295 requests, which took 3.0s. Waiting for server processing
I20260914 17:28:35.545549 294005 dfly_bench.cc:1001] ReceiveFb done
I20260914 17:28:35.545563 294002 dfly_bench.cc:926] Done queuing 4294967295 requests, which took 3.0s. Waiting for server processing
I20260914 17:28:35.545687 294004 dfly_bench.cc:926] Done queuing 4294967295 requests, which took 3.0s. Waiting for server processing
I20260914 17:28:35.545696 294007 dfly_bench.cc:926] Done queuing 4294967295 requests, which took 3.0s. Waiting for server processing
I20260914 17:28:35.545696 294009 dfly_bench.cc:926] Done queuing 4294967295 requests, which took 3.0s. Waiting for server processing
I20260914 17:28:35.545651 294001 dfly_bench.cc:1001] ReceiveFb done
I20260914 17:28:35.545717 294004 dfly_bench.cc:926] Done queuing 4294967295 requests, which took 3.0s. Waiting for server processing
I20260914 17:28:35.545709 294000 dfly_bench.cc:926] Done queuing 4294967295 requests, which took 3.0s. Waiting for server processing
I20260914 17:28:35.545454 294010 dfly_bench.cc:926] Done queuing 4294967295 requests, which took 3.0s. Waiting for server processing
I20260914 17:28:35.545547 293999 dfly_bench.cc:926] Done queuing 4294967295 requests, which took 3.0s. Waiting for server processing
I20260914 17:28:35.545725 294009 dfly_bench.cc:926] Done queuing 4294967295 requests, which took 3.0s. Waiting for server processing
I20260914 17:28:35.545640 294013 dfly_bench.cc:1001] ReceiveFb done
I20260914 17:28:35.545635 294012 dfly_bench.cc:1001] ReceiveFb done
I20260914 17:28:35.545537 294006 dfly_bench.cc:926] Done queuing 4294967295 requests, which took 3.0s. Waiting for server processing
I20260914 17:28:35.545738 294001 dfly_bench.cc:1001] ReceiveFb done
I20260914 17:28:35.545707 294008 dfly_bench.cc:926] Done queuing 4294967295 requests, which took 3.0s. Waiting for server processing
I20260914 17:28:35.545740 294009 dfly_bench.cc:926] Done queuing 4294967295 requests, which took 3.0s. Waiting for server processing
I20260914 17:28:35.545724 294005 dfly_bench.cc:1001] ReceiveFb done
I20260914 17:28:35.545547 294003 dfly_bench.cc:926] Done queuing 4294967295 requests, which took 3.0s. Waiting for server processing
I20260914 17:28:35.545564 294011 dfly_bench.cc:926] Done queuing 4294967295 requests, which took 3.0s. Waiting for server processing
I20260914 17:28:35.545732 294010 dfly_bench.cc:926] Done queuing 4294967295 requests, which took 3.0s. Waiting for server processing
I20260914 17:28:35.545735 293999 dfly_bench.cc:926] Done queuing 4294967295 requests, which took 3.0s. Waiting for server processing
I20260914 17:28:35.545763 294002 dfly_bench.cc:1001] ReceiveFb done
I20260914 17:28:35.545761 294001 dfly_bench.cc:1001] ReceiveFb done
I20260914 17:28:35.545727 294000 dfly_bench.cc:926] Done queuing 4294967295 requests, which took 3.0s. Waiting for server processing
I20260914 17:28:35.545751 294006 dfly_bench.cc:926] Done queuing 4294967295 requests, which took 3.0s. Waiting for server processing
I20260914 17:28:35.545765 294011 dfly_bench.cc:926] Done queuing 4294967295 requests, which took 3.0s. Waiting for server processing
I20260914 17:28:35.545725 294004 dfly_bench.cc:926] Done queuing 4294967295 requests, which took 3.0s. Waiting for server processing
I20260914 17:28:35.545800 294011 dfly_bench.cc:926] Done queuing 4294967295 requests, which took 3.0s. Waiting for server processing
I20260914 17:28:35.545768 294010 dfly_bench.cc:926] Done queuing 4294967295 requests, which took 3.0s. Waiting for server processing
I20260914 17:28:35.545804 294004 dfly_bench.cc:926] Done queuing 4294967295 requests, which took 3.0s. Waiting for server processing
I20260914 17:28:35.545816 294010 dfly_bench.cc:926] Done queuing 4294967295 requests, which took 3.0s. Waiting for server processing
I20260914 17:28:35.545789 294001 dfly_bench.cc:1001] ReceiveFb done
I20260914 17:28:35.545761 294012 dfly_bench.cc:1001] ReceiveFb done
I20260914 17:28:35.545724 294007 dfly_bench.cc:926] Done queuing 4294967295 requests, which took 3.0s. Waiting for server processing
I20260914 17:28:35.545853 294001 dfly_bench.cc:1001] ReceiveFb done
I20260914 17:28:35.545812 294011 dfly_bench.cc:926] Done queuing 4294967295 requests, which took 3.0s. Waiting for server processing
I20260914 17:28:35.545868 294012 dfly_bench.cc:1001] ReceiveFb done
I20260914 17:28:35.545785 294000 dfly_bench.cc:926] Done queuing 4294967295 requests, which took 3.0s. Waiting for server processing
I20260914 17:28:35.545774 294005 dfly_bench.cc:1001] ReceiveFb done
I20260914 17:28:35.545751 294009 dfly_bench.cc:926] Done queuing 4294967295 requests, which took 3.0s. Waiting for server processing
I20260914 17:28:35.545753 294013 dfly_bench.cc:1001] ReceiveFb done
I20260914 17:28:35.545886 294001 dfly_bench.cc:1001] ReceiveFb done
I20260914 17:28:35.545711 293998 dfly_bench.cc:926] Done queuing 4294967295 requests, which took 3.0s. Waiting for server processing
I20260914 17:28:35.545821 294004 dfly_bench.cc:926] Done queuing 4294967295 requests, which took 3.0s. Waiting for server processing
I20260914 17:28:35.545919 294004 dfly_bench.cc:926] Done queuing 4294967295 requests, which took 3.0s. Waiting for server processing
I20260914 17:28:35.545867 294006 dfly_bench.cc:1001] ReceiveFb done
I20260914 17:28:35.545784 294002 dfly_bench.cc:1001] ReceiveFb done
I20260914 17:28:35.545764 294003 dfly_bench.cc:926] Done queuing 4294967295 requests, which took 3.0s. Waiting for server processing
I20260914 17:28:35.545943 294001 dfly_bench.cc:1001] ReceiveFb done
I20260914 17:28:35.545889 294000 dfly_bench.cc:926] Done queuing 4294967295 requests, which took 3.0s. Waiting for server processing
I20260914 17:28:35.545948 294006 dfly_bench.cc:1001] ReceiveFb done
I20260914 17:28:35.545955 294002 dfly_bench.cc:1001] ReceiveFb done
I20260914 17:28:35.545951 294000 dfly_bench.cc:926] Done queuing 4294967295 requests, which took 3.0s. Waiting for server processing
I20260914 17:28:35.545830 294010 dfly_bench.cc:926] Done queuing 4294967295 requests, which took 3.0s. Waiting for server processing
I20260914 17:28:35.545966 294006 dfly_bench.cc:1001] ReceiveFb done
I20260914 17:28:35.545984 294002 dfly_bench.cc:1001] ReceiveFb done
I20260914 17:28:35.545974 294001 dfly_bench.cc:1001] ReceiveFb done
I20260914 17:28:35.545987 294004 dfly_bench.cc:1001] ReceiveFb done
I20260914 17:28:35.545998 294006 dfly_bench.cc:1001] ReceiveFb done
I20260914 17:28:35.546005 294002 dfly_bench.cc:1001] ReceiveFb done
I20260914 17:28:35.545871 294011 dfly_bench.cc:926] Done queuing 4294967295 requests, which took 3.0s. Waiting for server processing
I20260914 17:28:35.546008 294001 dfly_bench.cc:1001] ReceiveFb done
I20260914 17:28:35.546015 294004 dfly_bench.cc:1001] ReceiveFb done
I20260914 17:28:35.546021 294006 dfly_bench.cc:1001] ReceiveFb done
I20260914 17:28:35.546025 294002 dfly_bench.cc:1001] ReceiveFb done
I20260914 17:28:35.546027 294011 dfly_bench.cc:926] Done queuing 4294967295 requests, which took 3.0s. Waiting for server processing
I20260914 17:28:35.546036 294004 dfly_bench.cc:1001] ReceiveFb done
I20260914 17:28:35.546041 294006 dfly_bench.cc:1001] ReceiveFb done
I20260914 17:28:35.546046 294001 dfly_bench.cc:926] Done queuing 4294967295 requests, which took 3.0s. Waiting for server processing
I20260914 17:28:35.545914 293998 dfly_bench.cc:926] Done queuing 4294967295 requests, which took 3.0s. Waiting for server processing
I20260914 17:28:35.545861 294007 dfly_bench.cc:926] Done queuing 4294967295 requests, which took 3.0s. Waiting for server processing
I20260914 17:28:35.545977 294010 dfly_bench.cc:926] Done queuing 4294967295 requests, which took 3.0s. Waiting for server processing
I20260914 17:28:35.545892 294012 dfly_bench.cc:1001] ReceiveFb done
I20260914 17:28:35.545904 294009 dfly_bench.cc:926] Done queuing 4294967295 requests, which took 3.0s. Waiting for server processing
I20260914 17:28:35.546033 294003 dfly_bench.cc:1001] ReceiveFb done
I20260914 17:28:35.546085 294009 dfly_bench.cc:926] Done queuing 4294967295 requests, which took 3.0s. Waiting for server processing
I20260914 17:28:35.546058 294001 dfly_bench.cc:926] Done queuing 4294967295 requests, which took 3.0s. Waiting for server processing
I20260914 17:28:35.546057 294004 dfly_bench.cc:1001] ReceiveFb done
I20260914 17:28:35.546062 294006 dfly_bench.cc:1001] ReceiveFb done
I20260914 17:28:35.545967 294000 dfly_bench.cc:926] Done queuing 4294967295 requests, which took 3.0s. Waiting for server processing
I20260914 17:28:35.546106 294000 dfly_bench.cc:926] Done queuing 4294967295 requests, which took 3.0s. Waiting for server processing
I20260914 17:28:35.546075 293998 dfly_bench.cc:926] Done queuing 4294967295 requests, which took 3.0s. Waiting for server processing
I20260914 17:28:35.546094 294012 dfly_bench.cc:1001] ReceiveFb done
I20260914 17:28:35.545769 293999 dfly_bench.cc:926] Done queuing 4294967295 requests, which took 3.0s. Waiting for server processing
I20260914 17:28:35.545915 294005 dfly_bench.cc:1001] ReceiveFb done
I20260914 17:28:35.546036 294011 dfly_bench.cc:926] Done queuing 4294967295 requests, which took 3.0s. Waiting for server processing
I20260914 17:28:35.546042 294002 dfly_bench.cc:1001] ReceiveFb done
I20260914 17:28:35.546079 294010 dfly_bench.cc:926] Done queuing 4294967295 requests, which took 3.0s. Waiting for server processing
I20260914 17:28:35.545751 294008 dfly_bench.cc:926] Done queuing 4294967295 requests, which took 3.0s. Waiting for server processing
I20260914 17:28:35.546079 294007 dfly_bench.cc:926] Done queuing 4294967295 requests, which took 3.0s. Waiting for server processing
I20260914 17:28:35.545914 294013 dfly_bench.cc:1001] ReceiveFb done
I20260914 17:28:35.546116 294000 dfly_bench.cc:926] Done queuing 4294967295 requests, which took 3.0s. Waiting for server processing
I20260914 17:28:35.546132 294011 dfly_bench.cc:926] Done queuing 4294967295 requests, which took 3.0s. Waiting for server processing
I20260914 17:28:35.546130 294012 dfly_bench.cc:1001] ReceiveFb done
I20260914 17:28:35.546157 294002 dfly_bench.cc:1001] ReceiveFb done
I20260914 17:28:35.546126 293999 dfly_bench.cc:926] Done queuing 4294967295 requests, which took 3.0s. Waiting for server processing
I20260914 17:28:35.546119 294004 dfly_bench.cc:1001] ReceiveFb done
I20260914 17:28:35.546169 294013 dfly_bench.cc:1001] ReceiveFb done
I20260914 17:28:35.546116 294006 dfly_bench.cc:1001] ReceiveFb done
I20260914 17:28:35.546154 294007 dfly_bench.cc:926] Done queuing 4294967295 requests, which took 3.0s. Waiting for server processing
I20260914 17:28:35.546154 294010 dfly_bench.cc:926] Done queuing 4294967295 requests, which took 3.0s. Waiting for server processing
I20260914 17:28:35.546106 294003 dfly_bench.cc:1001] ReceiveFb done
I20260914 17:28:35.546203 294004 dfly_bench.cc:1001] ReceiveFb done
I20260914 17:28:35.546164 294011 dfly_bench.cc:926] Done queuing 4294967295 requests, which took 3.0s. Waiting for server processing
I20260914 17:28:35.546211 294010 dfly_bench.cc:926] Done queuing 4294967295 requests, which took 3.0s. Waiting for server processing
I20260914 17:28:35.546190 294002 dfly_bench.cc:926] Done queuing 4294967295 requests, which took 3.0s. Waiting for server processing
I20260914 17:28:35.546186 294012 dfly_bench.cc:1001] ReceiveFb done
I20260914 17:28:35.546162 294005 dfly_bench.cc:926] Done queuing 4294967295 requests, which took 3.0s. Waiting for server processing
I20260914 17:28:35.546202 294007 dfly_bench.cc:926] Done queuing 4294967295 requests, which took 3.0s. Waiting for server processing
I20260914 17:28:35.546247 294005 dfly_bench.cc:926] Done queuing 4294967295 requests, which took 3.0s. Waiting for server processing
I20260914 17:28:35.546228 294011 dfly_bench.cc:926] Done queuing 4294967295 requests, which took 3.0s. Waiting for server processing
I20260914 17:28:35.546161 294000 dfly_bench.cc:926] Done queuing 4294967295 requests, which took 3.0s. Waiting for server processing
I20260914 17:28:35.546238 294004 dfly_bench.cc:1001] ReceiveFb done
I20260914 17:28:35.546257 294005 dfly_bench.cc:926] Done queuing 4294967295 requests, which took 3.0s. Waiting for server processing
I20260914 17:28:35.546180 293999 dfly_bench.cc:926] Done queuing 4294967295 requests, which took 3.0s. Waiting for server processing
I20260914 17:28:35.546242 294002 dfly_bench.cc:926] Done queuing 4294967295 requests, which took 3.0s. Waiting for server processing
I20260914 17:28:35.546262 294007 dfly_bench.cc:926] Done queuing 4294967295 requests, which took 3.0s. Waiting for server processing
I20260914 17:28:35.546224 294003 dfly_bench.cc:1001] ReceiveFb done
I20260914 17:28:35.546260 294009 dfly_bench.cc:1001] ReceiveFb done
I20260914 17:28:35.546288 294004 dfly_bench.cc:1001] ReceiveFb done
I20260914 17:28:35.546208 294013 dfly_bench.cc:1001] ReceiveFb done
I20260914 17:28:35.546279 294005 dfly_bench.cc:926] Done queuing 4294967295 requests, which took 3.0s. Waiting for server processing
I20260914 17:28:35.546239 294010 dfly_bench.cc:926] Done queuing 4294967295 requests, which took 3.0s. Waiting for server processing
I20260914 17:28:35.546244 294008 dfly_bench.cc:1001] ReceiveFb done
I20260914 17:28:35.546327 294003 dfly_bench.cc:1001] ReceiveFb done
I20260914 17:28:35.546262 294000 dfly_bench.cc:926] Done queuing 4294967295 requests, which took 3.0s. Waiting for server processing
I20260914 17:28:35.546178 293998 dfly_bench.cc:1001] ReceiveFb done
I20260914 17:28:35.546260 294011 dfly_bench.cc:926] Done queuing 4294967295 requests, which took 3.0s. Waiting for server processing
I20260914 17:28:35.546355 294000 dfly_bench.cc:926] Done queuing 4294967295 requests, which took 3.0s. Waiting for server processing
I20260914 17:28:35.546377 294000 dfly_bench.cc:926] Done queuing 4294967295 requests, which took 3.0s. Waiting for server processing
I20260914 17:28:35.546391 294000 dfly_bench.cc:926] Done queuing 4294967295 requests, which took 3.0s. Waiting for server processing
I20260914 17:28:35.546322 294001 dfly_bench.cc:1001] ReceiveFb done
I20260914 17:28:35.546344 294010 dfly_bench.cc:926] Done queuing 4294967295 requests, which took 3.0s. Waiting for server processing
I20260914 17:28:35.546434 294001 dfly_bench.cc:1001] ReceiveFb done
I20260914 17:28:35.546458 294001 dfly_bench.cc:926] Done queuing 4294967295 requests, which took 3.0s. Waiting for server processing
I20260914 17:28:35.546258 294012 dfly_bench.cc:1001] ReceiveFb done
I20260914 17:28:35.546470 294001 dfly_bench.cc:926] Done queuing 4294967295 requests, which took 3.0s. Waiting for server processing
I20260914 17:28:35.546295 294002 dfly_bench.cc:926] Done queuing 4294967295 requests, which took 3.0s. Waiting for server processing
I20260914 17:28:35.546480 294001 dfly_bench.cc:926] Done queuing 4294967295 requests, which took 3.0s. Waiting for server processing
I20260914 17:28:35.546316 294007 dfly_bench.cc:926] Done queuing 4294967295 requests, which took 3.0s. Waiting for server processing
I20260914 17:28:35.546408 294000 dfly_bench.cc:926] Done queuing 4294967295 requests, which took 3.0s. Waiting for server processing
I20260914 17:28:35.546372 294011 dfly_bench.cc:926] Done queuing 4294967295 requests, which took 3.0s. Waiting for server processing
I20260914 17:28:35.546341 294004 dfly_bench.cc:1001] ReceiveFb done
I20260914 17:28:35.546494 294007 dfly_bench.cc:926] Done queuing 4294967295 requests, which took 3.0s. Waiting for server processing
I20260914 17:28:35.546504 294000 dfly_bench.cc:926] Done queuing 4294967295 requests, which took 3.0s. Waiting for server processing
I20260914 17:28:35.546211 294006 dfly_bench.cc:1001] ReceiveFb done
I20260914 17:28:35.546514 294000 dfly_bench.cc:926] Done queuing 4294967295 requests, which took 3.0s. Waiting for server processing
I20260914 17:28:35.546430 294010 dfly_bench.cc:926] Done queuing 4294967295 requests, which took 3.0s. Waiting for server processing
I20260914 17:28:35.546373 293998 dfly_bench.cc:1001] ReceiveFb done
I20260914 17:28:35.546525 294010 dfly_bench.cc:926] Done queuing 4294967295 requests, which took 3.0s. Waiting for server processing
I20260914 17:28:35.546535 294010 dfly_bench.cc:926] Done queuing 4294967295 requests, which took 3.0s. Waiting for server processing
I20260914 17:28:35.546330 294009 dfly_bench.cc:1001] ReceiveFb done
I20260914 17:28:35.546490 294012 dfly_bench.cc:1001] ReceiveFb done
I20260914 17:28:35.546356 294008 dfly_bench.cc:1001] ReceiveFb done
I20260914 17:28:35.546576 294008 dfly_bench.cc:1001] ReceiveFb done
I20260914 17:28:35.546365 294003 dfly_bench.cc:1001] ReceiveFb done
I20260914 17:28:35.546531 294006 dfly_bench.cc:1001] ReceiveFb done
I20260914 17:28:35.546521 294004 dfly_bench.cc:1001] ReceiveFb done
I20260914 17:28:35.546486 294002 dfly_bench.cc:926] Done queuing 4294967295 requests, which took 3.0s. Waiting for server processing
I20260914 17:28:35.546612 294004 dfly_bench.cc:1001] ReceiveFb done
I20260914 17:28:35.546515 294007 dfly_bench.cc:926] Done queuing 4294967295 requests, which took 3.0s. Waiting for server processing
I20260914 17:28:35.546622 294007 dfly_bench.cc:926] Done queuing 4294967295 requests, which took 3.0s. Waiting for server processing
I20260914 17:28:35.546289 293999 dfly_bench.cc:926] Done queuing 4294967295 requests, which took 3.0s. Waiting for server processing
I20260914 17:28:35.546631 294006 dfly_bench.cc:926] Done queuing 4294967295 requests, which took 3.0s. Waiting for server processing
I20260914 17:28:35.546564 294009 dfly_bench.cc:1001] ReceiveFb done
I20260914 17:28:35.546639 293999 dfly_bench.cc:926] Done queuing 4294967295 requests, which took 3.0s. Waiting for server processing
I20260914 17:28:35.546567 294012 dfly_bench.cc:1001] ReceiveFb done
I20260914 17:28:35.546357 294013 dfly_bench.cc:926] Done queuing 4294967295 requests, which took 3.0s. Waiting for server processing
I20260914 17:28:35.546650 293999 dfly_bench.cc:926] Done queuing 4294967295 requests, which took 3.0s. Waiting for server processing
I20260914 17:28:35.546663 293999 dfly_bench.cc:926] Done queuing 4294967295 requests, which took 3.0s. Waiting for server processing
I20260914 17:28:35.546654 294013 dfly_bench.cc:926] Done queuing 4294967295 requests, which took 3.0s. Waiting for server processing
I20260914 17:28:35.546604 294002 dfly_bench.cc:926] Done queuing 4294967295 requests, which took 3.0s. Waiting for server processing
I20260914 17:28:35.546667 294012 dfly_bench.cc:1001] ReceiveFb done
I20260914 17:28:35.546691 294013 dfly_bench.cc:926] Done queuing 4294967295 requests, which took 3.0s. Waiting for server processing
I20260914 17:28:35.546631 294004 dfly_bench.cc:1001] ReceiveFb done
I20260914 17:28:35.546640 294000 dfly_bench.cc:926] Done queuing 4294967295 requests, which took 3.0s. Waiting for server processing
I20260914 17:28:35.546329 294005 dfly_bench.cc:926] Done queuing 4294967295 requests, which took 3.0s. Waiting for server processing
I20260914 17:28:35.546670 294009 dfly_bench.cc:1001] ReceiveFb done
I20260914 17:28:35.546507 294011 dfly_bench.cc:926] Done queuing 4294967295 requests, which took 3.0s. Waiting for server processing
I20260914 17:28:35.546631 294007 dfly_bench.cc:926] Done queuing 4294967295 requests, which took 3.0s. Waiting for server processing
I20260914 17:28:35.546545 293998 dfly_bench.cc:1001] ReceiveFb done
I20260914 17:28:35.546545 294010 dfly_bench.cc:926] Done queuing 4294967295 requests, which took 3.0s. Waiting for server processing
I20260914 17:28:35.546732 294011 dfly_bench.cc:926] Done queuing 4294967295 requests, which took 3.0s. Waiting for server processing
I20260914 17:28:35.546604 294008 dfly_bench.cc:1001] ReceiveFb done
I20260914 17:28:35.546491 294001 dfly_bench.cc:926] Done queuing 4294967295 requests, which took 3.0s. Waiting for server processing
I20260914 17:28:35.546743 294010 dfly_bench.cc:926] Done queuing 4294967295 requests, which took 3.0s. Waiting for server processing
I20260914 17:28:35.546712 294013 dfly_bench.cc:926] Done queuing 4294967295 requests, which took 3.0s. Waiting for server processing
I20260914 17:28:35.546675 293999 dfly_bench.cc:926] Done queuing 4294967295 requests, which took 3.0s. Waiting for server processing
I20260914 17:28:35.546764 294010 dfly_bench.cc:926] Done queuing 4294967295 requests, which took 3.0s. Waiting for server processing
I20260914 17:28:35.546608 294003 dfly_bench.cc:1001] ReceiveFb done
I20260914 17:28:35.546766 294013 dfly_bench.cc:926] Done queuing 4294967295 requests, which took 3.0s. Waiting for server processing
I20260914 17:28:35.546753 293998 dfly_bench.cc:1001] ReceiveFb done
I20260914 17:28:35.546700 294002 dfly_bench.cc:926] Done queuing 4294967295 requests, which took 3.0s. Waiting for server processing
I20260914 17:28:35.546720 294000 dfly_bench.cc:1001] ReceiveFb done
I20260914 17:28:35.546717 294005 dfly_bench.cc:926] Done queuing 4294967295 requests, which took 3.0s. Waiting for server processing
I20260914 17:28:35.546794 294002 dfly_bench.cc:926] Done queuing 4294967295 requests, which took 3.0s. Waiting for server processing
I20260914 17:28:35.546772 293999 dfly_bench.cc:926] Done queuing 4294967295 requests, which took 3.0s. Waiting for server processing
I20260914 17:28:35.546808 294002 dfly_bench.cc:926] Done queuing 4294967295 requests, which took 3.0s. Waiting for server processing
I20260914 17:28:35.546643 294006 dfly_bench.cc:926] Done queuing 4294967295 requests, which took 3.0s. Waiting for server processing
I20260914 17:28:35.546809 294000 dfly_bench.cc:1001] ReceiveFb done
I20260914 17:28:35.546787 294013 dfly_bench.cc:926] Done queuing 4294967295 requests, which took 3.0s. Waiting for server processing
I20260914 17:28:35.546746 294011 dfly_bench.cc:926] Done queuing 4294967295 requests, which took 3.0s. Waiting for server processing
I20260914 17:28:35.546723 294004 dfly_bench.cc:1001] ReceiveFb done
I20260914 17:28:35.546813 293999 dfly_bench.cc:926] Done queuing 4294967295 requests, which took 3.0s. Waiting for server processing
I20260914 17:28:35.546804 293998 dfly_bench.cc:1001] ReceiveFb done
I20260914 17:28:35.546746 294012 dfly_bench.cc:926] Done queuing 4294967295 requests, which took 3.0s. Waiting for server processing
I20260914 17:28:35.546883 293999 dfly_bench.cc:926] Done queuing 4294967295 requests, which took 3.0s. Waiting for server processing
I20260914 17:28:35.546752 294001 dfly_bench.cc:926] Done queuing 4294967295 requests, which took 3.0s. Waiting for server processing
I20260914 17:28:35.546777 294010 dfly_bench.cc:926] Done queuing 4294967295 requests, which took 3.0s. Waiting for server processing
I20260914 17:28:35.546900 294001 dfly_bench.cc:926] Done queuing 4294967295 requests, which took 3.0s. Waiting for server processing
I20260914 17:28:35.546759 294008 dfly_bench.cc:1001] ReceiveFb done
I20260914 17:28:35.546742 294007 dfly_bench.cc:926] Done queuing 4294967295 requests, which took 3.0s. Waiting for server processing
I20260914 17:28:35.546854 294000 dfly_bench.cc:1001] ReceiveFb done
I20260914 17:28:35.546814 294002 dfly_bench.cc:926] Done queuing 4294967295 requests, which took 3.0s. Waiting for server processing
I20260914 17:28:35.546802 294005 dfly_bench.cc:926] Done queuing 4294967295 requests, which took 3.0s. Waiting for server processing
I20260914 17:28:35.546732 294009 dfly_bench.cc:1001] ReceiveFb done
I20260914 17:28:35.546790 294003 dfly_bench.cc:1001] ReceiveFb done
I20260914 17:28:35.546926 294007 dfly_bench.cc:926] Done queuing 4294967295 requests, which took 3.0s. Waiting for server processing
I20260914 17:28:35.546945 294011 dfly_bench.cc:1001] ReceiveFb done
I20260914 17:28:35.546895 294004 dfly_bench.cc:1001] ReceiveFb done
I20260914 17:28:35.546940 294007 dfly_bench.cc:926] Done queuing 4294967295 requests, which took 3.0s. Waiting for server processing
I20260914 17:28:35.546852 294013 dfly_bench.cc:926] Done queuing 4294967295 requests, which took 3.0s. Waiting for server processing
I20260914 17:28:35.546950 294009 dfly_bench.cc:1001] ReceiveFb done
I20260914 17:28:35.546927 294008 dfly_bench.cc:1001] ReceiveFb done
I20260914 17:28:35.546912 294010 dfly_bench.cc:926] Done queuing 4294967295 requests, which took 3.0s. Waiting for server processing
I20260914 17:28:35.546892 293999 dfly_bench.cc:926] Done queuing 4294967295 requests, which took 3.0s. Waiting for server processing
I20260914 17:28:35.546976 294010 dfly_bench.cc:926] Done queuing 4294967295 requests, which took 3.0s. Waiting for server processing
I20260914 17:28:35.546991 294010 dfly_bench.cc:926] Done queuing 4294967295 requests, which took 3.0s. Waiting for server processing
I20260914 17:28:35.546895 294012 dfly_bench.cc:926] Done queuing 4294967295 requests, which took 3.0s. Waiting for server processing
I20260914 17:28:35.546990 293999 dfly_bench.cc:926] Done queuing 4294967295 requests, which took 3.0s. Waiting for server processing
I20260914 17:28:35.546900 293998 dfly_bench.cc:1001] ReceiveFb done
I20260914 17:28:35.546952 294003 dfly_bench.cc:1001] ReceiveFb done
I20260914 17:28:35.546937 294000 dfly_bench.cc:1001] ReceiveFb done
I20260914 17:28:35.546965 294011 dfly_bench.cc:1001] ReceiveFb done
I20260914 17:28:35.546841 294006 dfly_bench.cc:926] Done queuing 4294967295 requests, which took 3.0s. Waiting for server processing
I20260914 17:28:35.546914 294001 dfly_bench.cc:926] Done queuing 4294967295 requests, which took 3.0s. Waiting for server processing
I20260914 17:28:35.546932 294002 dfly_bench.cc:926] Done queuing 4294967295 requests, which took 3.0s. Waiting for server processing
I20260914 17:28:35.547016 293999 dfly_bench.cc:926] Done queuing 4294967295 requests, which took 3.0s. Waiting for server processing
I20260914 17:28:35.547005 294010 dfly_bench.cc:926] Done queuing 4294967295 requests, which took 3.0s. Waiting for server processing
I20260914 17:28:35.547042 294001 dfly_bench.cc:926] Done queuing 4294967295 requests, which took 3.0s. Waiting for server processing
I20260914 17:28:35.547048 294011 dfly_bench.cc:1001] ReceiveFb done
I20260914 17:28:35.546977 294004 dfly_bench.cc:1001] ReceiveFb done
I20260914 17:28:35.546963 294013 dfly_bench.cc:926] Done queuing 4294967295 requests, which took 3.0s. Waiting for server processing
I20260914 17:28:35.546977 294009 dfly_bench.cc:1001] ReceiveFb done
I20260914 17:28:35.547014 294012 dfly_bench.cc:926] Done queuing 4294967295 requests, which took 3.0s. Waiting for server processing
I20260914 17:28:35.547071 294013 dfly_bench.cc:926] Done queuing 4294967295 requests, which took 3.0s. Waiting for server processing
I20260914 17:28:35.547022 294007 dfly_bench.cc:1001] ReceiveFb done
I20260914 17:28:35.546933 294005 dfly_bench.cc:926] Done queuing 4294967295 requests, which took 3.0s. Waiting for server processing
I20260914 17:28:35.547050 294003 dfly_bench.cc:1001] ReceiveFb done
I20260914 17:28:35.547039 294006 dfly_bench.cc:926] Done queuing 4294967295 requests, which took 3.0s. Waiting for server processing
I20260914 17:28:35.547096 294006 dfly_bench.cc:926] Done queuing 4294967295 requests, which took 3.0s. Waiting for server processing
I20260914 17:28:35.547104 294003 dfly_bench.cc:1001] ReceiveFb done
I20260914 17:28:35.547044 294000 dfly_bench.cc:1001] ReceiveFb done
I20260914 17:28:35.547084 294009 dfly_bench.cc:1001] ReceiveFb done
I20260914 17:28:35.547112 294006 dfly_bench.cc:926] Done queuing 4294967295 requests, which took 3.0s. Waiting for server processing
I20260914 17:28:35.547087 294005 dfly_bench.cc:926] Done queuing 4294967295 requests, which took 3.0s. Waiting for server processing
I20260914 17:28:35.547123 294006 dfly_bench.cc:926] Done queuing 4294967295 requests, which took 3.0s. Waiting for server processing
I20260914 17:28:35.547130 294005 dfly_bench.cc:926] Done queuing 4294967295 requests, which took 3.0s. Waiting for server processing
I20260914 17:28:35.547071 294011 dfly_bench.cc:1001] ReceiveFb done
I20260914 17:28:35.547099 294007 dfly_bench.cc:1001] ReceiveFb done
I20260914 17:28:35.547049 293998 dfly_bench.cc:926] Done queuing 4294967295 requests, which took 3.0s. Waiting for server processing
I20260914 17:28:35.547187 294007 dfly_bench.cc:1001] ReceiveFb done
I20260914 17:28:35.547005 294008 dfly_bench.cc:926] Done queuing 4294967295 requests, which took 3.0s. Waiting for server processing
I20260914 17:28:35.547183 294011 dfly_bench.cc:1001] ReceiveFb done
I20260914 17:28:35.547137 294003 dfly_bench.cc:1001] ReceiveFb done
I20260914 17:28:35.547050 293999 dfly_bench.cc:926] Done queuing 4294967295 requests, which took 3.0s. Waiting for server processing
I20260914 17:28:35.547128 294000 dfly_bench.cc:1001] ReceiveFb done
I20260914 17:28:35.547132 294009 dfly_bench.cc:1001] ReceiveFb done
I20260914 17:28:35.547081 294013 dfly_bench.cc:926] Done queuing 4294967295 requests, which took 3.0s. Waiting for server processing
I20260914 17:28:35.547216 293999 dfly_bench.cc:926] Done queuing 4294967295 requests, which took 3.0s. Waiting for server processing
I20260914 17:28:35.547201 293998 dfly_bench.cc:926] Done queuing 4294967295 requests, which took 3.0s. Waiting for server processing
I20260914 17:28:35.547163 294005 dfly_bench.cc:926] Done queuing 4294967295 requests, which took 3.0s. Waiting for server processing
I20260914 17:28:35.547091 294004 dfly_bench.cc:926] Done queuing 4294967295 requests, which took 3.0s. Waiting for server processing
I20260914 17:28:35.547153 294001 dfly_bench.cc:1001] ReceiveFb done
I20260914 17:28:35.547075 294012 dfly_bench.cc:926] Done queuing 4294967295 requests, which took 3.0s. Waiting for server processing
I20260914 17:28:35.547205 294008 dfly_bench.cc:926] Done queuing 4294967295 requests, which took 3.0s. Waiting for server processing
I20260914 17:28:35.547049 294010 dfly_bench.cc:926] Done queuing 4294967295 requests, which took 3.0s. Waiting for server processing
I20260914 17:28:35.547251 294008 dfly_bench.cc:926] Done queuing 4294967295 requests, which took 3.0s. Waiting for server processing
I20260914 17:28:35.547259 294010 dfly_bench.cc:926] Done queuing 4294967295 requests, which took 3.0s. Waiting for server processing
I20260914 17:28:35.547231 293999 dfly_bench.cc:926] Done queuing 4294967295 requests, which took 3.0s. Waiting for server processing
I20260914 17:28:35.547276 294010 dfly_bench.cc:926] Done queuing 4294967295 requests, which took 3.0s. Waiting for server processing
I20260914 17:28:35.547286 294009 dfly_bench.cc:926] Done queuing 4294967295 requests, which took 3.0s. Waiting for server processing
I20260914 17:28:35.547217 294011 dfly_bench.cc:1001] ReceiveFb done
I20260914 17:28:35.547047 294002 dfly_bench.cc:926] Done queuing 4294967295 requests, which took 3.0s. Waiting for server processing
I20260914 17:28:35.547240 294000 dfly_bench.cc:1001] ReceiveFb done
I20260914 17:28:35.547278 293999 dfly_bench.cc:926] Done queuing 4294967295 requests, which took 3.0s. Waiting for server processing
I20260914 17:28:35.547312 294011 dfly_bench.cc:1001] ReceiveFb done
I20260914 17:28:35.547237 293998 dfly_bench.cc:926] Done queuing 4294967295 requests, which took 3.0s. Waiting for server processing
I20260914 17:28:35.547240 294005 dfly_bench.cc:926] Done queuing 4294967295 requests, which took 3.0s. Waiting for server processing
I20260914 17:28:35.547335 293998 dfly_bench.cc:926] Done queuing 4294967295 requests, which took 3.0s. Waiting for server processing
I20260914 17:28:35.547241 294004 dfly_bench.cc:926] Done queuing 4294967295 requests, which took 3.0s. Waiting for server processing
I20260914 17:28:35.547344 293998 dfly_bench.cc:926] Done queuing 4294967295 requests, which took 3.0s. Waiting for server processing
I20260914 17:28:35.547351 294004 dfly_bench.cc:926] Done queuing 4294967295 requests, which took 3.0s. Waiting for server processing
I20260914 17:28:35.547224 294013 dfly_bench.cc:926] Done queuing 4294967295 requests, which took 3.0s. Waiting for server processing
I20260914 17:28:35.547362 294004 dfly_bench.cc:926] Done queuing 4294967295 requests, which took 3.0s. Waiting for server processing
I20260914 17:28:35.547367 294013 dfly_bench.cc:926] Done queuing 4294967295 requests, which took 3.0s. Waiting for server processing
I20260914 17:28:35.547219 294003 dfly_bench.cc:1001] ReceiveFb done
I20260914 17:28:35.547376 294013 dfly_bench.cc:926] Done queuing 4294967295 requests, which took 3.0s. Waiting for server processing
I20260914 17:28:35.547372 294004 dfly_bench.cc:926] Done queuing 4294967295 requests, which took 3.0s. Waiting for server processing
I20260914 17:28:35.547153 294006 dfly_bench.cc:926] Done queuing 4294967295 requests, which took 3.0s. Waiting for server processing
I20260914 17:28:35.547384 294013 dfly_bench.cc:926] Done queuing 4294967295 requests, which took 3.0s. Waiting for server processing
I20260914 17:28:35.547250 294012 dfly_bench.cc:926] Done queuing 4294967295 requests, which took 3.0s. Waiting for server processing
I20260914 17:28:35.547394 294013 dfly_bench.cc:926] Done queuing 4294967295 requests, which took 3.0s. Waiting for server processing
I20260914 17:28:35.547299 294010 dfly_bench.cc:926] Done queuing 4294967295 requests, which took 3.0s. Waiting for server processing
I20260914 17:28:35.547298 294009 dfly_bench.cc:926] Done queuing 4294967295 requests, which took 3.0s. Waiting for server processing
I20260914 17:28:35.547308 293999 dfly_bench.cc:926] Done queuing 4294967295 requests, which took 3.0s. Waiting for server processing
I20260914 17:28:35.547315 294000 dfly_bench.cc:1001] ReceiveFb done
I20260914 17:28:35.547302 294002 dfly_bench.cc:926] Done queuing 4294967295 requests, which took 3.0s. Waiting for server processing
I20260914 17:28:35.547261 294008 dfly_bench.cc:926] Done queuing 4294967295 requests, which took 3.0s. Waiting for server processing
I20260914 17:28:35.547257 294001 dfly_bench.cc:1001] ReceiveFb done
I20260914 17:28:35.547391 294006 dfly_bench.cc:926] Done queuing 4294967295 requests, which took 3.0s. Waiting for server processing
I20260914 17:28:35.547475 294006 dfly_bench.cc:926] Done queuing 4294967295 requests, which took 3.0s. Waiting for server processing
I20260914 17:28:35.547484 294006 dfly_bench.cc:926] Done queuing 4294967295 requests, which took 3.0s. Waiting for server processing
I20260914 17:28:35.547487 294001 dfly_bench.cc:1001] ReceiveFb done
I20260914 17:28:35.547492 294006 dfly_bench.cc:926] Done queuing 4294967295 requests, which took 3.0s. Waiting for server processing
I20260914 17:28:35.547351 293998 dfly_bench.cc:926] Done queuing 4294967295 requests, which took 3.0s. Waiting for server processing
I20260914 17:28:35.547410 294010 dfly_bench.cc:926] Done queuing 4294967295 requests, which took 3.0s. Waiting for server processing
I20260914 17:28:35.547429 293999 dfly_bench.cc:926] Done queuing 4294967295 requests, which took 3.0s. Waiting for server processing
I20260914 17:28:35.547410 294013 dfly_bench.cc:926] Done queuing 4294967295 requests, which took 3.0s. Waiting for server processing
I20260914 17:28:35.547415 294003 dfly_bench.cc:926] Done queuing 4294967295 requests, which took 3.0s. Waiting for server processing
I20260914 17:28:35.547387 294004 dfly_bench.cc:926] Done queuing 4294967295 requests, which took 3.0s. Waiting for server processing
I20260914 17:28:35.547340 294005 dfly_bench.cc:926] Done queuing 4294967295 requests, which took 3.0s. Waiting for server processing
I20260914 17:28:35.547408 294012 dfly_bench.cc:926] Done queuing 4294967295 requests, which took 3.0s. Waiting for server processing
I20260914 17:28:35.547533 294003 dfly_bench.cc:926] Done queuing 4294967295 requests, which took 3.0s. Waiting for server processing
I20260914 17:28:35.547448 294008 dfly_bench.cc:926] Done queuing 4294967295 requests, which took 3.0s. Waiting for server processing
I20260914 17:28:35.547353 294011 dfly_bench.cc:1001] ReceiveFb done
I20260914 17:28:35.547521 294010 dfly_bench.cc:926] Done queuing 4294967295 requests, which took 3.0s. Waiting for server processing
I20260914 17:28:35.547576 294012 dfly_bench.cc:926] Done queuing 4294967295 requests, which took 3.0s. Waiting for server processing
I20260914 17:28:35.547582 294003 dfly_bench.cc:926] Done queuing 4294967295 requests, which took 3.0s. Waiting for server processing
I20260914 17:28:35.547212 294007 dfly_bench.cc:1001] ReceiveFb done
I20260914 17:28:35.547534 293999 dfly_bench.cc:926] Done queuing 4294967295 requests, which took 3.0s. Waiting for server processing
I20260914 17:28:35.547513 293998 dfly_bench.cc:926] Done queuing 4294967295 requests, which took 3.0s. Waiting for server processing
I20260914 17:28:35.547442 294000 dfly_bench.cc:1001] ReceiveFb done
I20260914 17:28:35.547536 294004 dfly_bench.cc:926] Done queuing 4294967295 requests, which took 3.0s. Waiting for server processing
I20260914 17:28:35.547530 294013 dfly_bench.cc:926] Done queuing 4294967295 requests, which took 3.0s. Waiting for server processing
I20260914 17:28:35.547616 294007 dfly_bench.cc:1001] ReceiveFb done
I20260914 17:28:35.547592 294010 dfly_bench.cc:926] Done queuing 4294967295 requests, which took 3.0s. Waiting for server processing
I20260914 17:28:35.547446 294002 dfly_bench.cc:926] Done queuing 4294967295 requests, which took 3.0s. Waiting for server processing
I20260914 17:28:35.547627 294000 dfly_bench.cc:1001] ReceiveFb done
I20260914 17:28:35.547585 294008 dfly_bench.cc:926] Done queuing 4294967295 requests, which took 3.0s. Waiting for server processing
I20260914 17:28:35.547597 294003 dfly_bench.cc:926] Done queuing 4294967295 requests, which took 3.0s. Waiting for server processing
I20260914 17:28:35.547513 294001 dfly_bench.cc:1001] ReceiveFb done
I20260914 17:28:35.547605 294011 dfly_bench.cc:1001] ReceiveFb done
I20260914 17:28:35.547649 294000 dfly_bench.cc:1001] ReceiveFb done
I20260914 17:28:35.547658 294001 dfly_bench.cc:1001] ReceiveFb done
I20260914 17:28:35.547600 294009 dfly_bench.cc:926] Done queuing 4294967295 requests, which took 3.0s. Waiting for server processing
I20260914 17:28:35.547663 293999 dfly_bench.cc:1001] ReceiveFb done
I20260914 17:28:35.547614 294004 dfly_bench.cc:926] Done queuing 4294967295 requests, which took 3.0s. Waiting for server processing
I20260914 17:28:35.547539 294005 dfly_bench.cc:926] Done queuing 4294967295 requests, which took 3.0s. Waiting for server processing
I20260914 17:28:35.547638 294008 dfly_bench.cc:926] Done queuing 4294967295 requests, which took 3.0s. Waiting for server processing
I20260914 17:28:35.547636 294007 dfly_bench.cc:1001] ReceiveFb done
I20260914 17:28:35.547688 293999 dfly_bench.cc:1001] ReceiveFb done
I20260914 17:28:35.547631 294010 dfly_bench.cc:926] Done queuing 4294967295 requests, which took 3.0s. Waiting for server processing
I20260914 17:28:35.547685 294008 dfly_bench.cc:926] Done queuing 4294967295 requests, which took 3.0s. Waiting for server processing
I20260914 17:28:35.547709 294007 dfly_bench.cc:1001] ReceiveFb done
I20260914 17:28:35.547715 293999 dfly_bench.cc:1001] ReceiveFb done
I20260914 17:28:35.547672 294009 dfly_bench.cc:926] Done queuing 4294967295 requests, which took 3.0s. Waiting for server processing
I20260914 17:28:35.547681 294011 dfly_bench.cc:1001] ReceiveFb done
I20260914 17:28:35.547626 294013 dfly_bench.cc:926] Done queuing 4294967295 requests, which took 3.0s. Waiting for server processing
I20260914 17:28:35.547679 294001 dfly_bench.cc:1001] ReceiveFb done
I20260914 17:28:35.547730 294009 dfly_bench.cc:926] Done queuing 4294967295 requests, which took 3.0s. Waiting for server processing
I20260914 17:28:35.547712 294010 dfly_bench.cc:926] Done queuing 4294967295 requests, which took 3.0s. Waiting for server processing
I20260914 17:28:35.547734 294007 dfly_bench.cc:1001] ReceiveFb done
I20260914 17:28:35.547639 294003 dfly_bench.cc:926] Done queuing 4294967295 requests, which took 3.0s. Waiting for server processing
I20260914 17:28:35.547717 294008 dfly_bench.cc:926] Done queuing 4294967295 requests, which took 3.0s. Waiting for server processing
I20260914 17:28:35.547680 294004 dfly_bench.cc:926] Done queuing 4294967295 requests, which took 3.0s. Waiting for server processing
I20260914 17:28:35.547744 294013 dfly_bench.cc:926] Done queuing 4294967295 requests, which took 3.0s. Waiting for server processing
I20260914 17:28:35.547747 294011 dfly_bench.cc:1001] ReceiveFb done
I20260914 17:28:35.547771 294004 dfly_bench.cc:926] Done queuing 4294967295 requests, which took 3.0s. Waiting for server processing
I20260914 17:28:35.547760 294009 dfly_bench.cc:926] Done queuing 4294967295 requests, which took 3.0s. Waiting for server processing
I20260914 17:28:35.547672 294000 dfly_bench.cc:1001] ReceiveFb done
I20260914 17:28:35.547765 294003 dfly_bench.cc:926] Done queuing 4294967295 requests, which took 3.0s. Waiting for server processing
I20260914 17:28:35.547739 293999 dfly_bench.cc:1001] ReceiveFb done
I20260914 17:28:35.547770 294008 dfly_bench.cc:926] Done queuing 4294967295 requests, which took 3.0s. Waiting for server processing
I20260914 17:28:35.547637 294002 dfly_bench.cc:926] Done queuing 4294967295 requests, which took 3.0s. Waiting for server processing
I20260914 17:28:35.547607 293998 dfly_bench.cc:926] Done queuing 4294967295 requests, which took 3.0s. Waiting for server processing
I20260914 17:28:35.547745 294006 dfly_bench.cc:926] Done queuing 4294967295 requests, which took 3.0s. Waiting for server processing
I20260914 17:28:35.547782 294007 dfly_bench.cc:1001] ReceiveFb done
I20260914 17:28:35.547683 294005 dfly_bench.cc:926] Done queuing 4294967295 requests, which took 3.0s. Waiting for server processing
I20260914 17:28:35.547817 293999 dfly_bench.cc:1001] ReceiveFb done
I20260914 17:28:35.547778 294013 dfly_bench.cc:926] Done queuing 4294967295 requests, which took 3.0s. Waiting for server processing
I20260914 17:28:35.547811 294008 dfly_bench.cc:926] Done queuing 4294967295 requests, which took 3.0s. Waiting for server processing
I20260914 17:28:35.547806 294010 dfly_bench.cc:1001] ReceiveFb done
I20260914 17:28:35.547849 294012 dfly_bench.cc:926] Done queuing 4294967295 requests, which took 3.0s. Waiting for server processing
I20260914 17:28:35.547856 294007 dfly_bench.cc:1001] ReceiveFb done
I20260914 17:28:35.547762 294001 dfly_bench.cc:1001] ReceiveFb done
I20260914 17:28:35.547847 294008 dfly_bench.cc:926] Done queuing 4294967295 requests, which took 3.0s. Waiting for server processing
I20260914 17:28:35.547868 294010 dfly_bench.cc:1001] ReceiveFb done
I20260914 17:28:35.547840 294005 dfly_bench.cc:926] Done queuing 4294967295 requests, which took 3.0s. Waiting for server processing
I20260914 17:28:35.547793 294009 dfly_bench.cc:926] Done queuing 4294967295 requests, which took 3.0s. Waiting for server processing
I20260914 17:28:35.547840 294013 dfly_bench.cc:926] Done queuing 4294967295 requests, which took 3.0s. Waiting for server processing
I20260914 17:28:35.547879 294007 dfly_bench.cc:1001] ReceiveFb done
I20260914 17:28:35.547886 294001 dfly_bench.cc:1001] ReceiveFb done
I20260914 17:28:35.547895 294010 dfly_bench.cc:1001] ReceiveFb done
I20260914 17:28:35.547811 294000 dfly_bench.cc:1001] ReceiveFb done
I20260914 17:28:35.547859 293999 dfly_bench.cc:1001] ReceiveFb done
I20260914 17:28:35.547802 294011 dfly_bench.cc:1001] ReceiveFb done
I20260914 17:28:35.547824 294006 dfly_bench.cc:926] Done queuing 4294967295 requests, which took 3.0s. Waiting for server processing
I20260914 17:28:35.547916 294010 dfly_bench.cc:1001] ReceiveFb done
I20260914 17:28:35.547919 294000 dfly_bench.cc:1001] ReceiveFb done
I20260914 17:28:35.547910 294007 dfly_bench.cc:1001] ReceiveFb done
I20260914 17:28:35.547923 294006 dfly_bench.cc:926] Done queuing 4294967295 requests, which took 3.0s. Waiting for server processing
I20260914 17:28:35.547818 293998 dfly_bench.cc:926] Done queuing 4294967295 requests, which took 3.0s. Waiting for server processing
I20260914 17:28:35.547924 293999 dfly_bench.cc:1001] ReceiveFb done
I20260914 17:28:35.547811 294002 dfly_bench.cc:926] Done queuing 4294967295 requests, which took 3.0s. Waiting for server processing
I20260914 17:28:35.547920 294001 dfly_bench.cc:926] Done queuing 4294967295 requests, which took 3.0s. Waiting for server processing
I20260914 17:28:35.547940 294000 dfly_bench.cc:1001] ReceiveFb done
I20260914 17:28:35.547793 294004 dfly_bench.cc:926] Done queuing 4294967295 requests, which took 3.0s. Waiting for server processing
I20260914 17:28:35.547960 294002 dfly_bench.cc:926] Done queuing 4294967295 requests, which took 3.0s. Waiting for server processing
I20260914 17:28:35.547887 294005 dfly_bench.cc:926] Done queuing 4294967295 requests, which took 3.0s. Waiting for server processing
I20260914 17:28:35.547876 294008 dfly_bench.cc:926] Done queuing 4294967295 requests, which took 3.0s. Waiting for server processing
I20260914 17:28:35.547938 294010 dfly_bench.cc:1001] ReceiveFb done
I20260914 17:28:35.547978 294002 dfly_bench.cc:926] Done queuing 4294967295 requests, which took 3.0s. Waiting for server processing
I20260914 17:28:35.547989 294002 dfly_bench.cc:926] Done queuing 4294967295 requests, which took 3.0s. Waiting for server processing
I20260914 17:28:35.547971 293999 dfly_bench.cc:1001] ReceiveFb done
I20260914 17:28:35.547979 294005 dfly_bench.cc:926] Done queuing 4294967295 requests, which took 3.0s. Waiting for server processing
I20260914 17:28:35.548084 294013 dfly_bench.cc:926] Done queuing 4294967295 requests, which took 3.0s. Waiting for server processing
I20260914 17:28:35.548090 293999 dfly_bench.cc:1001] ReceiveFb done
I20260914 17:28:35.548092 294005 dfly_bench.cc:926] Done queuing 4294967295 requests, which took 3.0s. Waiting for server processing
I20260914 17:28:35.548103 294005 dfly_bench.cc:926] Done queuing 4294967295 requests, which took 3.0s. Waiting for server processing
I20260914 17:28:35.548110 293999 dfly_bench.cc:1001] ReceiveFb done
I20260914 17:28:35.547992 294010 dfly_bench.cc:1001] ReceiveFb done
I20260914 17:28:35.547941 294006 dfly_bench.cc:926] Done queuing 4294967295 requests, which took 3.0s. Waiting for server processing
I20260914 17:28:35.548110 294013 dfly_bench.cc:926] Done queuing 4294967295 requests, which took 3.0s. Waiting for server processing
I20260914 17:28:35.547981 294008 dfly_bench.cc:926] Done queuing 4294967295 requests, which took 3.0s. Waiting for server processing
I20260914 17:28:35.547976 294004 dfly_bench.cc:926] Done queuing 4294967295 requests, which took 3.0s. Waiting for server processing
I20260914 17:28:35.547986 294000 dfly_bench.cc:1001] ReceiveFb done
I20260914 17:28:35.548156 294004 dfly_bench.cc:926] Done queuing 4294967295 requests, which took 3.0s. Waiting for server processing
I20260914 17:28:35.547956 294007 dfly_bench.cc:1001] ReceiveFb done
I20260914 17:28:35.547969 294001 dfly_bench.cc:926] Done queuing 4294967295 requests, which took 3.0s. Waiting for server processing
I20260914 17:28:35.548178 294000 dfly_bench.cc:1001] ReceiveFb done
I20260914 17:28:35.547953 293998 dfly_bench.cc:926] Done queuing 4294967295 requests, which took 3.0s. Waiting for server processing
I20260914 17:28:35.548048 294003 dfly_bench.cc:926] Done queuing 4294967295 requests, which took 3.0s. Waiting for server processing
I20260914 17:28:35.548138 294010 dfly_bench.cc:1001] ReceiveFb done
I20260914 17:28:35.548166 294004 dfly_bench.cc:926] Done queuing 4294967295 requests, which took 3.0s. Waiting for server processing
I20260914 17:28:35.548202 294000 dfly_bench.cc:1001] ReceiveFb done
I20260914 17:28:35.548137 293999 dfly_bench.cc:1001] ReceiveFb done
I20260914 17:28:35.548187 294001 dfly_bench.cc:926] Done queuing 4294967295 requests, which took 3.0s. Waiting for server processing
I20260914 17:28:35.548192 294007 dfly_bench.cc:1001] ReceiveFb done
I20260914 17:28:35.548216 294001 dfly_bench.cc:926] Done queuing 4294967295 requests, which took 3.0s. Waiting for server processing
I20260914 17:28:35.548202 294003 dfly_bench.cc:926] Done queuing 4294967295 requests, which took 3.0s. Waiting for server processing
I20260914 17:28:35.547863 294012 dfly_bench.cc:926] Done queuing 4294967295 requests, which took 3.0s. Waiting for server processing
I20260914 17:28:35.548228 294003 dfly_bench.cc:926] Done queuing 4294967295 requests, which took 3.0s. Waiting for server processing
I20260914 17:28:35.547887 294009 dfly_bench.cc:926] Done queuing 4294967295 requests, which took 3.0s. Waiting for server processing
I20260914 17:28:35.548235 294012 dfly_bench.cc:926] Done queuing 4294967295 requests, which took 3.0s. Waiting for server processing
I20260914 17:28:35.547935 294011 dfly_bench.cc:1001] ReceiveFb done
I20260914 17:28:35.548194 293998 dfly_bench.cc:926] Done queuing 4294967295 requests, which took 3.0s. Waiting for server processing
I20260914 17:28:35.548249 294012 dfly_bench.cc:926] Done queuing 4294967295 requests, which took 3.0s. Waiting for server processing
I20260914 17:28:35.548244 294000 dfly_bench.cc:926] Done queuing 4294967295 requests, which took 3.0s. Waiting for server processing
I20260914 17:28:35.548144 294008 dfly_bench.cc:926] Done queuing 4294967295 requests, which took 3.0s. Waiting for server processing
I20260914 17:28:35.548133 294013 dfly_bench.cc:926] Done queuing 4294967295 requests, which took 3.0s. Waiting for server processing
I20260914 17:28:35.548245 294009 dfly_bench.cc:926] Done queuing 4294967295 requests, which took 3.0s. Waiting for server processing
I20260914 17:28:35.548267 294011 dfly_bench.cc:1001] ReceiveFb done
I20260914 17:28:35.548235 294003 dfly_bench.cc:926] Done queuing 4294967295 requests, which took 3.0s. Waiting for server processing
I20260914 17:28:35.548213 294010 dfly_bench.cc:1001] ReceiveFb done
I20260914 17:28:35.548285 294009 dfly_bench.cc:926] Done queuing 4294967295 requests, which took 3.0s. Waiting for server processing
I20260914 17:28:35.548223 293999 dfly_bench.cc:1001] ReceiveFb done
I20260914 17:28:35.548228 294001 dfly_bench.cc:926] Done queuing 4294967295 requests, which took 3.0s. Waiting for server processing
I20260914 17:28:35.548249 294007 dfly_bench.cc:1001] ReceiveFb done
I20260914 17:28:35.548135 294006 dfly_bench.cc:926] Done queuing 4294967295 requests, which took 3.0s. Waiting for server processing
I20260914 17:28:35.548261 294012 dfly_bench.cc:926] Done queuing 4294967295 requests, which took 3.0s. Waiting for server processing
I20260914 17:28:35.548269 294005 dfly_bench.cc:926] Done queuing 4294967295 requests, which took 3.0s. Waiting for server processing
I20260914 17:28:35.548270 294008 dfly_bench.cc:926] Done queuing 4294967295 requests, which took 3.0s. Waiting for server processing
I20260914 17:28:35.548300 294011 dfly_bench.cc:1001] ReceiveFb done
I20260914 17:28:35.548310 294010 dfly_bench.cc:1001] ReceiveFb done
I20260914 17:28:35.548265 293998 dfly_bench.cc:926] Done queuing 4294967295 requests, which took 3.0s. Waiting for server processing
I20260914 17:28:35.548265 294000 dfly_bench.cc:926] Done queuing 4294967295 requests, which took 3.0s. Waiting for server processing
I20260914 17:28:35.548336 293998 dfly_bench.cc:926] Done queuing 4294967295 requests, which took 3.0s. Waiting for server processing
I20260914 17:28:35.548343 294010 dfly_bench.cc:1001] ReceiveFb done
I20260914 17:28:35.548295 294009 dfly_bench.cc:926] Done queuing 4294967295 requests, which took 3.0s. Waiting for server processing
I20260914 17:28:35.548292 294003 dfly_bench.cc:926] Done queuing 4294967295 requests, which took 3.0s. Waiting for server processing
I20260914 17:28:35.548332 294005 dfly_bench.cc:926] Done queuing 4294967295 requests, which took 3.0s. Waiting for server processing
I20260914 17:28:35.548285 294013 dfly_bench.cc:926] Done queuing 4294967295 requests, which took 3.0s. Waiting for server processing
I20260914 17:28:35.548364 294005 dfly_bench.cc:926] Done queuing 4294967295 requests, which took 3.0s. Waiting for server processing
I20260914 17:28:35.548362 294003 dfly_bench.cc:926] Done queuing 4294967295 requests, which took 3.0s. Waiting for server processing
I20260914 17:28:35.548339 294011 dfly_bench.cc:1001] ReceiveFb done
I20260914 17:28:35.548318 294012 dfly_bench.cc:926] Done queuing 4294967295 requests, which took 3.0s. Waiting for server processing
I20260914 17:28:35.548316 294006 dfly_bench.cc:926] Done queuing 4294967295 requests, which took 3.0s. Waiting for server processing
I20260914 17:28:35.548321 294008 dfly_bench.cc:926] Done queuing 4294967295 requests, which took 3.0s. Waiting for server processing
I20260914 17:28:35.548380 294012 dfly_bench.cc:926] Done queuing 4294967295 requests, which took 3.0s. Waiting for server processing
I20260914 17:28:35.548377 294003 dfly_bench.cc:926] Done queuing 4294967295 requests, which took 3.0s. Waiting for server processing
I20260914 17:28:35.548306 294001 dfly_bench.cc:926] Done queuing 4294967295 requests, which took 3.0s. Waiting for server processing
I20260914 17:28:35.548409 294003 dfly_bench.cc:926] Done queuing 4294967295 requests, which took 3.0s. Waiting for server processing
I20260914 17:28:35.548367 294013 dfly_bench.cc:926] Done queuing 4294967295 requests, which took 3.0s. Waiting for server processing
I20260914 17:28:35.548417 294003 dfly_bench.cc:926] Done queuing 4294967295 requests, which took 3.0s. Waiting for server processing
I20260914 17:28:35.548430 294003 dfly_bench.cc:926] Done queuing 4294967295 requests, which took 3.0s. Waiting for server processing
I20260914 17:28:35.548353 293998 dfly_bench.cc:926] Done queuing 4294967295 requests, which took 3.0s. Waiting for server processing
I20260914 17:28:35.548341 294007 dfly_bench.cc:1001] ReceiveFb done
I20260914 17:28:35.548394 294012 dfly_bench.cc:926] Done queuing 4294967295 requests, which took 3.0s. Waiting for server processing
I20260914 17:28:35.548365 294009 dfly_bench.cc:926] Done queuing 4294967295 requests, which took 3.0s. Waiting for server processing
I20260914 17:28:35.548313 293999 dfly_bench.cc:1001] ReceiveFb done
I20260914 17:28:35.548418 294001 dfly_bench.cc:926] Done queuing 4294967295 requests, which took 3.0s. Waiting for server processing
I20260914 17:28:35.548343 294000 dfly_bench.cc:926] Done queuing 4294967295 requests, which took 3.0s. Waiting for server processing
I20260914 17:28:35.548480 294001 dfly_bench.cc:926] Done queuing 4294967295 requests, which took 3.0s. Waiting for server processing
I20260914 17:28:35.548367 294010 dfly_bench.cc:1001] ReceiveFb done
I20260914 17:28:35.548460 293998 dfly_bench.cc:926] Done queuing 4294967295 requests, which took 3.0s. Waiting for server processing
I20260914 17:28:35.548441 294003 dfly_bench.cc:926] Done queuing 4294967295 requests, which took 3.0s. Waiting for server processing
I20260914 17:28:35.548390 294006 dfly_bench.cc:926] Done queuing 4294967295 requests, which took 3.0s. Waiting for server processing
I20260914 17:28:35.548503 294003 dfly_bench.cc:926] Done queuing 4294967295 requests, which took 3.0s. Waiting for server processing
I20260914 17:28:35.548389 294011 dfly_bench.cc:1001] ReceiveFb done
I20260914 17:28:35.548395 294008 dfly_bench.cc:926] Done queuing 4294967295 requests, which took 3.0s. Waiting for server processing
I20260914 17:28:35.548419 294013 dfly_bench.cc:1001] ReceiveFb done
I20260914 17:28:35.548461 294009 dfly_bench.cc:926] Done queuing 4294967295 requests, which took 3.0s. Waiting for server processing
I20260914 17:28:35.548509 293998 dfly_bench.cc:926] Done queuing 4294967295 requests, which took 3.0s. Waiting for server processing
I20260914 17:28:35.548529 294004 dfly_bench.cc:926] Done queuing 4294967295 requests, which took 3.0s. Waiting for server processing
I20260914 17:28:35.548485 294000 dfly_bench.cc:926] Done queuing 4294967295 requests, which took 3.0s. Waiting for server processing
I20260914 17:28:35.548542 294008 dfly_bench.cc:926] Done queuing 4294967295 requests, which took 3.0s. Waiting for server processing
I20260914 17:28:35.548532 294009 dfly_bench.cc:926] Done queuing 4294967295 requests, which took 3.0s. Waiting for server processing
I20260914 17:28:35.548378 294005 dfly_bench.cc:926] Done queuing 4294967295 requests, which took 3.0s. Waiting for server processing
I20260914 17:28:35.548583 294009 dfly_bench.cc:926] Done queuing 4294967295 requests, which took 3.0s. Waiting for server processing
I20260914 17:28:35.548514 294006 dfly_bench.cc:926] Done queuing 4294967295 requests, which took 3.0s. Waiting for server processing
I20260914 17:28:35.548470 294007 dfly_bench.cc:1001] ReceiveFb done
I20260914 17:28:35.548462 294012 dfly_bench.cc:1001] ReceiveFb done
I20260914 17:28:35.548542 294013 dfly_bench.cc:1001] ReceiveFb done
I20260914 17:28:35.548516 294003 dfly_bench.cc:926] Done queuing 4294967295 requests, which took 3.0s. Waiting for server processing
I20260914 17:28:35.548487 293999 dfly_bench.cc:1001] ReceiveFb done
I20260914 17:28:35.548542 293998 dfly_bench.cc:926] Done queuing 4294967295 requests, which took 3.0s. Waiting for server processing
I20260914 17:28:35.548580 294004 dfly_bench.cc:926] Done queuing 4294967295 requests, which took 3.0s. Waiting for server processing
I20260914 17:28:35.548610 294012 dfly_bench.cc:1001] ReceiveFb done
I20260914 17:28:35.548498 294001 dfly_bench.cc:926] Done queuing 4294967295 requests, which took 3.0s. Waiting for server processing
I20260914 17:28:35.548578 294000 dfly_bench.cc:926] Done queuing 4294967295 requests, which took 3.0s. Waiting for server processing
I20260914 17:28:35.548619 293998 dfly_bench.cc:926] Done queuing 4294967295 requests, which took 3.0s. Waiting for server processing
I20260914 17:28:35.548040 294002 dfly_bench.cc:926] Done queuing 4294967295 requests, which took 3.0s. Waiting for server processing
I20260914 17:28:35.548614 294003 dfly_bench.cc:926] Done queuing 4294967295 requests, which took 3.0s. Waiting for server processing
I20260914 17:28:35.548619 294013 dfly_bench.cc:1001] ReceiveFb done
I20260914 17:28:35.548528 294011 dfly_bench.cc:1001] ReceiveFb done
I20260914 17:28:35.548640 294012 dfly_bench.cc:1001] ReceiveFb done
I20260914 17:28:35.548668 294003 dfly_bench.cc:1001] ReceiveFb done
I20260914 17:28:35.548637 293999 dfly_bench.cc:1001] ReceiveFb done
I20260914 17:28:35.548686 294011 dfly_bench.cc:1001] ReceiveFb done
I20260914 17:28:35.548702 293999 dfly_bench.cc:1001] ReceiveFb done
I20260914 17:28:35.548512 294010 dfly_bench.cc:1001] ReceiveFb done
I20260914 17:28:35.548717 294011 dfly_bench.cc:1001] ReceiveFb done
I20260914 17:28:35.548595 294009 dfly_bench.cc:926] Done queuing 4294967295 requests, which took 3.0s. Waiting for server processing
I20260914 17:28:35.548730 294009 dfly_bench.cc:926] Done queuing 4294967295 requests, which took 3.0s. Waiting for server processing
I20260914 17:28:35.548735 294011 dfly_bench.cc:1001] ReceiveFb done
I20260914 17:28:35.548625 294004 dfly_bench.cc:1001] ReceiveFb done
I20260914 17:28:35.548681 294013 dfly_bench.cc:1001] ReceiveFb done
I20260914 17:28:35.548689 293998 dfly_bench.cc:926] Done queuing 4294967295 requests, which took 3.0s. Waiting for server processing
I20260914 17:28:35.548614 294007 dfly_bench.cc:1001] ReceiveFb done
I20260914 17:28:35.548759 294004 dfly_bench.cc:1001] ReceiveFb done
I20260914 17:28:35.548765 294013 dfly_bench.cc:1001] ReceiveFb done
I20260914 17:28:35.548585 294005 dfly_bench.cc:926] Done queuing 4294967295 requests, which took 3.0s. Waiting for server processing
I20260914 17:28:35.548669 294002 dfly_bench.cc:926] Done queuing 4294967295 requests, which took 3.0s. Waiting for server processing
I20260914 17:28:35.548779 294005 dfly_bench.cc:926] Done queuing 4294967295 requests, which took 3.0s. Waiting for server processing
I20260914 17:28:35.548653 294001 dfly_bench.cc:926] Done queuing 4294967295 requests, which took 3.0s. Waiting for server processing
I20260914 17:28:35.548755 294011 dfly_bench.cc:1001] ReceiveFb done
I20260914 17:28:35.548599 294006 dfly_bench.cc:926] Done queuing 4294967295 requests, which took 3.0s. Waiting for server processing
I20260914 17:28:35.548805 294011 dfly_bench.cc:1001] ReceiveFb done
I20260914 17:28:35.548581 294008 dfly_bench.cc:926] Done queuing 4294967295 requests, which took 3.0s. Waiting for server processing
I20260914 17:28:35.548784 294002 dfly_bench.cc:926] Done queuing 4294967295 requests, which took 3.0s. Waiting for server processing
I20260914 17:28:35.548781 294007 dfly_bench.cc:1001] ReceiveFb done
I20260914 17:28:35.548836 294002 dfly_bench.cc:926] Done queuing 4294967295 requests, which took 3.0s. Waiting for server processing
I20260914 17:28:35.548838 294011 dfly_bench.cc:926] Done queuing 4294967295 requests, which took 3.0s. Waiting for server processing
I20260914 17:28:35.548792 294001 dfly_bench.cc:926] Done queuing 4294967295 requests, which took 3.0s. Waiting for server processing
I20260914 17:28:35.548852 294002 dfly_bench.cc:926] Done queuing 4294967295 requests, which took 3.0s. Waiting for server processing
I20260914 17:28:35.548856 294011 dfly_bench.cc:926] Done queuing 4294967295 requests, which took 3.0s. Waiting for server processing
I20260914 17:28:35.548791 294005 dfly_bench.cc:926] Done queuing 4294967295 requests, which took 3.0s. Waiting for server processing
I20260914 17:28:35.548871 294011 dfly_bench.cc:926] Done queuing 4294967295 requests, which took 3.0s. Waiting for server processing
I20260914 17:28:35.548802 294006 dfly_bench.cc:926] Done queuing 4294967295 requests, which took 3.0s. Waiting for server processing
I20260914 17:28:35.548653 294000 dfly_bench.cc:926] Done queuing 4294967295 requests, which took 3.0s. Waiting for server processing
I20260914 17:28:35.548856 294001 dfly_bench.cc:926] Done queuing 4294967295 requests, which took 3.0s. Waiting for server processing
I20260914 17:28:35.548781 294004 dfly_bench.cc:1001] ReceiveFb done
I20260914 17:28:35.548692 294012 dfly_bench.cc:1001] ReceiveFb done
I20260914 17:28:35.548887 294006 dfly_bench.cc:926] Done queuing 4294967295 requests, which took 3.0s. Waiting for server processing
I20260914 17:28:35.548817 294008 dfly_bench.cc:926] Done queuing 4294967295 requests, which took 3.0s. Waiting for server processing
I20260914 17:28:35.548851 294007 dfly_bench.cc:1001] ReceiveFb done
I20260914 17:28:35.548789 294013 dfly_bench.cc:1001] ReceiveFb done
I20260914 17:28:35.548722 293999 dfly_bench.cc:1001] ReceiveFb done
I20260914 17:28:35.548918 294012 dfly_bench.cc:1001] ReceiveFb done
I20260914 17:28:35.548923 294004 dfly_bench.cc:1001] ReceiveFb done
I20260914 17:28:35.548743 294009 dfly_bench.cc:926] Done queuing 4294967295 requests, which took 3.0s. Waiting for server processing
I20260914 17:28:35.548905 294001 dfly_bench.cc:926] Done queuing 4294967295 requests, which took 3.0s. Waiting for server processing
I20260914 17:28:35.548936 293999 dfly_bench.cc:1001] ReceiveFb done
I20260914 17:28:35.548884 294011 dfly_bench.cc:926] Done queuing 4294967295 requests, which took 3.0s. Waiting for server processing
I20260914 17:28:35.548930 294007 dfly_bench.cc:1001] ReceiveFb done
I20260914 17:28:35.548864 294002 dfly_bench.cc:926] Done queuing 4294967295 requests, which took 3.0s. Waiting for server processing
I20260914 17:28:35.548972 294002 dfly_bench.cc:926] Done queuing 4294967295 requests, which took 3.0s. Waiting for server processing
I20260914 17:28:35.548892 294000 dfly_bench.cc:926] Done queuing 4294967295 requests, which took 3.0s. Waiting for server processing
I20260914 17:28:35.548910 294006 dfly_bench.cc:1001] ReceiveFb done
I20260914 17:28:35.548915 294008 dfly_bench.cc:926] Done queuing 4294967295 requests, which took 3.0s. Waiting for server processing
I20260914 17:28:35.548980 294007 dfly_bench.cc:1001] ReceiveFb done
I20260914 17:28:35.548983 294000 dfly_bench.cc:926] Done queuing 4294967295 requests, which took 3.0s. Waiting for server processing
I20260914 17:28:35.548954 294011 dfly_bench.cc:926] Done queuing 4294967295 requests, which took 3.0s. Waiting for server processing
I20260914 17:28:35.548996 294011 dfly_bench.cc:926] Done queuing 4294967295 requests, which took 3.0s. Waiting for server processing
I20260914 17:28:35.548969 293999 dfly_bench.cc:1001] ReceiveFb done
I20260914 17:28:35.549005 294007 dfly_bench.cc:1001] ReceiveFb done
I20260914 17:28:35.548875 294005 dfly_bench.cc:926] Done queuing 4294967295 requests, which took 3.0s. Waiting for server processing
I20260914 17:28:35.549027 294005 dfly_bench.cc:1001] ReceiveFb done
I20260914 17:28:35.548941 294012 dfly_bench.cc:1001] ReceiveFb done
I20260914 17:28:35.548929 294013 dfly_bench.cc:1001] ReceiveFb done
I20260914 17:28:35.548985 294008 dfly_bench.cc:926] Done queuing 4294967295 requests, which took 3.0s. Waiting for server processing
I20260914 17:28:35.548998 294006 dfly_bench.cc:1001] ReceiveFb done
I20260914 17:28:35.548692 294003 dfly_bench.cc:1001] ReceiveFb done
I20260914 17:28:35.548756 293998 dfly_bench.cc:926] Done queuing 4294967295 requests, which took 3.0s. Waiting for server processing
I20260914 17:28:35.548732 294010 dfly_bench.cc:1001] ReceiveFb done
I20260914 17:28:35.549041 294007 dfly_bench.cc:1001] ReceiveFb done
I20260914 17:28:35.549041 294008 dfly_bench.cc:926] Done queuing 4294967295 requests, which took 3.0s. Waiting for server processing
I20260914 17:28:35.549021 293999 dfly_bench.cc:1001] ReceiveFb done
I20260914 17:28:35.549050 293998 dfly_bench.cc:926] Done queuing 4294967295 requests, which took 3.0s. Waiting for server processing
I20260914 17:28:35.549046 294005 dfly_bench.cc:1001] ReceiveFb done
I20260914 17:28:35.549082 294008 dfly_bench.cc:926] Done queuing 4294967295 requests, which took 3.0s. Waiting for server processing
I20260914 17:28:35.548941 294009 dfly_bench.cc:926] Done queuing 4294967295 requests, which took 3.0s. Waiting for server processing
I20260914 17:28:35.549007 294011 dfly_bench.cc:926] Done queuing 4294967295 requests, which took 3.0s. Waiting for server processing
I20260914 17:28:35.548945 294004 dfly_bench.cc:1001] ReceiveFb done
I20260914 17:28:35.549090 294007 dfly_bench.cc:1001] ReceiveFb done
I20260914 17:28:35.549060 294013 dfly_bench.cc:1001] ReceiveFb done
I20260914 17:28:35.549093 293998 dfly_bench.cc:926] Done queuing 4294967295 requests, which took 3.0s. Waiting for server processing
I20260914 17:28:35.549052 294006 dfly_bench.cc:1001] ReceiveFb done
I20260914 17:28:35.548941 294001 dfly_bench.cc:926] Done queuing 4294967295 requests, which took 3.0s. Waiting for server processing
I20260914 17:28:35.549095 294011 dfly_bench.cc:926] Done queuing 4294967295 requests, which took 3.0s. Waiting for server processing
I20260914 17:28:35.549069 294010 dfly_bench.cc:1001] ReceiveFb done
I20260914 17:28:35.549095 293999 dfly_bench.cc:1001] ReceiveFb done
I20260914 17:28:35.549047 294012 dfly_bench.cc:1001] ReceiveFb done
I20260914 17:28:35.549093 294008 dfly_bench.cc:926] Done queuing 4294967295 requests, which took 3.0s. Waiting for server processing
I20260914 17:28:35.549111 294004 dfly_bench.cc:1001] ReceiveFb done
I20260914 17:28:35.549068 294003 dfly_bench.cc:1001] ReceiveFb done
I20260914 17:28:35.549108 293998 dfly_bench.cc:926] Done queuing 4294967295 requests, which took 3.0s. Waiting for server processing
I20260914 17:28:35.549145 293999 dfly_bench.cc:1001] ReceiveFb done
I20260914 17:28:35.549126 294007 dfly_bench.cc:926] Done queuing 4294967295 requests, which took 3.0s. Waiting for server processing
I20260914 17:28:35.549157 294003 dfly_bench.cc:1001] ReceiveFb done
I20260914 17:28:35.549151 294010 dfly_bench.cc:1001] ReceiveFb done
I20260914 17:28:35.549163 294004 dfly_bench.cc:1001] ReceiveFb done
I20260914 17:28:35.549119 294009 dfly_bench.cc:1001] ReceiveFb done
I20260914 17:28:35.549182 294010 dfly_bench.cc:1001] ReceiveFb done
I20260914 17:28:35.549186 294004 dfly_bench.cc:1001] ReceiveFb done
I20260914 17:28:35.549121 294006 dfly_bench.cc:1001] ReceiveFb done
I20260914 17:28:35.549129 294011 dfly_bench.cc:926] Done queuing 4294967295 requests, which took 3.0s. Waiting for server processing
I20260914 17:28:35.549117 294005 dfly_bench.cc:1001] ReceiveFb done
I20260914 17:28:35.549202 294009 dfly_bench.cc:1001] ReceiveFb done
I20260914 17:28:35.549207 294004 dfly_bench.cc:1001] ReceiveFb done
I20260914 17:28:35.549139 294008 dfly_bench.cc:926] Done queuing 4294967295 requests, which took 3.0s. Waiting for server processing
I20260914 17:28:35.549213 294006 dfly_bench.cc:1001] ReceiveFb done
I20260914 17:28:35.549220 294005 dfly_bench.cc:1001] ReceiveFb done
I20260914 17:28:35.549235 294006 dfly_bench.cc:1001] ReceiveFb done
I20260914 17:28:35.549116 294013 dfly_bench.cc:1001] ReceiveFb done
I20260914 17:28:35.549173 293999 dfly_bench.cc:1001] ReceiveFb done
I20260914 17:28:35.548982 294002 dfly_bench.cc:926] Done queuing 4294967295 requests, which took 3.0s. Waiting for server processing
I20260914 17:28:35.549216 294008 dfly_bench.cc:926] Done queuing 4294967295 requests, which took 3.0s. Waiting for server processing
I20260914 17:28:35.549127 294001 dfly_bench.cc:926] Done queuing 4294967295 requests, which took 3.0s. Waiting for server processing
I20260914 17:28:35.549165 294012 dfly_bench.cc:926] Done queuing 4294967295 requests, which took 3.0s. Waiting for server processing
I20260914 17:28:35.549149 293998 dfly_bench.cc:926] Done queuing 4294967295 requests, which took 3.0s. Waiting for server processing
I20260914 17:28:35.549221 294009 dfly_bench.cc:1001] ReceiveFb done
I20260914 17:28:35.549256 294006 dfly_bench.cc:1001] ReceiveFb done
I20260914 17:28:35.549166 294007 dfly_bench.cc:926] Done queuing 4294967295 requests, which took 3.0s. Waiting for server processing
I20260914 17:28:35.549261 294013 dfly_bench.cc:1001] ReceiveFb done
I20260914 17:28:35.549263 294001 dfly_bench.cc:926] Done queuing 4294967295 requests, which took 3.0s. Waiting for server processing
I20260914 17:28:35.549324 294009 dfly_bench.cc:1001] ReceiveFb done
I20260914 17:28:35.549328 294006 dfly_bench.cc:1001] ReceiveFb done
I20260914 17:28:35.549330 294001 dfly_bench.cc:926] Done queuing 4294967295 requests, which took 3.0s. Waiting for server processing
I20260914 17:28:35.549260 293999 dfly_bench.cc:1001] ReceiveFb done
I20260914 17:28:35.549345 294009 dfly_bench.cc:1001] ReceiveFb done
I20260914 17:28:35.549252 294002 dfly_bench.cc:926] Done queuing 4294967295 requests, which took 3.0s. Waiting for server processing
I20260914 17:28:35.549360 293999 dfly_bench.cc:1001] ReceiveFb done
I20260914 17:28:35.549284 294012 dfly_bench.cc:926] Done queuing 4294967295 requests, which took 3.0s. Waiting for server processing
I20260914 17:28:35.549353 294000 dfly_bench.cc:1001] ReceiveFb done
I20260914 17:28:35.549341 294013 dfly_bench.cc:1001] ReceiveFb done
I20260914 17:28:35.549371 294009 dfly_bench.cc:1001] ReceiveFb done
I20260914 17:28:35.549226 294004 dfly_bench.cc:1001] ReceiveFb done
I20260914 17:28:35.549180 294003 dfly_bench.cc:1001] ReceiveFb done
I20260914 17:28:35.549381 293999 dfly_bench.cc:1001] ReceiveFb done
I20260914 17:28:35.549392 294009 dfly_bench.cc:1001] ReceiveFb done
I20260914 17:28:35.549206 294010 dfly_bench.cc:1001] ReceiveFb done
I20260914 17:28:35.549398 294003 dfly_bench.cc:1001] ReceiveFb done
I20260914 17:28:35.549346 294006 dfly_bench.cc:1001] ReceiveFb done
I20260914 17:28:35.549331 294007 dfly_bench.cc:926] Done queuing 4294967295 requests, which took 3.0s. Waiting for server processing
I20260914 17:28:35.549286 293998 dfly_bench.cc:926] Done queuing 4294967295 requests, which took 3.0s. Waiting for server processing
I20260914 17:28:35.549253 294008 dfly_bench.cc:926] Done queuing 4294967295 requests, which took 3.0s. Waiting for server processing
I20260914 17:28:35.549414 294007 dfly_bench.cc:926] Done queuing 4294967295 requests, which took 3.0s. Waiting for server processing
I20260914 17:28:35.549427 294007 dfly_bench.cc:926] Done queuing 4294967295 requests, which took 3.0s. Waiting for server processing
I20260914 17:28:35.549254 294005 dfly_bench.cc:1001] ReceiveFb done
I20260914 17:28:35.549422 293998 dfly_bench.cc:926] Done queuing 4294967295 requests, which took 3.0s. Waiting for server processing
I20260914 17:28:35.549417 294010 dfly_bench.cc:1001] ReceiveFb done
I20260914 17:28:35.549399 294000 dfly_bench.cc:926] Done queuing 4294967295 requests, which took 3.0s. Waiting for server processing
I20260914 17:28:35.549437 294007 dfly_bench.cc:926] Done queuing 4294967295 requests, which took 3.0s. Waiting for server processing
I20260914 17:28:35.549371 294012 dfly_bench.cc:926] Done queuing 4294967295 requests, which took 3.0s. Waiting for server processing
I20260914 17:28:35.549451 293998 dfly_bench.cc:926] Done queuing 4294967295 requests, which took 3.0s. Waiting for server processing
I20260914 17:28:35.549455 294005 dfly_bench.cc:1001] ReceiveFb done
I20260914 17:28:35.549482 294000 dfly_bench.cc:926] Done queuing 4294967295 requests, which took 3.0s. Waiting for server processing
I20260914 17:28:35.549415 294009 dfly_bench.cc:1001] ReceiveFb done
I20260914 17:28:35.549389 294013 dfly_bench.cc:1001] ReceiveFb done
I20260914 17:28:35.549465 294010 dfly_bench.cc:1001] ReceiveFb done
I20260914 17:28:35.549492 294000 dfly_bench.cc:926] Done queuing 4294967295 requests, which took 3.0s. Waiting for server processing
I20260914 17:28:35.549396 294004 dfly_bench.cc:1001] ReceiveFb done
I20260914 17:28:35.549434 294003 dfly_bench.cc:926] Done queuing 4294967295 requests, which took 3.0s. Waiting for server processing
I20260914 17:28:35.549424 294006 dfly_bench.cc:1001] ReceiveFb done
I20260914 17:28:35.549505 294009 dfly_bench.cc:1001] ReceiveFb done
I20260914 17:28:35.549479 294007 dfly_bench.cc:926] Done queuing 4294967295 requests, which took 3.0s. Waiting for server processing
I20260914 17:28:35.549499 294000 dfly_bench.cc:926] Done queuing 4294967295 requests, which took 3.0s. Waiting for server processing
I20260914 17:28:35.549403 293999 dfly_bench.cc:1001] ReceiveFb done
I20260914 17:28:35.549499 294005 dfly_bench.cc:1001] ReceiveFb done
I20260914 17:28:35.549510 294003 dfly_bench.cc:926] Done queuing 4294967295 requests, which took 3.0s. Waiting for server processing
I20260914 17:28:35.549526 294000 dfly_bench.cc:926] Done queuing 4294967295 requests, which took 3.0s. Waiting for server processing
I20260914 17:28:35.549506 294013 dfly_bench.cc:1001] ReceiveFb done
I20260914 17:28:35.549484 294012 dfly_bench.cc:926] Done queuing 4294967295 requests, which took 3.0s. Waiting for server processing
I20260914 17:28:35.549526 294009 dfly_bench.cc:1001] ReceiveFb done
I20260914 17:28:35.549511 294004 dfly_bench.cc:1001] ReceiveFb done
I20260914 17:28:35.549546 293999 dfly_bench.cc:1001] ReceiveFb done
I20260914 17:28:35.549559 294012 dfly_bench.cc:926] Done queuing 4294967295 requests, which took 3.0s. Waiting for server processing
I20260914 17:28:35.549561 294013 dfly_bench.cc:1001] ReceiveFb done
I20260914 17:28:35.549575 293999 dfly_bench.cc:1001] ReceiveFb done
I20260914 17:28:35.549572 294008 dfly_bench.cc:1001] ReceiveFb done
I20260914 17:28:35.549525 294006 dfly_bench.cc:1001] ReceiveFb done
I20260914 17:28:35.549507 294010 dfly_bench.cc:1001] ReceiveFb done
I20260914 17:28:35.549569 294012 dfly_bench.cc:926] Done queuing 4294967295 requests, which took 3.0s. Waiting for server processing
I20260914 17:28:35.549544 294003 dfly_bench.cc:926] Done queuing 4294967295 requests, which took 3.0s. Waiting for server processing
I20260914 17:28:35.549568 294002 dfly_bench.cc:1001] ReceiveFb done
I20260914 17:28:35.549615 293999 dfly_bench.cc:1001] ReceiveFb done
I20260914 17:28:35.549603 294008 dfly_bench.cc:1001] ReceiveFb done
I20260914 17:28:35.549552 294005 dfly_bench.cc:1001] ReceiveFb done
I20260914 17:28:35.549674 294011 dfly_bench.cc:926] Done queuing 4294967295 requests, which took 3.0s. Waiting for server processing
I20260914 17:28:35.549583 294013 dfly_bench.cc:1001] ReceiveFb done
I20260914 17:28:35.549685 294008 dfly_bench.cc:1001] ReceiveFb done
I20260914 17:28:35.549638 293998 dfly_bench.cc:1001] ReceiveFb done
I20260914 17:28:35.549687 293999 dfly_bench.cc:926] Done queuing 4294967295 requests, which took 3.0s. Waiting for server processing
I20260914 17:28:35.549633 294006 dfly_bench.cc:1001] ReceiveFb done
I20260914 17:28:35.549652 294003 dfly_bench.cc:926] Done queuing 4294967295 requests, which took 3.0s. Waiting for server processing
I20260914 17:28:35.549675 294002 dfly_bench.cc:1001] ReceiveFb done
I20260914 17:28:35.549705 294013 dfly_bench.cc:1001] ReceiveFb done
I20260914 17:28:35.549546 294000 dfly_bench.cc:926] Done queuing 4294967295 requests, which took 3.0s. Waiting for server processing
I20260914 17:28:35.549715 294003 dfly_bench.cc:926] Done queuing 4294967295 requests, which took 3.0s. Waiting for server processing
I20260914 17:28:35.549572 294004 dfly_bench.cc:1001] ReceiveFb done
I20260914 17:28:35.549525 294007 dfly_bench.cc:926] Done queuing 4294967295 requests, which took 3.0s. Waiting for server processing
I20260914 17:28:35.549705 293999 dfly_bench.cc:926] Done queuing 4294967295 requests, which took 3.0s. Waiting for server processing
I20260914 17:28:35.549727 294002 dfly_bench.cc:1001] ReceiveFb done
I20260914 17:28:35.549712 293998 dfly_bench.cc:1001] ReceiveFb done
I20260914 17:28:35.549602 294012 dfly_bench.cc:926] Done queuing 4294967295 requests, which took 3.0s. Waiting for server processing
I20260914 17:28:35.549692 294005 dfly_bench.cc:1001] ReceiveFb done
I20260914 17:28:35.549728 294013 dfly_bench.cc:1001] ReceiveFb done
I20260914 17:28:35.549574 294009 dfly_bench.cc:1001] ReceiveFb done
I20260914 17:28:35.549750 294004 dfly_bench.cc:1001] ReceiveFb done
I20260914 17:28:35.549752 293998 dfly_bench.cc:1001] ReceiveFb done
I20260914 17:28:35.549752 294002 dfly_bench.cc:1001] ReceiveFb done
I20260914 17:28:35.549764 294013 dfly_bench.cc:1001] ReceiveFb done
I20260914 17:28:35.549744 294012 dfly_bench.cc:926] Done queuing 4294967295 requests, which took 3.0s. Waiting for server processing
I20260914 17:28:35.549779 294004 dfly_bench.cc:926] Done queuing 4294967295 requests, which took 3.0s. Waiting for server processing
I20260914 17:28:35.549757 294005 dfly_bench.cc:1001] ReceiveFb done
I20260914 17:28:35.549525 294001 dfly_bench.cc:926] Done queuing 4294967295 requests, which took 3.0s. Waiting for server processing
I20260914 17:28:35.549610 294010 dfly_bench.cc:1001] ReceiveFb done
I20260914 17:28:35.549806 294001 dfly_bench.cc:1001] ReceiveFb done
I20260914 17:28:35.549767 294009 dfly_bench.cc:1001] ReceiveFb done
I20260914 17:28:35.549741 294006 dfly_bench.cc:926] Done queuing 4294967295 requests, which took 3.0s. Waiting for server processing
I20260914 17:28:35.549707 294008 dfly_bench.cc:1001] ReceiveFb done
I20260914 17:28:35.549687 294011 dfly_bench.cc:926] Done queuing 4294967295 requests, which took 3.0s. Waiting for server processing
I20260914 17:28:35.549736 293999 dfly_bench.cc:926] Done queuing 4294967295 requests, which took 3.0s. Waiting for server processing
I20260914 17:28:35.549746 294000 dfly_bench.cc:1001] ReceiveFb done
I20260914 17:28:35.549786 294013 dfly_bench.cc:1001] ReceiveFb done
I20260914 17:28:35.549834 294008 dfly_bench.cc:1001] ReceiveFb done
I20260914 17:28:35.549821 294006 dfly_bench.cc:926] Done queuing 4294967295 requests, which took 3.0s. Waiting for server processing
I20260914 17:28:35.549793 294004 dfly_bench.cc:926] Done queuing 4294967295 requests, which took 3.0s. Waiting for server processing
I20260914 17:28:35.549829 294001 dfly_bench.cc:1001] ReceiveFb done
I20260914 17:28:35.549841 294000 dfly_bench.cc:1001] ReceiveFb done
I20260914 17:28:35.549855 294008 dfly_bench.cc:1001] ReceiveFb done
I20260914 17:28:35.549860 294004 dfly_bench.cc:926] Done queuing 4294967295 requests, which took 3.0s. Waiting for server processing
I20260914 17:28:35.549813 294005 dfly_bench.cc:1001] ReceiveFb done
I20260914 17:28:35.549871 294004 dfly_bench.cc:926] Done queuing 4294967295 requests, which took 3.0s. Waiting for server processing
I20260914 17:28:35.549777 294002 dfly_bench.cc:1001] ReceiveFb done
I20260914 17:28:35.549881 294004 dfly_bench.cc:926] Done queuing 4294967295 requests, which took 3.0s. Waiting for server processing
I20260914 17:28:35.549853 294013 dfly_bench.cc:1001] ReceiveFb done
I20260914 17:28:35.549875 294008 dfly_bench.cc:1001] ReceiveFb done
I20260914 17:28:35.549829 293999 dfly_bench.cc:926] Done queuing 4294967295 requests, which took 3.0s. Waiting for server processing
I20260914 17:28:35.549908 294002 dfly_bench.cc:1001] ReceiveFb done
I20260914 17:28:35.549777 293998 dfly_bench.cc:1001] ReceiveFb done
I20260914 17:28:35.549846 294006 dfly_bench.cc:926] Done queuing 4294967295 requests, which took 3.0s. Waiting for server processing
I20260914 17:28:35.549826 294011 dfly_bench.cc:1001] ReceiveFb done
I20260914 17:28:35.549827 294009 dfly_bench.cc:1001] ReceiveFb done
I20260914 17:28:35.549880 294001 dfly_bench.cc:1001] ReceiveFb done
I20260914 17:28:35.549921 293999 dfly_bench.cc:926] Done queuing 4294967295 requests, which took 3.0s. Waiting for server processing
I20260914 17:28:35.549877 294000 dfly_bench.cc:1001] ReceiveFb done
I20260914 17:28:35.549921 294013 dfly_bench.cc:1001] ReceiveFb done
I20260914 17:28:35.549786 294012 dfly_bench.cc:926] Done queuing 4294967295 requests, which took 3.0s. Waiting for server processing
I20260914 17:28:35.549952 294009 dfly_bench.cc:1001] ReceiveFb done
I20260914 17:28:35.549818 294010 dfly_bench.cc:1001] ReceiveFb done
I20260914 17:28:35.549949 293999 dfly_bench.cc:926] Done queuing 4294967295 requests, which took 3.0s. Waiting for server processing
I20260914 17:28:35.549926 294008 dfly_bench.cc:1001] ReceiveFb done
I20260914 17:28:35.549904 294004 dfly_bench.cc:926] Done queuing 4294967295 requests, which took 3.0s. Waiting for server processing
I20260914 17:28:35.549937 293998 dfly_bench.cc:1001] ReceiveFb done
I20260914 17:28:35.549978 294010 dfly_bench.cc:1001] ReceiveFb done
I20260914 17:28:35.549887 294005 dfly_bench.cc:1001] ReceiveFb done
I20260914 17:28:35.549973 294009 dfly_bench.cc:1001] ReceiveFb done
I20260914 17:28:35.549966 294000 dfly_bench.cc:1001] ReceiveFb done
I20260914 17:28:35.549988 294008 dfly_bench.cc:1001] ReceiveFb done
I20260914 17:28:35.549960 294001 dfly_bench.cc:1001] ReceiveFb done
I20260914 17:28:35.550012 294001 dfly_bench.cc:1001] ReceiveFb done
I20260914 17:28:35.549978 294004 dfly_bench.cc:926] Done queuing 4294967295 requests, which took 3.0s. Waiting for server processing
I20260914 17:28:35.549937 294002 dfly_bench.cc:1001] ReceiveFb done
I20260914 17:28:35.550004 294000 dfly_bench.cc:1001] ReceiveFb done
I20260914 17:28:35.549842 294003 dfly_bench.cc:1001] ReceiveFb done
I20260914 17:28:35.549952 294011 dfly_bench.cc:1001] ReceiveFb done
I20260914 17:28:35.550004 294009 dfly_bench.cc:1001] ReceiveFb done
I20260914 17:28:35.550010 294008 dfly_bench.cc:1001] ReceiveFb done
I20260914 17:28:35.550014 294010 dfly_bench.cc:1001] ReceiveFb done
I20260914 17:28:35.550042 294001 dfly_bench.cc:1001] ReceiveFb done
I20260914 17:28:35.550037 294002 dfly_bench.cc:1001] ReceiveFb done
I20260914 17:28:35.550001 293998 dfly_bench.cc:1001] ReceiveFb done
I20260914 17:28:35.550001 294005 dfly_bench.cc:1001] ReceiveFb done
I20260914 17:28:35.550051 294000 dfly_bench.cc:1001] ReceiveFb done
I20260914 17:28:35.550068 294010 dfly_bench.cc:1001] ReceiveFb done
I20260914 17:28:35.550052 294003 dfly_bench.cc:1001] ReceiveFb done
I20260914 17:28:35.549975 293999 dfly_bench.cc:926] Done queuing 4294967295 requests, which took 3.0s. Waiting for server processing
I20260914 17:28:35.550084 294005 dfly_bench.cc:1001] ReceiveFb done
I20260914 17:28:35.550071 294001 dfly_bench.cc:1001] ReceiveFb done
I20260914 17:28:35.550104 294005 dfly_bench.cc:1001] ReceiveFb done
I20260914 17:28:35.550058 294011 dfly_bench.cc:1001] ReceiveFb done
I20260914 17:28:35.550122 294001 dfly_bench.cc:1001] ReceiveFb done
I20260914 17:28:35.550123 294005 dfly_bench.cc:1001] ReceiveFb done
I20260914 17:28:35.550088 294000 dfly_bench.cc:1001] ReceiveFb done
I20260914 17:28:35.550074 293998 dfly_bench.cc:1001] ReceiveFb done
I20260914 17:28:35.550132 294011 dfly_bench.cc:1001] ReceiveFb done
I20260914 17:28:35.550150 293998 dfly_bench.cc:1001] ReceiveFb done
I20260914 17:28:35.550072 294002 dfly_bench.cc:1001] ReceiveFb done
I20260914 17:28:35.550089 293999 dfly_bench.cc:926] Done queuing 4294967295 requests, which took 3.0s. Waiting for server processing
I20260914 17:28:35.550179 293999 dfly_bench.cc:926] Done queuing 4294967295 requests, which took 3.0s. Waiting for server processing
I20260914 17:28:35.550184 293998 dfly_bench.cc:1001] ReceiveFb done
I20260914 17:28:35.550149 294000 dfly_bench.cc:1001] ReceiveFb done
I20260914 17:28:35.550098 294003 dfly_bench.cc:1001] ReceiveFb done
I20260914 17:28:35.550205 293998 dfly_bench.cc:1001] ReceiveFb done
I20260914 17:28:35.550143 294001 dfly_bench.cc:1001] ReceiveFb done
I20260914 17:28:35.550097 294010 dfly_bench.cc:1001] ReceiveFb done
I20260914 17:28:35.550228 293998 dfly_bench.cc:1001] ReceiveFb done
I20260914 17:28:35.550185 294002 dfly_bench.cc:1001] ReceiveFb done
I20260914 17:28:35.550072 294008 dfly_bench.cc:1001] ReceiveFb done
I20260914 17:28:35.550249 293998 dfly_bench.cc:1001] ReceiveFb done
I20260914 17:28:35.550256 294002 dfly_bench.cc:1001] ReceiveFb done
I20260914 17:28:35.550237 294001 dfly_bench.cc:1001] ReceiveFb done
I20260914 17:28:35.550062 294009 dfly_bench.cc:1001] ReceiveFb done
I20260914 17:28:35.550153 294006 dfly_bench.cc:1001] ReceiveFb done
I20260914 17:28:35.550264 294008 dfly_bench.cc:1001] ReceiveFb done
I20260914 17:28:35.550099 294012 dfly_bench.cc:1001] ReceiveFb done
I20260914 17:28:35.550146 294005 dfly_bench.cc:1001] ReceiveFb done
I20260914 17:28:35.550238 294010 dfly_bench.cc:1001] ReceiveFb done
I20260914 17:28:35.550288 294009 dfly_bench.cc:1001] ReceiveFb done
I20260914 17:28:35.550280 293998 dfly_bench.cc:1001] ReceiveFb done
I20260914 17:28:35.550295 294012 dfly_bench.cc:1001] ReceiveFb done
I20260914 17:28:35.550290 294008 dfly_bench.cc:1001] ReceiveFb done
I20260914 17:28:35.550297 294005 dfly_bench.cc:1001] ReceiveFb done
I20260914 17:28:35.550311 294009 dfly_bench.cc:1001] ReceiveFb done
I20260914 17:28:35.550151 294011 dfly_bench.cc:1001] ReceiveFb done
I20260914 17:28:35.550285 294002 dfly_bench.cc:1001] ReceiveFb done
I20260914 17:28:35.550287 294001 dfly_bench.cc:1001] ReceiveFb done
I20260914 17:28:35.550295 294004 dfly_bench.cc:1001] ReceiveFb done
I20260914 17:28:35.550340 294005 dfly_bench.cc:1001] ReceiveFb done
I20260914 17:28:35.550316 294012 dfly_bench.cc:1001] ReceiveFb done
I20260914 17:28:35.550348 294002 dfly_bench.cc:1001] ReceiveFb done
I20260914 17:28:35.550311 293998 dfly_bench.cc:1001] ReceiveFb done
I20260914 17:28:35.550362 294005 dfly_bench.cc:1001] ReceiveFb done
I20260914 17:28:35.550289 294006 dfly_bench.cc:1001] ReceiveFb done
I20260914 17:28:35.550370 294002 dfly_bench.cc:1001] ReceiveFb done
I20260914 17:28:35.550376 294013 dfly_bench.cc:1001] ReceiveFb done
I20260914 17:28:35.550343 294007 dfly_bench.cc:1001] ReceiveFb done
I20260914 17:28:35.550357 294004 dfly_bench.cc:1001] ReceiveFb done
I20260914 17:28:35.550335 294008 dfly_bench.cc:1001] ReceiveFb done
I20260914 17:28:35.550369 294012 dfly_bench.cc:1001] ReceiveFb done
I20260914 17:28:35.550369 294000 dfly_bench.cc:1001] ReceiveFb done
I20260914 17:28:35.550348 294009 dfly_bench.cc:926] Done queuing 4294967295 requests, which took 3.0s. Waiting for server processing
I20260914 17:28:35.550302 294010 dfly_bench.cc:1001] ReceiveFb done
I20260914 17:28:35.550392 294006 dfly_bench.cc:1001] ReceiveFb done
I20260914 17:28:35.550228 294003 dfly_bench.cc:1001] ReceiveFb done
I20260914 17:28:35.550414 294008 dfly_bench.cc:1001] ReceiveFb done
I20260914 17:28:35.550415 294012 dfly_bench.cc:1001] ReceiveFb done
I20260914 17:28:35.550400 294013 dfly_bench.cc:1001] ReceiveFb done
I20260914 17:28:35.550439 294010 dfly_bench.cc:1001] ReceiveFb done
I20260914 17:28:35.550352 294001 dfly_bench.cc:1001] ReceiveFb done
I20260914 17:28:35.550396 294002 dfly_bench.cc:1001] ReceiveFb done
I20260914 17:28:35.550419 294004 dfly_bench.cc:926] Done queuing 4294967295 requests, which took 3.0s. Waiting for server processing
I20260914 17:28:35.550412 294007 dfly_bench.cc:1001] ReceiveFb done
I20260914 17:28:35.550459 294013 dfly_bench.cc:1001] ReceiveFb done
I20260914 17:28:35.550450 294008 dfly_bench.cc:1001] ReceiveFb done
I20260914 17:28:35.550374 293998 dfly_bench.cc:1001] ReceiveFb done
I20260914 17:28:35.550472 294001 dfly_bench.cc:1001] ReceiveFb done
I20260914 17:28:35.550437 294006 dfly_bench.cc:1001] ReceiveFb done
I20260914 17:28:35.550416 294009 dfly_bench.cc:926] Done queuing 4294967295 requests, which took 3.0s. Waiting for server processing
I20260914 17:28:35.550480 294013 dfly_bench.cc:1001] ReceiveFb done
I20260914 17:28:35.550396 294005 dfly_bench.cc:926] Done queuing 4294967295 requests, which took 3.0s. Waiting for server processing
I20260914 17:28:35.550486 293998 dfly_bench.cc:1001] ReceiveFb done
I20260914 17:28:35.550418 294000 dfly_bench.cc:1001] ReceiveFb done
I20260914 17:28:35.550498 294005 dfly_bench.cc:926] Done queuing 4294967295 requests, which took 3.0s. Waiting for server processing
I20260914 17:28:35.550500 294004 dfly_bench.cc:1001] ReceiveFb done
I20260914 17:28:35.550348 294011 dfly_bench.cc:1001] ReceiveFb done
I20260914 17:28:35.550462 294010 dfly_bench.cc:1001] ReceiveFb done
I20260914 17:28:35.550513 294000 dfly_bench.cc:1001] ReceiveFb done
I20260914 17:28:35.550488 294009 dfly_bench.cc:926] Done queuing 4294967295 requests, which took 3.0s. Waiting for server processing
I20260914 17:28:35.550493 294006 dfly_bench.cc:1001] ReceiveFb done
I20260914 17:28:35.550474 294002 dfly_bench.cc:1001] ReceiveFb done
I20260914 17:28:35.550536 294011 dfly_bench.cc:1001] ReceiveFb done
I20260914 17:28:35.550503 294013 dfly_bench.cc:1001] ReceiveFb done
I20260914 17:28:35.550556 294002 dfly_bench.cc:1001] ReceiveFb done
I20260914 17:28:35.550544 294010 dfly_bench.cc:1001] ReceiveFb done
I20260914 17:28:35.550570 294013 dfly_bench.cc:926] Done queuing 4294967295 requests, which took 3.0s. Waiting for server processing
I20260914 17:28:35.550451 294012 dfly_bench.cc:1001] ReceiveFb done
I20260914 17:28:35.550482 294008 dfly_bench.cc:1001] ReceiveFb done
I20260914 17:28:35.550552 294006 dfly_bench.cc:1001] ReceiveFb done
I20260914 17:28:35.550523 294004 dfly_bench.cc:1001] ReceiveFb done
I20260914 17:28:35.550498 294007 dfly_bench.cc:1001] ReceiveFb done
I20260914 17:28:35.550447 294003 dfly_bench.cc:1001] ReceiveFb done
I20260914 17:28:35.550544 294000 dfly_bench.cc:1001] ReceiveFb done
I20260914 17:28:35.550511 293998 dfly_bench.cc:1001] ReceiveFb done
I20260914 17:28:35.550597 294004 dfly_bench.cc:1001] ReceiveFb done
I20260914 17:28:35.550489 294001 dfly_bench.cc:1001] ReceiveFb done
I20260914 17:28:35.550539 294009 dfly_bench.cc:926] Done queuing 4294967295 requests, which took 3.0s. Waiting for server processing
I20260914 17:28:35.550583 294002 dfly_bench.cc:1001] ReceiveFb done
I20260914 17:28:35.550592 294010 dfly_bench.cc:1001] ReceiveFb done
I20260914 17:28:35.550565 294011 dfly_bench.cc:1001] ReceiveFb done
I20260914 17:28:35.550583 294013 dfly_bench.cc:926] Done queuing 4294967295 requests, which took 3.0s. Waiting for server processing
I20260914 17:28:35.550596 294006 dfly_bench.cc:1001] ReceiveFb done
I20260914 17:28:35.550594 294008 dfly_bench.cc:1001] ReceiveFb done
I20260914 17:28:35.550594 294012 dfly_bench.cc:1001] ReceiveFb done
I20260914 17:28:35.550626 294004 dfly_bench.cc:1001] ReceiveFb done
I20260914 17:28:35.550601 294007 dfly_bench.cc:1001] ReceiveFb done
I20260914 17:28:35.550604 294003 dfly_bench.cc:1001] ReceiveFb done
I20260914 17:28:35.550634 294013 dfly_bench.cc:926] Done queuing 4294967295 requests, which took 3.0s. Waiting for server processing
I20260914 17:28:35.550626 293998 dfly_bench.cc:1001] ReceiveFb done
I20260914 17:28:35.550647 294006 dfly_bench.cc:1001] ReceiveFb done
I20260914 17:28:35.550652 294004 dfly_bench.cc:1001] ReceiveFb done
I20260914 17:28:35.550624 294009 dfly_bench.cc:926] Done queuing 4294967295 requests, which took 3.0s. Waiting for server processing
I20260914 17:28:35.550644 294013 dfly_bench.cc:926] Done queuing 4294967295 requests, which took 3.0s. Waiting for server processing
I20260914 17:28:35.550642 294010 dfly_bench.cc:1001] ReceiveFb done
I20260914 17:28:35.550642 294011 dfly_bench.cc:1001] ReceiveFb done
I20260914 17:28:35.550678 294004 dfly_bench.cc:1001] ReceiveFb done
I20260914 17:28:35.550668 294006 dfly_bench.cc:1001] ReceiveFb done
I20260914 17:28:35.550625 294000 dfly_bench.cc:1001] ReceiveFb done
I20260914 17:28:35.550663 294003 dfly_bench.cc:1001] ReceiveFb done
I20260914 17:28:35.550632 294001 dfly_bench.cc:1001] ReceiveFb done
I20260914 17:28:35.550691 294010 dfly_bench.cc:1001] ReceiveFb done
I20260914 17:28:35.550647 294012 dfly_bench.cc:1001] ReceiveFb done
I20260914 17:28:35.550709 294000 dfly_bench.cc:1001] ReceiveFb done
I20260914 17:28:35.550719 294006 dfly_bench.cc:1001] ReceiveFb done
I20260914 17:28:35.550648 294008 dfly_bench.cc:1001] ReceiveFb done
I20260914 17:28:35.550653 294007 dfly_bench.cc:1001] ReceiveFb done
I20260914 17:28:35.550731 294000 dfly_bench.cc:926] Done queuing 4294967295 requests, which took 3.0s. Waiting for server processing
I20260914 17:28:35.550706 294011 dfly_bench.cc:926] Done queuing 4294967295 requests, which took 3.0s. Waiting for server processing
I20260914 17:28:35.550740 294006 dfly_bench.cc:1001] ReceiveFb done
I20260914 17:28:35.550700 294004 dfly_bench.cc:1001] ReceiveFb done
I20260914 17:28:35.550642 294002 dfly_bench.cc:1001] ReceiveFb done
I20260914 17:28:35.550661 293998 dfly_bench.cc:1001] ReceiveFb done
I20260914 17:28:35.550747 294011 dfly_bench.cc:926] Done queuing 4294967295 requests, which took 3.0s. Waiting for server processing
I20260914 17:28:35.550742 294008 dfly_bench.cc:1001] ReceiveFb done
I20260914 17:28:35.550730 294012 dfly_bench.cc:926] Done queuing 4294967295 requests, which took 3.0s. Waiting for server processing
I20260914 17:28:35.550715 294010 dfly_bench.cc:1001] ReceiveFb done
I20260914 17:28:35.550711 294001 dfly_bench.cc:1001] ReceiveFb done
I20260914 17:28:35.550753 293999 dfly_bench.cc:1001] ReceiveFb done
I20260914 17:28:35.550776 294012 dfly_bench.cc:926] Done queuing 4294967295 requests, which took 3.0s. Waiting for server processing
I20260914 17:28:35.550787 294010 dfly_bench.cc:1001] ReceiveFb done
I20260914 17:28:35.550772 294013 dfly_bench.cc:1001] ReceiveFb done
I20260914 17:28:35.550773 294002 dfly_bench.cc:1001] ReceiveFb done
I20260914 17:28:35.550801 294012 dfly_bench.cc:926] Done queuing 4294967295 requests, which took 3.0s. Waiting for server processing
I20260914 17:28:35.550776 294006 dfly_bench.cc:926] Done queuing 4294967295 requests, which took 3.0s. Waiting for server processing
I20260914 17:28:35.550815 294013 dfly_bench.cc:1001] ReceiveFb done
I20260914 17:28:35.550770 294007 dfly_bench.cc:1001] ReceiveFb done
I20260914 17:28:35.550819 294002 dfly_bench.cc:1001] ReceiveFb done
I20260914 17:28:35.550817 294010 dfly_bench.cc:926] Done queuing 4294967295 requests, which took 3.0s. Waiting for server processing
I20260914 17:28:35.550808 293999 dfly_bench.cc:1001] ReceiveFb done
I20260914 17:28:35.550839 294002 dfly_bench.cc:1001] ReceiveFb done
I20260914 17:28:35.550772 294011 dfly_bench.cc:926] Done queuing 4294967295 requests, which took 3.0s. Waiting for server processing
I20260914 17:28:35.550843 294007 dfly_bench.cc:1001] ReceiveFb done
I20260914 17:28:35.550858 294000 dfly_bench.cc:1001] ReceiveFb done
I20260914 17:28:35.550860 294002 dfly_bench.cc:1001] ReceiveFb done
I20260914 17:28:35.550872 294007 dfly_bench.cc:1001] ReceiveFb done
I20260914 17:28:35.550784 294008 dfly_bench.cc:1001] ReceiveFb done
I20260914 17:28:35.550833 294013 dfly_bench.cc:1001] ReceiveFb done
I20260914 17:28:35.550777 293998 dfly_bench.cc:1001] ReceiveFb done
I20260914 17:28:35.550793 294001 dfly_bench.cc:1001] ReceiveFb done
I20260914 17:28:35.550711 294003 dfly_bench.cc:1001] ReceiveFb done
I20260914 17:28:35.550813 294006 dfly_bench.cc:926] Done queuing 4294967295 requests, which took 3.0s. Waiting for server processing
I20260914 17:28:35.550902 294004 dfly_bench.cc:1001] ReceiveFb done
I20260914 17:28:35.550884 294002 dfly_bench.cc:1001] ReceiveFb done
I20260914 17:28:35.550844 293999 dfly_bench.cc:1001] ReceiveFb done
I20260914 17:28:35.550904 294013 dfly_bench.cc:1001] ReceiveFb done
I20260914 17:28:35.550904 294000 dfly_bench.cc:1126] Total hits: 196824
I20260914 17:28:35.550913 294003 dfly_bench.cc:1001] ReceiveFb done
I20260914 17:28:35.550915 294005 dfly_bench.cc:1001] ReceiveFb done
I20260914 17:28:35.550933 294002 dfly_bench.cc:1001] ReceiveFb done
I20260914 17:28:35.550911 293998 dfly_bench.cc:1001] ReceiveFb done
I20260914 17:28:35.550947 294004 dfly_bench.cc:1126] Total hits: 203734
I20260914 17:28:35.550949 294003 dfly_bench.cc:1001] ReceiveFb done
I20260914 17:28:35.550951 294005 dfly_bench.cc:1001] ReceiveFb done
I20260914 17:28:35.550958 293998 dfly_bench.cc:1001] ReceiveFb done
I20260914 17:28:35.550952 294002 dfly_bench.cc:1001] ReceiveFb done
I20260914 17:28:35.550959 294012 dfly_bench.cc:1001] ReceiveFb done
I20260914 17:28:35.550976 294005 dfly_bench.cc:1001] ReceiveFb done
I20260914 17:28:35.550982 294002 dfly_bench.cc:1001] ReceiveFb done
I20260914 17:28:35.550972 294003 dfly_bench.cc:1001] ReceiveFb done
I20260914 17:28:35.550912 294008 dfly_bench.cc:1001] ReceiveFb done
I20260914 17:28:35.550935 293999 dfly_bench.cc:1001] ReceiveFb done
I20260914 17:28:35.550994 294012 dfly_bench.cc:1001] ReceiveFb done
I20260914 17:28:35.551000 294005 dfly_bench.cc:1001] ReceiveFb done
I20260914 17:28:35.550978 293998 dfly_bench.cc:1001] ReceiveFb done
I20260914 17:28:35.551017 294008 dfly_bench.cc:1001] ReceiveFb done
I20260914 17:28:35.551020 293999 dfly_bench.cc:1001] ReceiveFb done
I20260914 17:28:35.551016 294013 dfly_bench.cc:1126] Total hits: 207128
I20260914 17:28:35.551014 294003 dfly_bench.cc:1001] ReceiveFb done
I20260914 17:28:35.551033 293998 dfly_bench.cc:1001] ReceiveFb done
I20260914 17:28:35.551039 293999 dfly_bench.cc:1001] ReceiveFb done
I20260914 17:28:35.551046 294003 dfly_bench.cc:1001] ReceiveFb done
I20260914 17:28:35.551029 294011 dfly_bench.cc:1001] ReceiveFb done
I20260914 17:28:35.551029 294012 dfly_bench.cc:1001] ReceiveFb done
I20260914 17:28:35.551030 294009 dfly_bench.cc:926] Done queuing 4294967295 requests, which took 3.0s. Waiting for server processing
I20260914 17:28:35.551054 294007 dfly_bench.cc:926] Done queuing 4294967295 requests, which took 3.0s. Waiting for server processing
I20260914 17:28:35.551069 293999 dfly_bench.cc:1001] ReceiveFb done
I20260914 17:28:35.551031 294005 dfly_bench.cc:1001] ReceiveFb done
I20260914 17:28:35.551075 294007 dfly_bench.cc:926] Done queuing 4294967295 requests, which took 3.0s. Waiting for server processing
I20260914 17:28:35.551041 294008 dfly_bench.cc:1001] ReceiveFb done
I20260914 17:28:35.551092 294012 dfly_bench.cc:1001] ReceiveFb done
I20260914 17:28:35.551098 293999 dfly_bench.cc:1001] ReceiveFb done
I20260914 17:28:35.551056 293998 dfly_bench.cc:1001] ReceiveFb done
I20260914 17:28:35.551088 294007 dfly_bench.cc:926] Done queuing 4294967295 requests, which took 3.0s. Waiting for server processing
I20260914 17:28:35.551095 294005 dfly_bench.cc:1001] ReceiveFb done
I20260914 17:28:35.551111 294012 dfly_bench.cc:1001] ReceiveFb done
I20260914 17:28:35.551110 294008 dfly_bench.cc:1001] ReceiveFb done
I20260914 17:28:35.551076 294011 dfly_bench.cc:1001] ReceiveFb done
I20260914 17:28:35.551119 293998 dfly_bench.cc:1001] ReceiveFb done
I20260914 17:28:35.551136 294012 dfly_bench.cc:1001] ReceiveFb done
I20260914 17:28:35.551076 294009 dfly_bench.cc:1001] ReceiveFb done
I20260914 17:28:35.551127 294007 dfly_bench.cc:1001] ReceiveFb done
I20260914 17:28:35.551119 293999 dfly_bench.cc:1001] ReceiveFb done
I20260914 17:28:35.551110 294006 dfly_bench.cc:1001] ReceiveFb done
I20260914 17:28:35.551169 294007 dfly_bench.cc:1001] ReceiveFb done
I20260914 17:28:35.551152 294011 dfly_bench.cc:926] Done queuing 4294967295 requests, which took 3.0s. Waiting for server processing
I20260914 17:28:35.551185 294006 dfly_bench.cc:1001] ReceiveFb done
I20260914 17:28:35.551069 294003 dfly_bench.cc:1001] ReceiveFb done
I20260914 17:28:35.551148 294008 dfly_bench.cc:1001] ReceiveFb done
I20260914 17:28:35.551153 293998 dfly_bench.cc:1001] ReceiveFb done
I20260914 17:28:35.551206 294006 dfly_bench.cc:1001] ReceiveFb done
I20260914 17:28:35.551126 294005 dfly_bench.cc:1001] ReceiveFb done
I20260914 17:28:35.551194 294007 dfly_bench.cc:1001] ReceiveFb done
I20260914 17:28:35.551164 294009 dfly_bench.cc:1001] ReceiveFb done
I20260914 17:28:35.551218 294008 dfly_bench.cc:1001] ReceiveFb done
I20260914 17:28:35.551162 294012 dfly_bench.cc:1001] ReceiveFb done
I20260914 17:28:35.551231 294005 dfly_bench.cc:1001] ReceiveFb done
I20260914 17:28:35.551229 293998 dfly_bench.cc:926] Done queuing 4294967295 requests, which took 3.0s. Waiting for server processing
I20260914 17:28:35.551244 294012 dfly_bench.cc:1001] ReceiveFb done
I20260914 17:28:35.551254 294001 dfly_bench.cc:1001] ReceiveFb done
I20260914 17:28:35.551232 294011 dfly_bench.cc:1001] ReceiveFb done
I20260914 17:28:35.551239 294008 dfly_bench.cc:1001] ReceiveFb done
I20260914 17:28:35.551239 294009 dfly_bench.cc:1001] ReceiveFb done
I20260914 17:28:35.551251 293998 dfly_bench.cc:926] Done queuing 4294967295 requests, which took 3.0s. Waiting for server processing
I20260914 17:28:35.551262 294005 dfly_bench.cc:926] Done queuing 4294967295 requests, which took 3.0s. Waiting for server processing
I20260914 17:28:35.551291 294005 dfly_bench.cc:926] Done queuing 4294967295 requests, which took 3.0s. Waiting for server processing
I20260914 17:28:35.551288 294011 dfly_bench.cc:1001] ReceiveFb done
I20260914 17:28:35.551262 294012 dfly_bench.cc:1001] ReceiveFb done
I20260914 17:28:35.551297 294009 dfly_bench.cc:1001] ReceiveFb done
I20260914 17:28:35.551301 294006 dfly_bench.cc:1001] ReceiveFb done
I20260914 17:28:35.551312 294007 dfly_bench.cc:1126] Total hits: 203256
I20260914 17:28:35.551290 294008 dfly_bench.cc:1001] ReceiveFb done
I20260914 17:28:35.551321 294011 dfly_bench.cc:1001] ReceiveFb done
I20260914 17:28:35.551333 294009 dfly_bench.cc:1001] ReceiveFb done
I20260914 17:28:35.551309 294001 dfly_bench.cc:1126] Total hits: 203164
I20260914 17:28:35.551333 294006 dfly_bench.cc:1001] ReceiveFb done
I20260914 17:28:35.551343 294008 dfly_bench.cc:926] Done queuing 4294967295 requests, which took 3.0s. Waiting for server processing
I20260914 17:28:35.551349 294011 dfly_bench.cc:1001] ReceiveFb done
I20260914 17:28:35.551352 294008 dfly_bench.cc:926] Done queuing 4294967295 requests, which took 3.0s. Waiting for server processing
I20260914 17:28:35.551360 293999 dfly_bench.cc:1126] Total hits: 202650
I20260914 17:28:35.551399 294006 dfly_bench.cc:1126] Total hits: 203095
I20260914 17:28:35.551448 294005 dfly_bench.cc:1001] ReceiveFb done
I20260914 17:28:35.551451 294011 dfly_bench.cc:1126] Total hits: 199304
I20260914 17:28:35.551467 294005 dfly_bench.cc:1001] ReceiveFb done
I20260914 17:28:35.551470 294009 dfly_bench.cc:1001] ReceiveFb done
I20260914 17:28:35.551486 294003 dfly_bench.cc:1001] ReceiveFb done
I20260914 17:28:35.551491 294012 dfly_bench.cc:1001] ReceiveFb done
I20260914 17:28:35.551506 294003 dfly_bench.cc:1001] ReceiveFb done
I20260914 17:28:35.551512 294012 dfly_bench.cc:1001] ReceiveFb done
I20260914 17:28:35.551508 294009 dfly_bench.cc:1126] Total hits: 207055
I20260914 17:28:35.551530 294010 dfly_bench.cc:1001] ReceiveFb done
I20260914 17:28:35.551532 294005 dfly_bench.cc:1001] ReceiveFb done
I20260914 17:28:35.551532 294012 dfly_bench.cc:1001] ReceiveFb done
I20260914 17:28:35.551529 294002 dfly_bench.cc:926] Done queuing 4294967295 requests, which took 3.0s. Waiting for server processing
I20260914 17:28:35.551563 294002 dfly_bench.cc:926] Done queuing 4294967295 requests, which took 3.0s. Waiting for server processing
I20260914 17:28:35.551563 294005 dfly_bench.cc:1001] ReceiveFb done
I20260914 17:28:35.551574 294002 dfly_bench.cc:926] Done queuing 4294967295 requests, which took 3.0s. Waiting for server processing
I20260914 17:28:35.551578 294010 dfly_bench.cc:926] Done queuing 4294967295 requests, which took 3.0s. Waiting for server processing
I20260914 17:28:35.551585 294002 dfly_bench.cc:1001] ReceiveFb done
I20260914 17:28:35.551589 294010 dfly_bench.cc:1001] ReceiveFb done
I20260914 17:28:35.551606 294002 dfly_bench.cc:1001] ReceiveFb done
I20260914 17:28:35.551528 294003 dfly_bench.cc:1001] ReceiveFb done
I20260914 17:28:35.551625 294002 dfly_bench.cc:1001] ReceiveFb done
I20260914 17:28:35.551628 294010 dfly_bench.cc:1126] Total hits: 201825
I20260914 17:28:35.551630 294005 dfly_bench.cc:1126] Total hits: 201411
I20260914 17:28:35.551638 294012 dfly_bench.cc:1126] Total hits: 214609
I20260914 17:28:35.551661 294003 dfly_bench.cc:1001] ReceiveFb done
I20260914 17:28:35.551744 294002 dfly_bench.cc:1126] Total hits: 206164
I20260914 17:28:35.551789 293998 dfly_bench.cc:926] Done queuing 4294967295 requests, which took 3.0s. Waiting for server processing
I20260914 17:28:35.551877 293998 dfly_bench.cc:1001] ReceiveFb done
I20260914 17:28:35.551849 294003 dfly_bench.cc:1001] ReceiveFb done
I20260914 17:28:35.551895 293998 dfly_bench.cc:1001] ReceiveFb done
I20260914 17:28:35.551914 294008 dfly_bench.cc:1001] ReceiveFb done
I20260914 17:28:35.551935 294008 dfly_bench.cc:1001] ReceiveFb done
I20260914 17:28:35.551961 293998 dfly_bench.cc:1001] ReceiveFb done
I20260914 17:28:35.551993 294008 dfly_bench.cc:1126] Total hits: 186848
I20260914 17:28:35.552001 293998 dfly_bench.cc:1126] Total hits: 191529
I20260914 17:28:35.552012 294003 dfly_bench.cc:1126] Total hits: 208373
I20260914 17:28:36.546962 293997 dfly_bench.cc:1711] Resetting all threads

Total time: 3.007785737s. Overall number of requests: 3236969, QPS: 1073153, P99 lat: 981.062us
I20260914 17:28:36.547245 293997 dfly_bench.cc:1721] 
Total time: 3.007785737s. Overall number of requests: 3236969, QPS: 1073153, P99 lat: 981.062us
Latency summary, all times are in usec:
Count: 3236969 Average: 590.5218
Min: 216.0000  Median: 571.4666  Max: 14167.0000
------------------------------------------------------
[     200,     250 ) 132   0.004%   0.004% 
[     250,     300 ) 2466   0.076%   0.080% 
[     300,     350 ) 16589   0.512%   0.593% 
[     350,     400 ) 78517   2.426%   3.018% 
[     400,     450 ) 213874   6.607%   9.626% #
[     450,     500 ) 413663  12.779%  22.405% ###
[     500,     600 ) 1249873  38.612%  61.017% ########
[     600,     700 ) 872871  26.966%  87.983% #####
[     700,     800 ) 283576   8.761%  96.744% ##
[     800,     900 ) 61939   1.913%  98.657% 
[     900,    1000 ) 13691   0.423%  99.080% 
[    1000,    1200 ) 6740   0.208%  99.288% 
[    1200,    1400 ) 3040   0.094%  99.382% 
[    1400,    1600 ) 2113   0.065%  99.447% 
[    1600,    1800 ) 1940   0.060%  99.507% 
[    1800,    2000 ) 1817   0.056%  99.564% 
[    2000,    2500 ) 4514   0.139%  99.703% 
[    2500,    3000 ) 5556   0.172%  99.875% 
[    3000,    3500 ) 2092   0.065%  99.939% 
[    3500,    4000 ) 819   0.025%  99.965% 
[    4000,    4500 ) 319   0.010%  99.974% 
[    4500,    5000 ) 136   0.004%  99.979% 
[    5000,    6000 ) 142   0.004%  99.983% 
[    6000,    7000 ) 130   0.004%  99.987% 
[    7000,    8000 ) 112   0.003%  99.990% 
[    8000,    9000 ) 54   0.002%  99.992% 
[    9000,   10000 ) 93   0.003%  99.995% 
[   10000,   12000 ) 121   0.004%  99.999% 
[   12000,   14000 ) 38   0.001% 100.000% 
[   14000,   16000 ) 2   0.000% 100.000% 
----------------------------------
Hit rate: 100%
I20260914 17:28:36.547297 293997 dfly_bench.cc:1730] Latency summary, all times are in usec:
Count: 3236969 Average: 590.5218
Min: 216.0000  Median: 571.4666  Max: 14167.0000
------------------------------------------------------
[     200,     250 ) 132   0.004%   0.004% 
[     250,     300 ) 2466   0.076%   0.080% 
[     300,     350 ) 16589   0.512%   0.593% 
[     350,     400 ) 78517   2.426%   3.018% 
[     400,     450 ) 213874   6.607%   9.626% #
[     450,     500 ) 413663  12.779%  22.405% ###
[     500,     600 ) 1249873  38.612%  61.017% ########
[     600,     700 ) 872871  26.966%  87.983% #####
[     700,     800 ) 283576   8.761%  96.744% ##
[     800,     900 ) 61939   1.913%  98.657% 
[     900,    1000 ) 13691   0.423%  99.080% 
[    1000,    1200 ) 6740   0.208%  99.288% 
[    1200,    1400 ) 3040   0.094%  99.382% 
[    1400,    1600 ) 2113   0.065%  99.447% 
[    1600,    1800 ) 1940   0.060%  99.507% 
[    1800,    2000 ) 1817   0.056%  99.564% 
[    2000,    2500 ) 4514   0.139%  99.703% 
[    2500,    3000 ) 5556   0.172%  99.875% 
[    3000,    3500 ) 2092   0.065%  99.939% 
[    3500,    4000 ) 819   0.025%  99.965% 
[    4000,    4500 ) 319   0.010%  99.974% 
[    4500,    5000 ) 136   0.004%  99.979% 
[    5000,    6000 ) 142   0.004%  99.983% 
[    6000,    7000 ) 130   0.004%  99.987% 
[    7000,    8000 ) 112   0.003%  99.990% 
[    8000,    9000 ) 54   0.002%  99.992% 
[    9000,   10000 ) 93   0.003%  99.995% 
[   10000,   12000 ) 121   0.004%  99.999% 
[   12000,   14000 ) 38   0.001% 100.000% 
[   14000,   16000 ) 2   0.000% 100.000% 
I20260914 17:28:36.547335 293997 dfly_bench.cc:1732] ----------------------------------
Hit rate: 100%
