I20260914 17:31:55.656488 294757 init.cc:144] /mnt/dev/dfly-get-issue20-20260909/dfly_bench-x86_64 running in opt mode.
I20260914 17:31:55.657069 294758 uring_proactor.cc:263] IORing with 256 entries, allocated 24640 bytes, cq_entries is 512
I20260914 17:31:55.658270 294757 proactor_pool.cc:149] Running 16 io threads
I20260914 17:31:55.664814 294759 dfly_bench.cc:1512] Cluster spec: 880bb8cd68f83f4ca30a0d492933463531156f1d 172.16.0.4:6379@0 myself,master - 0 0 1 connected 0-16383
Connecting to 1 shard cluster
I20260914 17:31:55.664883 294757 dfly_bench.cc:1624] Connecting to 1 shard cluster
I20260914 17:31:55.664906 294758 dfly_bench.cc:1640] Seeding bitgen with seed 13679457532755275413
I20260914 17:31:55.664925 294759 dfly_bench.cc:1640] Seeding bitgen with seed 9137025405167583488
I20260914 17:31:55.664937 294764 dfly_bench.cc:1640] Seeding bitgen with seed 15449793331780352531
I20260914 17:31:55.664932 294761 dfly_bench.cc:1640] Seeding bitgen with seed 14578222796510442015
I20260914 17:31:55.664952 294765 dfly_bench.cc:1640] Seeding bitgen with seed 2503023328373235847
I20260914 17:31:55.664930 294760 dfly_bench.cc:1640] Seeding bitgen with seed 14933144304075557485
I20260914 17:31:55.664945 294766 dfly_bench.cc:1640] Seeding bitgen with seed 14409239773818910091
I20260914 17:31:55.664974 294773 dfly_bench.cc:1640] Seeding bitgen with seed 17038306936092701182
I20260914 17:31:55.664949 294767 dfly_bench.cc:1640] Seeding bitgen with seed 5466169337352252795
I20260914 17:31:55.664963 294772 dfly_bench.cc:1640] Seeding bitgen with seed 906930385563774169
I20260914 17:31:55.664934 294762 dfly_bench.cc:1640] Seeding bitgen with seed 12481025763002990426
I20260914 17:31:55.664955 294770 dfly_bench.cc:1640] Seeding bitgen with seed 10144007605128035131
I20260914 17:31:55.664954 294769 dfly_bench.cc:1640] Seeding bitgen with seed 5209412506023851798
I20260914 17:31:55.664951 294768 dfly_bench.cc:1640] Seeding bitgen with seed 13379591377107037830
I20260914 17:31:55.664960 294771 dfly_bench.cc:1640] Seeding bitgen with seed 12787670241224771080
I20260914 17:31:55.664934 294763 dfly_bench.cc:1640] Seeding bitgen with seed 2056569053324758029
Coordinated omission mode - the rate is determined by the server
I20260914 17:31:55.727622 294757 dfly_bench.cc:1686] Coordinated omission mode - the rate is determined by the server
I20260914 17:31:55.731206 294760 dfly_bench.cc:1418] Started watching
I20260914 17:31:58.730576 294758 dfly_bench.cc:926] Done queuing 4294967295 requests, which took 3.0s. Waiting for server processing
I20260914 17:31:58.730677 294758 dfly_bench.cc:926] Done queuing 4294967295 requests, which took 3.0s. Waiting for server processing
I20260914 17:31:58.730741 294758 dfly_bench.cc:1001] ReceiveFb done
I20260914 17:31:58.730782 294758 dfly_bench.cc:1001] ReceiveFb done
I20260914 17:31:58.730806 294768 dfly_bench.cc:926] Done queuing 4294967295 requests, which took 3.0s. Waiting for server processing
I20260914 17:31:58.730872 294768 dfly_bench.cc:1001] ReceiveFb done
I20260914 17:31:58.730887 294770 dfly_bench.cc:926] Done queuing 4294967295 requests, which took 3.0s. Waiting for server processing
I20260914 17:31:58.730813 294758 dfly_bench.cc:926] Done queuing 4294967295 requests, which took 3.0s. Waiting for server processing
I20260914 17:31:58.731082 294758 dfly_bench.cc:926] Done queuing 4294967295 requests, which took 3.0s. Waiting for server processing
I20260914 17:31:58.730932 294764 dfly_bench.cc:926] Done queuing 4294967295 requests, which took 3.0s. Waiting for server processing
I20260914 17:31:58.731117 294772 dfly_bench.cc:926] Done queuing 4294967295 requests, which took 3.0s. Waiting for server processing
I20260914 17:31:58.731139 294764 dfly_bench.cc:926] Done queuing 4294967295 requests, which took 3.0s. Waiting for server processing
I20260914 17:31:58.730974 294768 dfly_bench.cc:926] Done queuing 4294967295 requests, which took 3.0s. Waiting for server processing
I20260914 17:31:58.731159 294768 dfly_bench.cc:926] Done queuing 4294967295 requests, which took 3.0s. Waiting for server processing
I20260914 17:31:58.731168 294768 dfly_bench.cc:926] Done queuing 4294967295 requests, which took 3.0s. Waiting for server processing
I20260914 17:31:58.731060 294770 dfly_bench.cc:1001] ReceiveFb done
I20260914 17:31:58.731175 294768 dfly_bench.cc:926] Done queuing 4294967295 requests, which took 3.0s. Waiting for server processing
I20260914 17:31:58.730911 294767 dfly_bench.cc:926] Done queuing 4294967295 requests, which took 3.0s. Waiting for server processing
I20260914 17:31:58.731177 294772 dfly_bench.cc:1001] ReceiveFb done
I20260914 17:31:58.731210 294765 dfly_bench.cc:926] Done queuing 4294967295 requests, which took 3.0s. Waiting for server processing
I20260914 17:31:58.731184 294768 dfly_bench.cc:926] Done queuing 4294967295 requests, which took 3.0s. Waiting for server processing
I20260914 17:31:58.731204 294770 dfly_bench.cc:926] Done queuing 4294967295 requests, which took 3.0s. Waiting for server processing
I20260914 17:31:58.731251 294765 dfly_bench.cc:1001] ReceiveFb done
I20260914 17:31:58.731192 294760 dfly_bench.cc:926] Done queuing 4294967295 requests, which took 3.0s. Waiting for server processing
I20260914 17:31:58.731205 294764 dfly_bench.cc:1001] ReceiveFb done
I20260914 17:31:58.731251 294761 dfly_bench.cc:926] Done queuing 4294967295 requests, which took 3.0s. Waiting for server processing
I20260914 17:31:58.731297 294761 dfly_bench.cc:926] Done queuing 4294967295 requests, which took 3.0s. Waiting for server processing
I20260914 17:31:58.731292 294760 dfly_bench.cc:926] Done queuing 4294967295 requests, which took 3.0s. Waiting for server processing
I20260914 17:31:58.731302 294764 dfly_bench.cc:1001] ReceiveFb done
I20260914 17:31:58.731336 294764 dfly_bench.cc:926] Done queuing 4294967295 requests, which took 3.0s. Waiting for server processing
I20260914 17:31:58.731316 294766 dfly_bench.cc:926] Done queuing 4294967295 requests, which took 3.0s. Waiting for server processing
I20260914 17:31:58.731344 294763 dfly_bench.cc:926] Done queuing 4294967295 requests, which took 3.0s. Waiting for server processing
I20260914 17:31:58.731354 294764 dfly_bench.cc:926] Done queuing 4294967295 requests, which took 3.0s. Waiting for server processing
I20260914 17:31:58.731215 294772 dfly_bench.cc:926] Done queuing 4294967295 requests, which took 3.0s. Waiting for server processing
I20260914 17:31:58.731319 294765 dfly_bench.cc:926] Done queuing 4294967295 requests, which took 3.0s. Waiting for server processing
I20260914 17:31:58.731222 294759 dfly_bench.cc:926] Done queuing 4294967295 requests, which took 3.0s. Waiting for server processing
I20260914 17:31:58.731390 294763 dfly_bench.cc:1001] ReceiveFb done
I20260914 17:31:58.731251 294768 dfly_bench.cc:926] Done queuing 4294967295 requests, which took 3.0s. Waiting for server processing
I20260914 17:31:58.731377 294764 dfly_bench.cc:926] Done queuing 4294967295 requests, which took 3.0s. Waiting for server processing
I20260914 17:31:58.731313 294761 dfly_bench.cc:926] Done queuing 4294967295 requests, which took 3.0s. Waiting for server processing
I20260914 17:31:58.731324 294762 dfly_bench.cc:926] Done queuing 4294967295 requests, which took 3.0s. Waiting for server processing
I20260914 17:31:58.731452 294768 dfly_bench.cc:926] Done queuing 4294967295 requests, which took 3.0s. Waiting for server processing
I20260914 17:31:58.731387 294766 dfly_bench.cc:1001] ReceiveFb done
I20260914 17:31:58.731299 294758 dfly_bench.cc:926] Done queuing 4294967295 requests, which took 3.0s. Waiting for server processing
I20260914 17:31:58.731343 294760 dfly_bench.cc:1001] ReceiveFb done
I20260914 17:31:58.731299 294773 dfly_bench.cc:926] Done queuing 4294967295 requests, which took 3.0s. Waiting for server processing
I20260914 17:31:58.731199 294771 dfly_bench.cc:926] Done queuing 4294967295 requests, which took 3.0s. Waiting for server processing
I20260914 17:31:58.731225 294767 dfly_bench.cc:1001] ReceiveFb done
I20260914 17:31:58.731448 294764 dfly_bench.cc:926] Done queuing 4294967295 requests, which took 3.0s. Waiting for server processing
I20260914 17:31:58.731518 294768 dfly_bench.cc:1001] ReceiveFb done
I20260914 17:31:58.731513 294763 dfly_bench.cc:926] Done queuing 4294967295 requests, which took 3.0s. Waiting for server processing
I20260914 17:31:58.731294 294770 dfly_bench.cc:926] Done queuing 4294967295 requests, which took 3.0s. Waiting for server processing
I20260914 17:31:58.731515 294759 dfly_bench.cc:1001] ReceiveFb done
I20260914 17:31:58.731536 294763 dfly_bench.cc:926] Done queuing 4294967295 requests, which took 3.0s. Waiting for server processing
I20260914 17:31:58.731532 294773 dfly_bench.cc:1001] ReceiveFb done
I20260914 17:31:58.731556 294769 dfly_bench.cc:926] Done queuing 4294967295 requests, which took 3.0s. Waiting for server processing
I20260914 17:31:58.731501 294766 dfly_bench.cc:926] Done queuing 4294967295 requests, which took 3.0s. Waiting for server processing
I20260914 17:31:58.731586 294760 dfly_bench.cc:1001] ReceiveFb done
I20260914 17:31:58.731518 294764 dfly_bench.cc:926] Done queuing 4294967295 requests, which took 3.0s. Waiting for server processing
I20260914 17:31:58.731542 294762 dfly_bench.cc:1001] ReceiveFb done
I20260914 17:31:58.731499 294761 dfly_bench.cc:1001] ReceiveFb done
I20260914 17:31:58.731609 294760 dfly_bench.cc:926] Done queuing 4294967295 requests, which took 3.0s. Waiting for server processing
I20260914 17:31:58.731632 294762 dfly_bench.cc:926] Done queuing 4294967295 requests, which took 3.0s. Waiting for server processing
I20260914 17:31:58.731590 294769 dfly_bench.cc:926] Done queuing 4294967295 requests, which took 3.0s. Waiting for server processing
I20260914 17:31:58.731643 294761 dfly_bench.cc:1001] ReceiveFb done
I20260914 17:31:58.731649 294762 dfly_bench.cc:926] Done queuing 4294967295 requests, which took 3.0s. Waiting for server processing
I20260914 17:31:58.731660 294762 dfly_bench.cc:926] Done queuing 4294967295 requests, which took 3.0s. Waiting for server processing
I20260914 17:31:58.731675 294770 dfly_bench.cc:1001] ReceiveFb done
I20260914 17:31:58.731600 294773 dfly_bench.cc:926] Done queuing 4294967295 requests, which took 3.0s. Waiting for server processing
I20260914 17:31:58.731554 294768 dfly_bench.cc:1001] ReceiveFb done
I20260914 17:31:58.731544 294767 dfly_bench.cc:926] Done queuing 4294967295 requests, which took 3.0s. Waiting for server processing
I20260914 17:31:58.731536 294772 dfly_bench.cc:1001] ReceiveFb done
I20260914 17:31:58.731673 294764 dfly_bench.cc:926] Done queuing 4294967295 requests, which took 3.0s. Waiting for server processing
I20260914 17:31:58.731719 294769 dfly_bench.cc:1001] ReceiveFb done
I20260914 17:31:58.731554 294758 dfly_bench.cc:1001] ReceiveFb done
I20260914 17:31:58.731706 294768 dfly_bench.cc:1001] ReceiveFb done
I20260914 17:31:58.731587 294759 dfly_bench.cc:926] Done queuing 4294967295 requests, which took 3.0s. Waiting for server processing
I20260914 17:31:58.731711 294767 dfly_bench.cc:926] Done queuing 4294967295 requests, which took 3.0s. Waiting for server processing
I20260914 17:31:58.731600 294766 dfly_bench.cc:926] Done queuing 4294967295 requests, which took 3.0s. Waiting for server processing
I20260914 17:31:58.731742 294759 dfly_bench.cc:926] Done queuing 4294967295 requests, which took 3.0s. Waiting for server processing
I20260914 17:31:58.731559 294765 dfly_bench.cc:1001] ReceiveFb done
I20260914 17:31:58.731745 294772 dfly_bench.cc:926] Done queuing 4294967295 requests, which took 3.0s. Waiting for server processing
I20260914 17:31:58.731587 294771 dfly_bench.cc:1001] ReceiveFb done
I20260914 17:31:58.731673 294762 dfly_bench.cc:926] Done queuing 4294967295 requests, which took 3.0s. Waiting for server processing
I20260914 17:31:58.731698 294773 dfly_bench.cc:926] Done queuing 4294967295 requests, which took 3.0s. Waiting for server processing
I20260914 17:31:58.731827 294765 dfly_bench.cc:926] Done queuing 4294967295 requests, which took 3.0s. Waiting for server processing
I20260914 17:31:58.731669 294761 dfly_bench.cc:1001] ReceiveFb done
I20260914 17:31:58.731752 294768 dfly_bench.cc:1001] ReceiveFb done
I20260914 17:31:58.731837 294773 dfly_bench.cc:926] Done queuing 4294967295 requests, which took 3.0s. Waiting for server processing
I20260914 17:31:58.731787 294766 dfly_bench.cc:926] Done queuing 4294967295 requests, which took 3.0s. Waiting for server processing
I20260914 17:31:58.731769 294760 dfly_bench.cc:1001] ReceiveFb done
I20260914 17:31:58.731571 294763 dfly_bench.cc:926] Done queuing 4294967295 requests, which took 3.0s. Waiting for server processing
I20260914 17:31:58.731734 294764 dfly_bench.cc:926] Done queuing 4294967295 requests, which took 3.0s. Waiting for server processing
I20260914 17:31:58.731813 294772 dfly_bench.cc:926] Done queuing 4294967295 requests, which took 3.0s. Waiting for server processing
I20260914 17:31:58.731846 294762 dfly_bench.cc:926] Done queuing 4294967295 requests, which took 3.0s. Waiting for server processing
I20260914 17:31:58.731747 294767 dfly_bench.cc:926] Done queuing 4294967295 requests, which took 3.0s. Waiting for server processing
I20260914 17:31:58.731709 294770 dfly_bench.cc:1001] ReceiveFb done
I20260914 17:31:58.731843 294759 dfly_bench.cc:926] Done queuing 4294967295 requests, which took 3.0s. Waiting for server processing
I20260914 17:31:58.731873 294761 dfly_bench.cc:926] Done queuing 4294967295 requests, which took 3.0s. Waiting for server processing
I20260914 17:31:58.731755 294758 dfly_bench.cc:1001] ReceiveFb done
I20260914 17:31:58.731861 294768 dfly_bench.cc:1001] ReceiveFb done
I20260914 17:31:58.731848 294773 dfly_bench.cc:926] Done queuing 4294967295 requests, which took 3.0s. Waiting for server processing
I20260914 17:31:58.731843 294765 dfly_bench.cc:926] Done queuing 4294967295 requests, which took 3.0s. Waiting for server processing
I20260914 17:31:58.731918 294759 dfly_bench.cc:926] Done queuing 4294967295 requests, which took 3.0s. Waiting for server processing
I20260914 17:31:58.731750 294769 dfly_bench.cc:1001] ReceiveFb done
I20260914 17:31:58.731881 294760 dfly_bench.cc:926] Done queuing 4294967295 requests, which took 3.0s. Waiting for server processing
I20260914 17:31:58.731901 294763 dfly_bench.cc:1001] ReceiveFb done
I20260914 17:31:58.731906 294764 dfly_bench.cc:1001] ReceiveFb done
I20260914 17:31:58.731835 294771 dfly_bench.cc:926] Done queuing 4294967295 requests, which took 3.0s. Waiting for server processing
I20260914 17:31:58.731892 294767 dfly_bench.cc:926] Done queuing 4294967295 requests, which took 3.0s. Waiting for server processing
I20260914 17:31:58.731922 294761 dfly_bench.cc:926] Done queuing 4294967295 requests, which took 3.0s. Waiting for server processing
I20260914 17:31:58.731865 294772 dfly_bench.cc:926] Done queuing 4294967295 requests, which took 3.0s. Waiting for server processing
I20260914 17:31:58.731871 294762 dfly_bench.cc:926] Done queuing 4294967295 requests, which took 3.0s. Waiting for server processing
I20260914 17:31:58.731948 294760 dfly_bench.cc:926] Done queuing 4294967295 requests, which took 3.0s. Waiting for server processing
I20260914 17:31:58.731954 294769 dfly_bench.cc:926] Done queuing 4294967295 requests, which took 3.0s. Waiting for server processing
I20260914 17:31:58.731935 294773 dfly_bench.cc:926] Done queuing 4294967295 requests, which took 3.0s. Waiting for server processing
I20260914 17:31:58.731964 294763 dfly_bench.cc:1001] ReceiveFb done
I20260914 17:31:58.731957 294767 dfly_bench.cc:926] Done queuing 4294967295 requests, which took 3.0s. Waiting for server processing
I20260914 17:31:58.731940 294765 dfly_bench.cc:926] Done queuing 4294967295 requests, which took 3.0s. Waiting for server processing
I20260914 17:31:58.731966 294760 dfly_bench.cc:926] Done queuing 4294967295 requests, which took 3.0s. Waiting for server processing
I20260914 17:31:58.731910 294766 dfly_bench.cc:1001] ReceiveFb done
I20260914 17:31:58.731936 294758 dfly_bench.cc:1001] ReceiveFb done
I20260914 17:31:58.731896 294770 dfly_bench.cc:926] Done queuing 4294967295 requests, which took 3.0s. Waiting for server processing
I20260914 17:31:58.731976 294769 dfly_bench.cc:926] Done queuing 4294967295 requests, which took 3.0s. Waiting for server processing
I20260914 17:31:58.731992 294760 dfly_bench.cc:926] Done queuing 4294967295 requests, which took 3.0s. Waiting for server processing
I20260914 17:31:58.732026 294758 dfly_bench.cc:926] Done queuing 4294967295 requests, which took 3.0s. Waiting for server processing
I20260914 17:31:58.731986 294765 dfly_bench.cc:926] Done queuing 4294967295 requests, which took 3.0s. Waiting for server processing
I20260914 17:31:58.732014 294766 dfly_bench.cc:1001] ReceiveFb done
I20260914 17:31:58.732024 294769 dfly_bench.cc:926] Done queuing 4294967295 requests, which took 3.0s. Waiting for server processing
I20260914 17:31:58.731940 294759 dfly_bench.cc:926] Done queuing 4294967295 requests, which took 3.0s. Waiting for server processing
I20260914 17:31:58.732023 294770 dfly_bench.cc:926] Done queuing 4294967295 requests, which took 3.0s. Waiting for server processing
I20260914 17:31:58.731963 294764 dfly_bench.cc:1001] ReceiveFb done
I20260914 17:31:58.731936 294768 dfly_bench.cc:1001] ReceiveFb done
I20260914 17:31:58.732017 294767 dfly_bench.cc:926] Done queuing 4294967295 requests, which took 3.0s. Waiting for server processing
I20260914 17:31:58.732008 294762 dfly_bench.cc:1001] ReceiveFb done
I20260914 17:31:58.732071 294770 dfly_bench.cc:926] Done queuing 4294967295 requests, which took 3.0s. Waiting for server processing
I20260914 17:31:58.732034 294760 dfly_bench.cc:926] Done queuing 4294967295 requests, which took 3.0s. Waiting for server processing
I20260914 17:31:58.731992 294763 dfly_bench.cc:1001] ReceiveFb done
I20260914 17:31:58.731961 294772 dfly_bench.cc:926] Done queuing 4294967295 requests, which took 3.0s. Waiting for server processing
I20260914 17:31:58.732089 294762 dfly_bench.cc:1001] ReceiveFb done
I20260914 17:31:58.732069 294769 dfly_bench.cc:926] Done queuing 4294967295 requests, which took 3.0s. Waiting for server processing
I20260914 17:31:58.732087 294773 dfly_bench.cc:1001] ReceiveFb done
I20260914 17:31:58.732084 294770 dfly_bench.cc:926] Done queuing 4294967295 requests, which took 3.0s. Waiting for server processing
I20260914 17:31:58.732085 294764 dfly_bench.cc:1001] ReceiveFb done
I20260914 17:31:58.732116 294773 dfly_bench.cc:1001] ReceiveFb done
I20260914 17:31:58.732121 294764 dfly_bench.cc:1001] ReceiveFb done
I20260914 17:31:58.732106 294769 dfly_bench.cc:926] Done queuing 4294967295 requests, which took 3.0s. Waiting for server processing
I20260914 17:31:58.732132 294759 dfly_bench.cc:1001] ReceiveFb done
I20260914 17:31:58.732137 294773 dfly_bench.cc:1001] ReceiveFb done
I20260914 17:31:58.732069 294766 dfly_bench.cc:1001] ReceiveFb done
I20260914 17:31:58.732141 294767 dfly_bench.cc:1001] ReceiveFb done
I20260914 17:31:58.732154 294759 dfly_bench.cc:1001] ReceiveFb done
I20260914 17:31:58.732160 294773 dfly_bench.cc:1001] ReceiveFb done
I20260914 17:31:58.731956 294771 dfly_bench.cc:926] Done queuing 4294967295 requests, which took 3.0s. Waiting for server processing
I20260914 17:31:58.732107 294763 dfly_bench.cc:926] Done queuing 4294967295 requests, which took 3.0s. Waiting for server processing
I20260914 17:31:58.732189 294763 dfly_bench.cc:926] Done queuing 4294967295 requests, which took 3.0s. Waiting for server processing
I20260914 17:31:58.732183 294769 dfly_bench.cc:926] Done queuing 4294967295 requests, which took 3.0s. Waiting for server processing
I20260914 17:31:58.731958 294761 dfly_bench.cc:926] Done queuing 4294967295 requests, which took 3.0s. Waiting for server processing
I20260914 17:31:58.732196 294763 dfly_bench.cc:926] Done queuing 4294967295 requests, which took 3.0s. Waiting for server processing
I20260914 17:31:58.732090 294760 dfly_bench.cc:926] Done queuing 4294967295 requests, which took 3.0s. Waiting for server processing
I20260914 17:31:58.732194 294771 dfly_bench.cc:926] Done queuing 4294967295 requests, which took 3.0s. Waiting for server processing
I20260914 17:31:58.732191 294773 dfly_bench.cc:1001] ReceiveFb done
I20260914 17:31:58.732208 294760 dfly_bench.cc:926] Done queuing 4294967295 requests, which took 3.0s. Waiting for server processing
I20260914 17:31:58.732216 294771 dfly_bench.cc:926] Done queuing 4294967295 requests, which took 3.0s. Waiting for server processing
I20260914 17:31:58.732088 294772 dfly_bench.cc:926] Done queuing 4294967295 requests, which took 3.0s. Waiting for server processing
I20260914 17:31:58.732250 294772 dfly_bench.cc:926] Done queuing 4294967295 requests, which took 3.0s. Waiting for server processing
I20260914 17:31:58.732201 294769 dfly_bench.cc:926] Done queuing 4294967295 requests, which took 3.0s. Waiting for server processing
I20260914 17:31:58.732260 294772 dfly_bench.cc:926] Done queuing 4294967295 requests, which took 3.0s. Waiting for server processing
I20260914 17:31:58.732174 294767 dfly_bench.cc:1001] ReceiveFb done
I20260914 17:31:58.732153 294764 dfly_bench.cc:1001] ReceiveFb done
I20260914 17:31:58.732117 294770 dfly_bench.cc:926] Done queuing 4294967295 requests, which took 3.0s. Waiting for server processing
I20260914 17:31:58.732208 294763 dfly_bench.cc:926] Done queuing 4294967295 requests, which took 3.0s. Waiting for server processing
I20260914 17:31:58.732227 294760 dfly_bench.cc:926] Done queuing 4294967295 requests, which took 3.0s. Waiting for server processing
I20260914 17:31:58.732291 294763 dfly_bench.cc:926] Done queuing 4294967295 requests, which took 3.0s. Waiting for server processing
I20260914 17:31:58.732237 294773 dfly_bench.cc:926] Done queuing 4294967295 requests, which took 3.0s. Waiting for server processing
I20260914 17:31:58.732187 294759 dfly_bench.cc:1001] ReceiveFb done
I20260914 17:31:58.732096 294768 dfly_bench.cc:1001] ReceiveFb done
I20260914 17:31:58.732297 294772 dfly_bench.cc:926] Done queuing 4294967295 requests, which took 3.0s. Waiting for server processing
I20260914 17:31:58.732303 294760 dfly_bench.cc:926] Done queuing 4294967295 requests, which took 3.0s. Waiting for server processing
I20260914 17:31:58.732052 294765 dfly_bench.cc:926] Done queuing 4294967295 requests, which took 3.0s. Waiting for server processing
I20260914 17:31:58.732206 294761 dfly_bench.cc:926] Done queuing 4294967295 requests, which took 3.0s. Waiting for server processing
I20260914 17:31:58.732321 294765 dfly_bench.cc:926] Done queuing 4294967295 requests, which took 3.0s. Waiting for server processing
I20260914 17:31:58.732298 294770 dfly_bench.cc:926] Done queuing 4294967295 requests, which took 3.0s. Waiting for server processing
I20260914 17:31:58.732303 294773 dfly_bench.cc:926] Done queuing 4294967295 requests, which took 3.0s. Waiting for server processing
I20260914 17:31:58.732348 294773 dfly_bench.cc:926] Done queuing 4294967295 requests, which took 3.0s. Waiting for server processing
I20260914 17:31:58.732328 294761 dfly_bench.cc:926] Done queuing 4294967295 requests, which took 3.0s. Waiting for server processing
I20260914 17:31:58.732230 294771 dfly_bench.cc:926] Done queuing 4294967295 requests, which took 3.0s. Waiting for server processing
I20260914 17:31:58.732175 294766 dfly_bench.cc:926] Done queuing 4294967295 requests, which took 3.0s. Waiting for server processing
I20260914 17:31:58.732298 294767 dfly_bench.cc:1001] ReceiveFb done
I20260914 17:31:58.732318 294759 dfly_bench.cc:1001] ReceiveFb done
I20260914 17:31:58.732376 294771 dfly_bench.cc:926] Done queuing 4294967295 requests, which took 3.0s. Waiting for server processing
I20260914 17:31:58.732398 294767 dfly_bench.cc:1001] ReceiveFb done
I20260914 17:31:58.732354 294772 dfly_bench.cc:1001] ReceiveFb done
I20260914 17:31:58.732399 294759 dfly_bench.cc:1001] ReceiveFb done
I20260914 17:31:58.732327 294765 dfly_bench.cc:926] Done queuing 4294967295 requests, which took 3.0s. Waiting for server processing
I20260914 17:31:58.732419 294767 dfly_bench.cc:1001] ReceiveFb done
I20260914 17:31:58.732299 294763 dfly_bench.cc:926] Done queuing 4294967295 requests, which took 3.0s. Waiting for server processing
I20260914 17:31:58.732426 294759 dfly_bench.cc:926] Done queuing 4294967295 requests, which took 3.0s. Waiting for server processing
I20260914 17:31:58.732370 294761 dfly_bench.cc:926] Done queuing 4294967295 requests, which took 3.0s. Waiting for server processing
I20260914 17:31:58.732381 294766 dfly_bench.cc:926] Done queuing 4294967295 requests, which took 3.0s. Waiting for server processing
I20260914 17:31:58.732441 294767 dfly_bench.cc:1001] ReceiveFb done
I20260914 17:31:58.732446 294766 dfly_bench.cc:926] Done queuing 4294967295 requests, which took 3.0s. Waiting for server processing
I20260914 17:31:58.732443 294765 dfly_bench.cc:926] Done queuing 4294967295 requests, which took 3.0s. Waiting for server processing
I20260914 17:31:58.732350 294768 dfly_bench.cc:926] Done queuing 4294967295 requests, which took 3.0s. Waiting for server processing
I20260914 17:31:58.732390 294760 dfly_bench.cc:1001] ReceiveFb done
I20260914 17:31:58.732053 294758 dfly_bench.cc:926] Done queuing 4294967295 requests, which took 3.0s. Waiting for server processing
I20260914 17:31:58.732344 294769 dfly_bench.cc:1001] ReceiveFb done
I20260914 17:31:58.732110 294762 dfly_bench.cc:1001] ReceiveFb done
I20260914 17:31:58.732482 294760 dfly_bench.cc:1001] ReceiveFb done
I20260914 17:31:58.732400 294771 dfly_bench.cc:926] Done queuing 4294967295 requests, which took 3.0s. Waiting for server processing
I20260914 17:31:58.732419 294772 dfly_bench.cc:1001] ReceiveFb done
I20260914 17:31:58.732471 294768 dfly_bench.cc:926] Done queuing 4294967295 requests, which took 3.0s. Waiting for server processing
I20260914 17:31:58.732471 294767 dfly_bench.cc:926] Done queuing 4294967295 requests, which took 3.0s. Waiting for server processing
I20260914 17:31:58.732502 294771 dfly_bench.cc:926] Done queuing 4294967295 requests, which took 3.0s. Waiting for server processing
I20260914 17:31:58.732445 294763 dfly_bench.cc:926] Done queuing 4294967295 requests, which took 3.0s. Waiting for server processing
I20260914 17:31:58.732565 294767 dfly_bench.cc:926] Done queuing 4294967295 requests, which took 3.0s. Waiting for server processing
I20260914 17:31:58.732486 294769 dfly_bench.cc:1001] ReceiveFb done
I20260914 17:31:58.732461 294766 dfly_bench.cc:926] Done queuing 4294967295 requests, which took 3.0s. Waiting for server processing
I20260914 17:31:58.732299 294764 dfly_bench.cc:1001] ReceiveFb done
I20260914 17:31:58.732573 294771 dfly_bench.cc:926] Done queuing 4294967295 requests, which took 3.0s. Waiting for server processing
I20260914 17:31:58.732466 294765 dfly_bench.cc:926] Done queuing 4294967295 requests, which took 3.0s. Waiting for server processing
I20260914 17:31:58.732508 294760 dfly_bench.cc:1001] ReceiveFb done
I20260914 17:31:58.732473 294758 dfly_bench.cc:926] Done queuing 4294967295 requests, which took 3.0s. Waiting for server processing
I20260914 17:31:58.732358 294773 dfly_bench.cc:926] Done queuing 4294967295 requests, which took 3.0s. Waiting for server processing
I20260914 17:31:58.732445 294759 dfly_bench.cc:926] Done queuing 4294967295 requests, which took 3.0s. Waiting for server processing
I20260914 17:31:58.732514 294761 dfly_bench.cc:926] Done queuing 4294967295 requests, which took 3.0s. Waiting for server processing
I20260914 17:31:58.732582 294767 dfly_bench.cc:926] Done queuing 4294967295 requests, which took 3.0s. Waiting for server processing
I20260914 17:31:58.732591 294769 dfly_bench.cc:1001] ReceiveFb done
I20260914 17:31:58.732599 294759 dfly_bench.cc:926] Done queuing 4294967295 requests, which took 3.0s. Waiting for server processing
I20260914 17:31:58.732519 294772 dfly_bench.cc:1001] ReceiveFb done
I20260914 17:31:58.732580 294766 dfly_bench.cc:926] Done queuing 4294967295 requests, which took 3.0s. Waiting for server processing
I20260914 17:31:58.732615 294760 dfly_bench.cc:1001] ReceiveFb done
I20260914 17:31:58.732594 294758 dfly_bench.cc:926] Done queuing 4294967295 requests, which took 3.0s. Waiting for server processing
I20260914 17:31:58.732578 294763 dfly_bench.cc:926] Done queuing 4294967295 requests, which took 3.0s. Waiting for server processing
I20260914 17:31:58.732627 294772 dfly_bench.cc:1001] ReceiveFb done
I20260914 17:31:58.732646 294763 dfly_bench.cc:926] Done queuing 4294967295 requests, which took 3.0s. Waiting for server processing
I20260914 17:31:58.732592 294765 dfly_bench.cc:926] Done queuing 4294967295 requests, which took 3.0s. Waiting for server processing
I20260914 17:31:58.732594 294773 dfly_bench.cc:926] Done queuing 4294967295 requests, which took 3.0s. Waiting for server processing
I20260914 17:31:58.732625 294769 dfly_bench.cc:1001] ReceiveFb done
I20260914 17:31:58.732681 294771 dfly_bench.cc:1001] ReceiveFb done
I20260914 17:31:58.732687 294769 dfly_bench.cc:1001] ReceiveFb done
I20260914 17:31:58.732607 294761 dfly_bench.cc:926] Done queuing 4294967295 requests, which took 3.0s. Waiting for server processing
I20260914 17:31:58.732504 294762 dfly_bench.cc:1001] ReceiveFb done
I20260914 17:31:58.732461 294770 dfly_bench.cc:1001] ReceiveFb done
I20260914 17:31:58.732667 294772 dfly_bench.cc:1001] ReceiveFb done
I20260914 17:31:58.732612 294759 dfly_bench.cc:926] Done queuing 4294967295 requests, which took 3.0s. Waiting for server processing
I20260914 17:31:58.732601 294764 dfly_bench.cc:1001] ReceiveFb done
I20260914 17:31:58.732668 294773 dfly_bench.cc:926] Done queuing 4294967295 requests, which took 3.0s. Waiting for server processing
I20260914 17:31:58.732662 294765 dfly_bench.cc:926] Done queuing 4294967295 requests, which took 3.0s. Waiting for server processing
I20260914 17:31:58.732620 294766 dfly_bench.cc:926] Done queuing 4294967295 requests, which took 3.0s. Waiting for server processing
I20260914 17:31:58.732642 294758 dfly_bench.cc:926] Done queuing 4294967295 requests, which took 3.0s. Waiting for server processing
I20260914 17:31:58.732637 294760 dfly_bench.cc:1001] ReceiveFb done
I20260914 17:31:58.732743 294766 dfly_bench.cc:926] Done queuing 4294967295 requests, which took 3.0s. Waiting for server processing
I20260914 17:31:58.732738 294759 dfly_bench.cc:926] Done queuing 4294967295 requests, which took 3.0s. Waiting for server processing
I20260914 17:31:58.732710 294771 dfly_bench.cc:1001] ReceiveFb done
I20260914 17:31:58.732736 294770 dfly_bench.cc:1001] ReceiveFb done
I20260914 17:31:58.732561 294768 dfly_bench.cc:926] Done queuing 4294967295 requests, which took 3.0s. Waiting for server processing
I20260914 17:31:58.732712 294769 dfly_bench.cc:1001] ReceiveFb done
I20260914 17:31:58.732759 294759 dfly_bench.cc:926] Done queuing 4294967295 requests, which took 3.0s. Waiting for server processing
I20260914 17:31:58.732771 294761 dfly_bench.cc:1001] ReceiveFb done
I20260914 17:31:58.732609 294767 dfly_bench.cc:926] Done queuing 4294967295 requests, which took 3.0s. Waiting for server processing
I20260914 17:31:58.732787 294770 dfly_bench.cc:1001] ReceiveFb done
I20260914 17:31:58.732728 294762 dfly_bench.cc:1001] ReceiveFb done
I20260914 17:31:58.732770 294760 dfly_bench.cc:1001] ReceiveFb done
I20260914 17:31:58.732740 294773 dfly_bench.cc:926] Done queuing 4294967295 requests, which took 3.0s. Waiting for server processing
I20260914 17:31:58.732791 294769 dfly_bench.cc:1001] ReceiveFb done
I20260914 17:31:58.732810 294770 dfly_bench.cc:1001] ReceiveFb done
I20260914 17:31:58.732798 294761 dfly_bench.cc:1001] ReceiveFb done
I20260914 17:31:58.732782 294764 dfly_bench.cc:926] Done queuing 4294967295 requests, which took 3.0s. Waiting for server processing
I20260914 17:31:58.732755 294766 dfly_bench.cc:926] Done queuing 4294967295 requests, which took 3.0s. Waiting for server processing
I20260914 17:31:58.732774 294768 dfly_bench.cc:926] Done queuing 4294967295 requests, which took 3.0s. Waiting for server processing
I20260914 17:31:58.732811 294773 dfly_bench.cc:926] Done queuing 4294967295 requests, which took 3.0s. Waiting for server processing
I20260914 17:31:58.732802 294765 dfly_bench.cc:1001] ReceiveFb done
I20260914 17:31:58.732821 294760 dfly_bench.cc:1001] ReceiveFb done
I20260914 17:31:58.732838 294769 dfly_bench.cc:926] Done queuing 4294967295 requests, which took 3.0s. Waiting for server processing
I20260914 17:31:58.732738 294772 dfly_bench.cc:1001] ReceiveFb done
I20260914 17:31:58.732776 294771 dfly_bench.cc:1001] ReceiveFb done
I20260914 17:31:58.732834 294761 dfly_bench.cc:1001] ReceiveFb done
I20260914 17:31:58.732749 294758 dfly_bench.cc:926] Done queuing 4294967295 requests, which took 3.0s. Waiting for server processing
I20260914 17:31:58.732860 294769 dfly_bench.cc:926] Done queuing 4294967295 requests, which took 3.0s. Waiting for server processing
I20260914 17:31:58.732863 294765 dfly_bench.cc:1001] ReceiveFb done
I20260914 17:31:58.732829 294768 dfly_bench.cc:926] Done queuing 4294967295 requests, which took 3.0s. Waiting for server processing
I20260914 17:31:58.732785 294763 dfly_bench.cc:1001] ReceiveFb done
I20260914 17:31:58.732836 294764 dfly_bench.cc:926] Done queuing 4294967295 requests, which took 3.0s. Waiting for server processing
I20260914 17:31:58.732879 294758 dfly_bench.cc:926] Done queuing 4294967295 requests, which took 3.0s. Waiting for server processing
I20260914 17:31:58.732860 294760 dfly_bench.cc:1001] ReceiveFb done
I20260914 17:31:58.732810 294762 dfly_bench.cc:1001] ReceiveFb done
I20260914 17:31:58.732893 294764 dfly_bench.cc:926] Done queuing 4294967295 requests, which took 3.0s. Waiting for server processing
I20260914 17:31:58.732882 294769 dfly_bench.cc:926] Done queuing 4294967295 requests, which took 3.0s. Waiting for server processing
I20260914 17:31:58.732887 294772 dfly_bench.cc:1001] ReceiveFb done
I20260914 17:31:58.732792 294767 dfly_bench.cc:926] Done queuing 4294967295 requests, which took 3.0s. Waiting for server processing
I20260914 17:31:58.732877 294771 dfly_bench.cc:1001] ReceiveFb done
I20260914 17:31:58.732906 294764 dfly_bench.cc:926] Done queuing 4294967295 requests, which took 3.0s. Waiting for server processing
I20260914 17:31:58.732930 294772 dfly_bench.cc:1001] ReceiveFb done
I20260914 17:31:58.732936 294764 dfly_bench.cc:926] Done queuing 4294967295 requests, which took 3.0s. Waiting for server processing
I20260914 17:31:58.732898 294765 dfly_bench.cc:1001] ReceiveFb done
I20260914 17:31:58.732894 294758 dfly_bench.cc:926] Done queuing 4294967295 requests, which took 3.0s. Waiting for server processing
I20260914 17:31:58.732909 294760 dfly_bench.cc:1001] ReceiveFb done
I20260914 17:31:58.732944 294759 dfly_bench.cc:1001] ReceiveFb done
I20260914 17:31:58.732965 294765 dfly_bench.cc:1001] ReceiveFb done
I20260914 17:31:58.732903 294761 dfly_bench.cc:1001] ReceiveFb done
I20260914 17:31:58.732913 294769 dfly_bench.cc:926] Done queuing 4294967295 requests, which took 3.0s. Waiting for server processing
I20260914 17:31:58.732981 294759 dfly_bench.cc:1001] ReceiveFb done
I20260914 17:31:58.732965 294758 dfly_bench.cc:926] Done queuing 4294967295 requests, which took 3.0s. Waiting for server processing
I20260914 17:31:58.732939 294762 dfly_bench.cc:926] Done queuing 4294967295 requests, which took 3.0s. Waiting for server processing
I20260914 17:31:58.732903 294763 dfly_bench.cc:1001] ReceiveFb done
I20260914 17:31:58.733017 294763 dfly_bench.cc:1001] ReceiveFb done
I20260914 17:31:58.732952 294764 dfly_bench.cc:926] Done queuing 4294967295 requests, which took 3.0s. Waiting for server processing
I20260914 17:31:58.733049 294764 dfly_bench.cc:926] Done queuing 4294967295 requests, which took 3.0s. Waiting for server processing
I20260914 17:31:58.733060 294764 dfly_bench.cc:926] Done queuing 4294967295 requests, which took 3.0s. Waiting for server processing
I20260914 17:31:58.732991 294773 dfly_bench.cc:1001] ReceiveFb done
I20260914 17:31:58.732968 294766 dfly_bench.cc:1001] ReceiveFb done
I20260914 17:31:58.733070 294764 dfly_bench.cc:926] Done queuing 4294967295 requests, which took 3.0s. Waiting for server processing
I20260914 17:31:58.732952 294771 dfly_bench.cc:1001] ReceiveFb done
I20260914 17:31:58.732930 294767 dfly_bench.cc:926] Done queuing 4294967295 requests, which took 3.0s. Waiting for server processing
I20260914 17:31:58.732887 294768 dfly_bench.cc:926] Done queuing 4294967295 requests, which took 3.0s. Waiting for server processing
I20260914 17:31:58.733002 294762 dfly_bench.cc:926] Done queuing 4294967295 requests, which took 3.0s. Waiting for server processing
I20260914 17:31:58.732832 294770 dfly_bench.cc:1001] ReceiveFb done
I20260914 17:31:58.732987 294765 dfly_bench.cc:1001] ReceiveFb done
I20260914 17:31:58.733094 294771 dfly_bench.cc:1001] ReceiveFb done
I20260914 17:31:58.733057 294763 dfly_bench.cc:1001] ReceiveFb done
I20260914 17:31:58.733000 294759 dfly_bench.cc:1001] ReceiveFb done
I20260914 17:31:58.733119 294763 dfly_bench.cc:1001] ReceiveFb done
I20260914 17:31:58.733093 294762 dfly_bench.cc:926] Done queuing 4294967295 requests, which took 3.0s. Waiting for server processing
I20260914 17:31:58.733089 294768 dfly_bench.cc:926] Done queuing 4294967295 requests, which took 3.0s. Waiting for server processing
I20260914 17:31:58.733088 294773 dfly_bench.cc:1001] ReceiveFb done
I20260914 17:31:58.732981 294769 dfly_bench.cc:926] Done queuing 4294967295 requests, which took 3.0s. Waiting for server processing
I20260914 17:31:58.733139 294768 dfly_bench.cc:926] Done queuing 4294967295 requests, which took 3.0s. Waiting for server processing
I20260914 17:31:58.733094 294766 dfly_bench.cc:1001] ReceiveFb done
I20260914 17:31:58.733116 294765 dfly_bench.cc:1001] ReceiveFb done
I20260914 17:31:58.733111 294758 dfly_bench.cc:1001] ReceiveFb done
I20260914 17:31:58.733000 294760 dfly_bench.cc:926] Done queuing 4294967295 requests, which took 3.0s. Waiting for server processing
I20260914 17:31:58.733110 294770 dfly_bench.cc:1001] ReceiveFb done
I20260914 17:31:58.732995 294761 dfly_bench.cc:1001] ReceiveFb done
I20260914 17:31:58.733155 294773 dfly_bench.cc:1001] ReceiveFb done
I20260914 17:31:58.733189 294766 dfly_bench.cc:1001] ReceiveFb done
I20260914 17:31:58.733193 294758 dfly_bench.cc:1001] ReceiveFb done
I20260914 17:31:58.733150 294769 dfly_bench.cc:926] Done queuing 4294967295 requests, which took 3.0s. Waiting for server processing
I20260914 17:31:58.733134 294759 dfly_bench.cc:1001] ReceiveFb done
I20260914 17:31:58.733001 294772 dfly_bench.cc:926] Done queuing 4294967295 requests, which took 3.0s. Waiting for server processing
I20260914 17:31:58.733215 294761 dfly_bench.cc:1001] ReceiveFb done
I20260914 17:31:58.733183 294760 dfly_bench.cc:926] Done queuing 4294967295 requests, which took 3.0s. Waiting for server processing
I20260914 17:31:58.733227 294759 dfly_bench.cc:1001] ReceiveFb done
I20260914 17:31:58.733211 294766 dfly_bench.cc:1001] ReceiveFb done
I20260914 17:31:58.733237 294760 dfly_bench.cc:926] Done queuing 4294967295 requests, which took 3.0s. Waiting for server processing
I20260914 17:31:58.733124 294771 dfly_bench.cc:1001] ReceiveFb done
I20260914 17:31:58.733248 294759 dfly_bench.cc:1001] ReceiveFb done
I20260914 17:31:58.733256 294766 dfly_bench.cc:1001] ReceiveFb done
I20260914 17:31:58.733224 294764 dfly_bench.cc:926] Done queuing 4294967295 requests, which took 3.0s. Waiting for server processing
I20260914 17:31:58.733193 294765 dfly_bench.cc:1001] ReceiveFb done
I20260914 17:31:58.733265 294771 dfly_bench.cc:1001] ReceiveFb done
I20260914 17:31:58.733206 294773 dfly_bench.cc:1001] ReceiveFb done
I20260914 17:31:58.733213 294769 dfly_bench.cc:926] Done queuing 4294967295 requests, which took 3.0s. Waiting for server processing
I20260914 17:31:58.733300 294769 dfly_bench.cc:926] Done queuing 4294967295 requests, which took 3.0s. Waiting for server processing
I20260914 17:31:58.733134 294762 dfly_bench.cc:926] Done queuing 4294967295 requests, which took 3.0s. Waiting for server processing
I20260914 17:31:58.733309 294765 dfly_bench.cc:1001] ReceiveFb done
I20260914 17:31:58.733281 294759 dfly_bench.cc:926] Done queuing 4294967295 requests, which took 3.0s. Waiting for server processing
I20260914 17:31:58.733239 294770 dfly_bench.cc:926] Done queuing 4294967295 requests, which took 3.0s. Waiting for server processing
I20260914 17:31:58.733268 294761 dfly_bench.cc:1001] ReceiveFb done
I20260914 17:31:58.733345 294765 dfly_bench.cc:1001] ReceiveFb done
I20260914 17:31:58.733291 294766 dfly_bench.cc:1001] ReceiveFb done
I20260914 17:31:58.733357 294768 dfly_bench.cc:1001] ReceiveFb done
I20260914 17:31:58.733255 294767 dfly_bench.cc:1001] ReceiveFb done
I20260914 17:31:58.733139 294763 dfly_bench.cc:1001] ReceiveFb done
I20260914 17:31:58.733220 294758 dfly_bench.cc:1001] ReceiveFb done
I20260914 17:31:58.733376 294766 dfly_bench.cc:1001] ReceiveFb done
I20260914 17:31:58.733310 294771 dfly_bench.cc:1001] ReceiveFb done
I20260914 17:31:58.733390 294767 dfly_bench.cc:1001] ReceiveFb done
I20260914 17:31:58.733218 294772 dfly_bench.cc:926] Done queuing 4294967295 requests, which took 3.0s. Waiting for server processing
I20260914 17:31:58.733323 294769 dfly_bench.cc:926] Done queuing 4294967295 requests, which took 3.0s. Waiting for server processing
I20260914 17:31:58.733407 294766 dfly_bench.cc:1001] ReceiveFb done
I20260914 17:31:58.733362 294761 dfly_bench.cc:1001] ReceiveFb done
I20260914 17:31:58.733363 294765 dfly_bench.cc:1001] ReceiveFb done
I20260914 17:31:58.733383 294768 dfly_bench.cc:1001] ReceiveFb done
I20260914 17:31:58.733443 294765 dfly_bench.cc:1001] ReceiveFb done
I20260914 17:31:58.733394 294763 dfly_bench.cc:1001] ReceiveFb done
I20260914 17:31:58.733323 294773 dfly_bench.cc:1001] ReceiveFb done
I20260914 17:31:58.733335 294759 dfly_bench.cc:926] Done queuing 4294967295 requests, which took 3.0s. Waiting for server processing
I20260914 17:31:58.733444 294760 dfly_bench.cc:926] Done queuing 4294967295 requests, which took 3.0s. Waiting for server processing
I20260914 17:31:58.733286 294764 dfly_bench.cc:926] Done queuing 4294967295 requests, which took 3.0s. Waiting for server processing
I20260914 17:31:58.733421 294767 dfly_bench.cc:1001] ReceiveFb done
I20260914 17:31:58.733461 294760 dfly_bench.cc:926] Done queuing 4294967295 requests, which took 3.0s. Waiting for server processing
I20260914 17:31:58.733476 294767 dfly_bench.cc:1001] ReceiveFb done
I20260914 17:31:58.733467 294773 dfly_bench.cc:1001] ReceiveFb done
I20260914 17:31:58.733462 294770 dfly_bench.cc:926] Done queuing 4294967295 requests, which took 3.0s. Waiting for server processing
I20260914 17:31:58.733486 294760 dfly_bench.cc:926] Done queuing 4294967295 requests, which took 3.0s. Waiting for server processing
I20260914 17:31:58.733472 294761 dfly_bench.cc:926] Done queuing 4294967295 requests, which took 3.0s. Waiting for server processing
I20260914 17:31:58.733434 294771 dfly_bench.cc:926] Done queuing 4294967295 requests, which took 3.0s. Waiting for server processing
I20260914 17:31:58.733439 294766 dfly_bench.cc:926] Done queuing 4294967295 requests, which took 3.0s. Waiting for server processing
I20260914 17:31:58.733410 294772 dfly_bench.cc:926] Done queuing 4294967295 requests, which took 3.0s. Waiting for server processing
I20260914 17:31:58.733500 294773 dfly_bench.cc:1001] ReceiveFb done
I20260914 17:31:58.733501 294771 dfly_bench.cc:926] Done queuing 4294967295 requests, which took 3.0s. Waiting for server processing
I20260914 17:31:58.733494 294770 dfly_bench.cc:926] Done queuing 4294967295 requests, which took 3.0s. Waiting for server processing
I20260914 17:31:58.733515 294771 dfly_bench.cc:926] Done queuing 4294967295 requests, which took 3.0s. Waiting for server processing
I20260914 17:31:58.733464 294764 dfly_bench.cc:926] Done queuing 4294967295 requests, which took 3.0s. Waiting for server processing
I20260914 17:31:58.733496 294760 dfly_bench.cc:926] Done queuing 4294967295 requests, which took 3.0s. Waiting for server processing
I20260914 17:31:58.733522 294770 dfly_bench.cc:926] Done queuing 4294967295 requests, which took 3.0s. Waiting for server processing
I20260914 17:31:58.733526 294764 dfly_bench.cc:926] Done queuing 4294967295 requests, which took 3.0s. Waiting for server processing
I20260914 17:31:58.733498 294761 dfly_bench.cc:926] Done queuing 4294967295 requests, which took 3.0s. Waiting for server processing
I20260914 17:31:58.733497 294762 dfly_bench.cc:926] Done queuing 4294967295 requests, which took 3.0s. Waiting for server processing
I20260914 17:31:58.733510 294772 dfly_bench.cc:926] Done queuing 4294967295 requests, which took 3.0s. Waiting for server processing
I20260914 17:31:58.733534 294760 dfly_bench.cc:926] Done queuing 4294967295 requests, which took 3.0s. Waiting for server processing
I20260914 17:31:58.733402 294758 dfly_bench.cc:1001] ReceiveFb done
I20260914 17:31:58.733537 294771 dfly_bench.cc:926] Done queuing 4294967295 requests, which took 3.0s. Waiting for server processing
I20260914 17:31:58.733495 294767 dfly_bench.cc:1001] ReceiveFb done
I20260914 17:31:58.733469 294763 dfly_bench.cc:1001] ReceiveFb done
I20260914 17:31:58.733502 294766 dfly_bench.cc:926] Done queuing 4294967295 requests, which took 3.0s. Waiting for server processing
I20260914 17:31:58.733525 294773 dfly_bench.cc:1001] ReceiveFb done
I20260914 17:31:58.733559 294762 dfly_bench.cc:926] Done queuing 4294967295 requests, which took 3.0s. Waiting for server processing
I20260914 17:31:58.733561 294772 dfly_bench.cc:926] Done queuing 4294967295 requests, which took 3.0s. Waiting for server processing
I20260914 17:31:58.733592 294767 dfly_bench.cc:1001] ReceiveFb done
I20260914 17:31:58.733578 294758 dfly_bench.cc:1001] ReceiveFb done
I20260914 17:31:58.733604 294763 dfly_bench.cc:1001] ReceiveFb done
I20260914 17:31:58.733502 294765 dfly_bench.cc:926] Done queuing 4294967295 requests, which took 3.0s. Waiting for server processing
I20260914 17:31:58.733563 294760 dfly_bench.cc:926] Done queuing 4294967295 requests, which took 3.0s. Waiting for server processing
I20260914 17:31:58.733593 294762 dfly_bench.cc:926] Done queuing 4294967295 requests, which took 3.0s. Waiting for server processing
I20260914 17:31:58.733619 294758 dfly_bench.cc:1001] ReceiveFb done
I20260914 17:31:58.733560 294761 dfly_bench.cc:926] Done queuing 4294967295 requests, which took 3.0s. Waiting for server processing
I20260914 17:31:58.733624 294762 dfly_bench.cc:926] Done queuing 4294967295 requests, which took 3.0s. Waiting for server processing
I20260914 17:31:58.733618 294765 dfly_bench.cc:926] Done queuing 4294967295 requests, which took 3.0s. Waiting for server processing
I20260914 17:31:58.733608 294769 dfly_bench.cc:1001] ReceiveFb done
I20260914 17:31:58.733461 294759 dfly_bench.cc:926] Done queuing 4294967295 requests, which took 3.0s. Waiting for server processing
I20260914 17:31:58.733639 294762 dfly_bench.cc:1001] ReceiveFb done
I20260914 17:31:58.733618 294767 dfly_bench.cc:926] Done queuing 4294967295 requests, which took 3.0s. Waiting for server processing
I20260914 17:31:58.733644 294758 dfly_bench.cc:1001] ReceiveFb done
I20260914 17:31:58.733546 294770 dfly_bench.cc:926] Done queuing 4294967295 requests, which took 3.0s. Waiting for server processing
I20260914 17:31:58.733635 294761 dfly_bench.cc:926] Done queuing 4294967295 requests, which took 3.0s. Waiting for server processing
I20260914 17:31:58.733619 294760 dfly_bench.cc:926] Done queuing 4294967295 requests, which took 3.0s. Waiting for server processing
I20260914 17:31:58.733667 294762 dfly_bench.cc:1001] ReceiveFb done
I20260914 17:31:58.733678 294760 dfly_bench.cc:926] Done queuing 4294967295 requests, which took 3.0s. Waiting for server processing
I20260914 17:31:58.733651 294763 dfly_bench.cc:926] Done queuing 4294967295 requests, which took 3.0s. Waiting for server processing
I20260914 17:31:58.733659 294767 dfly_bench.cc:926] Done queuing 4294967295 requests, which took 3.0s. Waiting for server processing
I20260914 17:31:58.733688 294760 dfly_bench.cc:926] Done queuing 4294967295 requests, which took 3.0s. Waiting for server processing
I20260914 17:31:58.733700 294760 dfly_bench.cc:926] Done queuing 4294967295 requests, which took 3.0s. Waiting for server processing
I20260914 17:31:58.733652 294769 dfly_bench.cc:1001] ReceiveFb done
I20260914 17:31:58.733702 294762 dfly_bench.cc:1001] ReceiveFb done
I20260914 17:31:58.733620 294773 dfly_bench.cc:926] Done queuing 4294967295 requests, which took 3.0s. Waiting for server processing
I20260914 17:31:58.733664 294770 dfly_bench.cc:926] Done queuing 4294967295 requests, which took 3.0s. Waiting for server processing
I20260914 17:31:58.733651 294759 dfly_bench.cc:926] Done queuing 4294967295 requests, which took 3.0s. Waiting for server processing
I20260914 17:31:58.733736 294773 dfly_bench.cc:926] Done queuing 4294967295 requests, which took 3.0s. Waiting for server processing
I20260914 17:31:58.733671 294758 dfly_bench.cc:1001] ReceiveFb done
I20260914 17:31:58.733747 294770 dfly_bench.cc:926] Done queuing 4294967295 requests, which took 3.0s. Waiting for server processing
I20260914 17:31:58.733757 294758 dfly_bench.cc:1001] ReceiveFb done
I20260914 17:31:58.733667 294761 dfly_bench.cc:926] Done queuing 4294967295 requests, which took 3.0s. Waiting for server processing
I20260914 17:31:58.733770 294761 dfly_bench.cc:926] Done queuing 4294967295 requests, which took 3.0s. Waiting for server processing
I20260914 17:31:58.733776 294766 dfly_bench.cc:1001] ReceiveFb done
I20260914 17:31:58.733780 294761 dfly_bench.cc:926] Done queuing 4294967295 requests, which took 3.0s. Waiting for server processing
I20260914 17:31:58.733796 294766 dfly_bench.cc:1001] ReceiveFb done
I20260914 17:31:58.733799 294771 dfly_bench.cc:926] Done queuing 4294967295 requests, which took 3.0s. Waiting for server processing
I20260914 17:31:58.733739 294759 dfly_bench.cc:926] Done queuing 4294967295 requests, which took 3.0s. Waiting for server processing
I20260914 17:31:58.733696 294767 dfly_bench.cc:926] Done queuing 4294967295 requests, which took 3.0s. Waiting for server processing
I20260914 17:31:58.733827 294771 dfly_bench.cc:926] Done queuing 4294967295 requests, which took 3.0s. Waiting for server processing
I20260914 17:31:58.733724 294769 dfly_bench.cc:1001] ReceiveFb done
I20260914 17:31:58.733819 294766 dfly_bench.cc:926] Done queuing 4294967295 requests, which took 3.0s. Waiting for server processing
I20260914 17:31:58.733815 294759 dfly_bench.cc:926] Done queuing 4294967295 requests, which took 3.0s. Waiting for server processing
I20260914 17:31:58.733595 294772 dfly_bench.cc:926] Done queuing 4294967295 requests, which took 3.0s. Waiting for server processing
I20260914 17:31:58.733837 294771 dfly_bench.cc:926] Done queuing 4294967295 requests, which took 3.0s. Waiting for server processing
I20260914 17:31:58.733474 294768 dfly_bench.cc:1001] ReceiveFb done
I20260914 17:31:58.733834 294767 dfly_bench.cc:926] Done queuing 4294967295 requests, which took 3.0s. Waiting for server processing
I20260914 17:31:58.733860 294759 dfly_bench.cc:926] Done queuing 4294967295 requests, which took 3.0s. Waiting for server processing
I20260914 17:31:58.733817 294758 dfly_bench.cc:926] Done queuing 4294967295 requests, which took 3.0s. Waiting for server processing
I20260914 17:31:58.733711 294760 dfly_bench.cc:926] Done queuing 4294967295 requests, which took 3.0s. Waiting for server processing
I20260914 17:31:58.733620 294764 dfly_bench.cc:1001] ReceiveFb done
I20260914 17:31:58.733877 294760 dfly_bench.cc:926] Done queuing 4294967295 requests, which took 3.0s. Waiting for server processing
I20260914 17:31:58.733757 294770 dfly_bench.cc:926] Done queuing 4294967295 requests, which took 3.0s. Waiting for server processing
I20260914 17:31:58.733743 294773 dfly_bench.cc:926] Done queuing 4294967295 requests, which took 3.0s. Waiting for server processing
I20260914 17:31:58.733875 294768 dfly_bench.cc:1001] ReceiveFb done
I20260914 17:31:58.733872 294763 dfly_bench.cc:926] Done queuing 4294967295 requests, which took 3.0s. Waiting for server processing
I20260914 17:31:58.733866 294771 dfly_bench.cc:926] Done queuing 4294967295 requests, which took 3.0s. Waiting for server processing
I20260914 17:31:58.733891 294760 dfly_bench.cc:926] Done queuing 4294967295 requests, which took 3.0s. Waiting for server processing
I20260914 17:31:58.733892 294770 dfly_bench.cc:926] Done queuing 4294967295 requests, which took 3.0s. Waiting for server processing
I20260914 17:31:58.733901 294773 dfly_bench.cc:926] Done queuing 4294967295 requests, which took 3.0s. Waiting for server processing
I20260914 17:31:58.733939 294770 dfly_bench.cc:926] Done queuing 4294967295 requests, which took 3.0s. Waiting for server processing
I20260914 17:31:58.733903 294763 dfly_bench.cc:926] Done queuing 4294967295 requests, which took 3.0s. Waiting for server processing
I20260914 17:31:58.733966 294770 dfly_bench.cc:926] Done queuing 4294967295 requests, which took 3.0s. Waiting for server processing
I20260914 17:31:58.733904 294765 dfly_bench.cc:926] Done queuing 4294967295 requests, which took 3.0s. Waiting for server processing
I20260914 17:31:58.733738 294762 dfly_bench.cc:1001] ReceiveFb done
I20260914 17:31:58.733986 294765 dfly_bench.cc:926] Done queuing 4294967295 requests, which took 3.0s. Waiting for server processing
I20260914 17:31:58.733799 294761 dfly_bench.cc:926] Done queuing 4294967295 requests, which took 3.0s. Waiting for server processing
I20260914 17:31:58.733863 294769 dfly_bench.cc:1001] ReceiveFb done
I20260914 17:31:58.733919 294771 dfly_bench.cc:926] Done queuing 4294967295 requests, which took 3.0s. Waiting for server processing
I20260914 17:31:58.734006 294761 dfly_bench.cc:926] Done queuing 4294967295 requests, which took 3.0s. Waiting for server processing
I20260914 17:31:58.733978 294770 dfly_bench.cc:926] Done queuing 4294967295 requests, which took 3.0s. Waiting for server processing
I20260914 17:31:58.734011 294771 dfly_bench.cc:926] Done queuing 4294967295 requests, which took 3.0s. Waiting for server processing
I20260914 17:31:58.733906 294768 dfly_bench.cc:1001] ReceiveFb done
I20260914 17:31:58.734018 294770 dfly_bench.cc:926] Done queuing 4294967295 requests, which took 3.0s. Waiting for server processing
I20260914 17:31:58.733903 294764 dfly_bench.cc:1001] ReceiveFb done
I20260914 17:31:58.734025 294769 dfly_bench.cc:1001] ReceiveFb done
I20260914 17:31:58.733853 294766 dfly_bench.cc:926] Done queuing 4294967295 requests, which took 3.0s. Waiting for server processing
I20260914 17:31:58.733992 294760 dfly_bench.cc:1001] ReceiveFb done
I20260914 17:31:58.734021 294771 dfly_bench.cc:926] Done queuing 4294967295 requests, which took 3.0s. Waiting for server processing
I20260914 17:31:58.734050 294762 dfly_bench.cc:926] Done queuing 4294967295 requests, which took 3.0s. Waiting for server processing
I20260914 17:31:58.733963 294763 dfly_bench.cc:926] Done queuing 4294967295 requests, which took 3.0s. Waiting for server processing
I20260914 17:31:58.733873 294758 dfly_bench.cc:926] Done queuing 4294967295 requests, which took 3.0s. Waiting for server processing
I20260914 17:31:58.734045 294759 dfly_bench.cc:1001] ReceiveFb done
I20260914 17:31:58.734083 294763 dfly_bench.cc:926] Done queuing 4294967295 requests, which took 3.0s. Waiting for server processing
I20260914 17:31:58.734046 294767 dfly_bench.cc:1001] ReceiveFb done
I20260914 17:31:58.734040 294768 dfly_bench.cc:1001] ReceiveFb done
I20260914 17:31:58.734094 294772 dfly_bench.cc:926] Done queuing 4294967295 requests, which took 3.0s. Waiting for server processing
I20260914 17:31:58.734093 294758 dfly_bench.cc:926] Done queuing 4294967295 requests, which took 3.0s. Waiting for server processing
I20260914 17:31:58.734058 294760 dfly_bench.cc:1001] ReceiveFb done
I20260914 17:31:58.734019 294761 dfly_bench.cc:926] Done queuing 4294967295 requests, which took 3.0s. Waiting for server processing
I20260914 17:31:58.734050 294764 dfly_bench.cc:1001] ReceiveFb done
I20260914 17:31:58.733995 294765 dfly_bench.cc:926] Done queuing 4294967295 requests, which took 3.0s. Waiting for server processing
I20260914 17:31:58.734076 294762 dfly_bench.cc:926] Done queuing 4294967295 requests, which took 3.0s. Waiting for server processing
I20260914 17:31:58.734113 294768 dfly_bench.cc:1001] ReceiveFb done
I20260914 17:31:58.734114 294759 dfly_bench.cc:1001] ReceiveFb done
I20260914 17:31:58.734115 294772 dfly_bench.cc:926] Done queuing 4294967295 requests, which took 3.0s. Waiting for server processing
I20260914 17:31:58.734146 294759 dfly_bench.cc:1001] ReceiveFb done
I20260914 17:31:58.734130 294762 dfly_bench.cc:926] Done queuing 4294967295 requests, which took 3.0s. Waiting for server processing
I20260914 17:31:58.734108 294770 dfly_bench.cc:1001] ReceiveFb done
I20260914 17:31:58.734097 294763 dfly_bench.cc:926] Done queuing 4294967295 requests, which took 3.0s. Waiting for server processing
I20260914 17:31:58.734158 294762 dfly_bench.cc:926] Done queuing 4294967295 requests, which took 3.0s. Waiting for server processing
I20260914 17:31:58.734045 294766 dfly_bench.cc:926] Done queuing 4294967295 requests, which took 3.0s. Waiting for server processing
I20260914 17:31:58.734165 294763 dfly_bench.cc:926] Done queuing 4294967295 requests, which took 3.0s. Waiting for server processing
I20260914 17:31:58.734172 294770 dfly_bench.cc:1001] ReceiveFb done
I20260914 17:31:58.734059 294771 dfly_bench.cc:926] Done queuing 4294967295 requests, which took 3.0s. Waiting for server processing
I20260914 17:31:58.734118 294773 dfly_bench.cc:926] Done queuing 4294967295 requests, which took 3.0s. Waiting for server processing
I20260914 17:31:58.734144 294772 dfly_bench.cc:926] Done queuing 4294967295 requests, which took 3.0s. Waiting for server processing
I20260914 17:31:58.734128 294764 dfly_bench.cc:1001] ReceiveFb done
I20260914 17:31:58.734120 294765 dfly_bench.cc:926] Done queuing 4294967295 requests, which took 3.0s. Waiting for server processing
I20260914 17:31:58.734205 294772 dfly_bench.cc:926] Done queuing 4294967295 requests, which took 3.0s. Waiting for server processing
I20260914 17:31:58.734211 294765 dfly_bench.cc:926] Done queuing 4294967295 requests, which took 3.0s. Waiting for server processing
I20260914 17:31:58.734187 294771 dfly_bench.cc:926] Done queuing 4294967295 requests, which took 3.0s. Waiting for server processing
I20260914 17:31:58.734225 294765 dfly_bench.cc:926] Done queuing 4294967295 requests, which took 3.0s. Waiting for server processing
I20260914 17:31:58.734194 294770 dfly_bench.cc:1001] ReceiveFb done
I20260914 17:31:58.734169 294759 dfly_bench.cc:1001] ReceiveFb done
I20260914 17:31:58.734125 294760 dfly_bench.cc:1001] ReceiveFb done
I20260914 17:31:58.734254 294770 dfly_bench.cc:1001] ReceiveFb done
I20260914 17:31:58.734283 294758 dfly_bench.cc:926] Done queuing 4294967295 requests, which took 3.0s. Waiting for server processing
I20260914 17:31:58.734113 294767 dfly_bench.cc:1001] ReceiveFb done
I20260914 17:31:58.734298 294758 dfly_bench.cc:926] Done queuing 4294967295 requests, which took 3.0s. Waiting for server processing
I20260914 17:31:58.734221 294764 dfly_bench.cc:1001] ReceiveFb done
I20260914 17:31:58.734051 294769 dfly_bench.cc:1001] ReceiveFb done
I20260914 17:31:58.734262 294759 dfly_bench.cc:1001] ReceiveFb done
I20260914 17:31:58.734196 294773 dfly_bench.cc:926] Done queuing 4294967295 requests, which took 3.0s. Waiting for server processing
I20260914 17:31:58.734283 294770 dfly_bench.cc:1001] ReceiveFb done
I20260914 17:31:58.734182 294766 dfly_bench.cc:926] Done queuing 4294967295 requests, which took 3.0s. Waiting for server processing
I20260914 17:31:58.734213 294772 dfly_bench.cc:926] Done queuing 4294967295 requests, which took 3.0s. Waiting for server processing
I20260914 17:31:58.734148 294768 dfly_bench.cc:1001] ReceiveFb done
I20260914 17:31:58.734171 294762 dfly_bench.cc:926] Done queuing 4294967295 requests, which took 3.0s. Waiting for server processing
I20260914 17:31:58.734361 294770 dfly_bench.cc:1001] ReceiveFb done
I20260914 17:31:58.734344 294759 dfly_bench.cc:1001] ReceiveFb done
I20260914 17:31:58.734344 294773 dfly_bench.cc:926] Done queuing 4294967295 requests, which took 3.0s. Waiting for server processing
I20260914 17:31:58.734328 294769 dfly_bench.cc:1001] ReceiveFb done
I20260914 17:31:58.734328 294771 dfly_bench.cc:1001] ReceiveFb done
I20260914 17:31:58.734236 294765 dfly_bench.cc:926] Done queuing 4294967295 requests, which took 3.0s. Waiting for server processing
I20260914 17:31:58.734377 294762 dfly_bench.cc:926] Done queuing 4294967295 requests, which took 3.0s. Waiting for server processing
I20260914 17:31:58.734311 294767 dfly_bench.cc:1001] ReceiveFb done
I20260914 17:31:58.734184 294763 dfly_bench.cc:926] Done queuing 4294967295 requests, which took 3.0s. Waiting for server processing
I20260914 17:31:58.734390 294765 dfly_bench.cc:926] Done queuing 4294967295 requests, which took 3.0s. Waiting for server processing
I20260914 17:31:58.734375 294772 dfly_bench.cc:926] Done queuing 4294967295 requests, which took 3.0s. Waiting for server processing
I20260914 17:31:58.734262 294760 dfly_bench.cc:1001] ReceiveFb done
I20260914 17:31:58.734324 294764 dfly_bench.cc:1001] ReceiveFb done
I20260914 17:31:58.734390 294762 dfly_bench.cc:926] Done queuing 4294967295 requests, which took 3.0s. Waiting for server processing
I20260914 17:31:58.734382 294773 dfly_bench.cc:926] Done queuing 4294967295 requests, which took 3.0s. Waiting for server processing
I20260914 17:31:58.734436 294762 dfly_bench.cc:926] Done queuing 4294967295 requests, which took 3.0s. Waiting for server processing
I20260914 17:31:58.734440 294773 dfly_bench.cc:926] Done queuing 4294967295 requests, which took 3.0s. Waiting for server processing
I20260914 17:31:58.734400 294769 dfly_bench.cc:1001] ReceiveFb done
I20260914 17:31:58.734366 294766 dfly_bench.cc:926] Done queuing 4294967295 requests, which took 3.0s. Waiting for server processing
I20260914 17:31:58.734400 294765 dfly_bench.cc:926] Done queuing 4294967295 requests, which took 3.0s. Waiting for server processing
I20260914 17:31:58.734386 294770 dfly_bench.cc:1001] ReceiveFb done
I20260914 17:31:58.734470 294769 dfly_bench.cc:1001] ReceiveFb done
I20260914 17:31:58.734400 294763 dfly_bench.cc:926] Done queuing 4294967295 requests, which took 3.0s. Waiting for server processing
I20260914 17:31:58.734390 294759 dfly_bench.cc:1001] ReceiveFb done
I20260914 17:31:58.734448 294773 dfly_bench.cc:926] Done queuing 4294967295 requests, which took 3.0s. Waiting for server processing
I20260914 17:31:58.734400 294771 dfly_bench.cc:1001] ReceiveFb done
I20260914 17:31:58.734402 294772 dfly_bench.cc:926] Done queuing 4294967295 requests, which took 3.0s. Waiting for server processing
I20260914 17:31:58.734323 294758 dfly_bench.cc:926] Done queuing 4294967295 requests, which took 3.0s. Waiting for server processing
I20260914 17:31:58.734422 294761 dfly_bench.cc:926] Done queuing 4294967295 requests, which took 3.0s. Waiting for server processing
I20260914 17:31:58.734467 294766 dfly_bench.cc:926] Done queuing 4294967295 requests, which took 3.0s. Waiting for server processing
I20260914 17:31:58.734493 294763 dfly_bench.cc:926] Done queuing 4294967295 requests, which took 3.0s. Waiting for server processing
I20260914 17:31:58.734414 294767 dfly_bench.cc:1001] ReceiveFb done
I20260914 17:31:58.734486 294770 dfly_bench.cc:1001] ReceiveFb done
I20260914 17:31:58.734445 294762 dfly_bench.cc:926] Done queuing 4294967295 requests, which took 3.0s. Waiting for server processing
I20260914 17:31:58.734419 294768 dfly_bench.cc:926] Done queuing 4294967295 requests, which took 3.0s. Waiting for server processing
I20260914 17:31:58.734509 294766 dfly_bench.cc:926] Done queuing 4294967295 requests, which took 3.0s. Waiting for server processing
I20260914 17:31:58.734426 294760 dfly_bench.cc:1001] ReceiveFb done
I20260914 17:31:58.734524 294762 dfly_bench.cc:926] Done queuing 4294967295 requests, which took 3.0s. Waiting for server processing
I20260914 17:31:58.734490 294773 dfly_bench.cc:926] Done queuing 4294967295 requests, which took 3.0s. Waiting for server processing
I20260914 17:31:58.734562 294760 dfly_bench.cc:1001] ReceiveFb done
I20260914 17:31:58.734516 294765 dfly_bench.cc:1001] ReceiveFb done
I20260914 17:31:58.734500 294758 dfly_bench.cc:926] Done queuing 4294967295 requests, which took 3.0s. Waiting for server processing
I20260914 17:31:58.734449 294764 dfly_bench.cc:1001] ReceiveFb done
I20260914 17:31:58.734586 294765 dfly_bench.cc:1001] ReceiveFb done
I20260914 17:31:58.734583 294760 dfly_bench.cc:1001] ReceiveFb done
I20260914 17:31:58.734509 294761 dfly_bench.cc:926] Done queuing 4294967295 requests, which took 3.0s. Waiting for server processing
I20260914 17:31:58.734498 294759 dfly_bench.cc:926] Done queuing 4294967295 requests, which took 3.0s. Waiting for server processing
I20260914 17:31:58.734504 294771 dfly_bench.cc:1001] ReceiveFb done
I20260914 17:31:58.734499 294772 dfly_bench.cc:926] Done queuing 4294967295 requests, which took 3.0s. Waiting for server processing
I20260914 17:31:58.734599 294761 dfly_bench.cc:926] Done queuing 4294967295 requests, which took 3.0s. Waiting for server processing
I20260914 17:31:58.734601 294764 dfly_bench.cc:1001] ReceiveFb done
I20260914 17:31:58.734529 294770 dfly_bench.cc:1001] ReceiveFb done
I20260914 17:31:58.734513 294763 dfly_bench.cc:926] Done queuing 4294967295 requests, which took 3.0s. Waiting for server processing
I20260914 17:31:58.734615 294759 dfly_bench.cc:926] Done queuing 4294967295 requests, which took 3.0s. Waiting for server processing
I20260914 17:31:58.734617 294765 dfly_bench.cc:1001] ReceiveFb done
I20260914 17:31:58.734558 294762 dfly_bench.cc:926] Done queuing 4294967295 requests, which took 3.0s. Waiting for server processing
I20260914 17:31:58.734530 294767 dfly_bench.cc:926] Done queuing 4294967295 requests, which took 3.0s. Waiting for server processing
I20260914 17:31:58.734511 294769 dfly_bench.cc:926] Done queuing 4294967295 requests, which took 3.0s. Waiting for server processing
I20260914 17:31:58.734623 294771 dfly_bench.cc:1001] ReceiveFb done
I20260914 17:31:58.734623 294763 dfly_bench.cc:926] Done queuing 4294967295 requests, which took 3.0s. Waiting for server processing
I20260914 17:31:58.734526 294768 dfly_bench.cc:926] Done queuing 4294967295 requests, which took 3.0s. Waiting for server processing
I20260914 17:31:58.734539 294766 dfly_bench.cc:926] Done queuing 4294967295 requests, which took 3.0s. Waiting for server processing
I20260914 17:31:58.734627 294764 dfly_bench.cc:1001] ReceiveFb done
I20260914 17:31:58.734623 294760 dfly_bench.cc:1001] ReceiveFb done
I20260914 17:31:58.734637 294767 dfly_bench.cc:926] Done queuing 4294967295 requests, which took 3.0s. Waiting for server processing
I20260914 17:31:58.734571 294773 dfly_bench.cc:926] Done queuing 4294967295 requests, which took 3.0s. Waiting for server processing
I20260914 17:31:58.734650 294763 dfly_bench.cc:926] Done queuing 4294967295 requests, which took 3.0s. Waiting for server processing
I20260914 17:31:58.734654 294765 dfly_bench.cc:1001] ReceiveFb done
I20260914 17:31:58.734655 294771 dfly_bench.cc:1001] ReceiveFb done
I20260914 17:31:58.734664 294767 dfly_bench.cc:926] Done queuing 4294967295 requests, which took 3.0s. Waiting for server processing
I20260914 17:31:58.734670 294764 dfly_bench.cc:1001] ReceiveFb done
I20260914 17:31:58.734647 294769 dfly_bench.cc:926] Done queuing 4294967295 requests, which took 3.0s. Waiting for server processing
I20260914 17:31:58.734581 294758 dfly_bench.cc:926] Done queuing 4294967295 requests, which took 3.0s. Waiting for server processing
I20260914 17:31:58.734687 294769 dfly_bench.cc:926] Done queuing 4294967295 requests, which took 3.0s. Waiting for server processing
I20260914 17:31:58.734625 294759 dfly_bench.cc:926] Done queuing 4294967295 requests, which took 3.0s. Waiting for server processing
I20260914 17:31:58.734634 294770 dfly_bench.cc:1001] ReceiveFb done
I20260914 17:31:58.734702 294758 dfly_bench.cc:926] Done queuing 4294967295 requests, which took 3.0s. Waiting for server processing
I20260914 17:31:58.734613 294761 dfly_bench.cc:926] Done queuing 4294967295 requests, which took 3.0s. Waiting for server processing
I20260914 17:31:58.734651 294766 dfly_bench.cc:926] Done queuing 4294967295 requests, which took 3.0s. Waiting for server processing
I20260914 17:31:58.734668 294763 dfly_bench.cc:926] Done queuing 4294967295 requests, which took 3.0s. Waiting for server processing
I20260914 17:31:58.734715 294761 dfly_bench.cc:926] Done queuing 4294967295 requests, which took 3.0s. Waiting for server processing
I20260914 17:31:58.734720 294762 dfly_bench.cc:1001] ReceiveFb done
I20260914 17:31:58.734712 294769 dfly_bench.cc:926] Done queuing 4294967295 requests, which took 3.0s. Waiting for server processing
I20260914 17:31:58.734736 294769 dfly_bench.cc:926] Done queuing 4294967295 requests, which took 3.0s. Waiting for server processing
I20260914 17:31:58.734612 294772 dfly_bench.cc:926] Done queuing 4294967295 requests, which took 3.0s. Waiting for server processing
I20260914 17:31:58.734697 294764 dfly_bench.cc:1001] ReceiveFb done
I20260914 17:31:58.734755 294762 dfly_bench.cc:1001] ReceiveFb done
I20260914 17:31:58.734653 294768 dfly_bench.cc:926] Done queuing 4294967295 requests, which took 3.0s. Waiting for server processing
I20260914 17:31:58.734776 294768 dfly_bench.cc:926] Done queuing 4294967295 requests, which took 3.0s. Waiting for server processing
I20260914 17:31:58.734782 294762 dfly_bench.cc:1001] ReceiveFb done
I20260914 17:31:58.734676 294760 dfly_bench.cc:1001] ReceiveFb done
I20260914 17:31:58.734666 294773 dfly_bench.cc:926] Done queuing 4294967295 requests, which took 3.0s. Waiting for server processing
I20260914 17:31:58.734689 294765 dfly_bench.cc:1001] ReceiveFb done
I20260914 17:31:58.734688 294771 dfly_bench.cc:1001] ReceiveFb done
I20260914 17:31:58.734807 294762 dfly_bench.cc:1001] ReceiveFb done
I20260914 17:31:58.734788 294768 dfly_bench.cc:926] Done queuing 4294967295 requests, which took 3.0s. Waiting for server processing
I20260914 17:31:58.734678 294767 dfly_bench.cc:926] Done queuing 4294967295 requests, which took 3.0s. Waiting for server processing
I20260914 17:31:58.734722 294763 dfly_bench.cc:926] Done queuing 4294967295 requests, which took 3.0s. Waiting for server processing
I20260914 17:31:58.734757 294772 dfly_bench.cc:926] Done queuing 4294967295 requests, which took 3.0s. Waiting for server processing
I20260914 17:31:58.734814 294773 dfly_bench.cc:926] Done queuing 4294967295 requests, which took 3.0s. Waiting for server processing
I20260914 17:31:58.734709 294759 dfly_bench.cc:926] Done queuing 4294967295 requests, which took 3.0s. Waiting for server processing
I20260914 17:31:58.734849 294759 dfly_bench.cc:926] Done queuing 4294967295 requests, which took 3.0s. Waiting for server processing
I20260914 17:31:58.734723 294770 dfly_bench.cc:1001] ReceiveFb done
I20260914 17:31:58.734865 294759 dfly_bench.cc:926] Done queuing 4294967295 requests, which took 3.0s. Waiting for server processing
I20260914 17:31:58.734875 294759 dfly_bench.cc:926] Done queuing 4294967295 requests, which took 3.0s. Waiting for server processing
I20260914 17:31:58.734838 294763 dfly_bench.cc:926] Done queuing 4294967295 requests, which took 3.0s. Waiting for server processing
I20260914 17:31:58.734887 294763 dfly_bench.cc:926] Done queuing 4294967295 requests, which took 3.0s. Waiting for server processing
I20260914 17:31:58.734826 294765 dfly_bench.cc:1001] ReceiveFb done
I20260914 17:31:58.734835 294771 dfly_bench.cc:1001] ReceiveFb done
I20260914 17:31:58.734834 294767 dfly_bench.cc:926] Done queuing 4294967295 requests, which took 3.0s. Waiting for server processing
I20260914 17:31:58.734843 294773 dfly_bench.cc:926] Done queuing 4294967295 requests, which took 3.0s. Waiting for server processing
I20260914 17:31:58.734776 294764 dfly_bench.cc:1001] ReceiveFb done
I20260914 17:31:58.734728 294758 dfly_bench.cc:926] Done queuing 4294967295 requests, which took 3.0s. Waiting for server processing
I20260914 17:31:58.734721 294766 dfly_bench.cc:926] Done queuing 4294967295 requests, which took 3.0s. Waiting for server processing
I20260914 17:31:58.734882 294759 dfly_bench.cc:926] Done queuing 4294967295 requests, which took 3.0s. Waiting for server processing
I20260914 17:31:58.734931 294759 dfly_bench.cc:926] Done queuing 4294967295 requests, which took 3.0s. Waiting for server processing
I20260914 17:31:58.734831 294768 dfly_bench.cc:926] Done queuing 4294967295 requests, which took 3.0s. Waiting for server processing
I20260914 17:31:58.734946 294766 dfly_bench.cc:926] Done queuing 4294967295 requests, which took 3.0s. Waiting for server processing
I20260914 17:31:58.734941 294769 dfly_bench.cc:926] Done queuing 4294967295 requests, which took 3.0s. Waiting for server processing
I20260914 17:31:58.734822 294760 dfly_bench.cc:1001] ReceiveFb done
I20260914 17:31:58.734884 294770 dfly_bench.cc:1001] ReceiveFb done
I20260914 17:31:58.734942 294768 dfly_bench.cc:926] Done queuing 4294967295 requests, which took 3.0s. Waiting for server processing
I20260914 17:31:58.734910 294767 dfly_bench.cc:926] Done queuing 4294967295 requests, which took 3.0s. Waiting for server processing
I20260914 17:31:58.734923 294758 dfly_bench.cc:926] Done queuing 4294967295 requests, which took 3.0s. Waiting for server processing
I20260914 17:31:58.734917 294765 dfly_bench.cc:1001] ReceiveFb done
I20260914 17:31:58.734730 294761 dfly_bench.cc:1001] ReceiveFb done
I20260914 17:31:58.734997 294760 dfly_bench.cc:1001] ReceiveFb done
I20260914 17:31:58.734961 294762 dfly_bench.cc:926] Done queuing 4294967295 requests, which took 3.0s. Waiting for server processing
I20260914 17:31:58.734933 294764 dfly_bench.cc:1001] ReceiveFb done
I20260914 17:31:58.735002 294758 dfly_bench.cc:926] Done queuing 4294967295 requests, which took 3.0s. Waiting for server processing
I20260914 17:31:58.734912 294763 dfly_bench.cc:926] Done queuing 4294967295 requests, which took 3.0s. Waiting for server processing
I20260914 17:31:58.734941 294759 dfly_bench.cc:926] Done queuing 4294967295 requests, which took 3.0s. Waiting for server processing
I20260914 17:31:58.734841 294772 dfly_bench.cc:926] Done queuing 4294967295 requests, which took 3.0s. Waiting for server processing
I20260914 17:31:58.735015 294765 dfly_bench.cc:1001] ReceiveFb done
I20260914 17:31:58.735025 294772 dfly_bench.cc:926] Done queuing 4294967295 requests, which took 3.0s. Waiting for server processing
I20260914 17:31:58.735018 294760 dfly_bench.cc:1001] ReceiveFb done
I20260914 17:31:58.735003 294770 dfly_bench.cc:1001] ReceiveFb done
I20260914 17:31:58.735019 294758 dfly_bench.cc:926] Done queuing 4294967295 requests, which took 3.0s. Waiting for server processing
I20260914 17:31:58.734984 294769 dfly_bench.cc:926] Done queuing 4294967295 requests, which took 3.0s. Waiting for server processing
I20260914 17:31:58.735040 294764 dfly_bench.cc:926] Done queuing 4294967295 requests, which took 3.0s. Waiting for server processing
I20260914 17:31:58.735046 294772 dfly_bench.cc:1001] ReceiveFb done
I20260914 17:31:58.735051 294765 dfly_bench.cc:1001] ReceiveFb done
I20260914 17:31:58.734928 294771 dfly_bench.cc:1001] ReceiveFb done
I20260914 17:31:58.734913 294773 dfly_bench.cc:926] Done queuing 4294967295 requests, which took 3.0s. Waiting for server processing
I20260914 17:31:58.735060 294760 dfly_bench.cc:1001] ReceiveFb done
I20260914 17:31:58.735054 294758 dfly_bench.cc:926] Done queuing 4294967295 requests, which took 3.0s. Waiting for server processing
I20260914 17:31:58.735077 294772 dfly_bench.cc:1001] ReceiveFb done
I20260914 17:31:58.735016 294762 dfly_bench.cc:926] Done queuing 4294967295 requests, which took 3.0s. Waiting for server processing
I20260914 17:31:58.735073 294763 dfly_bench.cc:1001] ReceiveFb done
I20260914 17:31:58.735086 294770 dfly_bench.cc:926] Done queuing 4294967295 requests, which took 3.0s. Waiting for server processing
I20260914 17:31:58.735082 294765 dfly_bench.cc:1001] ReceiveFb done
I20260914 17:31:58.735057 294769 dfly_bench.cc:926] Done queuing 4294967295 requests, which took 3.0s. Waiting for server processing
I20260914 17:31:58.734990 294768 dfly_bench.cc:926] Done queuing 4294967295 requests, which took 3.0s. Waiting for server processing
I20260914 17:31:58.735023 294759 dfly_bench.cc:926] Done queuing 4294967295 requests, which took 3.0s. Waiting for server processing
I20260914 17:31:58.735062 294764 dfly_bench.cc:926] Done queuing 4294967295 requests, which took 3.0s. Waiting for server processing
I20260914 17:31:58.735131 294769 dfly_bench.cc:926] Done queuing 4294967295 requests, which took 3.0s. Waiting for server processing
I20260914 17:31:58.735091 294771 dfly_bench.cc:1001] ReceiveFb done
I20260914 17:31:58.735124 294770 dfly_bench.cc:926] Done queuing 4294967295 requests, which took 3.0s. Waiting for server processing
I20260914 17:31:58.735095 294760 dfly_bench.cc:1001] ReceiveFb done
I20260914 17:31:58.734983 294766 dfly_bench.cc:926] Done queuing 4294967295 requests, which took 3.0s. Waiting for server processing
I20260914 17:31:58.735136 294763 dfly_bench.cc:1001] ReceiveFb done
I20260914 17:31:58.735152 294771 dfly_bench.cc:1001] ReceiveFb done
I20260914 17:31:58.735139 294768 dfly_bench.cc:926] Done queuing 4294967295 requests, which took 3.0s. Waiting for server processing
I20260914 17:31:58.735119 294762 dfly_bench.cc:926] Done queuing 4294967295 requests, which took 3.0s. Waiting for server processing
I20260914 17:31:58.734997 294767 dfly_bench.cc:926] Done queuing 4294967295 requests, which took 3.0s. Waiting for server processing
I20260914 17:31:58.735122 294773 dfly_bench.cc:1001] ReceiveFb done
I20260914 17:31:58.735113 294758 dfly_bench.cc:926] Done queuing 4294967295 requests, which took 3.0s. Waiting for server processing
I20260914 17:31:58.735149 294770 dfly_bench.cc:926] Done queuing 4294967295 requests, which took 3.0s. Waiting for server processing
I20260914 17:31:58.735019 294761 dfly_bench.cc:1001] ReceiveFb done
I20260914 17:31:58.735203 294767 dfly_bench.cc:926] Done queuing 4294967295 requests, which took 3.0s. Waiting for server processing
I20260914 17:31:58.735137 294769 dfly_bench.cc:926] Done queuing 4294967295 requests, which took 3.0s. Waiting for server processing
I20260914 17:31:58.735181 294763 dfly_bench.cc:1001] ReceiveFb done
I20260914 17:31:58.735210 294770 dfly_bench.cc:926] Done queuing 4294967295 requests, which took 3.0s. Waiting for server processing
I20260914 17:31:58.735237 294761 dfly_bench.cc:1001] ReceiveFb done
I20260914 17:31:58.735140 294765 dfly_bench.cc:1001] ReceiveFb done
I20260914 17:31:58.735181 294768 dfly_bench.cc:926] Done queuing 4294967295 requests, which took 3.0s. Waiting for server processing
I20260914 17:31:58.735216 294773 dfly_bench.cc:1001] ReceiveFb done
I20260914 17:31:58.735142 294772 dfly_bench.cc:1001] ReceiveFb done
I20260914 17:31:58.735198 294762 dfly_bench.cc:926] Done queuing 4294967295 requests, which took 3.0s. Waiting for server processing
I20260914 17:31:58.735160 294766 dfly_bench.cc:926] Done queuing 4294967295 requests, which took 3.0s. Waiting for server processing
I20260914 17:31:58.735258 294761 dfly_bench.cc:1001] ReceiveFb done
I20260914 17:31:58.735265 294758 dfly_bench.cc:1001] ReceiveFb done
I20260914 17:31:58.735252 294763 dfly_bench.cc:1001] ReceiveFb done
I20260914 17:31:58.735270 294772 dfly_bench.cc:1001] ReceiveFb done
I20260914 17:31:58.735162 294760 dfly_bench.cc:1001] ReceiveFb done
I20260914 17:31:58.735277 294765 dfly_bench.cc:926] Done queuing 4294967295 requests, which took 3.0s. Waiting for server processing
I20260914 17:31:58.735298 294772 dfly_bench.cc:1001] ReceiveFb done
I20260914 17:31:58.735185 294771 dfly_bench.cc:1001] ReceiveFb done
I20260914 17:31:58.735252 294768 dfly_bench.cc:926] Done queuing 4294967295 requests, which took 3.0s. Waiting for server processing
I20260914 17:31:58.735280 294766 dfly_bench.cc:926] Done queuing 4294967295 requests, which took 3.0s. Waiting for server processing
I20260914 17:31:58.735142 294764 dfly_bench.cc:926] Done queuing 4294967295 requests, which took 3.0s. Waiting for server processing
I20260914 17:31:58.735335 294759 dfly_bench.cc:1001] ReceiveFb done
I20260914 17:31:58.735297 294763 dfly_bench.cc:1001] ReceiveFb done
I20260914 17:31:58.735343 294764 dfly_bench.cc:926] Done queuing 4294967295 requests, which took 3.0s. Waiting for server processing
I20260914 17:31:58.735323 294772 dfly_bench.cc:1001] ReceiveFb done
I20260914 17:31:58.735304 294760 dfly_bench.cc:1001] ReceiveFb done
I20260914 17:31:58.735332 294766 dfly_bench.cc:926] Done queuing 4294967295 requests, which took 3.0s. Waiting for server processing
I20260914 17:31:58.735297 294773 dfly_bench.cc:1001] ReceiveFb done
I20260914 17:31:58.735215 294767 dfly_bench.cc:926] Done queuing 4294967295 requests, which took 3.0s. Waiting for server processing
I20260914 17:31:58.735414 294766 dfly_bench.cc:926] Done queuing 4294967295 requests, which took 3.0s. Waiting for server processing
I20260914 17:31:58.735222 294769 dfly_bench.cc:926] Done queuing 4294967295 requests, which took 3.0s. Waiting for server processing
I20260914 17:31:58.735357 294759 dfly_bench.cc:1001] ReceiveFb done
I20260914 17:31:58.735293 294761 dfly_bench.cc:1001] ReceiveFb done
I20260914 17:31:58.735368 294763 dfly_bench.cc:1001] ReceiveFb done
I20260914 17:31:58.735436 294773 dfly_bench.cc:1001] ReceiveFb done
I20260914 17:31:58.735357 294764 dfly_bench.cc:926] Done queuing 4294967295 requests, which took 3.0s. Waiting for server processing
I20260914 17:31:58.735392 294760 dfly_bench.cc:926] Done queuing 4294967295 requests, which took 3.0s. Waiting for server processing
I20260914 17:31:58.735330 294771 dfly_bench.cc:1001] ReceiveFb done
I20260914 17:31:58.735450 294759 dfly_bench.cc:1001] ReceiveFb done
I20260914 17:31:58.735409 294772 dfly_bench.cc:926] Done queuing 4294967295 requests, which took 3.0s. Waiting for server processing
I20260914 17:31:58.735422 294767 dfly_bench.cc:926] Done queuing 4294967295 requests, which took 3.0s. Waiting for server processing
I20260914 17:31:58.735420 294766 dfly_bench.cc:926] Done queuing 4294967295 requests, which took 3.0s. Waiting for server processing
I20260914 17:31:58.735450 294764 dfly_bench.cc:926] Done queuing 4294967295 requests, which took 3.0s. Waiting for server processing
I20260914 17:31:58.735455 294760 dfly_bench.cc:926] Done queuing 4294967295 requests, which took 3.0s. Waiting for server processing
I20260914 17:31:58.735307 294765 dfly_bench.cc:926] Done queuing 4294967295 requests, which took 3.0s. Waiting for server processing
I20260914 17:31:58.735267 294762 dfly_bench.cc:1001] ReceiveFb done
I20260914 17:31:58.735457 294773 dfly_bench.cc:1001] ReceiveFb done
I20260914 17:31:58.735294 294758 dfly_bench.cc:1001] ReceiveFb done
I20260914 17:31:58.735496 294773 dfly_bench.cc:1001] ReceiveFb done
I20260914 17:31:58.735473 294767 dfly_bench.cc:926] Done queuing 4294967295 requests, which took 3.0s. Waiting for server processing
I20260914 17:31:58.735468 294772 dfly_bench.cc:926] Done queuing 4294967295 requests, which took 3.0s. Waiting for server processing
I20260914 17:31:58.735437 294769 dfly_bench.cc:926] Done queuing 4294967295 requests, which took 3.0s. Waiting for server processing
I20260914 17:31:58.735525 294769 dfly_bench.cc:926] Done queuing 4294967295 requests, which took 3.0s. Waiting for server processing
I20260914 17:31:58.735483 294765 dfly_bench.cc:926] Done queuing 4294967295 requests, which took 3.0s. Waiting for server processing
I20260914 17:31:58.735539 294769 dfly_bench.cc:926] Done queuing 4294967295 requests, which took 3.0s. Waiting for server processing
I20260914 17:31:58.735545 294768 dfly_bench.cc:926] Done queuing 4294967295 requests, which took 3.0s. Waiting for server processing
I20260914 17:31:58.735495 294762 dfly_bench.cc:1001] ReceiveFb done
I20260914 17:31:58.735476 294771 dfly_bench.cc:1001] ReceiveFb done
I20260914 17:31:58.735476 294760 dfly_bench.cc:926] Done queuing 4294967295 requests, which took 3.0s. Waiting for server processing
I20260914 17:31:58.735472 294764 dfly_bench.cc:926] Done queuing 4294967295 requests, which took 3.0s. Waiting for server processing
I20260914 17:31:58.735579 294762 dfly_bench.cc:1001] ReceiveFb done
I20260914 17:31:58.735500 294758 dfly_bench.cc:1001] ReceiveFb done
I20260914 17:31:58.735505 294767 dfly_bench.cc:926] Done queuing 4294967295 requests, which took 3.0s. Waiting for server processing
I20260914 17:31:58.735456 294763 dfly_bench.cc:1001] ReceiveFb done
I20260914 17:31:58.735469 294761 dfly_bench.cc:1001] ReceiveFb done
I20260914 17:31:58.735474 294766 dfly_bench.cc:926] Done queuing 4294967295 requests, which took 3.0s. Waiting for server processing
I20260914 17:31:58.735503 294770 dfly_bench.cc:926] Done queuing 4294967295 requests, which took 3.0s. Waiting for server processing
I20260914 17:31:58.735603 294771 dfly_bench.cc:926] Done queuing 4294967295 requests, which took 3.0s. Waiting for server processing
I20260914 17:31:58.735541 294765 dfly_bench.cc:926] Done queuing 4294967295 requests, which took 3.0s. Waiting for server processing
I20260914 17:31:58.735615 294758 dfly_bench.cc:1001] ReceiveFb done
I20260914 17:31:58.735590 294764 dfly_bench.cc:926] Done queuing 4294967295 requests, which took 3.0s. Waiting for server processing
I20260914 17:31:58.735623 294761 dfly_bench.cc:1001] ReceiveFb done
I20260914 17:31:58.735611 294766 dfly_bench.cc:926] Done queuing 4294967295 requests, which took 3.0s. Waiting for server processing
I20260914 17:31:58.735548 294769 dfly_bench.cc:926] Done queuing 4294967295 requests, which took 3.0s. Waiting for server processing
I20260914 17:31:58.735605 294762 dfly_bench.cc:1001] ReceiveFb done
I20260914 17:31:58.735558 294768 dfly_bench.cc:926] Done queuing 4294967295 requests, which took 3.0s. Waiting for server processing
I20260914 17:31:58.735473 294759 dfly_bench.cc:1001] ReceiveFb done
I20260914 17:31:58.735515 294773 dfly_bench.cc:1001] ReceiveFb done
I20260914 17:31:58.735625 294763 dfly_bench.cc:1001] ReceiveFb done
I20260914 17:31:58.735646 294761 dfly_bench.cc:1001] ReceiveFb done
I20260914 17:31:58.735618 294765 dfly_bench.cc:926] Done queuing 4294967295 requests, which took 3.0s. Waiting for server processing
I20260914 17:31:58.735671 294759 dfly_bench.cc:1001] ReceiveFb done
I20260914 17:31:58.735615 294770 dfly_bench.cc:926] Done queuing 4294967295 requests, which took 3.0s. Waiting for server processing
I20260914 17:31:58.735688 294769 dfly_bench.cc:1001] ReceiveFb done
I20260914 17:31:58.735684 294765 dfly_bench.cc:926] Done queuing 4294967295 requests, which took 3.0s. Waiting for server processing
I20260914 17:31:58.735692 294761 dfly_bench.cc:1001] ReceiveFb done
I20260914 17:31:58.735698 294759 dfly_bench.cc:1001] ReceiveFb done
I20260914 17:31:58.735618 294771 dfly_bench.cc:926] Done queuing 4294967295 requests, which took 3.0s. Waiting for server processing
I20260914 17:31:58.735704 294765 dfly_bench.cc:926] Done queuing 4294967295 requests, which took 3.0s. Waiting for server processing
I20260914 17:31:58.735509 294772 dfly_bench.cc:926] Done queuing 4294967295 requests, which took 3.0s. Waiting for server processing
I20260914 17:31:58.735639 294766 dfly_bench.cc:926] Done queuing 4294967295 requests, which took 3.0s. Waiting for server processing
I20260914 17:31:58.735720 294759 dfly_bench.cc:1001] ReceiveFb done
I20260914 17:31:58.735687 294770 dfly_bench.cc:926] Done queuing 4294967295 requests, which took 3.0s. Waiting for server processing
I20260914 17:31:58.735692 294763 dfly_bench.cc:1001] ReceiveFb done
I20260914 17:31:58.735740 294770 dfly_bench.cc:926] Done queuing 4294967295 requests, which took 3.0s. Waiting for server processing
I20260914 17:31:58.735716 294769 dfly_bench.cc:1001] ReceiveFb done
I20260914 17:31:58.735628 294764 dfly_bench.cc:926] Done queuing 4294967295 requests, which took 3.0s. Waiting for server processing
I20260914 17:31:58.735751 294770 dfly_bench.cc:926] Done queuing 4294967295 requests, which took 3.0s. Waiting for server processing
I20260914 17:31:58.735756 294763 dfly_bench.cc:1001] ReceiveFb done
I20260914 17:31:58.735720 294772 dfly_bench.cc:926] Done queuing 4294967295 requests, which took 3.0s. Waiting for server processing
I20260914 17:31:58.735680 294773 dfly_bench.cc:1001] ReceiveFb done
I20260914 17:31:58.735713 294771 dfly_bench.cc:926] Done queuing 4294967295 requests, which took 3.0s. Waiting for server processing
I20260914 17:31:58.735776 294772 dfly_bench.cc:926] Done queuing 4294967295 requests, which took 3.0s. Waiting for server processing
I20260914 17:31:58.735669 294762 dfly_bench.cc:1001] ReceiveFb done
I20260914 17:31:58.735636 294758 dfly_bench.cc:1001] ReceiveFb done
I20260914 17:31:58.735796 294773 dfly_bench.cc:1001] ReceiveFb done
I20260914 17:31:58.735781 294763 dfly_bench.cc:1001] ReceiveFb done
I20260914 17:31:58.735765 294770 dfly_bench.cc:926] Done queuing 4294967295 requests, which took 3.0s. Waiting for server processing
I20260914 17:31:58.735716 294765 dfly_bench.cc:926] Done queuing 4294967295 requests, which took 3.0s. Waiting for server processing
I20260914 17:31:58.735808 294762 dfly_bench.cc:1001] ReceiveFb done
I20260914 17:31:58.735791 294772 dfly_bench.cc:926] Done queuing 4294967295 requests, which took 3.0s. Waiting for server processing
I20260914 17:31:58.735769 294764 dfly_bench.cc:926] Done queuing 4294967295 requests, which took 3.0s. Waiting for server processing
I20260914 17:31:58.735765 294769 dfly_bench.cc:1001] ReceiveFb done
I20260914 17:31:58.735826 294758 dfly_bench.cc:1001] ReceiveFb done
I20260914 17:31:58.735788 294771 dfly_bench.cc:926] Done queuing 4294967295 requests, which took 3.0s. Waiting for server processing
I20260914 17:31:58.735721 294767 dfly_bench.cc:1001] ReceiveFb done
I20260914 17:31:58.735720 294761 dfly_bench.cc:1001] ReceiveFb done
I20260914 17:31:58.735743 294759 dfly_bench.cc:1001] ReceiveFb done
I20260914 17:31:58.735817 294773 dfly_bench.cc:1001] ReceiveFb done
I20260914 17:31:58.735849 294758 dfly_bench.cc:1001] ReceiveFb done
I20260914 17:31:58.735868 294759 dfly_bench.cc:1001] ReceiveFb done
I20260914 17:31:58.735838 294763 dfly_bench.cc:1001] ReceiveFb done
I20260914 17:31:58.735647 294768 dfly_bench.cc:926] Done queuing 4294967295 requests, which took 3.0s. Waiting for server processing
I20260914 17:31:58.735877 294773 dfly_bench.cc:1001] ReceiveFb done
I20260914 17:31:58.735831 294762 dfly_bench.cc:1001] ReceiveFb done
I20260914 17:31:58.735846 294769 dfly_bench.cc:1001] ReceiveFb done
I20260914 17:31:58.735893 294763 dfly_bench.cc:1001] ReceiveFb done
I20260914 17:31:58.735816 294770 dfly_bench.cc:926] Done queuing 4294967295 requests, which took 3.0s. Waiting for server processing
I20260914 17:31:58.735888 294768 dfly_bench.cc:1001] ReceiveFb done
I20260914 17:31:58.735817 294765 dfly_bench.cc:926] Done queuing 4294967295 requests, which took 3.0s. Waiting for server processing
I20260914 17:31:58.735918 294763 dfly_bench.cc:1001] ReceiveFb done
I20260914 17:31:58.735900 294773 dfly_bench.cc:1001] ReceiveFb done
I20260914 17:31:58.735929 294768 dfly_bench.cc:1001] ReceiveFb done
I20260914 17:31:58.735854 294767 dfly_bench.cc:1001] ReceiveFb done
I20260914 17:31:58.735890 294759 dfly_bench.cc:1001] ReceiveFb done
I20260914 17:31:58.735909 294762 dfly_bench.cc:1001] ReceiveFb done
I20260914 17:31:58.735926 294770 dfly_bench.cc:1001] ReceiveFb done
I20260914 17:31:58.735914 294769 dfly_bench.cc:1001] ReceiveFb done
I20260914 17:31:58.735940 294763 dfly_bench.cc:1001] ReceiveFb done
I20260914 17:31:58.735942 294773 dfly_bench.cc:1001] ReceiveFb done
I20260914 17:31:58.735954 294768 dfly_bench.cc:1001] ReceiveFb done
I20260914 17:31:58.735956 294759 dfly_bench.cc:1001] ReceiveFb done
I20260914 17:31:58.735967 294762 dfly_bench.cc:1001] ReceiveFb done
I20260914 17:31:58.735952 294772 dfly_bench.cc:1001] ReceiveFb done
I20260914 17:31:58.735924 294760 dfly_bench.cc:926] Done queuing 4294967295 requests, which took 3.0s. Waiting for server processing
I20260914 17:31:58.735965 294769 dfly_bench.cc:1001] ReceiveFb done
I20260914 17:31:58.735877 294758 dfly_bench.cc:1001] ReceiveFb done
I20260914 17:31:58.735973 294770 dfly_bench.cc:1001] ReceiveFb done
I20260914 17:31:58.735972 294763 dfly_bench.cc:1001] ReceiveFb done
I20260914 17:31:58.735975 294773 dfly_bench.cc:1001] ReceiveFb done
I20260914 17:31:58.735999 294772 dfly_bench.cc:1001] ReceiveFb done
I20260914 17:31:58.735952 294767 dfly_bench.cc:1001] ReceiveFb done
I20260914 17:31:58.735988 294760 dfly_bench.cc:926] Done queuing 4294967295 requests, which took 3.0s. Waiting for server processing
I20260914 17:31:58.736008 294758 dfly_bench.cc:1001] ReceiveFb done
I20260914 17:31:58.735924 294761 dfly_bench.cc:926] Done queuing 4294967295 requests, which took 3.0s. Waiting for server processing
I20260914 17:31:58.736016 294760 dfly_bench.cc:926] Done queuing 4294967295 requests, which took 3.0s. Waiting for server processing
I20260914 17:31:58.736021 294772 dfly_bench.cc:1001] ReceiveFb done
I20260914 17:31:58.736018 294763 dfly_bench.cc:1001] ReceiveFb done
I20260914 17:31:58.736044 294772 dfly_bench.cc:1001] ReceiveFb done
I20260914 17:31:58.736050 294763 dfly_bench.cc:1001] ReceiveFb done
I20260914 17:31:58.736001 294769 dfly_bench.cc:1001] ReceiveFb done
I20260914 17:31:58.736033 294760 dfly_bench.cc:926] Done queuing 4294967295 requests, which took 3.0s. Waiting for server processing
I20260914 17:31:58.736023 294759 dfly_bench.cc:926] Done queuing 4294967295 requests, which took 3.0s. Waiting for server processing
I20260914 17:31:58.736021 294773 dfly_bench.cc:1001] ReceiveFb done
I20260914 17:31:58.735976 294768 dfly_bench.cc:1001] ReceiveFb done
I20260914 17:31:58.736008 294770 dfly_bench.cc:1001] ReceiveFb done
I20260914 17:31:58.736074 294769 dfly_bench.cc:1001] ReceiveFb done
I20260914 17:31:58.736088 294771 dfly_bench.cc:926] Done queuing 4294967295 requests, which took 3.0s. Waiting for server processing
I20260914 17:31:58.736032 294761 dfly_bench.cc:926] Done queuing 4294967295 requests, which took 3.0s. Waiting for server processing
I20260914 17:31:58.736030 294758 dfly_bench.cc:1001] ReceiveFb done
I20260914 17:31:58.736078 294759 dfly_bench.cc:926] Done queuing 4294967295 requests, which took 3.0s. Waiting for server processing
I20260914 17:31:58.736081 294763 dfly_bench.cc:926] Done queuing 4294967295 requests, which took 3.0s. Waiting for server processing
I20260914 17:31:58.735993 294762 dfly_bench.cc:1001] ReceiveFb done
I20260914 17:31:58.736070 294760 dfly_bench.cc:926] Done queuing 4294967295 requests, which took 3.0s. Waiting for server processing
I20260914 17:31:58.735816 294766 dfly_bench.cc:1001] ReceiveFb done
I20260914 17:31:58.736137 294762 dfly_bench.cc:1001] ReceiveFb done
I20260914 17:31:58.736104 294771 dfly_bench.cc:926] Done queuing 4294967295 requests, which took 3.0s. Waiting for server processing
I20260914 17:31:58.736099 294768 dfly_bench.cc:1001] ReceiveFb done
I20260914 17:31:58.736159 294765 dfly_bench.cc:926] Done queuing 4294967295 requests, which took 3.0s. Waiting for server processing
I20260914 17:31:58.736102 294773 dfly_bench.cc:1001] ReceiveFb done
I20260914 17:31:58.736119 294761 dfly_bench.cc:926] Done queuing 4294967295 requests, which took 3.0s. Waiting for server processing
I20260914 17:31:58.736169 294768 dfly_bench.cc:1001] ReceiveFb done
I20260914 17:31:58.736107 294764 dfly_bench.cc:926] Done queuing 4294967295 requests, which took 3.0s. Waiting for server processing
I20260914 17:31:58.736196 294768 dfly_bench.cc:1001] ReceiveFb done
I20260914 17:31:58.736198 294764 dfly_bench.cc:926] Done queuing 4294967295 requests, which took 3.0s. Waiting for server processing
I20260914 17:31:58.736130 294758 dfly_bench.cc:1001] ReceiveFb done
I20260914 17:31:58.736132 294760 dfly_bench.cc:926] Done queuing 4294967295 requests, which took 3.0s. Waiting for server processing
I20260914 17:31:58.736068 294772 dfly_bench.cc:1001] ReceiveFb done
I20260914 17:31:58.736172 294765 dfly_bench.cc:926] Done queuing 4294967295 requests, which took 3.0s. Waiting for server processing
I20260914 17:31:58.736027 294767 dfly_bench.cc:1001] ReceiveFb done
I20260914 17:31:58.736196 294773 dfly_bench.cc:926] Done queuing 4294967295 requests, which took 3.0s. Waiting for server processing
I20260914 17:31:58.736155 294771 dfly_bench.cc:926] Done queuing 4294967295 requests, which took 3.0s. Waiting for server processing
I20260914 17:31:58.736101 294770 dfly_bench.cc:1001] ReceiveFb done
I20260914 17:31:58.736212 294764 dfly_bench.cc:926] Done queuing 4294967295 requests, which took 3.0s. Waiting for server processing
I20260914 17:31:58.736179 294761 dfly_bench.cc:926] Done queuing 4294967295 requests, which took 3.0s. Waiting for server processing
I20260914 17:31:58.736102 294769 dfly_bench.cc:1001] ReceiveFb done
I20260914 17:31:58.736260 294761 dfly_bench.cc:926] Done queuing 4294967295 requests, which took 3.0s. Waiting for server processing
I20260914 17:31:58.736256 294762 dfly_bench.cc:926] Done queuing 4294967295 requests, which took 3.0s. Waiting for server processing
I20260914 17:31:58.736284 294761 dfly_bench.cc:926] Done queuing 4294967295 requests, which took 3.0s. Waiting for server processing
I20260914 17:31:58.736123 294759 dfly_bench.cc:926] Done queuing 4294967295 requests, which took 3.0s. Waiting for server processing
I20260914 17:31:58.736244 294771 dfly_bench.cc:926] Done queuing 4294967295 requests, which took 3.0s. Waiting for server processing
I20260914 17:31:58.736222 294760 dfly_bench.cc:926] Done queuing 4294967295 requests, which took 3.0s. Waiting for server processing
I20260914 17:31:58.736299 294771 dfly_bench.cc:926] Done queuing 4294967295 requests, which took 3.0s. Waiting for server processing
I20260914 17:31:58.736295 294759 dfly_bench.cc:926] Done queuing 4294967295 requests, which took 3.0s. Waiting for server processing
I20260914 17:31:58.736217 294768 dfly_bench.cc:1001] ReceiveFb done
I20260914 17:31:58.736304 294760 dfly_bench.cc:1001] ReceiveFb done
I20260914 17:31:58.736234 294765 dfly_bench.cc:926] Done queuing 4294967295 requests, which took 3.0s. Waiting for server processing
I20260914 17:31:58.736263 294770 dfly_bench.cc:1001] ReceiveFb done
I20260914 17:31:58.736163 294766 dfly_bench.cc:1001] ReceiveFb done
I20260914 17:31:58.736320 294765 dfly_bench.cc:926] Done queuing 4294967295 requests, which took 3.0s. Waiting for server processing
I20260914 17:31:58.736235 294772 dfly_bench.cc:1001] ReceiveFb done
I20260914 17:31:58.736304 294762 dfly_bench.cc:926] Done queuing 4294967295 requests, which took 3.0s. Waiting for server processing
I20260914 17:31:58.736244 294773 dfly_bench.cc:926] Done queuing 4294967295 requests, which took 3.0s. Waiting for server processing
I20260914 17:31:58.736340 294762 dfly_bench.cc:926] Done queuing 4294967295 requests, which took 3.0s. Waiting for server processing
I20260914 17:31:58.736286 294769 dfly_bench.cc:1001] ReceiveFb done
I20260914 17:31:58.736342 294773 dfly_bench.cc:926] Done queuing 4294967295 requests, which took 3.0s. Waiting for server processing
I20260914 17:31:58.736245 294767 dfly_bench.cc:1001] ReceiveFb done
I20260914 17:31:58.736343 294766 dfly_bench.cc:1001] ReceiveFb done
I20260914 17:31:58.736348 294772 dfly_bench.cc:1001] ReceiveFb done
I20260914 17:31:58.736294 294761 dfly_bench.cc:926] Done queuing 4294967295 requests, which took 3.0s. Waiting for server processing
I20260914 17:31:58.736254 294764 dfly_bench.cc:1001] ReceiveFb done
I20260914 17:31:58.736338 294765 dfly_bench.cc:926] Done queuing 4294967295 requests, which took 3.0s. Waiting for server processing
I20260914 17:31:58.736233 294758 dfly_bench.cc:1001] ReceiveFb done
I20260914 17:31:58.736390 294772 dfly_bench.cc:1001] ReceiveFb done
I20260914 17:31:58.736336 294771 dfly_bench.cc:1001] ReceiveFb done
I20260914 17:31:58.736330 294768 dfly_bench.cc:1001] ReceiveFb done
I20260914 17:31:58.736377 294767 dfly_bench.cc:1001] ReceiveFb done
I20260914 17:31:58.736361 294773 dfly_bench.cc:926] Done queuing 4294967295 requests, which took 3.0s. Waiting for server processing
I20260914 17:31:58.736368 294769 dfly_bench.cc:1001] ReceiveFb done
I20260914 17:31:58.736330 294760 dfly_bench.cc:1001] ReceiveFb done
I20260914 17:31:58.736392 294765 dfly_bench.cc:1001] ReceiveFb done
I20260914 17:31:58.736425 294769 dfly_bench.cc:1001] ReceiveFb done
I20260914 17:31:58.736419 294767 dfly_bench.cc:1001] ReceiveFb done
I20260914 17:31:58.736410 294758 dfly_bench.cc:1001] ReceiveFb done
I20260914 17:31:58.736338 294770 dfly_bench.cc:1001] ReceiveFb done
I20260914 17:31:58.736410 294764 dfly_bench.cc:1001] ReceiveFb done
I20260914 17:31:58.736455 294770 dfly_bench.cc:1001] ReceiveFb done
I20260914 17:31:58.736418 294772 dfly_bench.cc:1001] ReceiveFb done
I20260914 17:31:58.736445 294771 dfly_bench.cc:1001] ReceiveFb done
I20260914 17:31:58.736434 294760 dfly_bench.cc:1001] ReceiveFb done
I20260914 17:31:58.736377 294766 dfly_bench.cc:1001] ReceiveFb done
I20260914 17:31:58.736442 294765 dfly_bench.cc:1001] ReceiveFb done
I20260914 17:31:58.736451 294767 dfly_bench.cc:1001] ReceiveFb done
I20260914 17:31:58.736481 294772 dfly_bench.cc:1001] ReceiveFb done
I20260914 17:31:58.736456 294764 dfly_bench.cc:1001] ReceiveFb done
I20260914 17:31:58.736461 294758 dfly_bench.cc:1001] ReceiveFb done
I20260914 17:31:58.736490 294766 dfly_bench.cc:1001] ReceiveFb done
I20260914 17:31:58.736479 294770 dfly_bench.cc:1001] ReceiveFb done
I20260914 17:31:58.736485 294762 dfly_bench.cc:1001] ReceiveFb done
I20260914 17:31:58.736500 294772 dfly_bench.cc:1001] ReceiveFb done
I20260914 17:31:58.736500 294763 dfly_bench.cc:926] Done queuing 4294967295 requests, which took 3.0s. Waiting for server processing
I20260914 17:31:58.736490 294765 dfly_bench.cc:1001] ReceiveFb done
I20260914 17:31:58.736496 294771 dfly_bench.cc:1001] ReceiveFb done
I20260914 17:31:58.736517 294763 dfly_bench.cc:926] Done queuing 4294967295 requests, which took 3.0s. Waiting for server processing
I20260914 17:31:58.736527 294772 dfly_bench.cc:1001] ReceiveFb done
I20260914 17:31:58.736519 294762 dfly_bench.cc:1001] ReceiveFb done
I20260914 17:31:58.736446 294769 dfly_bench.cc:1001] ReceiveFb done
I20260914 17:31:58.736511 294764 dfly_bench.cc:1001] ReceiveFb done
I20260914 17:31:58.736532 294763 dfly_bench.cc:926] Done queuing 4294967295 requests, which took 3.0s. Waiting for server processing
I20260914 17:31:58.736546 294760 dfly_bench.cc:1001] ReceiveFb done
I20260914 17:31:58.736496 294767 dfly_bench.cc:1001] ReceiveFb done
I20260914 17:31:58.736516 294770 dfly_bench.cc:1001] ReceiveFb done
I20260914 17:31:58.736543 294771 dfly_bench.cc:1001] ReceiveFb done
I20260914 17:31:58.736570 294760 dfly_bench.cc:1001] ReceiveFb done
I20260914 17:31:58.736562 294759 dfly_bench.cc:926] Done queuing 4294967295 requests, which took 3.0s. Waiting for server processing
I20260914 17:31:58.736588 294771 dfly_bench.cc:1001] ReceiveFb done
I20260914 17:31:58.736506 294758 dfly_bench.cc:1001] ReceiveFb done
I20260914 17:31:58.736578 294767 dfly_bench.cc:1001] ReceiveFb done
I20260914 17:31:58.736593 294760 dfly_bench.cc:1001] ReceiveFb done
I20260914 17:31:58.736593 294759 dfly_bench.cc:926] Done queuing 4294967295 requests, which took 3.0s. Waiting for server processing
I20260914 17:31:58.736538 294765 dfly_bench.cc:1001] ReceiveFb done
I20260914 17:31:58.736583 294770 dfly_bench.cc:1001] ReceiveFb done
I20260914 17:31:58.736420 294768 dfly_bench.cc:1001] ReceiveFb done
I20260914 17:31:58.736564 294762 dfly_bench.cc:1001] ReceiveFb done
I20260914 17:31:58.736567 294764 dfly_bench.cc:1001] ReceiveFb done
I20260914 17:31:58.736631 294758 dfly_bench.cc:926] Done queuing 4294967295 requests, which took 3.0s. Waiting for server processing
I20260914 17:31:58.736611 294771 dfly_bench.cc:1001] ReceiveFb done
I20260914 17:31:58.736557 294763 dfly_bench.cc:926] Done queuing 4294967295 requests, which took 3.0s. Waiting for server processing
I20260914 17:31:58.736572 294769 dfly_bench.cc:1001] ReceiveFb done
I20260914 17:31:58.736622 294767 dfly_bench.cc:1001] ReceiveFb done
I20260914 17:31:58.736647 294762 dfly_bench.cc:1001] ReceiveFb done
I20260914 17:31:58.736646 294763 dfly_bench.cc:926] Done queuing 4294967295 requests, which took 3.0s. Waiting for server processing
I20260914 17:31:58.736639 294770 dfly_bench.cc:1001] ReceiveFb done
I20260914 17:31:58.736649 294764 dfly_bench.cc:1001] ReceiveFb done
I20260914 17:31:58.736641 294760 dfly_bench.cc:1001] ReceiveFb done
I20260914 17:31:58.736624 294759 dfly_bench.cc:1001] ReceiveFb done
I20260914 17:31:58.736680 294763 dfly_bench.cc:1001] ReceiveFb done
I20260914 17:31:58.736632 294765 dfly_bench.cc:1001] ReceiveFb done
I20260914 17:31:58.736649 294772 dfly_bench.cc:926] Done queuing 4294967295 requests, which took 3.0s. Waiting for server processing
I20260914 17:31:58.736680 294762 dfly_bench.cc:926] Done queuing 4294967295 requests, which took 3.0s. Waiting for server processing
I20260914 17:31:58.736699 294760 dfly_bench.cc:1001] ReceiveFb done
I20260914 17:31:58.736702 294759 dfly_bench.cc:1001] ReceiveFb done
I20260914 17:31:58.736670 294767 dfly_bench.cc:1001] ReceiveFb done
I20260914 17:31:58.736667 294761 dfly_bench.cc:1001] ReceiveFb done
I20260914 17:31:58.736666 294769 dfly_bench.cc:1001] ReceiveFb done
I20260914 17:31:58.736644 294768 dfly_bench.cc:1001] ReceiveFb done
I20260914 17:31:58.736721 294760 dfly_bench.cc:1001] ReceiveFb done
I20260914 17:31:58.736656 294771 dfly_bench.cc:1001] ReceiveFb done
I20260914 17:31:58.736709 294762 dfly_bench.cc:926] Done queuing 4294967295 requests, which took 3.0s. Waiting for server processing
I20260914 17:31:58.736703 294763 dfly_bench.cc:1001] ReceiveFb done
I20260914 17:31:58.736730 294759 dfly_bench.cc:1001] ReceiveFb done
I20260914 17:31:58.736747 294761 dfly_bench.cc:1001] ReceiveFb done
I20260914 17:31:58.736770 294768 dfly_bench.cc:926] Done queuing 4294967295 requests, which took 3.0s. Waiting for server processing
I20260914 17:31:58.736744 294771 dfly_bench.cc:1001] ReceiveFb done
I20260914 17:31:58.736732 294773 dfly_bench.cc:926] Done queuing 4294967295 requests, which took 3.0s. Waiting for server processing
I20260914 17:31:58.736735 294762 dfly_bench.cc:926] Done queuing 4294967295 requests, which took 3.0s. Waiting for server processing
I20260914 17:31:58.736737 294767 dfly_bench.cc:926] Done queuing 4294967295 requests, which took 3.0s. Waiting for server processing
I20260914 17:31:58.736745 294760 dfly_bench.cc:1001] ReceiveFb done
I20260914 17:31:58.736780 294761 dfly_bench.cc:1001] ReceiveFb done
I20260914 17:31:58.736795 294762 dfly_bench.cc:926] Done queuing 4294967295 requests, which took 3.0s. Waiting for server processing
I20260914 17:31:58.736511 294766 dfly_bench.cc:1001] ReceiveFb done
I20260914 17:31:58.736763 294759 dfly_bench.cc:1001] ReceiveFb done
I20260914 17:31:58.736699 294764 dfly_bench.cc:1001] ReceiveFb done
I20260914 17:31:58.736794 294771 dfly_bench.cc:1001] ReceiveFb done
I20260914 17:31:58.736812 294760 dfly_bench.cc:926] Done queuing 4294967295 requests, which took 3.0s. Waiting for server processing
I20260914 17:31:58.736797 294767 dfly_bench.cc:926] Done queuing 4294967295 requests, which took 3.0s. Waiting for server processing
I20260914 17:31:58.736709 294765 dfly_bench.cc:1001] ReceiveFb done
I20260914 17:31:58.736831 294767 dfly_bench.cc:926] Done queuing 4294967295 requests, which took 3.0s. Waiting for server processing
I20260914 17:31:58.736760 294763 dfly_bench.cc:1001] ReceiveFb done
I20260914 17:31:58.736789 294773 dfly_bench.cc:926] Done queuing 4294967295 requests, which took 3.0s. Waiting for server processing
I20260914 17:31:58.736847 294765 dfly_bench.cc:1001] ReceiveFb done
I20260914 17:31:58.736817 294761 dfly_bench.cc:1001] ReceiveFb done
I20260914 17:31:58.736821 294766 dfly_bench.cc:1001] ReceiveFb done
I20260914 17:31:58.736843 294767 dfly_bench.cc:926] Done queuing 4294967295 requests, which took 3.0s. Waiting for server processing
I20260914 17:31:58.736830 294760 dfly_bench.cc:926] Done queuing 4294967295 requests, which took 3.0s. Waiting for server processing
I20260914 17:31:58.736860 294773 dfly_bench.cc:926] Done queuing 4294967295 requests, which took 3.0s. Waiting for server processing
I20260914 17:31:58.736740 294769 dfly_bench.cc:926] Done queuing 4294967295 requests, which took 3.0s. Waiting for server processing
I20260914 17:31:58.736879 294773 dfly_bench.cc:926] Done queuing 4294967295 requests, which took 3.0s. Waiting for server processing
I20260914 17:31:58.736876 294766 dfly_bench.cc:1001] ReceiveFb done
I20260914 17:31:58.736855 294772 dfly_bench.cc:1001] ReceiveFb done
I20260914 17:31:58.736887 294773 dfly_bench.cc:1001] ReceiveFb done
I20260914 17:31:58.736907 294772 dfly_bench.cc:1001] ReceiveFb done
I20260914 17:31:58.736857 294763 dfly_bench.cc:1001] ReceiveFb done
I20260914 17:31:58.736826 294759 dfly_bench.cc:926] Done queuing 4294967295 requests, which took 3.0s. Waiting for server processing
I20260914 17:31:58.736829 294764 dfly_bench.cc:1001] ReceiveFb done
I20260914 17:31:58.736929 294772 dfly_bench.cc:1001] ReceiveFb done
I20260914 17:31:58.736932 294763 dfly_bench.cc:1001] ReceiveFb done
I20260914 17:31:58.736878 294761 dfly_bench.cc:1001] ReceiveFb done
I20260914 17:31:58.736901 294766 dfly_bench.cc:1001] ReceiveFb done
I20260914 17:31:58.736903 294762 dfly_bench.cc:1001] ReceiveFb done
I20260914 17:31:58.736869 294765 dfly_bench.cc:1001] ReceiveFb done
I20260914 17:31:58.736948 294772 dfly_bench.cc:1001] ReceiveFb done
I20260914 17:31:58.736920 294758 dfly_bench.cc:926] Done queuing 4294967295 requests, which took 3.0s. Waiting for server processing
I20260914 17:31:58.736953 294763 dfly_bench.cc:1001] ReceiveFb done
I20260914 17:31:58.736896 294770 dfly_bench.cc:926] Done queuing 4294967295 requests, which took 3.0s. Waiting for server processing
I20260914 17:31:58.736958 294766 dfly_bench.cc:1001] ReceiveFb done
I20260914 17:31:58.736964 294758 dfly_bench.cc:926] Done queuing 4294967295 requests, which took 3.0s. Waiting for server processing
I20260914 17:31:58.736985 294762 dfly_bench.cc:1001] ReceiveFb done
I20260914 17:31:58.736886 294769 dfly_bench.cc:926] Done queuing 4294967295 requests, which took 3.0s. Waiting for server processing
I20260914 17:31:58.736967 294772 dfly_bench.cc:1001] ReceiveFb done
I20260914 17:31:58.736995 294766 dfly_bench.cc:1001] ReceiveFb done
I20260914 17:31:58.736922 294759 dfly_bench.cc:926] Done queuing 4294967295 requests, which took 3.0s. Waiting for server processing
I20260914 17:31:58.736966 294765 dfly_bench.cc:1001] ReceiveFb done
I20260914 17:31:58.736908 294773 dfly_bench.cc:1001] ReceiveFb done
I20260914 17:31:58.736943 294764 dfly_bench.cc:1001] ReceiveFb done
I20260914 17:31:58.736961 294768 dfly_bench.cc:1001] ReceiveFb done
I20260914 17:31:58.737022 294771 dfly_bench.cc:926] Done queuing 4294967295 requests, which took 3.0s. Waiting for server processing
I20260914 17:31:58.737026 294768 dfly_bench.cc:1001] ReceiveFb done
I20260914 17:31:58.737005 294759 dfly_bench.cc:926] Done queuing 4294967295 requests, which took 3.0s. Waiting for server processing
I20260914 17:31:58.737052 294768 dfly_bench.cc:1001] ReceiveFb done
I20260914 17:31:58.737035 294771 dfly_bench.cc:926] Done queuing 4294967295 requests, which took 3.0s. Waiting for server processing
I20260914 17:31:58.737007 294762 dfly_bench.cc:1001] ReceiveFb done
I20260914 17:31:58.737071 294771 dfly_bench.cc:926] Done queuing 4294967295 requests, which took 3.0s. Waiting for server processing
I20260914 17:31:58.737023 294764 dfly_bench.cc:1001] ReceiveFb done
I20260914 17:31:58.736980 294761 dfly_bench.cc:926] Done queuing 4294967295 requests, which took 3.0s. Waiting for server processing
I20260914 17:31:58.737041 294759 dfly_bench.cc:926] Done queuing 4294967295 requests, which took 3.0s. Waiting for server processing
I20260914 17:31:58.736984 294770 dfly_bench.cc:926] Done queuing 4294967295 requests, which took 3.0s. Waiting for server processing
I20260914 17:31:58.737084 294771 dfly_bench.cc:926] Done queuing 4294967295 requests, which took 3.0s. Waiting for server processing
I20260914 17:31:58.737015 294760 dfly_bench.cc:1001] ReceiveFb done
I20260914 17:31:58.737111 294770 dfly_bench.cc:926] Done queuing 4294967295 requests, which took 3.0s. Waiting for server processing
I20260914 17:31:58.737114 294768 dfly_bench.cc:926] Done queuing 4294967295 requests, which took 3.0s. Waiting for server processing
I20260914 17:31:58.737021 294772 dfly_bench.cc:1001] ReceiveFb done
I20260914 17:31:58.737002 294758 dfly_bench.cc:1001] ReceiveFb done
I20260914 17:31:58.737020 294773 dfly_bench.cc:1001] ReceiveFb done
I20260914 17:31:58.737129 294760 dfly_bench.cc:1001] ReceiveFb done
I20260914 17:31:58.737119 294767 dfly_bench.cc:926] Done queuing 4294967295 requests, which took 3.0s. Waiting for server processing
I20260914 17:31:58.737124 294768 dfly_bench.cc:926] Done queuing 4294967295 requests, which took 3.0s. Waiting for server processing
I20260914 17:31:58.737106 294763 dfly_bench.cc:926] Done queuing 4294967295 requests, which took 3.0s. Waiting for server processing
I20260914 17:31:58.737084 294762 dfly_bench.cc:1001] ReceiveFb done
I20260914 17:31:58.737149 294758 dfly_bench.cc:1001] ReceiveFb done
I20260914 17:31:58.737149 294773 dfly_bench.cc:1001] ReceiveFb done
I20260914 17:31:58.737115 294771 dfly_bench.cc:926] Done queuing 4294967295 requests, which took 3.0s. Waiting for server processing
I20260914 17:31:58.737167 294767 dfly_bench.cc:1001] ReceiveFb done
I20260914 17:31:58.737157 294763 dfly_bench.cc:926] Done queuing 4294967295 requests, which took 3.0s. Waiting for server processing
I20260914 17:31:58.737152 294768 dfly_bench.cc:926] Done queuing 4294967295 requests, which took 3.0s. Waiting for server processing
I20260914 17:31:58.737183 294758 dfly_bench.cc:1001] ReceiveFb done
I20260914 17:31:58.737188 294767 dfly_bench.cc:1001] ReceiveFb done
I20260914 17:31:58.737172 294762 dfly_bench.cc:1001] ReceiveFb done
I20260914 17:31:58.737125 294770 dfly_bench.cc:926] Done queuing 4294967295 requests, which took 3.0s. Waiting for server processing
I20260914 17:31:58.737182 294763 dfly_bench.cc:1001] ReceiveFb done
I20260914 17:31:58.737203 294759 dfly_bench.cc:1001] ReceiveFb done
I20260914 17:31:58.737216 294767 dfly_bench.cc:1001] ReceiveFb done
I20260914 17:31:58.737224 294763 dfly_bench.cc:1001] ReceiveFb done
I20260914 17:31:58.737017 294766 dfly_bench.cc:1001] ReceiveFb done
I20260914 17:31:58.737227 294759 dfly_bench.cc:1001] ReceiveFb done
I20260914 17:31:58.737237 294767 dfly_bench.cc:1001] ReceiveFb done
I20260914 17:31:58.737201 294768 dfly_bench.cc:926] Done queuing 4294967295 requests, which took 3.0s. Waiting for server processing
I20260914 17:31:58.737212 294765 dfly_bench.cc:1001] ReceiveFb done
I20260914 17:31:58.737213 294762 dfly_bench.cc:1001] ReceiveFb done
I20260914 17:31:58.737193 294760 dfly_bench.cc:1126] Total hits: 74617
I20260914 17:31:58.737207 294770 dfly_bench.cc:926] Done queuing 4294967295 requests, which took 3.0s. Waiting for server processing
I20260914 17:31:58.737176 294771 dfly_bench.cc:926] Done queuing 4294967295 requests, which took 3.0s. Waiting for server processing
I20260914 17:31:58.737277 294772 dfly_bench.cc:1001] ReceiveFb done
I20260914 17:31:58.737258 294761 dfly_bench.cc:1001] ReceiveFb done
I20260914 17:31:58.737267 294765 dfly_bench.cc:1001] ReceiveFb done
I20260914 17:31:58.737269 294770 dfly_bench.cc:926] Done queuing 4294967295 requests, which took 3.0s. Waiting for server processing
I20260914 17:31:58.737262 294768 dfly_bench.cc:1001] ReceiveFb done
I20260914 17:31:58.737259 294767 dfly_bench.cc:1001] ReceiveFb done
I20260914 17:31:58.737304 294765 dfly_bench.cc:1001] ReceiveFb done
I20260914 17:31:58.737268 294762 dfly_bench.cc:1001] ReceiveFb done
I20260914 17:31:58.737290 294758 dfly_bench.cc:926] Done queuing 4294967295 requests, which took 3.0s. Waiting for server processing
I20260914 17:31:58.737280 294773 dfly_bench.cc:1001] ReceiveFb done
I20260914 17:31:58.737316 294769 dfly_bench.cc:926] Done queuing 4294967295 requests, which took 3.0s. Waiting for server processing
I20260914 17:31:58.737322 294758 dfly_bench.cc:926] Done queuing 4294967295 requests, which took 3.0s. Waiting for server processing
I20260914 17:31:58.737257 294759 dfly_bench.cc:1001] ReceiveFb done
I20260914 17:31:58.737332 294762 dfly_bench.cc:926] Done queuing 4294967295 requests, which took 3.0s. Waiting for server processing
I20260914 17:31:58.737325 294767 dfly_bench.cc:926] Done queuing 4294967295 requests, which took 3.0s. Waiting for server processing
I20260914 17:31:58.737357 294759 dfly_bench.cc:1001] ReceiveFb done
I20260914 17:31:58.737363 294767 dfly_bench.cc:926] Done queuing 4294967295 requests, which took 3.0s. Waiting for server processing
I20260914 17:31:58.737370 294767 dfly_bench.cc:926] Done queuing 4294967295 requests, which took 3.0s. Waiting for server processing
I20260914 17:31:58.737295 294770 dfly_bench.cc:926] Done queuing 4294967295 requests, which took 3.0s. Waiting for server processing
I20260914 17:31:58.737334 294769 dfly_bench.cc:926] Done queuing 4294967295 requests, which took 3.0s. Waiting for server processing
I20260914 17:31:58.737389 294769 dfly_bench.cc:1001] ReceiveFb done
I20260914 17:31:58.737320 294772 dfly_bench.cc:926] Done queuing 4294967295 requests, which took 3.0s. Waiting for server processing
I20260914 17:31:58.737293 294771 dfly_bench.cc:1001] ReceiveFb done
I20260914 17:31:58.737304 294761 dfly_bench.cc:1001] ReceiveFb done
I20260914 17:31:58.737402 294772 dfly_bench.cc:926] Done queuing 4294967295 requests, which took 3.0s. Waiting for server processing
I20260914 17:31:58.737380 294767 dfly_bench.cc:926] Done queuing 4294967295 requests, which took 3.0s. Waiting for server processing
I20260914 17:31:58.737257 294766 dfly_bench.cc:1001] ReceiveFb done
I20260914 17:31:58.737317 294768 dfly_bench.cc:1001] ReceiveFb done
I20260914 17:31:58.737311 294764 dfly_bench.cc:1001] ReceiveFb done
I20260914 17:31:58.737398 294770 dfly_bench.cc:1001] ReceiveFb done
I20260914 17:31:58.737335 294765 dfly_bench.cc:1001] ReceiveFb done
I20260914 17:31:58.737414 294769 dfly_bench.cc:1001] ReceiveFb done
I20260914 17:31:58.737449 294761 dfly_bench.cc:1001] ReceiveFb done
I20260914 17:31:58.737440 294771 dfly_bench.cc:1001] ReceiveFb done
I20260914 17:31:58.737462 294770 dfly_bench.cc:1001] ReceiveFb done
I20260914 17:31:58.737342 294773 dfly_bench.cc:1001] ReceiveFb done
I20260914 17:31:58.737468 294765 dfly_bench.cc:1001] ReceiveFb done
I20260914 17:31:58.737442 294772 dfly_bench.cc:926] Done queuing 4294967295 requests, which took 3.0s. Waiting for server processing
I20260914 17:31:58.737480 294771 dfly_bench.cc:1001] ReceiveFb done
I20260914 17:31:58.737488 294772 dfly_bench.cc:926] Done queuing 4294967295 requests, which took 3.0s. Waiting for server processing
I20260914 17:31:58.737380 294759 dfly_bench.cc:1001] ReceiveFb done
I20260914 17:31:58.737344 294758 dfly_bench.cc:926] Done queuing 4294967295 requests, which took 3.0s. Waiting for server processing
I20260914 17:31:58.737504 294771 dfly_bench.cc:1001] ReceiveFb done
I20260914 17:31:58.737485 294770 dfly_bench.cc:1001] ReceiveFb done
I20260914 17:31:58.737514 294759 dfly_bench.cc:1001] ReceiveFb done
I20260914 17:31:58.737455 294766 dfly_bench.cc:1001] ReceiveFb done
I20260914 17:31:58.737499 294772 dfly_bench.cc:926] Done queuing 4294967295 requests, which took 3.0s. Waiting for server processing
I20260914 17:31:58.737442 294767 dfly_bench.cc:926] Done queuing 4294967295 requests, which took 3.0s. Waiting for server processing
I20260914 17:31:58.737414 294762 dfly_bench.cc:926] Done queuing 4294967295 requests, which took 3.0s. Waiting for server processing
I20260914 17:31:58.737535 294770 dfly_bench.cc:1001] ReceiveFb done
I20260914 17:31:58.737457 294768 dfly_bench.cc:1001] ReceiveFb done
I20260914 17:31:58.737541 294772 dfly_bench.cc:1001] ReceiveFb done
I20260914 17:31:58.737533 294771 dfly_bench.cc:1001] ReceiveFb done
I20260914 17:31:58.737515 294758 dfly_bench.cc:926] Done queuing 4294967295 requests, which took 3.0s. Waiting for server processing
I20260914 17:31:58.737458 294764 dfly_bench.cc:1001] ReceiveFb done
I20260914 17:31:58.737510 294769 dfly_bench.cc:1001] ReceiveFb done
I20260914 17:31:58.737556 294766 dfly_bench.cc:1001] ReceiveFb done
I20260914 17:31:58.737560 294758 dfly_bench.cc:926] Done queuing 4294967295 requests, which took 3.0s. Waiting for server processing
I20260914 17:31:58.737484 294773 dfly_bench.cc:1001] ReceiveFb done
I20260914 17:31:58.737572 294764 dfly_bench.cc:1001] ReceiveFb done
I20260914 17:31:58.737569 294771 dfly_bench.cc:1001] ReceiveFb done
I20260914 17:31:58.737478 294761 dfly_bench.cc:1001] ReceiveFb done
I20260914 17:31:58.737564 294772 dfly_bench.cc:1001] ReceiveFb done
I20260914 17:31:58.737563 294768 dfly_bench.cc:1001] ReceiveFb done
I20260914 17:31:58.737564 294770 dfly_bench.cc:1001] ReceiveFb done
I20260914 17:31:58.737605 294761 dfly_bench.cc:1001] ReceiveFb done
I20260914 17:31:58.737601 294764 dfly_bench.cc:926] Done queuing 4294967295 requests, which took 3.0s. Waiting for server processing
I20260914 17:31:58.737576 294766 dfly_bench.cc:1001] ReceiveFb done
I20260914 17:31:58.737674 294764 dfly_bench.cc:926] Done queuing 4294967295 requests, which took 3.0s. Waiting for server processing
I20260914 17:31:58.737578 294758 dfly_bench.cc:926] Done queuing 4294967295 requests, which took 3.0s. Waiting for server processing
I20260914 17:31:58.737689 294764 dfly_bench.cc:926] Done queuing 4294967295 requests, which took 3.0s. Waiting for server processing
I20260914 17:31:58.737586 294769 dfly_bench.cc:1001] ReceiveFb done
I20260914 17:31:58.737699 294766 dfly_bench.cc:1001] ReceiveFb done
I20260914 17:31:58.737696 294758 dfly_bench.cc:926] Done queuing 4294967295 requests, which took 3.0s. Waiting for server processing
I20260914 17:31:58.737628 294762 dfly_bench.cc:1001] ReceiveFb done
I20260914 17:31:58.737711 294758 dfly_bench.cc:926] Done queuing 4294967295 requests, which took 3.0s. Waiting for server processing
I20260914 17:31:58.737612 294768 dfly_bench.cc:1001] ReceiveFb done
I20260914 17:31:58.737718 294769 dfly_bench.cc:926] Done queuing 4294967295 requests, which took 3.0s. Waiting for server processing
I20260914 17:31:58.737722 294766 dfly_bench.cc:1001] ReceiveFb done
I20260914 17:31:58.737605 294772 dfly_bench.cc:1001] ReceiveFb done
I20260914 17:31:58.737617 294770 dfly_bench.cc:1001] ReceiveFb done
I20260914 17:31:58.737725 294758 dfly_bench.cc:1001] ReceiveFb done
I20260914 17:31:58.737636 294767 dfly_bench.cc:1001] ReceiveFb done
I20260914 17:31:58.737596 294773 dfly_bench.cc:1001] ReceiveFb done
I20260914 17:31:58.737730 294762 dfly_bench.cc:1001] ReceiveFb done
I20260914 17:31:58.737754 294770 dfly_bench.cc:1001] ReceiveFb done
I20260914 17:31:58.737761 294767 dfly_bench.cc:1001] ReceiveFb done
I20260914 17:31:58.737663 294759 dfly_bench.cc:1126] Total hits: 74970
I20260914 17:31:58.737771 294773 dfly_bench.cc:926] Done queuing 4294967295 requests, which took 3.0s. Waiting for server processing
I20260914 17:31:58.737673 294761 dfly_bench.cc:1001] ReceiveFb done
I20260914 17:31:58.737746 294772 dfly_bench.cc:1001] ReceiveFb done
I20260914 17:31:58.737726 294769 dfly_bench.cc:926] Done queuing 4294967295 requests, which took 3.0s. Waiting for server processing
I20260914 17:31:58.737782 294767 dfly_bench.cc:1001] ReceiveFb done
I20260914 17:31:58.737738 294768 dfly_bench.cc:926] Done queuing 4294967295 requests, which took 3.0s. Waiting for server processing
I20260914 17:31:58.737740 294766 dfly_bench.cc:1001] ReceiveFb done
I20260914 17:31:58.737797 294772 dfly_bench.cc:1001] ReceiveFb done
I20260914 17:31:58.737751 294764 dfly_bench.cc:926] Done queuing 4294967295 requests, which took 3.0s. Waiting for server processing
I20260914 17:31:58.737808 294767 dfly_bench.cc:1001] ReceiveFb done
I20260914 17:31:58.737816 294766 dfly_bench.cc:1001] ReceiveFb done
I20260914 17:31:58.737756 294758 dfly_bench.cc:1001] ReceiveFb done
I20260914 17:31:58.737735 294771 dfly_bench.cc:926] Done queuing 4294967295 requests, which took 3.0s. Waiting for server processing
I20260914 17:31:58.737826 294764 dfly_bench.cc:1001] ReceiveFb done
I20260914 17:31:58.737803 294761 dfly_bench.cc:1001] ReceiveFb done
I20260914 17:31:58.737834 294769 dfly_bench.cc:1001] ReceiveFb done
I20260914 17:31:58.737839 294758 dfly_bench.cc:1001] ReceiveFb done
I20260914 17:31:58.737834 294771 dfly_bench.cc:1001] ReceiveFb done
I20260914 17:31:58.737845 294764 dfly_bench.cc:1001] ReceiveFb done
I20260914 17:31:58.737846 294767 dfly_bench.cc:1001] ReceiveFb done
I20260914 17:31:58.737855 294769 dfly_bench.cc:1001] ReceiveFb done
I20260914 17:31:58.737859 294758 dfly_bench.cc:1001] ReceiveFb done
I20260914 17:31:58.737866 294773 dfly_bench.cc:1001] ReceiveFb done
I20260914 17:31:58.737866 294764 dfly_bench.cc:1001] ReceiveFb done
I20260914 17:31:58.737891 294758 dfly_bench.cc:1001] ReceiveFb done
I20260914 17:31:58.737900 294768 dfly_bench.cc:1001] ReceiveFb done
I20260914 17:31:58.737908 294770 dfly_bench.cc:1126] Total hits: 76548
I20260914 17:31:58.737928 294772 dfly_bench.cc:1126] Total hits: 76367
I20260914 17:31:58.737901 294764 dfly_bench.cc:1001] ReceiveFb done
I20260914 17:31:58.737910 294758 dfly_bench.cc:1001] ReceiveFb done
I20260914 17:31:58.737962 294758 dfly_bench.cc:1001] ReceiveFb done
I20260914 17:31:58.737906 294761 dfly_bench.cc:926] Done queuing 4294967295 requests, which took 3.0s. Waiting for server processing
I20260914 17:31:58.737922 294768 dfly_bench.cc:926] Done queuing 4294967295 requests, which took 3.0s. Waiting for server processing
I20260914 17:31:58.737978 294768 dfly_bench.cc:926] Done queuing 4294967295 requests, which took 3.0s. Waiting for server processing
I20260914 17:31:58.737983 294758 dfly_bench.cc:1001] ReceiveFb done
I20260914 17:31:58.737987 294768 dfly_bench.cc:926] Done queuing 4294967295 requests, which took 3.0s. Waiting for server processing
I20260914 17:31:58.738020 294768 dfly_bench.cc:1001] ReceiveFb done
I20260914 17:31:58.738034 294764 dfly_bench.cc:926] Done queuing 4294967295 requests, which took 3.0s. Waiting for server processing
I20260914 17:31:58.738041 294768 dfly_bench.cc:1001] ReceiveFb done
I20260914 17:31:58.738044 294764 dfly_bench.cc:1001] ReceiveFb done
I20260914 17:31:58.738060 294768 dfly_bench.cc:1001] ReceiveFb done
I20260914 17:31:58.738085 294764 dfly_bench.cc:1126] Total hits: 76672
I20260914 17:31:58.738109 294761 dfly_bench.cc:1001] ReceiveFb done
I20260914 17:31:58.738147 294758 dfly_bench.cc:1126] Total hits: 76046
I20260914 17:31:58.738155 294761 dfly_bench.cc:926] Done queuing 4294967295 requests, which took 3.0s. Waiting for server processing
I20260914 17:31:58.738174 294761 dfly_bench.cc:1001] ReceiveFb done
I20260914 17:31:58.738197 294762 dfly_bench.cc:926] Done queuing 4294967295 requests, which took 3.0s. Waiting for server processing
I20260914 17:31:58.738196 294761 dfly_bench.cc:1001] ReceiveFb done
I20260914 17:31:58.738214 294762 dfly_bench.cc:1001] ReceiveFb done
I20260914 17:31:58.738226 294761 dfly_bench.cc:926] Done queuing 4294967295 requests, which took 3.0s. Waiting for server processing
I20260914 17:31:58.738240 294761 dfly_bench.cc:926] Done queuing 4294967295 requests, which took 3.0s. Waiting for server processing
I20260914 17:31:58.738227 294766 dfly_bench.cc:926] Done queuing 4294967295 requests, which took 3.0s. Waiting for server processing
I20260914 17:31:58.738267 294762 dfly_bench.cc:1126] Total hits: 75013
I20260914 17:31:58.738278 294766 dfly_bench.cc:926] Done queuing 4294967295 requests, which took 3.0s. Waiting for server processing
I20260914 17:31:58.738287 294766 dfly_bench.cc:926] Done queuing 4294967295 requests, which took 3.0s. Waiting for server processing
I20260914 17:31:58.738300 294766 dfly_bench.cc:1001] ReceiveFb done
I20260914 17:31:58.738307 294761 dfly_bench.cc:1001] ReceiveFb done
I20260914 17:31:58.738322 294766 dfly_bench.cc:1001] ReceiveFb done
I20260914 17:31:58.738308 294768 dfly_bench.cc:926] Done queuing 4294967295 requests, which took 3.0s. Waiting for server processing
I20260914 17:31:58.738318 294765 dfly_bench.cc:926] Done queuing 4294967295 requests, which took 3.0s. Waiting for server processing
I20260914 17:31:58.738337 294761 dfly_bench.cc:1001] ReceiveFb done
I20260914 17:31:58.738341 294768 dfly_bench.cc:1001] ReceiveFb done
I20260914 17:31:58.738301 294767 dfly_bench.cc:926] Done queuing 4294967295 requests, which took 3.0s. Waiting for server processing
I20260914 17:31:58.738349 294765 dfly_bench.cc:1001] ReceiveFb done
I20260914 17:31:58.738351 294766 dfly_bench.cc:1001] ReceiveFb done
I20260914 17:31:58.738354 294767 dfly_bench.cc:1001] ReceiveFb done
I20260914 17:31:58.738355 294761 dfly_bench.cc:926] Done queuing 4294967295 requests, which took 3.0s. Waiting for server processing
I20260914 17:31:58.738372 294763 dfly_bench.cc:926] Done queuing 4294967295 requests, which took 3.0s. Waiting for server processing
I20260914 17:31:58.738384 294763 dfly_bench.cc:1001] ReceiveFb done
I20260914 17:31:58.738396 294767 dfly_bench.cc:1126] Total hits: 76877
I20260914 17:31:58.738384 294768 dfly_bench.cc:1126] Total hits: 75834
I20260914 17:31:58.738392 294765 dfly_bench.cc:926] Done queuing 4294967295 requests, which took 3.0s. Waiting for server processing
I20260914 17:31:58.738412 294765 dfly_bench.cc:1001] ReceiveFb done
I20260914 17:31:58.738418 294761 dfly_bench.cc:1001] ReceiveFb done
I20260914 17:31:58.738427 294763 dfly_bench.cc:1126] Total hits: 74777
I20260914 17:31:58.738430 294766 dfly_bench.cc:926] Done queuing 4294967295 requests, which took 3.0s. Waiting for server processing
I20260914 17:31:58.738445 294766 dfly_bench.cc:926] Done queuing 4294967295 requests, which took 3.0s. Waiting for server processing
I20260914 17:31:58.738448 294765 dfly_bench.cc:1126] Total hits: 76485
I20260914 17:31:58.738452 294766 dfly_bench.cc:926] Done queuing 4294967295 requests, which took 3.0s. Waiting for server processing
I20260914 17:31:58.738462 294766 dfly_bench.cc:1001] ReceiveFb done
I20260914 17:31:58.738490 294771 dfly_bench.cc:926] Done queuing 4294967295 requests, which took 3.0s. Waiting for server processing
I20260914 17:31:58.738492 294766 dfly_bench.cc:1001] ReceiveFb done
I20260914 17:31:58.738503 294771 dfly_bench.cc:1001] ReceiveFb done
I20260914 17:31:58.738514 294766 dfly_bench.cc:1001] ReceiveFb done
I20260914 17:31:58.738528 294769 dfly_bench.cc:926] Done queuing 4294967295 requests, which took 3.0s. Waiting for server processing
I20260914 17:31:58.738539 294769 dfly_bench.cc:1001] ReceiveFb done
I20260914 17:31:58.738550 294771 dfly_bench.cc:1126] Total hits: 74665
I20260914 17:31:58.738575 294769 dfly_bench.cc:1126] Total hits: 75151
I20260914 17:31:58.738585 294766 dfly_bench.cc:1126] Total hits: 74719
I20260914 17:31:58.738643 294761 dfly_bench.cc:926] Done queuing 4294967295 requests, which took 3.0s. Waiting for server processing
I20260914 17:31:58.738655 294761 dfly_bench.cc:1001] ReceiveFb done
I20260914 17:31:58.738692 294761 dfly_bench.cc:1126] Total hits: 75713
I20260914 17:31:58.740374 294773 dfly_bench.cc:926] Done queuing 4294967295 requests, which took 3.0s. Waiting for server processing
I20260914 17:31:58.740387 294773 dfly_bench.cc:1001] ReceiveFb done
I20260914 17:31:58.740424 294773 dfly_bench.cc:1126] Total hits: 75770
I20260914 17:31:59.733400 294757 dfly_bench.cc:1711] Resetting all threads

Total time: 3.009236824s. Overall number of requests: 2417674, QPS: 801571, P99 lat: 6908.05us
Latency summary, all times are in usec:
Count: 2417674 Average: 792.5021
Min: 141.0000  Median: 564.9478  Max: 30508.0000
------------------------------------------------------
[     140,     160 ) 131   0.005%   0.005% 
[     160,     180 ) 2205   0.091%   0.097% 
[     180,     200 ) 7858   0.325%   0.422% 
[     200,     250 ) 54445   2.252%   2.674% 
[     250,     300 ) 108854   4.502%   7.176% #
[     300,     350 ) 149089   6.167%  13.343% #
[     350,     400 ) 186934   7.732%  21.075% ##
[     400,     450 ) 206953   8.560%  29.635% ##
[     450,     500 ) 215965   8.933%  38.567% ##
[     500,     600 ) 425576  17.603%  56.170% ####
[     600,     700 ) 350481  14.497%  70.667% ###
[     700,     800 ) 247119  10.221%  80.888% ##
[     800,     900 ) 150260   6.215%  87.103% #
[     900,    1000 ) 82247   3.402%  90.505% #
[    1000,    1200 ) 68762   2.844%  93.349% #
[    1200,    1400 ) 24553   1.016%  94.365% 
[    1400,    1600 ) 12130   0.502%  94.866% 
[    1600,    1800 ) 8312   0.344%  95.210% 
[    1800,    2000 ) 6721   0.278%  95.488% 
[    2000,    2500 ) 13740   0.568%  96.057% 
[    2500,    3000 ) 12142   0.502%  96.559% 
[    3000,    3500 ) 10532   0.436%  96.994% 
[    3500,    4000 ) 9538   0.395%  97.389% 
[    4000,    4500 ) 8389   0.347%  97.736% 
[    4500,    5000 ) 7624   0.315%  98.051% 
[    5000,    6000 ) 13358   0.553%  98.604% 
[    6000,    7000 ) 10548   0.436%  99.040% 
[    7000,    8000 ) 7399   0.306%  99.346% 
[    8000,    9000 ) 6359   0.263%  99.609% 
[    9000,   10000 ) 4039   0.167%  99.776% 
[   10000,   12000 ) 3349   0.139%  99.915% 
[   12000,   14000 ) 1032   0.043%  99.957% 
[   14000,   16000 ) 443   0.018%  99.976% 
[   16000,   18000 ) 219   0.009%  99.985% 
[   18000,   20000 ) 128   0.005%  99.990% 
[   20000,   25000 ) 178   0.007%  99.997% 
[   25000,   30000 ) 61   0.003% 100.000% 
[   30000,   35000 ) 1   0.000% 100.000% 
----------------------------------
Hit rate: 100%
I20260914 17:31:59.734020 294757 dfly_bench.cc:1721] 
Total time: 3.009236824s. Overall number of requests: 2417674, QPS: 801571, P99 lat: 6908.05us
I20260914 17:31:59.734050 294757 dfly_bench.cc:1730] Latency summary, all times are in usec:
Count: 2417674 Average: 792.5021
Min: 141.0000  Median: 564.9478  Max: 30508.0000
------------------------------------------------------
[     140,     160 ) 131   0.005%   0.005% 
[     160,     180 ) 2205   0.091%   0.097% 
[     180,     200 ) 7858   0.325%   0.422% 
[     200,     250 ) 54445   2.252%   2.674% 
[     250,     300 ) 108854   4.502%   7.176% #
[     300,     350 ) 149089   6.167%  13.343% #
[     350,     400 ) 186934   7.732%  21.075% ##
[     400,     450 ) 206953   8.560%  29.635% ##
[     450,     500 ) 215965   8.933%  38.567% ##
[     500,     600 ) 425576  17.603%  56.170% ####
[     600,     700 ) 350481  14.497%  70.667% ###
[     700,     800 ) 247119  10.221%  80.888% ##
[     800,     900 ) 150260   6.215%  87.103% #
[     900,    1000 ) 82247   3.402%  90.505% #
[    1000,    1200 ) 68762   2.844%  93.349% #
[    1200,    1400 ) 24553   1.016%  94.365% 
[    1400,    1600 ) 12130   0.502%  94.866% 
[    1600,    1800 ) 8312   0.344%  95.210% 
[    1800,    2000 ) 6721   0.278%  95.488% 
[    2000,    2500 ) 13740   0.568%  96.057% 
[    2500,    3000 ) 12142   0.502%  96.559% 
[    3000,    3500 ) 10532   0.436%  96.994% 
[    3500,    4000 ) 9538   0.395%  97.389% 
[    4000,    4500 ) 8389   0.347%  97.736% 
[    4500,    5000 ) 7624   0.315%  98.051% 
[    5000,    6000 ) 13358   0.553%  98.604% 
[    6000,    7000 ) 10548   0.436%  99.040% 
[    7000,    8000 ) 7399   0.306%  99.346% 
[    8000,    9000 ) 6359   0.263%  99.609% 
[    9000,   10000 ) 4039   0.167%  99.776% 
[   10000,   12000 ) 3349   0.139%  99.915% 
[   12000,   14000 ) 1032   0.043%  99.957% 
[   14000,   16000 ) 443   0.018%  99.976% 
[   16000,   18000 ) 219   0.009%  99.985% 
[   18000,   20000 ) 128   0.005%  99.990% 
[   20000,   25000 ) 178   0.007%  99.997% 
[   25000,   30000 ) 61   0.003% 100.000% 
[   30000,   35000 ) 1   0.000% 100.000% 
I20260914 17:31:59.734097 294757 dfly_bench.cc:1732] ----------------------------------
Hit rate: 100%
