I20260914 17:30:30.592408 294557 init.cc:144] /mnt/dev/dfly-get-issue20-20260909/dfly_bench-x86_64 running in opt mode.
I20260914 17:30:30.592953 294558 uring_proactor.cc:263] IORing with 256 entries, allocated 24640 bytes, cq_entries is 512
I20260914 17:30:30.594069 294557 proactor_pool.cc:149] Running 16 io threads
I20260914 17:30:30.595382 294559 dfly_bench.cc:1512] Cluster spec: 880bb8cd68f83f4ca30a0d492933463531156f1d 172.16.0.4:6379@0 myself,master - 0 0 1 connected 0-16383
Connecting to 1 shard cluster
I20260914 17:30:30.595463 294557 dfly_bench.cc:1624] Connecting to 1 shard cluster
I20260914 17:30:30.595494 294558 dfly_bench.cc:1640] Seeding bitgen with seed 13679457532755275413
I20260914 17:30:30.595500 294560 dfly_bench.cc:1640] Seeding bitgen with seed 14933144304075557485
I20260914 17:30:30.595518 294565 dfly_bench.cc:1640] Seeding bitgen with seed 2503023328373235847
I20260914 17:30:30.595496 294559 dfly_bench.cc:1640] Seeding bitgen with seed 9137025405167583488
I20260914 17:30:30.595511 294563 dfly_bench.cc:1640] Seeding bitgen with seed 2056569053324758029
I20260914 17:30:30.595531 294568 dfly_bench.cc:1640] Seeding bitgen with seed 13379591377107037830
I20260914 17:30:30.595556 294572 dfly_bench.cc:1640] Seeding bitgen with seed 906930385563774169
I20260914 17:30:30.595507 294562 dfly_bench.cc:1640] Seeding bitgen with seed 12481025763002990426
I20260914 17:30:30.595536 294570 dfly_bench.cc:1640] Seeding bitgen with seed 10144007605128035131
I20260914 17:30:30.595533 294569 dfly_bench.cc:1640] Seeding bitgen with seed 5209412506023851798
I20260914 17:30:30.595503 294561 dfly_bench.cc:1640] Seeding bitgen with seed 14578222796510442015
I20260914 17:30:30.595513 294564 dfly_bench.cc:1640] Seeding bitgen with seed 15449793331780352531
I20260914 17:30:30.595549 294571 dfly_bench.cc:1640] Seeding bitgen with seed 12787670241224771080
I20260914 17:30:30.595574 294573 dfly_bench.cc:1640] Seeding bitgen with seed 17038306936092701182
I20260914 17:30:30.595530 294567 dfly_bench.cc:1640] Seeding bitgen with seed 5466169337352252795
I20260914 17:30:30.595515 294566 dfly_bench.cc:1640] Seeding bitgen with seed 14409239773818910091
Coordinated omission mode - the rate is determined by the server
I20260914 17:30:30.685034 294557 dfly_bench.cc:1686] Coordinated omission mode - the rate is determined by the server
I20260914 17:30:30.688637 294560 dfly_bench.cc:1418] Started watching
I20260914 17:30:33.688410 294559 dfly_bench.cc:926] Done queuing 4294967295 requests, which took 3.0s. Waiting for server processing
I20260914 17:30:33.688619 294573 dfly_bench.cc:926] Done queuing 4294967295 requests, which took 3.0s. Waiting for server processing
I20260914 17:30:33.688668 294566 dfly_bench.cc:926] Done queuing 4294967295 requests, which took 3.0s. Waiting for server processing
I20260914 17:30:33.688657 294572 dfly_bench.cc:926] Done queuing 4294967295 requests, which took 3.0s. Waiting for server processing
I20260914 17:30:33.688547 294559 dfly_bench.cc:1001] ReceiveFb done
I20260914 17:30:33.688539 294569 dfly_bench.cc:926] Done queuing 4294967295 requests, which took 3.0s. Waiting for server processing
I20260914 17:30:33.688715 294573 dfly_bench.cc:1001] ReceiveFb done
I20260914 17:30:33.688725 294572 dfly_bench.cc:1001] ReceiveFb done
I20260914 17:30:33.688699 294566 dfly_bench.cc:1001] ReceiveFb done
I20260914 17:30:33.688755 294570 dfly_bench.cc:926] Done queuing 4294967295 requests, which took 3.0s. Waiting for server processing
I20260914 17:30:33.688637 294571 dfly_bench.cc:926] Done queuing 4294967295 requests, which took 3.0s. Waiting for server processing
I20260914 17:30:33.688733 294559 dfly_bench.cc:926] Done queuing 4294967295 requests, which took 3.0s. Waiting for server processing
I20260914 17:30:33.688773 294572 dfly_bench.cc:926] Done queuing 4294967295 requests, which took 3.0s. Waiting for server processing
I20260914 17:30:33.688822 294559 dfly_bench.cc:926] Done queuing 4294967295 requests, which took 3.0s. Waiting for server processing
I20260914 17:30:33.688596 294565 dfly_bench.cc:926] Done queuing 4294967295 requests, which took 3.0s. Waiting for server processing
I20260914 17:30:33.688731 294564 dfly_bench.cc:926] Done queuing 4294967295 requests, which took 3.0s. Waiting for server processing
I20260914 17:30:33.688769 294569 dfly_bench.cc:1001] ReceiveFb done
I20260914 17:30:33.688844 294561 dfly_bench.cc:926] Done queuing 4294967295 requests, which took 3.0s. Waiting for server processing
I20260914 17:30:33.688841 294565 dfly_bench.cc:926] Done queuing 4294967295 requests, which took 3.0s. Waiting for server processing
I20260914 17:30:33.688875 294569 dfly_bench.cc:926] Done queuing 4294967295 requests, which took 3.0s. Waiting for server processing
I20260914 17:30:33.688891 294569 dfly_bench.cc:926] Done queuing 4294967295 requests, which took 3.0s. Waiting for server processing
I20260914 17:30:33.688829 294566 dfly_bench.cc:926] Done queuing 4294967295 requests, which took 3.0s. Waiting for server processing
I20260914 17:30:33.688913 294568 dfly_bench.cc:926] Done queuing 4294967295 requests, which took 3.0s. Waiting for server processing
I20260914 17:30:33.688807 294560 dfly_bench.cc:926] Done queuing 4294967295 requests, which took 3.0s. Waiting for server processing
I20260914 17:30:33.688985 294568 dfly_bench.cc:1001] ReceiveFb done
I20260914 17:30:33.688977 294565 dfly_bench.cc:1001] ReceiveFb done
I20260914 17:30:33.688787 294570 dfly_bench.cc:1001] ReceiveFb done
I20260914 17:30:33.688742 294573 dfly_bench.cc:926] Done queuing 4294967295 requests, which took 3.0s. Waiting for server processing
I20260914 17:30:33.688989 294559 dfly_bench.cc:1001] ReceiveFb done
I20260914 17:30:33.689035 294566 dfly_bench.cc:1001] ReceiveFb done
I20260914 17:30:33.689011 294565 dfly_bench.cc:1001] ReceiveFb done
I20260914 17:30:33.689042 294559 dfly_bench.cc:1001] ReceiveFb done
I20260914 17:30:33.689052 294560 dfly_bench.cc:1001] ReceiveFb done
I20260914 17:30:33.688558 294563 dfly_bench.cc:926] Done queuing 4294967295 requests, which took 3.0s. Waiting for server processing
I20260914 17:30:33.689064 294559 dfly_bench.cc:926] Done queuing 4294967295 requests, which took 3.0s. Waiting for server processing
I20260914 17:30:33.688881 294564 dfly_bench.cc:1001] ReceiveFb done
I20260914 17:30:33.689077 294559 dfly_bench.cc:926] Done queuing 4294967295 requests, which took 3.0s. Waiting for server processing
I20260914 17:30:33.688905 294567 dfly_bench.cc:926] Done queuing 4294967295 requests, which took 3.0s. Waiting for server processing
I20260914 17:30:33.689072 294566 dfly_bench.cc:926] Done queuing 4294967295 requests, which took 3.0s. Waiting for server processing
I20260914 17:30:33.688936 294569 dfly_bench.cc:926] Done queuing 4294967295 requests, which took 3.0s. Waiting for server processing
I20260914 17:30:33.689081 294560 dfly_bench.cc:926] Done queuing 4294967295 requests, which took 3.0s. Waiting for server processing
I20260914 17:30:33.688843 294571 dfly_bench.cc:1001] ReceiveFb done
I20260914 17:30:33.689095 294564 dfly_bench.cc:926] Done queuing 4294967295 requests, which took 3.0s. Waiting for server processing
I20260914 17:30:33.689091 294566 dfly_bench.cc:926] Done queuing 4294967295 requests, which took 3.0s. Waiting for server processing
I20260914 17:30:33.689090 294559 dfly_bench.cc:926] Done queuing 4294967295 requests, which took 3.0s. Waiting for server processing
I20260914 17:30:33.688584 294558 dfly_bench.cc:926] Done queuing 4294967295 requests, which took 3.0s. Waiting for server processing
I20260914 17:30:33.689064 294565 dfly_bench.cc:926] Done queuing 4294967295 requests, which took 3.0s. Waiting for server processing
I20260914 17:30:33.688827 294562 dfly_bench.cc:926] Done queuing 4294967295 requests, which took 3.0s. Waiting for server processing
I20260914 17:30:33.689141 294566 dfly_bench.cc:926] Done queuing 4294967295 requests, which took 3.0s. Waiting for server processing
I20260914 17:30:33.689073 294573 dfly_bench.cc:926] Done queuing 4294967295 requests, which took 3.0s. Waiting for server processing
I20260914 17:30:33.689028 294568 dfly_bench.cc:926] Done queuing 4294967295 requests, which took 3.0s. Waiting for server processing
I20260914 17:30:33.689152 294565 dfly_bench.cc:926] Done queuing 4294967295 requests, which took 3.0s. Waiting for server processing
I20260914 17:30:33.689123 294564 dfly_bench.cc:926] Done queuing 4294967295 requests, which took 3.0s. Waiting for server processing
I20260914 17:30:33.689146 294570 dfly_bench.cc:926] Done queuing 4294967295 requests, which took 3.0s. Waiting for server processing
I20260914 17:30:33.689174 294566 dfly_bench.cc:926] Done queuing 4294967295 requests, which took 3.0s. Waiting for server processing
I20260914 17:30:33.689188 294566 dfly_bench.cc:926] Done queuing 4294967295 requests, which took 3.0s. Waiting for server processing
I20260914 17:30:33.689185 294570 dfly_bench.cc:926] Done queuing 4294967295 requests, which took 3.0s. Waiting for server processing
I20260914 17:30:33.689203 294570 dfly_bench.cc:926] Done queuing 4294967295 requests, which took 3.0s. Waiting for server processing
I20260914 17:30:33.689209 294570 dfly_bench.cc:926] Done queuing 4294967295 requests, which took 3.0s. Waiting for server processing
I20260914 17:30:33.689167 294568 dfly_bench.cc:926] Done queuing 4294967295 requests, which took 3.0s. Waiting for server processing
I20260914 17:30:33.689152 294562 dfly_bench.cc:926] Done queuing 4294967295 requests, which took 3.0s. Waiting for server processing
I20260914 17:30:33.689216 294570 dfly_bench.cc:926] Done queuing 4294967295 requests, which took 3.0s. Waiting for server processing
I20260914 17:30:33.688953 294572 dfly_bench.cc:1001] ReceiveFb done
I20260914 17:30:33.689103 294569 dfly_bench.cc:926] Done queuing 4294967295 requests, which took 3.0s. Waiting for server processing
I20260914 17:30:33.689241 294570 dfly_bench.cc:926] Done queuing 4294967295 requests, which took 3.0s. Waiting for server processing
I20260914 17:30:33.689251 294570 dfly_bench.cc:926] Done queuing 4294967295 requests, which took 3.0s. Waiting for server processing
I20260914 17:30:33.689177 294564 dfly_bench.cc:926] Done queuing 4294967295 requests, which took 3.0s. Waiting for server processing
I20260914 17:30:33.689296 294562 dfly_bench.cc:1001] ReceiveFb done
I20260914 17:30:33.689312 294564 dfly_bench.cc:926] Done queuing 4294967295 requests, which took 3.0s. Waiting for server processing
I20260914 17:30:33.689214 294558 dfly_bench.cc:1001] ReceiveFb done
I20260914 17:30:33.689131 294567 dfly_bench.cc:1001] ReceiveFb done
I20260914 17:30:33.689324 294564 dfly_bench.cc:926] Done queuing 4294967295 requests, which took 3.0s. Waiting for server processing
I20260914 17:30:33.688876 294561 dfly_bench.cc:926] Done queuing 4294967295 requests, which took 3.0s. Waiting for server processing
I20260914 17:30:33.689289 294572 dfly_bench.cc:926] Done queuing 4294967295 requests, which took 3.0s. Waiting for server processing
I20260914 17:30:33.689335 294562 dfly_bench.cc:1001] ReceiveFb done
I20260914 17:30:33.689109 294560 dfly_bench.cc:926] Done queuing 4294967295 requests, which took 3.0s. Waiting for server processing
I20260914 17:30:33.689167 294563 dfly_bench.cc:1001] ReceiveFb done
I20260914 17:30:33.689248 294566 dfly_bench.cc:1001] ReceiveFb done
I20260914 17:30:33.689227 294568 dfly_bench.cc:926] Done queuing 4294967295 requests, which took 3.0s. Waiting for server processing
I20260914 17:30:33.689291 294569 dfly_bench.cc:926] Done queuing 4294967295 requests, which took 3.0s. Waiting for server processing
I20260914 17:30:33.689352 294567 dfly_bench.cc:926] Done queuing 4294967295 requests, which took 3.0s. Waiting for server processing
I20260914 17:30:33.689347 294558 dfly_bench.cc:926] Done queuing 4294967295 requests, which took 3.0s. Waiting for server processing
I20260914 17:30:33.689136 294559 dfly_bench.cc:926] Done queuing 4294967295 requests, which took 3.0s. Waiting for server processing
I20260914 17:30:33.689142 294571 dfly_bench.cc:926] Done queuing 4294967295 requests, which took 3.0s. Waiting for server processing
I20260914 17:30:33.689388 294564 dfly_bench.cc:1001] ReceiveFb done
I20260914 17:30:33.689355 294572 dfly_bench.cc:926] Done queuing 4294967295 requests, which took 3.0s. Waiting for server processing
I20260914 17:30:33.689399 294558 dfly_bench.cc:926] Done queuing 4294967295 requests, which took 3.0s. Waiting for server processing
I20260914 17:30:33.689392 294563 dfly_bench.cc:926] Done queuing 4294967295 requests, which took 3.0s. Waiting for server processing
I20260914 17:30:33.689412 294561 dfly_bench.cc:1001] ReceiveFb done
I20260914 17:30:33.689432 294563 dfly_bench.cc:926] Done queuing 4294967295 requests, which took 3.0s. Waiting for server processing
I20260914 17:30:33.689173 294565 dfly_bench.cc:926] Done queuing 4294967295 requests, which took 3.0s. Waiting for server processing
I20260914 17:30:33.689357 294562 dfly_bench.cc:926] Done queuing 4294967295 requests, which took 3.0s. Waiting for server processing
I20260914 17:30:33.689249 294573 dfly_bench.cc:1001] ReceiveFb done
I20260914 17:30:33.689409 294571 dfly_bench.cc:926] Done queuing 4294967295 requests, which took 3.0s. Waiting for server processing
I20260914 17:30:33.689426 294564 dfly_bench.cc:1001] ReceiveFb done
I20260914 17:30:33.689448 294565 dfly_bench.cc:926] Done queuing 4294967295 requests, which took 3.0s. Waiting for server processing
I20260914 17:30:33.689416 294572 dfly_bench.cc:926] Done queuing 4294967295 requests, which took 3.0s. Waiting for server processing
I20260914 17:30:33.689447 294563 dfly_bench.cc:926] Done queuing 4294967295 requests, which took 3.0s. Waiting for server processing
I20260914 17:30:33.689414 294566 dfly_bench.cc:1001] ReceiveFb done
I20260914 17:30:33.689452 294562 dfly_bench.cc:926] Done queuing 4294967295 requests, which took 3.0s. Waiting for server processing
I20260914 17:30:33.689402 294559 dfly_bench.cc:926] Done queuing 4294967295 requests, which took 3.0s. Waiting for server processing
I20260914 17:30:33.689471 294573 dfly_bench.cc:1001] ReceiveFb done
I20260914 17:30:33.689265 294570 dfly_bench.cc:926] Done queuing 4294967295 requests, which took 3.0s. Waiting for server processing
I20260914 17:30:33.689396 294567 dfly_bench.cc:926] Done queuing 4294967295 requests, which took 3.0s. Waiting for server processing
I20260914 17:30:33.689498 294566 dfly_bench.cc:1001] ReceiveFb done
I20260914 17:30:33.689419 294558 dfly_bench.cc:926] Done queuing 4294967295 requests, which took 3.0s. Waiting for server processing
I20260914 17:30:33.689525 294567 dfly_bench.cc:926] Done queuing 4294967295 requests, which took 3.0s. Waiting for server processing
I20260914 17:30:33.689502 294562 dfly_bench.cc:926] Done queuing 4294967295 requests, which took 3.0s. Waiting for server processing
I20260914 17:30:33.689455 294561 dfly_bench.cc:1001] ReceiveFb done
I20260914 17:30:33.689484 294564 dfly_bench.cc:1001] ReceiveFb done
I20260914 17:30:33.689468 294565 dfly_bench.cc:926] Done queuing 4294967295 requests, which took 3.0s. Waiting for server processing
I20260914 17:30:33.689474 294572 dfly_bench.cc:926] Done queuing 4294967295 requests, which took 3.0s. Waiting for server processing
I20260914 17:30:33.689536 294573 dfly_bench.cc:926] Done queuing 4294967295 requests, which took 3.0s. Waiting for server processing
I20260914 17:30:33.689512 294570 dfly_bench.cc:926] Done queuing 4294967295 requests, which took 3.0s. Waiting for server processing
I20260914 17:30:33.689564 294571 dfly_bench.cc:1001] ReceiveFb done
I20260914 17:30:33.689473 294568 dfly_bench.cc:1001] ReceiveFb done
I20260914 17:30:33.689543 294566 dfly_bench.cc:1001] ReceiveFb done
I20260914 17:30:33.689574 294564 dfly_bench.cc:1001] ReceiveFb done
I20260914 17:30:33.689354 294560 dfly_bench.cc:926] Done queuing 4294967295 requests, which took 3.0s. Waiting for server processing
I20260914 17:30:33.689559 294561 dfly_bench.cc:926] Done queuing 4294967295 requests, which took 3.0s. Waiting for server processing
I20260914 17:30:33.689576 294572 dfly_bench.cc:926] Done queuing 4294967295 requests, which took 3.0s. Waiting for server processing
I20260914 17:30:33.689540 294559 dfly_bench.cc:926] Done queuing 4294967295 requests, which took 3.0s. Waiting for server processing
I20260914 17:30:33.689487 294563 dfly_bench.cc:926] Done queuing 4294967295 requests, which took 3.0s. Waiting for server processing
I20260914 17:30:33.689531 294558 dfly_bench.cc:926] Done queuing 4294967295 requests, which took 3.0s. Waiting for server processing
I20260914 17:30:33.689574 294573 dfly_bench.cc:926] Done queuing 4294967295 requests, which took 3.0s. Waiting for server processing
I20260914 17:30:33.689595 294571 dfly_bench.cc:1001] ReceiveFb done
I20260914 17:30:33.689536 294567 dfly_bench.cc:926] Done queuing 4294967295 requests, which took 3.0s. Waiting for server processing
I20260914 17:30:33.689599 294561 dfly_bench.cc:926] Done queuing 4294967295 requests, which took 3.0s. Waiting for server processing
I20260914 17:30:33.689544 294562 dfly_bench.cc:926] Done queuing 4294967295 requests, which took 3.0s. Waiting for server processing
I20260914 17:30:33.689625 294572 dfly_bench.cc:926] Done queuing 4294967295 requests, which took 3.0s. Waiting for server processing
I20260914 17:30:33.689605 294559 dfly_bench.cc:926] Done queuing 4294967295 requests, which took 3.0s. Waiting for server processing
I20260914 17:30:33.689604 294558 dfly_bench.cc:926] Done queuing 4294967295 requests, which took 3.0s. Waiting for server processing
I20260914 17:30:33.689599 294565 dfly_bench.cc:926] Done queuing 4294967295 requests, which took 3.0s. Waiting for server processing
I20260914 17:30:33.689618 294567 dfly_bench.cc:926] Done queuing 4294967295 requests, which took 3.0s. Waiting for server processing
I20260914 17:30:33.689621 294571 dfly_bench.cc:926] Done queuing 4294967295 requests, which took 3.0s. Waiting for server processing
I20260914 17:30:33.689584 294570 dfly_bench.cc:926] Done queuing 4294967295 requests, which took 3.0s. Waiting for server processing
I20260914 17:30:33.689605 294566 dfly_bench.cc:1001] ReceiveFb done
I20260914 17:30:33.689627 294562 dfly_bench.cc:926] Done queuing 4294967295 requests, which took 3.0s. Waiting for server processing
I20260914 17:30:33.689491 294569 dfly_bench.cc:1001] ReceiveFb done
I20260914 17:30:33.689661 294570 dfly_bench.cc:926] Done queuing 4294967295 requests, which took 3.0s. Waiting for server processing
I20260914 17:30:33.689697 294569 dfly_bench.cc:1001] ReceiveFb done
I20260914 17:30:33.689680 294566 dfly_bench.cc:926] Done queuing 4294967295 requests, which took 3.0s. Waiting for server processing
I20260914 17:30:33.689661 294565 dfly_bench.cc:926] Done queuing 4294967295 requests, which took 3.0s. Waiting for server processing
I20260914 17:30:33.689703 294570 dfly_bench.cc:926] Done queuing 4294967295 requests, which took 3.0s. Waiting for server processing
I20260914 17:30:33.689708 294566 dfly_bench.cc:926] Done queuing 4294967295 requests, which took 3.0s. Waiting for server processing
I20260914 17:30:33.689710 294565 dfly_bench.cc:926] Done queuing 4294967295 requests, which took 3.0s. Waiting for server processing
I20260914 17:30:33.689596 294568 dfly_bench.cc:1001] ReceiveFb done
I20260914 17:30:33.689639 294559 dfly_bench.cc:926] Done queuing 4294967295 requests, which took 3.0s. Waiting for server processing
I20260914 17:30:33.689738 294565 dfly_bench.cc:926] Done queuing 4294967295 requests, which took 3.0s. Waiting for server processing
I20260914 17:30:33.689625 294561 dfly_bench.cc:926] Done queuing 4294967295 requests, which took 3.0s. Waiting for server processing
I20260914 17:30:33.689596 294560 dfly_bench.cc:926] Done queuing 4294967295 requests, which took 3.0s. Waiting for server processing
I20260914 17:30:33.689752 294570 dfly_bench.cc:1001] ReceiveFb done
I20260914 17:30:33.689604 294564 dfly_bench.cc:1001] ReceiveFb done
I20260914 17:30:33.689604 294563 dfly_bench.cc:926] Done queuing 4294967295 requests, which took 3.0s. Waiting for server processing
I20260914 17:30:33.689606 294573 dfly_bench.cc:926] Done queuing 4294967295 requests, which took 3.0s. Waiting for server processing
I20260914 17:30:33.689746 294565 dfly_bench.cc:926] Done queuing 4294967295 requests, which took 3.0s. Waiting for server processing
I20260914 17:30:33.689653 294567 dfly_bench.cc:926] Done queuing 4294967295 requests, which took 3.0s. Waiting for server processing
I20260914 17:30:33.689661 294571 dfly_bench.cc:926] Done queuing 4294967295 requests, which took 3.0s. Waiting for server processing
I20260914 17:30:33.689641 294572 dfly_bench.cc:926] Done queuing 4294967295 requests, which took 3.0s. Waiting for server processing
I20260914 17:30:33.689715 294569 dfly_bench.cc:1001] ReceiveFb done
I20260914 17:30:33.689795 294563 dfly_bench.cc:926] Done queuing 4294967295 requests, which took 3.0s. Waiting for server processing
I20260914 17:30:33.689754 294561 dfly_bench.cc:926] Done queuing 4294967295 requests, which took 3.0s. Waiting for server processing
I20260914 17:30:33.689824 294563 dfly_bench.cc:926] Done queuing 4294967295 requests, which took 3.0s. Waiting for server processing
I20260914 17:30:33.689798 294573 dfly_bench.cc:926] Done queuing 4294967295 requests, which took 3.0s. Waiting for server processing
I20260914 17:30:33.689718 294566 dfly_bench.cc:926] Done queuing 4294967295 requests, which took 3.0s. Waiting for server processing
I20260914 17:30:33.689818 294567 dfly_bench.cc:926] Done queuing 4294967295 requests, which took 3.0s. Waiting for server processing
I20260914 17:30:33.689844 294566 dfly_bench.cc:926] Done queuing 4294967295 requests, which took 3.0s. Waiting for server processing
I20260914 17:30:33.689846 294573 dfly_bench.cc:926] Done queuing 4294967295 requests, which took 3.0s. Waiting for server processing
I20260914 17:30:33.689828 294572 dfly_bench.cc:926] Done queuing 4294967295 requests, which took 3.0s. Waiting for server processing
I20260914 17:30:33.689864 294565 dfly_bench.cc:1001] ReceiveFb done
I20260914 17:30:33.689803 294564 dfly_bench.cc:926] Done queuing 4294967295 requests, which took 3.0s. Waiting for server processing
I20260914 17:30:33.689647 294558 dfly_bench.cc:926] Done queuing 4294967295 requests, which took 3.0s. Waiting for server processing
I20260914 17:30:33.689868 294572 dfly_bench.cc:926] Done queuing 4294967295 requests, which took 3.0s. Waiting for server processing
I20260914 17:30:33.689841 294563 dfly_bench.cc:926] Done queuing 4294967295 requests, which took 3.0s. Waiting for server processing
I20260914 17:30:33.689805 294559 dfly_bench.cc:1001] ReceiveFb done
I20260914 17:30:33.689873 294564 dfly_bench.cc:926] Done queuing 4294967295 requests, which took 3.0s. Waiting for server processing
I20260914 17:30:33.689832 294561 dfly_bench.cc:926] Done queuing 4294967295 requests, which took 3.0s. Waiting for server processing
I20260914 17:30:33.689798 294570 dfly_bench.cc:1001] ReceiveFb done
I20260914 17:30:33.689673 294562 dfly_bench.cc:926] Done queuing 4294967295 requests, which took 3.0s. Waiting for server processing
I20260914 17:30:33.689875 294558 dfly_bench.cc:926] Done queuing 4294967295 requests, which took 3.0s. Waiting for server processing
I20260914 17:30:33.689818 294571 dfly_bench.cc:926] Done queuing 4294967295 requests, which took 3.0s. Waiting for server processing
I20260914 17:30:33.689853 294567 dfly_bench.cc:926] Done queuing 4294967295 requests, which took 3.0s. Waiting for server processing
I20260914 17:30:33.689888 294572 dfly_bench.cc:926] Done queuing 4294967295 requests, which took 3.0s. Waiting for server processing
I20260914 17:30:33.689862 294573 dfly_bench.cc:926] Done queuing 4294967295 requests, which took 3.0s. Waiting for server processing
I20260914 17:30:33.689747 294568 dfly_bench.cc:1001] ReceiveFb done
I20260914 17:30:33.689836 294569 dfly_bench.cc:1001] ReceiveFb done
I20260914 17:30:33.689913 294561 dfly_bench.cc:926] Done queuing 4294967295 requests, which took 3.0s. Waiting for server processing
I20260914 17:30:33.689812 294560 dfly_bench.cc:926] Done queuing 4294967295 requests, which took 3.0s. Waiting for server processing
I20260914 17:30:33.689906 294564 dfly_bench.cc:926] Done queuing 4294967295 requests, which took 3.0s. Waiting for server processing
I20260914 17:30:33.689949 294561 dfly_bench.cc:926] Done queuing 4294967295 requests, which took 3.0s. Waiting for server processing
I20260914 17:30:33.689885 294565 dfly_bench.cc:1001] ReceiveFb done
I20260914 17:30:33.689955 294564 dfly_bench.cc:926] Done queuing 4294967295 requests, which took 3.0s. Waiting for server processing
I20260914 17:30:33.689934 294572 dfly_bench.cc:926] Done queuing 4294967295 requests, which took 3.0s. Waiting for server processing
I20260914 17:30:33.689966 294564 dfly_bench.cc:926] Done queuing 4294967295 requests, which took 3.0s. Waiting for server processing
I20260914 17:30:33.689884 294563 dfly_bench.cc:926] Done queuing 4294967295 requests, which took 3.0s. Waiting for server processing
I20260914 17:30:33.689950 294560 dfly_bench.cc:926] Done queuing 4294967295 requests, which took 3.0s. Waiting for server processing
I20260914 17:30:33.689930 294567 dfly_bench.cc:926] Done queuing 4294967295 requests, which took 3.0s. Waiting for server processing
I20260914 17:30:33.689930 294570 dfly_bench.cc:1001] ReceiveFb done
I20260914 17:30:33.689953 294569 dfly_bench.cc:1001] ReceiveFb done
I20260914 17:30:33.689922 294562 dfly_bench.cc:926] Done queuing 4294967295 requests, which took 3.0s. Waiting for server processing
I20260914 17:30:33.689934 294573 dfly_bench.cc:926] Done queuing 4294967295 requests, which took 3.0s. Waiting for server processing
I20260914 17:30:33.690012 294562 dfly_bench.cc:926] Done queuing 4294967295 requests, which took 3.0s. Waiting for server processing
I20260914 17:30:33.690027 294573 dfly_bench.cc:926] Done queuing 4294967295 requests, which took 3.0s. Waiting for server processing
I20260914 17:30:33.690032 294562 dfly_bench.cc:926] Done queuing 4294967295 requests, which took 3.0s. Waiting for server processing
I20260914 17:30:33.689935 294571 dfly_bench.cc:926] Done queuing 4294967295 requests, which took 3.0s. Waiting for server processing
I20260914 17:30:33.689977 294572 dfly_bench.cc:926] Done queuing 4294967295 requests, which took 3.0s. Waiting for server processing
I20260914 17:30:33.690045 294571 dfly_bench.cc:926] Done queuing 4294967295 requests, which took 3.0s. Waiting for server processing
I20260914 17:30:33.689955 294561 dfly_bench.cc:926] Done queuing 4294967295 requests, which took 3.0s. Waiting for server processing
I20260914 17:30:33.689994 294567 dfly_bench.cc:926] Done queuing 4294967295 requests, which took 3.0s. Waiting for server processing
I20260914 17:30:33.690053 294569 dfly_bench.cc:926] Done queuing 4294967295 requests, which took 3.0s. Waiting for server processing
I20260914 17:30:33.689975 294564 dfly_bench.cc:926] Done queuing 4294967295 requests, which took 3.0s. Waiting for server processing
I20260914 17:30:33.689981 294565 dfly_bench.cc:1001] ReceiveFb done
I20260914 17:30:33.689924 294558 dfly_bench.cc:926] Done queuing 4294967295 requests, which took 3.0s. Waiting for server processing
I20260914 17:30:33.690083 294563 dfly_bench.cc:1001] ReceiveFb done
I20260914 17:30:33.690047 294573 dfly_bench.cc:926] Done queuing 4294967295 requests, which took 3.0s. Waiting for server processing
I20260914 17:30:33.689952 294568 dfly_bench.cc:926] Done queuing 4294967295 requests, which took 3.0s. Waiting for server processing
I20260914 17:30:33.690013 294570 dfly_bench.cc:1001] ReceiveFb done
I20260914 17:30:33.690109 294563 dfly_bench.cc:1001] ReceiveFb done
I20260914 17:30:33.690039 294566 dfly_bench.cc:1001] ReceiveFb done
I20260914 17:30:33.690054 294571 dfly_bench.cc:926] Done queuing 4294967295 requests, which took 3.0s. Waiting for server processing
I20260914 17:30:33.690088 294558 dfly_bench.cc:926] Done queuing 4294967295 requests, which took 3.0s. Waiting for server processing
I20260914 17:30:33.690040 294560 dfly_bench.cc:1001] ReceiveFb done
I20260914 17:30:33.690078 294569 dfly_bench.cc:926] Done queuing 4294967295 requests, which took 3.0s. Waiting for server processing
I20260914 17:30:33.690080 294567 dfly_bench.cc:926] Done queuing 4294967295 requests, which took 3.0s. Waiting for server processing
I20260914 17:30:33.690156 294569 dfly_bench.cc:926] Done queuing 4294967295 requests, which took 3.0s. Waiting for server processing
I20260914 17:30:33.690176 294569 dfly_bench.cc:926] Done queuing 4294967295 requests, which took 3.0s. Waiting for server processing
I20260914 17:30:33.690106 294568 dfly_bench.cc:926] Done queuing 4294967295 requests, which took 3.0s. Waiting for server processing
I20260914 17:30:33.689903 294559 dfly_bench.cc:1001] ReceiveFb done
I20260914 17:30:33.690092 294565 dfly_bench.cc:1001] ReceiveFb done
I20260914 17:30:33.690130 294570 dfly_bench.cc:1001] ReceiveFb done
I20260914 17:30:33.690078 294564 dfly_bench.cc:926] Done queuing 4294967295 requests, which took 3.0s. Waiting for server processing
I20260914 17:30:33.690039 294562 dfly_bench.cc:926] Done queuing 4294967295 requests, which took 3.0s. Waiting for server processing
I20260914 17:30:33.690192 294568 dfly_bench.cc:926] Done queuing 4294967295 requests, which took 3.0s. Waiting for server processing
I20260914 17:30:33.690131 294563 dfly_bench.cc:1001] ReceiveFb done
I20260914 17:30:33.690163 294567 dfly_bench.cc:926] Done queuing 4294967295 requests, which took 3.0s. Waiting for server processing
I20260914 17:30:33.690157 294560 dfly_bench.cc:1001] ReceiveFb done
I20260914 17:30:33.690224 294564 dfly_bench.cc:926] Done queuing 4294967295 requests, which took 3.0s. Waiting for server processing
I20260914 17:30:33.690063 294572 dfly_bench.cc:926] Done queuing 4294967295 requests, which took 3.0s. Waiting for server processing
I20260914 17:30:33.690250 294567 dfly_bench.cc:926] Done queuing 4294967295 requests, which took 3.0s. Waiting for server processing
I20260914 17:30:33.690227 294570 dfly_bench.cc:1001] ReceiveFb done
I20260914 17:30:33.690222 294559 dfly_bench.cc:1001] ReceiveFb done
I20260914 17:30:33.690231 294571 dfly_bench.cc:1001] ReceiveFb done
I20260914 17:30:33.690258 294563 dfly_bench.cc:1001] ReceiveFb done
I20260914 17:30:33.690128 294558 dfly_bench.cc:926] Done queuing 4294967295 requests, which took 3.0s. Waiting for server processing
I20260914 17:30:33.690225 294562 dfly_bench.cc:926] Done queuing 4294967295 requests, which took 3.0s. Waiting for server processing
I20260914 17:30:33.690254 294564 dfly_bench.cc:926] Done queuing 4294967295 requests, which took 3.0s. Waiting for server processing
I20260914 17:30:33.690296 294558 dfly_bench.cc:926] Done queuing 4294967295 requests, which took 3.0s. Waiting for server processing
I20260914 17:30:33.690069 294561 dfly_bench.cc:926] Done queuing 4294967295 requests, which took 3.0s. Waiting for server processing
I20260914 17:30:33.690279 294572 dfly_bench.cc:926] Done queuing 4294967295 requests, which took 3.0s. Waiting for server processing
I20260914 17:30:33.690191 294569 dfly_bench.cc:926] Done queuing 4294967295 requests, which took 3.0s. Waiting for server processing
I20260914 17:30:33.690239 294568 dfly_bench.cc:926] Done queuing 4294967295 requests, which took 3.0s. Waiting for server processing
I20260914 17:30:33.690307 294563 dfly_bench.cc:1001] ReceiveFb done
I20260914 17:30:33.690308 294558 dfly_bench.cc:926] Done queuing 4294967295 requests, which took 3.0s. Waiting for server processing
I20260914 17:30:33.690352 294558 dfly_bench.cc:926] Done queuing 4294967295 requests, which took 3.0s. Waiting for server processing
I20260914 17:30:33.690303 294559 dfly_bench.cc:1001] ReceiveFb done
I20260914 17:30:33.690306 294571 dfly_bench.cc:1001] ReceiveFb done
I20260914 17:30:33.690354 294567 dfly_bench.cc:1001] ReceiveFb done
I20260914 17:30:33.690296 294570 dfly_bench.cc:1001] ReceiveFb done
I20260914 17:30:33.690376 294567 dfly_bench.cc:1001] ReceiveFb done
I20260914 17:30:33.690135 294566 dfly_bench.cc:1001] ReceiveFb done
I20260914 17:30:33.690328 294569 dfly_bench.cc:926] Done queuing 4294967295 requests, which took 3.0s. Waiting for server processing
I20260914 17:30:33.690209 294573 dfly_bench.cc:1001] ReceiveFb done
I20260914 17:30:33.690305 294562 dfly_bench.cc:926] Done queuing 4294967295 requests, which took 3.0s. Waiting for server processing
I20260914 17:30:33.690222 294565 dfly_bench.cc:1001] ReceiveFb done
I20260914 17:30:33.690337 294568 dfly_bench.cc:926] Done queuing 4294967295 requests, which took 3.0s. Waiting for server processing
I20260914 17:30:33.690349 294563 dfly_bench.cc:1001] ReceiveFb done
I20260914 17:30:33.690414 294565 dfly_bench.cc:1001] ReceiveFb done
I20260914 17:30:33.690410 294573 dfly_bench.cc:1001] ReceiveFb done
I20260914 17:30:33.690446 294565 dfly_bench.cc:1001] ReceiveFb done
I20260914 17:30:33.690397 294567 dfly_bench.cc:1001] ReceiveFb done
I20260914 17:30:33.690461 294564 dfly_bench.cc:1001] ReceiveFb done
I20260914 17:30:33.690315 294561 dfly_bench.cc:926] Done queuing 4294967295 requests, which took 3.0s. Waiting for server processing
I20260914 17:30:33.690442 294558 dfly_bench.cc:1001] ReceiveFb done
I20260914 17:30:33.690402 294566 dfly_bench.cc:1001] ReceiveFb done
I20260914 17:30:33.690387 294570 dfly_bench.cc:1001] ReceiveFb done
I20260914 17:30:33.690371 294559 dfly_bench.cc:1001] ReceiveFb done
I20260914 17:30:33.690474 294565 dfly_bench.cc:1001] ReceiveFb done
I20260914 17:30:33.690402 294562 dfly_bench.cc:926] Done queuing 4294967295 requests, which took 3.0s. Waiting for server processing
I20260914 17:30:33.690441 294563 dfly_bench.cc:1001] ReceiveFb done
I20260914 17:30:33.690505 294558 dfly_bench.cc:1001] ReceiveFb done
I20260914 17:30:33.690511 294562 dfly_bench.cc:926] Done queuing 4294967295 requests, which took 3.0s. Waiting for server processing
I20260914 17:30:33.690492 294561 dfly_bench.cc:926] Done queuing 4294967295 requests, which took 3.0s. Waiting for server processing
I20260914 17:30:33.690375 294571 dfly_bench.cc:1001] ReceiveFb done
I20260914 17:30:33.690521 294565 dfly_bench.cc:1001] ReceiveFb done
I20260914 17:30:33.690457 294573 dfly_bench.cc:1001] ReceiveFb done
I20260914 17:30:33.690506 294564 dfly_bench.cc:1001] ReceiveFb done
I20260914 17:30:33.690529 294558 dfly_bench.cc:1001] ReceiveFb done
I20260914 17:30:33.690263 294560 dfly_bench.cc:1001] ReceiveFb done
I20260914 17:30:33.690527 294563 dfly_bench.cc:1001] ReceiveFb done
I20260914 17:30:33.690553 294558 dfly_bench.cc:1001] ReceiveFb done
I20260914 17:30:33.690397 294569 dfly_bench.cc:926] Done queuing 4294967295 requests, which took 3.0s. Waiting for server processing
I20260914 17:30:33.690522 294559 dfly_bench.cc:1001] ReceiveFb done
I20260914 17:30:33.690539 294571 dfly_bench.cc:1001] ReceiveFb done
I20260914 17:30:33.690550 294573 dfly_bench.cc:1001] ReceiveFb done
I20260914 17:30:33.690552 294564 dfly_bench.cc:1001] ReceiveFb done
I20260914 17:30:33.690590 294559 dfly_bench.cc:1001] ReceiveFb done
I20260914 17:30:33.690483 294567 dfly_bench.cc:1001] ReceiveFb done
I20260914 17:30:33.690599 294573 dfly_bench.cc:1001] ReceiveFb done
I20260914 17:30:33.690567 294569 dfly_bench.cc:926] Done queuing 4294967295 requests, which took 3.0s. Waiting for server processing
I20260914 17:30:33.690609 294564 dfly_bench.cc:1001] ReceiveFb done
I20260914 17:30:33.690608 294562 dfly_bench.cc:1001] ReceiveFb done
I20260914 17:30:33.690523 294570 dfly_bench.cc:1001] ReceiveFb done
I20260914 17:30:33.690619 294573 dfly_bench.cc:1001] ReceiveFb done
I20260914 17:30:33.690616 294567 dfly_bench.cc:1001] ReceiveFb done
I20260914 17:30:33.690614 294559 dfly_bench.cc:1001] ReceiveFb done
I20260914 17:30:33.690423 294568 dfly_bench.cc:926] Done queuing 4294967295 requests, which took 3.0s. Waiting for server processing
I20260914 17:30:33.690629 294564 dfly_bench.cc:1001] ReceiveFb done
I20260914 17:30:33.690591 294571 dfly_bench.cc:1001] ReceiveFb done
I20260914 17:30:33.690631 294562 dfly_bench.cc:1001] ReceiveFb done
I20260914 17:30:33.690557 294565 dfly_bench.cc:1001] ReceiveFb done
I20260914 17:30:33.690652 294564 dfly_bench.cc:1001] ReceiveFb done
I20260914 17:30:33.690580 294558 dfly_bench.cc:1001] ReceiveFb done
I20260914 17:30:33.690567 294563 dfly_bench.cc:1001] ReceiveFb done
I20260914 17:30:33.690513 294566 dfly_bench.cc:1001] ReceiveFb done
I20260914 17:30:33.690640 294573 dfly_bench.cc:1001] ReceiveFb done
I20260914 17:30:33.690420 294572 dfly_bench.cc:1001] ReceiveFb done
I20260914 17:30:33.690615 294569 dfly_bench.cc:926] Done queuing 4294967295 requests, which took 3.0s. Waiting for server processing
I20260914 17:30:33.690524 294561 dfly_bench.cc:926] Done queuing 4294967295 requests, which took 3.0s. Waiting for server processing
I20260914 17:30:33.690641 294567 dfly_bench.cc:1001] ReceiveFb done
I20260914 17:30:33.690701 294563 dfly_bench.cc:926] Done queuing 4294967295 requests, which took 3.0s. Waiting for server processing
I20260914 17:30:33.690557 294560 dfly_bench.cc:1001] ReceiveFb done
I20260914 17:30:33.690661 294562 dfly_bench.cc:1001] ReceiveFb done
I20260914 17:30:33.690689 294565 dfly_bench.cc:926] Done queuing 4294967295 requests, which took 3.0s. Waiting for server processing
I20260914 17:30:33.690694 294561 dfly_bench.cc:926] Done queuing 4294967295 requests, which took 3.0s. Waiting for server processing
I20260914 17:30:33.690719 294565 dfly_bench.cc:926] Done queuing 4294967295 requests, which took 3.0s. Waiting for server processing
I20260914 17:30:33.690660 294571 dfly_bench.cc:1001] ReceiveFb done
I20260914 17:30:33.690637 294568 dfly_bench.cc:926] Done queuing 4294967295 requests, which took 3.0s. Waiting for server processing
I20260914 17:30:33.690727 294562 dfly_bench.cc:1001] ReceiveFb done
I20260914 17:30:33.690672 294558 dfly_bench.cc:1001] ReceiveFb done
I20260914 17:30:33.690733 294568 dfly_bench.cc:926] Done queuing 4294967295 requests, which took 3.0s. Waiting for server processing
I20260914 17:30:33.690645 294570 dfly_bench.cc:1001] ReceiveFb done
I20260914 17:30:33.690730 294565 dfly_bench.cc:926] Done queuing 4294967295 requests, which took 3.0s. Waiting for server processing
I20260914 17:30:33.690670 294564 dfly_bench.cc:1001] ReceiveFb done
I20260914 17:30:33.690725 294560 dfly_bench.cc:1001] ReceiveFb done
I20260914 17:30:33.690713 294563 dfly_bench.cc:926] Done queuing 4294967295 requests, which took 3.0s. Waiting for server processing
I20260914 17:30:33.690726 294561 dfly_bench.cc:926] Done queuing 4294967295 requests, which took 3.0s. Waiting for server processing
I20260914 17:30:33.690743 294568 dfly_bench.cc:926] Done queuing 4294967295 requests, which took 3.0s. Waiting for server processing
I20260914 17:30:33.690680 294573 dfly_bench.cc:1001] ReceiveFb done
I20260914 17:30:33.690752 294558 dfly_bench.cc:1001] ReceiveFb done
I20260914 17:30:33.690762 294563 dfly_bench.cc:926] Done queuing 4294967295 requests, which took 3.0s. Waiting for server processing
I20260914 17:30:33.690691 294569 dfly_bench.cc:926] Done queuing 4294967295 requests, which took 3.0s. Waiting for server processing
I20260914 17:30:33.690768 294571 dfly_bench.cc:926] Done queuing 4294967295 requests, which took 3.0s. Waiting for server processing
I20260914 17:30:33.690721 294567 dfly_bench.cc:1001] ReceiveFb done
I20260914 17:30:33.690784 294569 dfly_bench.cc:926] Done queuing 4294967295 requests, which took 3.0s. Waiting for server processing
I20260914 17:30:33.690786 294571 dfly_bench.cc:926] Done queuing 4294967295 requests, which took 3.0s. Waiting for server processing
I20260914 17:30:33.690768 294568 dfly_bench.cc:926] Done queuing 4294967295 requests, which took 3.0s. Waiting for server processing
I20260914 17:30:33.690759 294570 dfly_bench.cc:1001] ReceiveFb done
I20260914 17:30:33.690765 294560 dfly_bench.cc:1001] ReceiveFb done
I20260914 17:30:33.690709 294566 dfly_bench.cc:926] Done queuing 4294967295 requests, which took 3.0s. Waiting for server processing
I20260914 17:30:33.690802 294567 dfly_bench.cc:1001] ReceiveFb done
I20260914 17:30:33.690687 294572 dfly_bench.cc:1001] ReceiveFb done
I20260914 17:30:33.690814 294570 dfly_bench.cc:1001] ReceiveFb done
I20260914 17:30:33.690824 294567 dfly_bench.cc:1001] ReceiveFb done
I20260914 17:30:33.690804 294568 dfly_bench.cc:926] Done queuing 4294967295 requests, which took 3.0s. Waiting for server processing
I20260914 17:30:33.690764 294564 dfly_bench.cc:1001] ReceiveFb done
I20260914 17:30:33.690785 294573 dfly_bench.cc:1001] ReceiveFb done
I20260914 17:30:33.690830 294572 dfly_bench.cc:1001] ReceiveFb done
I20260914 17:30:33.690860 294561 dfly_bench.cc:1001] ReceiveFb done
I20260914 17:30:33.690842 294568 dfly_bench.cc:926] Done queuing 4294967295 requests, which took 3.0s. Waiting for server processing
I20260914 17:30:33.690670 294559 dfly_bench.cc:926] Done queuing 4294967295 requests, which took 3.0s. Waiting for server processing
I20260914 17:30:33.690850 294560 dfly_bench.cc:926] Done queuing 4294967295 requests, which took 3.0s. Waiting for server processing
I20260914 17:30:33.690873 294572 dfly_bench.cc:1001] ReceiveFb done
I20260914 17:30:33.690881 294559 dfly_bench.cc:926] Done queuing 4294967295 requests, which took 3.0s. Waiting for server processing
I20260914 17:30:33.690862 294564 dfly_bench.cc:1001] ReceiveFb done
I20260914 17:30:33.690892 294572 dfly_bench.cc:1001] ReceiveFb done
I20260914 17:30:33.690925 294564 dfly_bench.cc:926] Done queuing 4294967295 requests, which took 3.0s. Waiting for server processing
I20260914 17:30:33.690935 294564 dfly_bench.cc:926] Done queuing 4294967295 requests, which took 3.0s. Waiting for server processing
I20260914 17:30:33.690749 294565 dfly_bench.cc:926] Done queuing 4294967295 requests, which took 3.0s. Waiting for server processing
I20260914 17:30:33.690945 294564 dfly_bench.cc:926] Done queuing 4294967295 requests, which took 3.0s. Waiting for server processing
I20260914 17:30:33.690949 294569 dfly_bench.cc:926] Done queuing 4294967295 requests, which took 3.0s. Waiting for server processing
I20260914 17:30:33.690876 294568 dfly_bench.cc:926] Done queuing 4294967295 requests, which took 3.0s. Waiting for server processing
I20260914 17:30:33.690958 294564 dfly_bench.cc:926] Done queuing 4294967295 requests, which took 3.0s. Waiting for server processing
I20260914 17:30:33.690898 294573 dfly_bench.cc:926] Done queuing 4294967295 requests, which took 3.0s. Waiting for server processing
I20260914 17:30:33.690883 294561 dfly_bench.cc:1001] ReceiveFb done
I20260914 17:30:33.690809 294566 dfly_bench.cc:926] Done queuing 4294967295 requests, which took 3.0s. Waiting for server processing
I20260914 17:30:33.690963 294569 dfly_bench.cc:926] Done queuing 4294967295 requests, which took 3.0s. Waiting for server processing
I20260914 17:30:33.690933 294571 dfly_bench.cc:926] Done queuing 4294967295 requests, which took 3.0s. Waiting for server processing
I20260914 17:30:33.690747 294562 dfly_bench.cc:1001] ReceiveFb done
I20260914 17:30:33.691009 294571 dfly_bench.cc:926] Done queuing 4294967295 requests, which took 3.0s. Waiting for server processing
I20260914 17:30:33.690966 294563 dfly_bench.cc:926] Done queuing 4294967295 requests, which took 3.0s. Waiting for server processing
I20260914 17:30:33.690899 294559 dfly_bench.cc:926] Done queuing 4294967295 requests, which took 3.0s. Waiting for server processing
I20260914 17:30:33.691028 294562 dfly_bench.cc:1001] ReceiveFb done
I20260914 17:30:33.690963 294568 dfly_bench.cc:926] Done queuing 4294967295 requests, which took 3.0s. Waiting for server processing
I20260914 17:30:33.691044 294568 dfly_bench.cc:926] Done queuing 4294967295 requests, which took 3.0s. Waiting for server processing
I20260914 17:30:33.691002 294566 dfly_bench.cc:926] Done queuing 4294967295 requests, which took 3.0s. Waiting for server processing
I20260914 17:30:33.691020 294571 dfly_bench.cc:926] Done queuing 4294967295 requests, which took 3.0s. Waiting for server processing
I20260914 17:30:33.691068 294568 dfly_bench.cc:926] Done queuing 4294967295 requests, which took 3.0s. Waiting for server processing
I20260914 17:30:33.691077 294568 dfly_bench.cc:926] Done queuing 4294967295 requests, which took 3.0s. Waiting for server processing
I20260914 17:30:33.691031 294563 dfly_bench.cc:926] Done queuing 4294967295 requests, which took 3.0s. Waiting for server processing
I20260914 17:30:33.691004 294561 dfly_bench.cc:1001] ReceiveFb done
I20260914 17:30:33.690932 294572 dfly_bench.cc:1001] ReceiveFb done
I20260914 17:30:33.690881 294560 dfly_bench.cc:926] Done queuing 4294967295 requests, which took 3.0s. Waiting for server processing
I20260914 17:30:33.690845 294567 dfly_bench.cc:1001] ReceiveFb done
I20260914 17:30:33.690788 294558 dfly_bench.cc:1001] ReceiveFb done
I20260914 17:30:33.691004 294569 dfly_bench.cc:926] Done queuing 4294967295 requests, which took 3.0s. Waiting for server processing
I20260914 17:30:33.691052 294562 dfly_bench.cc:1001] ReceiveFb done
I20260914 17:30:33.690980 294573 dfly_bench.cc:926] Done queuing 4294967295 requests, which took 3.0s. Waiting for server processing
I20260914 17:30:33.691075 294566 dfly_bench.cc:926] Done queuing 4294967295 requests, which took 3.0s. Waiting for server processing
I20260914 17:30:33.691110 294570 dfly_bench.cc:926] Done queuing 4294967295 requests, which took 3.0s. Waiting for server processing
I20260914 17:30:33.691129 294569 dfly_bench.cc:926] Done queuing 4294967295 requests, which took 3.0s. Waiting for server processing
I20260914 17:30:33.691128 294566 dfly_bench.cc:926] Done queuing 4294967295 requests, which took 3.0s. Waiting for server processing
I20260914 17:30:33.691141 294565 dfly_bench.cc:926] Done queuing 4294967295 requests, which took 3.0s. Waiting for server processing
I20260914 17:30:33.691155 294566 dfly_bench.cc:926] Done queuing 4294967295 requests, which took 3.0s. Waiting for server processing
I20260914 17:30:33.691126 294567 dfly_bench.cc:1001] ReceiveFb done
I20260914 17:30:33.691077 294571 dfly_bench.cc:926] Done queuing 4294967295 requests, which took 3.0s. Waiting for server processing
I20260914 17:30:33.691104 294563 dfly_bench.cc:926] Done queuing 4294967295 requests, which took 3.0s. Waiting for server processing
I20260914 17:30:33.691111 294560 dfly_bench.cc:926] Done queuing 4294967295 requests, which took 3.0s. Waiting for server processing
I20260914 17:30:33.691172 294571 dfly_bench.cc:926] Done queuing 4294967295 requests, which took 3.0s. Waiting for server processing
I20260914 17:30:33.691169 294565 dfly_bench.cc:926] Done queuing 4294967295 requests, which took 3.0s. Waiting for server processing
I20260914 17:30:33.691126 294558 dfly_bench.cc:1001] ReceiveFb done
I20260914 17:30:33.691126 294573 dfly_bench.cc:926] Done queuing 4294967295 requests, which took 3.0s. Waiting for server processing
I20260914 17:30:33.691141 294569 dfly_bench.cc:926] Done queuing 4294967295 requests, which took 3.0s. Waiting for server processing
I20260914 17:30:33.691177 294563 dfly_bench.cc:926] Done queuing 4294967295 requests, which took 3.0s. Waiting for server processing
I20260914 17:30:33.691216 294558 dfly_bench.cc:1001] ReceiveFb done
I20260914 17:30:33.691185 294571 dfly_bench.cc:926] Done queuing 4294967295 requests, which took 3.0s. Waiting for server processing
I20260914 17:30:33.691183 294560 dfly_bench.cc:926] Done queuing 4294967295 requests, which took 3.0s. Waiting for server processing
I20260914 17:30:33.691181 294567 dfly_bench.cc:1001] ReceiveFb done
I20260914 17:30:33.691143 294570 dfly_bench.cc:926] Done queuing 4294967295 requests, which took 3.0s. Waiting for server processing
I20260914 17:30:33.691202 294569 dfly_bench.cc:926] Done queuing 4294967295 requests, which took 3.0s. Waiting for server processing
I20260914 17:30:33.691246 294558 dfly_bench.cc:1001] ReceiveFb done
I20260914 17:30:33.691152 294562 dfly_bench.cc:1001] ReceiveFb done
I20260914 17:30:33.691192 294568 dfly_bench.cc:1001] ReceiveFb done
I20260914 17:30:33.691243 294559 dfly_bench.cc:926] Done queuing 4294967295 requests, which took 3.0s. Waiting for server processing
I20260914 17:30:33.691128 294572 dfly_bench.cc:1001] ReceiveFb done
I20260914 17:30:33.691243 294560 dfly_bench.cc:926] Done queuing 4294967295 requests, which took 3.0s. Waiting for server processing
I20260914 17:30:33.691215 294563 dfly_bench.cc:926] Done queuing 4294967295 requests, which took 3.0s. Waiting for server processing
I20260914 17:30:33.691295 294566 dfly_bench.cc:926] Done queuing 4294967295 requests, which took 3.0s. Waiting for server processing
I20260914 17:30:33.691254 294570 dfly_bench.cc:926] Done queuing 4294967295 requests, which took 3.0s. Waiting for server processing
I20260914 17:30:33.691195 294573 dfly_bench.cc:926] Done queuing 4294967295 requests, which took 3.0s. Waiting for server processing
I20260914 17:30:33.691306 294566 dfly_bench.cc:926] Done queuing 4294967295 requests, which took 3.0s. Waiting for server processing
I20260914 17:30:33.691305 294563 dfly_bench.cc:926] Done queuing 4294967295 requests, which took 3.0s. Waiting for server processing
I20260914 17:30:33.691259 294569 dfly_bench.cc:1001] ReceiveFb done
I20260914 17:30:33.691116 294561 dfly_bench.cc:1001] ReceiveFb done
I20260914 17:30:33.691193 294564 dfly_bench.cc:1001] ReceiveFb done
I20260914 17:30:33.691243 294571 dfly_bench.cc:926] Done queuing 4294967295 requests, which took 3.0s. Waiting for server processing
I20260914 17:30:33.691303 294560 dfly_bench.cc:926] Done queuing 4294967295 requests, which took 3.0s. Waiting for server processing
I20260914 17:30:33.691260 294567 dfly_bench.cc:1001] ReceiveFb done
I20260914 17:30:33.691308 294568 dfly_bench.cc:1001] ReceiveFb done
I20260914 17:30:33.691313 294570 dfly_bench.cc:926] Done queuing 4294967295 requests, which took 3.0s. Waiting for server processing
I20260914 17:30:33.691349 294571 dfly_bench.cc:926] Done queuing 4294967295 requests, which took 3.0s. Waiting for server processing
I20260914 17:30:33.691368 294568 dfly_bench.cc:1001] ReceiveFb done
I20260914 17:30:33.691260 294565 dfly_bench.cc:1001] ReceiveFb done
I20260914 17:30:33.691319 294572 dfly_bench.cc:1001] ReceiveFb done
I20260914 17:30:33.691325 294563 dfly_bench.cc:926] Done queuing 4294967295 requests, which took 3.0s. Waiting for server processing
I20260914 17:30:33.691269 294558 dfly_bench.cc:1001] ReceiveFb done
I20260914 17:30:33.691304 294559 dfly_bench.cc:926] Done queuing 4294967295 requests, which took 3.0s. Waiting for server processing
I20260914 17:30:33.691390 294568 dfly_bench.cc:1001] ReceiveFb done
I20260914 17:30:33.691316 294573 dfly_bench.cc:926] Done queuing 4294967295 requests, which took 3.0s. Waiting for server processing
I20260914 17:30:33.691390 294567 dfly_bench.cc:926] Done queuing 4294967295 requests, which took 3.0s. Waiting for server processing
I20260914 17:30:33.691359 294569 dfly_bench.cc:1001] ReceiveFb done
I20260914 17:30:33.691356 294564 dfly_bench.cc:1001] ReceiveFb done
I20260914 17:30:33.691392 294563 dfly_bench.cc:926] Done queuing 4294967295 requests, which took 3.0s. Waiting for server processing
I20260914 17:30:33.691377 294571 dfly_bench.cc:926] Done queuing 4294967295 requests, which took 3.0s. Waiting for server processing
I20260914 17:30:33.691434 294564 dfly_bench.cc:1001] ReceiveFb done
I20260914 17:30:33.691356 294561 dfly_bench.cc:1001] ReceiveFb done
I20260914 17:30:33.691371 294570 dfly_bench.cc:926] Done queuing 4294967295 requests, which took 3.0s. Waiting for server processing
I20260914 17:30:33.691403 294559 dfly_bench.cc:926] Done queuing 4294967295 requests, which took 3.0s. Waiting for server processing
I20260914 17:30:33.691354 294560 dfly_bench.cc:926] Done queuing 4294967295 requests, which took 3.0s. Waiting for server processing
I20260914 17:30:33.691481 294560 dfly_bench.cc:926] Done queuing 4294967295 requests, which took 3.0s. Waiting for server processing
I20260914 17:30:33.691301 294562 dfly_bench.cc:1001] ReceiveFb done
I20260914 17:30:33.691431 294563 dfly_bench.cc:926] Done queuing 4294967295 requests, which took 3.0s. Waiting for server processing
I20260914 17:30:33.691428 294569 dfly_bench.cc:1001] ReceiveFb done
I20260914 17:30:33.691318 294566 dfly_bench.cc:926] Done queuing 4294967295 requests, which took 3.0s. Waiting for server processing
I20260914 17:30:33.691432 294571 dfly_bench.cc:926] Done queuing 4294967295 requests, which took 3.0s. Waiting for server processing
I20260914 17:30:33.691475 294561 dfly_bench.cc:1001] ReceiveFb done
I20260914 17:30:33.691473 294564 dfly_bench.cc:1001] ReceiveFb done
I20260914 17:30:33.691499 294563 dfly_bench.cc:926] Done queuing 4294967295 requests, which took 3.0s. Waiting for server processing
I20260914 17:30:33.691478 294570 dfly_bench.cc:926] Done queuing 4294967295 requests, which took 3.0s. Waiting for server processing
I20260914 17:30:33.691529 294564 dfly_bench.cc:926] Done queuing 4294967295 requests, which took 3.0s. Waiting for server processing
I20260914 17:30:33.691411 294572 dfly_bench.cc:1001] ReceiveFb done
I20260914 17:30:33.691478 294559 dfly_bench.cc:926] Done queuing 4294967295 requests, which took 3.0s. Waiting for server processing
I20260914 17:30:33.691416 294568 dfly_bench.cc:1001] ReceiveFb done
I20260914 17:30:33.691561 294559 dfly_bench.cc:926] Done queuing 4294967295 requests, which took 3.0s. Waiting for server processing
I20260914 17:30:33.691413 294558 dfly_bench.cc:1001] ReceiveFb done
I20260914 17:30:33.691578 294568 dfly_bench.cc:1001] ReceiveFb done
I20260914 17:30:33.691510 294571 dfly_bench.cc:926] Done queuing 4294967295 requests, which took 3.0s. Waiting for server processing
I20260914 17:30:33.691571 294559 dfly_bench.cc:926] Done queuing 4294967295 requests, which took 3.0s. Waiting for server processing
I20260914 17:30:33.691589 294571 dfly_bench.cc:926] Done queuing 4294967295 requests, which took 3.0s. Waiting for server processing
I20260914 17:30:33.691416 294567 dfly_bench.cc:926] Done queuing 4294967295 requests, which took 3.0s. Waiting for server processing
I20260914 17:30:33.691599 294571 dfly_bench.cc:926] Done queuing 4294967295 requests, which took 3.0s. Waiting for server processing
I20260914 17:30:33.691597 294568 dfly_bench.cc:1001] ReceiveFb done
I20260914 17:30:33.691603 294563 dfly_bench.cc:1001] ReceiveFb done
I20260914 17:30:33.691397 294565 dfly_bench.cc:1001] ReceiveFb done
I20260914 17:30:33.691536 294570 dfly_bench.cc:926] Done queuing 4294967295 requests, which took 3.0s. Waiting for server processing
I20260914 17:30:33.691619 294568 dfly_bench.cc:1001] ReceiveFb done
I20260914 17:30:33.691516 294562 dfly_bench.cc:1001] ReceiveFb done
I20260914 17:30:33.691630 294570 dfly_bench.cc:926] Done queuing 4294967295 requests, which took 3.0s. Waiting for server processing
I20260914 17:30:33.691505 294566 dfly_bench.cc:926] Done queuing 4294967295 requests, which took 3.0s. Waiting for server processing
I20260914 17:30:33.691519 294569 dfly_bench.cc:1001] ReceiveFb done
I20260914 17:30:33.691684 294566 dfly_bench.cc:926] Done queuing 4294967295 requests, which took 3.0s. Waiting for server processing
I20260914 17:30:33.691666 294560 dfly_bench.cc:926] Done queuing 4294967295 requests, which took 3.0s. Waiting for server processing
I20260914 17:30:33.691606 294571 dfly_bench.cc:926] Done queuing 4294967295 requests, which took 3.0s. Waiting for server processing
I20260914 17:30:33.691699 294569 dfly_bench.cc:1001] ReceiveFb done
I20260914 17:30:33.691628 294565 dfly_bench.cc:1001] ReceiveFb done
I20260914 17:30:33.691717 294569 dfly_bench.cc:1001] ReceiveFb done
I20260914 17:30:33.691629 294573 dfly_bench.cc:926] Done queuing 4294967295 requests, which took 3.0s. Waiting for server processing
I20260914 17:30:33.691525 294561 dfly_bench.cc:1001] ReceiveFb done
I20260914 17:30:33.691704 294571 dfly_bench.cc:926] Done queuing 4294967295 requests, which took 3.0s. Waiting for server processing
I20260914 17:30:33.691730 294565 dfly_bench.cc:1001] ReceiveFb done
I20260914 17:30:33.691745 294569 dfly_bench.cc:1001] ReceiveFb done
I20260914 17:30:33.691567 294572 dfly_bench.cc:1001] ReceiveFb done
I20260914 17:30:33.691748 294565 dfly_bench.cc:1001] ReceiveFb done
I20260914 17:30:33.691642 294568 dfly_bench.cc:1001] ReceiveFb done
I20260914 17:30:33.691735 294573 dfly_bench.cc:926] Done queuing 4294967295 requests, which took 3.0s. Waiting for server processing
I20260914 17:30:33.691769 294569 dfly_bench.cc:1001] ReceiveFb done
I20260914 17:30:33.691591 294559 dfly_bench.cc:926] Done queuing 4294967295 requests, which took 3.0s. Waiting for server processing
I20260914 17:30:33.691779 294568 dfly_bench.cc:1001] ReceiveFb done
I20260914 17:30:33.691758 294561 dfly_bench.cc:1001] ReceiveFb done
I20260914 17:30:33.691794 294569 dfly_bench.cc:1001] ReceiveFb done
I20260914 17:30:33.691627 294563 dfly_bench.cc:1001] ReceiveFb done
I20260914 17:30:33.691773 294565 dfly_bench.cc:1001] ReceiveFb done
I20260914 17:30:33.691802 294568 dfly_bench.cc:1001] ReceiveFb done
I20260914 17:30:33.691695 294566 dfly_bench.cc:926] Done queuing 4294967295 requests, which took 3.0s. Waiting for server processing
I20260914 17:30:33.691604 294567 dfly_bench.cc:926] Done queuing 4294967295 requests, which took 3.0s. Waiting for server processing
I20260914 17:30:33.691828 294569 dfly_bench.cc:1001] ReceiveFb done
I20260914 17:30:33.691540 294564 dfly_bench.cc:926] Done queuing 4294967295 requests, which took 3.0s. Waiting for server processing
I20260914 17:30:33.691850 294565 dfly_bench.cc:926] Done queuing 4294967295 requests, which took 3.0s. Waiting for server processing
I20260914 17:30:33.691854 294564 dfly_bench.cc:926] Done queuing 4294967295 requests, which took 3.0s. Waiting for server processing
I20260914 17:30:33.691855 294569 dfly_bench.cc:1001] ReceiveFb done
I20260914 17:30:33.691660 294570 dfly_bench.cc:926] Done queuing 4294967295 requests, which took 3.0s. Waiting for server processing
I20260914 17:30:33.691661 294562 dfly_bench.cc:1001] ReceiveFb done
I20260914 17:30:33.691735 294571 dfly_bench.cc:926] Done queuing 4294967295 requests, which took 3.0s. Waiting for server processing
I20260914 17:30:33.691874 294570 dfly_bench.cc:926] Done queuing 4294967295 requests, which took 3.0s. Waiting for server processing
I20260914 17:30:33.691790 294559 dfly_bench.cc:926] Done queuing 4294967295 requests, which took 3.0s. Waiting for server processing
I20260914 17:30:33.691890 294562 dfly_bench.cc:1001] ReceiveFb done
I20260914 17:30:33.691776 294572 dfly_bench.cc:1001] ReceiveFb done
I20260914 17:30:33.691817 294561 dfly_bench.cc:1001] ReceiveFb done
I20260914 17:30:33.691835 294568 dfly_bench.cc:1001] ReceiveFb done
I20260914 17:30:33.691834 294567 dfly_bench.cc:926] Done queuing 4294967295 requests, which took 3.0s. Waiting for server processing
I20260914 17:30:33.691833 294563 dfly_bench.cc:1001] ReceiveFb done
I20260914 17:30:33.691771 294573 dfly_bench.cc:926] Done queuing 4294967295 requests, which took 3.0s. Waiting for server processing
I20260914 17:30:33.691859 294565 dfly_bench.cc:926] Done queuing 4294967295 requests, which took 3.0s. Waiting for server processing
I20260914 17:30:33.691831 294566 dfly_bench.cc:926] Done queuing 4294967295 requests, which took 3.0s. Waiting for server processing
I20260914 17:30:33.691937 294568 dfly_bench.cc:1001] ReceiveFb done
I20260914 17:30:33.691918 294562 dfly_bench.cc:1001] ReceiveFb done
I20260914 17:30:33.691884 294571 dfly_bench.cc:926] Done queuing 4294967295 requests, which took 3.0s. Waiting for server processing
I20260914 17:30:33.691946 294563 dfly_bench.cc:1001] ReceiveFb done
I20260914 17:30:33.691948 294566 dfly_bench.cc:926] Done queuing 4294967295 requests, which took 3.0s. Waiting for server processing
I20260914 17:30:33.691908 294558 dfly_bench.cc:926] Done queuing 4294967295 requests, which took 3.0s. Waiting for server processing
I20260914 17:30:33.691941 294565 dfly_bench.cc:926] Done queuing 4294967295 requests, which took 3.0s. Waiting for server processing
I20260914 17:30:33.691967 294566 dfly_bench.cc:926] Done queuing 4294967295 requests, which took 3.0s. Waiting for server processing
I20260914 17:30:33.691977 294563 dfly_bench.cc:1001] ReceiveFb done
I20260914 17:30:33.691864 294564 dfly_bench.cc:926] Done queuing 4294967295 requests, which took 3.0s. Waiting for server processing
I20260914 17:30:33.691706 294560 dfly_bench.cc:926] Done queuing 4294967295 requests, which took 3.0s. Waiting for server processing
I20260914 17:30:33.691980 294566 dfly_bench.cc:926] Done queuing 4294967295 requests, which took 3.0s. Waiting for server processing
I20260914 17:30:33.691991 294564 dfly_bench.cc:926] Done queuing 4294967295 requests, which took 3.0s. Waiting for server processing
I20260914 17:30:33.691886 294570 dfly_bench.cc:926] Done queuing 4294967295 requests, which took 3.0s. Waiting for server processing
I20260914 17:30:33.691973 294562 dfly_bench.cc:1001] ReceiveFb done
I20260914 17:30:33.691999 294563 dfly_bench.cc:1001] ReceiveFb done
I20260914 17:30:33.692003 294564 dfly_bench.cc:926] Done queuing 4294967295 requests, which took 3.0s. Waiting for server processing
I20260914 17:30:33.691888 294559 dfly_bench.cc:926] Done queuing 4294967295 requests, which took 3.0s. Waiting for server processing
I20260914 17:30:33.691977 294558 dfly_bench.cc:926] Done queuing 4294967295 requests, which took 3.0s. Waiting for server processing
I20260914 17:30:33.691932 294567 dfly_bench.cc:926] Done queuing 4294967295 requests, which took 3.0s. Waiting for server processing
I20260914 17:30:33.691939 294573 dfly_bench.cc:926] Done queuing 4294967295 requests, which took 3.0s. Waiting for server processing
I20260914 17:30:33.691915 294569 dfly_bench.cc:926] Done queuing 4294967295 requests, which took 3.0s. Waiting for server processing
I20260914 17:30:33.691977 294568 dfly_bench.cc:1001] ReceiveFb done
I20260914 17:30:33.692016 294564 dfly_bench.cc:926] Done queuing 4294967295 requests, which took 3.0s. Waiting for server processing
I20260914 17:30:33.691999 294566 dfly_bench.cc:926] Done queuing 4294967295 requests, which took 3.0s. Waiting for server processing
I20260914 17:30:33.692049 294568 dfly_bench.cc:1001] ReceiveFb done
I20260914 17:30:33.691992 294560 dfly_bench.cc:926] Done queuing 4294967295 requests, which took 3.0s. Waiting for server processing
I20260914 17:30:33.692024 294567 dfly_bench.cc:926] Done queuing 4294967295 requests, which took 3.0s. Waiting for server processing
I20260914 17:30:33.691977 294565 dfly_bench.cc:926] Done queuing 4294967295 requests, which took 3.0s. Waiting for server processing
I20260914 17:30:33.691928 294572 dfly_bench.cc:1001] ReceiveFb done
I20260914 17:30:33.692080 294567 dfly_bench.cc:926] Done queuing 4294967295 requests, which took 3.0s. Waiting for server processing
I20260914 17:30:33.692030 294573 dfly_bench.cc:926] Done queuing 4294967295 requests, which took 3.0s. Waiting for server processing
I20260914 17:30:33.691942 294561 dfly_bench.cc:1001] ReceiveFb done
I20260914 17:30:33.692062 294570 dfly_bench.cc:1001] ReceiveFb done
I20260914 17:30:33.692050 294566 dfly_bench.cc:1001] ReceiveFb done
I20260914 17:30:33.692075 294568 dfly_bench.cc:1001] ReceiveFb done
I20260914 17:30:33.692095 294573 dfly_bench.cc:926] Done queuing 4294967295 requests, which took 3.0s. Waiting for server processing
I20260914 17:30:33.692045 294562 dfly_bench.cc:926] Done queuing 4294967295 requests, which took 3.0s. Waiting for server processing
I20260914 17:30:33.692036 294569 dfly_bench.cc:926] Done queuing 4294967295 requests, which took 3.0s. Waiting for server processing
I20260914 17:30:33.692071 294560 dfly_bench.cc:926] Done queuing 4294967295 requests, which took 3.0s. Waiting for server processing
I20260914 17:30:33.692121 294568 dfly_bench.cc:1001] ReceiveFb done
I20260914 17:30:33.692129 294569 dfly_bench.cc:926] Done queuing 4294967295 requests, which took 3.0s. Waiting for server processing
I20260914 17:30:33.692111 294573 dfly_bench.cc:926] Done queuing 4294967295 requests, which took 3.0s. Waiting for server processing
I20260914 17:30:33.692047 294564 dfly_bench.cc:926] Done queuing 4294967295 requests, which took 3.0s. Waiting for server processing
I20260914 17:30:33.692020 294559 dfly_bench.cc:926] Done queuing 4294967295 requests, which took 3.0s. Waiting for server processing
I20260914 17:30:33.692035 294571 dfly_bench.cc:1001] ReceiveFb done
I20260914 17:30:33.692085 294565 dfly_bench.cc:926] Done queuing 4294967295 requests, which took 3.0s. Waiting for server processing
I20260914 17:30:33.692119 294566 dfly_bench.cc:1001] ReceiveFb done
I20260914 17:30:33.692027 294563 dfly_bench.cc:1001] ReceiveFb done
I20260914 17:30:33.692164 294565 dfly_bench.cc:926] Done queuing 4294967295 requests, which took 3.0s. Waiting for server processing
I20260914 17:30:33.692023 294558 dfly_bench.cc:926] Done queuing 4294967295 requests, which took 3.0s. Waiting for server processing
I20260914 17:30:33.692143 294569 dfly_bench.cc:926] Done queuing 4294967295 requests, which took 3.0s. Waiting for server processing
I20260914 17:30:33.692107 294572 dfly_bench.cc:1001] ReceiveFb done
I20260914 17:30:33.692147 294560 dfly_bench.cc:1001] ReceiveFb done
I20260914 17:30:33.692195 294569 dfly_bench.cc:926] Done queuing 4294967295 requests, which took 3.0s. Waiting for server processing
I20260914 17:30:33.692173 294558 dfly_bench.cc:926] Done queuing 4294967295 requests, which took 3.0s. Waiting for server processing
I20260914 17:30:33.692222 294572 dfly_bench.cc:1001] ReceiveFb done
I20260914 17:30:33.692144 294573 dfly_bench.cc:926] Done queuing 4294967295 requests, which took 3.0s. Waiting for server processing
I20260914 17:30:33.692149 294564 dfly_bench.cc:926] Done queuing 4294967295 requests, which took 3.0s. Waiting for server processing
I20260914 17:30:33.692122 294561 dfly_bench.cc:1001] ReceiveFb done
I20260914 17:30:33.692243 294573 dfly_bench.cc:926] Done queuing 4294967295 requests, which took 3.0s. Waiting for server processing
I20260914 17:30:33.692206 294569 dfly_bench.cc:926] Done queuing 4294967295 requests, which took 3.0s. Waiting for server processing
I20260914 17:30:33.692180 294566 dfly_bench.cc:1001] ReceiveFb done
I20260914 17:30:33.692221 294558 dfly_bench.cc:926] Done queuing 4294967295 requests, which took 3.0s. Waiting for server processing
I20260914 17:30:33.692171 294565 dfly_bench.cc:926] Done queuing 4294967295 requests, which took 3.0s. Waiting for server processing
I20260914 17:30:33.692287 294565 dfly_bench.cc:926] Done queuing 4294967295 requests, which took 3.0s. Waiting for server processing
I20260914 17:30:33.692307 294565 dfly_bench.cc:926] Done queuing 4294967295 requests, which took 3.0s. Waiting for server processing
I20260914 17:30:33.692313 294572 dfly_bench.cc:926] Done queuing 4294967295 requests, which took 3.0s. Waiting for server processing
I20260914 17:30:33.692324 294572 dfly_bench.cc:926] Done queuing 4294967295 requests, which took 3.0s. Waiting for server processing
I20260914 17:30:33.692263 294573 dfly_bench.cc:926] Done queuing 4294967295 requests, which took 3.0s. Waiting for server processing
I20260914 17:30:33.692198 294568 dfly_bench.cc:926] Done queuing 4294967295 requests, which took 3.0s. Waiting for server processing
I20260914 17:30:33.692245 294564 dfly_bench.cc:926] Done queuing 4294967295 requests, which took 3.0s. Waiting for server processing
I20260914 17:30:33.692266 294569 dfly_bench.cc:926] Done queuing 4294967295 requests, which took 3.0s. Waiting for server processing
I20260914 17:30:33.692221 294560 dfly_bench.cc:1001] ReceiveFb done
I20260914 17:30:33.692286 294558 dfly_bench.cc:926] Done queuing 4294967295 requests, which took 3.0s. Waiting for server processing
I20260914 17:30:33.692376 294569 dfly_bench.cc:926] Done queuing 4294967295 requests, which took 3.0s. Waiting for server processing
I20260914 17:30:33.692293 294566 dfly_bench.cc:1001] ReceiveFb done
I20260914 17:30:33.692339 294572 dfly_bench.cc:926] Done queuing 4294967295 requests, which took 3.0s. Waiting for server processing
I20260914 17:30:33.692160 294571 dfly_bench.cc:1001] ReceiveFb done
I20260914 17:30:33.692391 294560 dfly_bench.cc:1001] ReceiveFb done
I20260914 17:30:33.692378 294558 dfly_bench.cc:926] Done queuing 4294967295 requests, which took 3.0s. Waiting for server processing
I20260914 17:30:33.692386 294569 dfly_bench.cc:926] Done queuing 4294967295 requests, which took 3.0s. Waiting for server processing
I20260914 17:30:33.692423 294571 dfly_bench.cc:1001] ReceiveFb done
I20260914 17:30:33.692406 294566 dfly_bench.cc:1001] ReceiveFb done
I20260914 17:30:33.692428 294558 dfly_bench.cc:926] Done queuing 4294967295 requests, which took 3.0s. Waiting for server processing
I20260914 17:30:33.692315 294565 dfly_bench.cc:926] Done queuing 4294967295 requests, which took 3.0s. Waiting for server processing
I20260914 17:30:33.692440 294562 dfly_bench.cc:926] Done queuing 4294967295 requests, which took 3.0s. Waiting for server processing
I20260914 17:30:33.692446 294571 dfly_bench.cc:1001] ReceiveFb done
I20260914 17:30:33.692366 294564 dfly_bench.cc:926] Done queuing 4294967295 requests, which took 3.0s. Waiting for server processing
I20260914 17:30:33.692445 294567 dfly_bench.cc:926] Done queuing 4294967295 requests, which took 3.0s. Waiting for server processing
I20260914 17:30:33.692461 294558 dfly_bench.cc:926] Done queuing 4294967295 requests, which took 3.0s. Waiting for server processing
I20260914 17:30:33.692149 294559 dfly_bench.cc:1001] ReceiveFb done
I20260914 17:30:33.692265 294561 dfly_bench.cc:1001] ReceiveFb done
I20260914 17:30:33.692433 294560 dfly_bench.cc:1001] ReceiveFb done
I20260914 17:30:33.692181 294563 dfly_bench.cc:1001] ReceiveFb done
I20260914 17:30:33.692454 294562 dfly_bench.cc:926] Done queuing 4294967295 requests, which took 3.0s. Waiting for server processing
I20260914 17:30:33.692502 294563 dfly_bench.cc:1001] ReceiveFb done
I20260914 17:30:33.692499 294559 dfly_bench.cc:1001] ReceiveFb done
I20260914 17:30:33.692404 294572 dfly_bench.cc:926] Done queuing 4294967295 requests, which took 3.0s. Waiting for server processing
I20260914 17:30:33.692521 294572 dfly_bench.cc:926] Done queuing 4294967295 requests, which took 3.0s. Waiting for server processing
I20260914 17:30:33.692525 294563 dfly_bench.cc:1001] ReceiveFb done
I20260914 17:30:33.692454 294565 dfly_bench.cc:926] Done queuing 4294967295 requests, which took 3.0s. Waiting for server processing
I20260914 17:30:33.692114 294570 dfly_bench.cc:1001] ReceiveFb done
I20260914 17:30:33.692530 294559 dfly_bench.cc:1001] ReceiveFb done
I20260914 17:30:33.692461 294564 dfly_bench.cc:926] Done queuing 4294967295 requests, which took 3.0s. Waiting for server processing
I20260914 17:30:33.692502 294561 dfly_bench.cc:1001] ReceiveFb done
I20260914 17:30:33.692476 294558 dfly_bench.cc:926] Done queuing 4294967295 requests, which took 3.0s. Waiting for server processing
I20260914 17:30:33.692435 294569 dfly_bench.cc:926] Done queuing 4294967295 requests, which took 3.0s. Waiting for server processing
I20260914 17:30:33.692584 294569 dfly_bench.cc:926] Done queuing 4294967295 requests, which took 3.0s. Waiting for server processing
I20260914 17:30:33.692500 294560 dfly_bench.cc:1001] ReceiveFb done
I20260914 17:30:33.692478 294567 dfly_bench.cc:926] Done queuing 4294967295 requests, which took 3.0s. Waiting for server processing
I20260914 17:30:33.692447 294566 dfly_bench.cc:1001] ReceiveFb done
I20260914 17:30:33.692605 294567 dfly_bench.cc:926] Done queuing 4294967295 requests, which took 3.0s. Waiting for server processing
I20260914 17:30:33.692546 294563 dfly_bench.cc:1001] ReceiveFb done
I20260914 17:30:33.692613 294560 dfly_bench.cc:1001] ReceiveFb done
I20260914 17:30:33.692615 294567 dfly_bench.cc:926] Done queuing 4294967295 requests, which took 3.0s. Waiting for server processing
I20260914 17:30:33.692469 294571 dfly_bench.cc:1001] ReceiveFb done
I20260914 17:30:33.692627 294567 dfly_bench.cc:926] Done queuing 4294967295 requests, which took 3.0s. Waiting for server processing
I20260914 17:30:33.692634 294567 dfly_bench.cc:926] Done queuing 4294967295 requests, which took 3.0s. Waiting for server processing
I20260914 17:30:33.692348 294573 dfly_bench.cc:926] Done queuing 4294967295 requests, which took 3.0s. Waiting for server processing
I20260914 17:30:33.692631 294563 dfly_bench.cc:1001] ReceiveFb done
I20260914 17:30:33.692593 294561 dfly_bench.cc:1001] ReceiveFb done
I20260914 17:30:33.692554 294564 dfly_bench.cc:926] Done queuing 4294967295 requests, which took 3.0s. Waiting for server processing
I20260914 17:30:33.692560 294570 dfly_bench.cc:1001] ReceiveFb done
I20260914 17:30:33.692655 294564 dfly_bench.cc:926] Done queuing 4294967295 requests, which took 3.0s. Waiting for server processing
I20260914 17:30:33.692665 294564 dfly_bench.cc:926] Done queuing 4294967295 requests, which took 3.0s. Waiting for server processing
I20260914 17:30:33.692646 294573 dfly_bench.cc:926] Done queuing 4294967295 requests, which took 3.0s. Waiting for server processing
I20260914 17:30:33.692644 294571 dfly_bench.cc:1001] ReceiveFb done
I20260914 17:30:33.692606 294559 dfly_bench.cc:926] Done queuing 4294967295 requests, which took 3.0s. Waiting for server processing
I20260914 17:30:33.692662 294563 dfly_bench.cc:1001] ReceiveFb done
I20260914 17:30:33.692646 294567 dfly_bench.cc:926] Done queuing 4294967295 requests, which took 3.0s. Waiting for server processing
I20260914 17:30:33.692673 294570 dfly_bench.cc:1001] ReceiveFb done
I20260914 17:30:33.692652 294566 dfly_bench.cc:926] Done queuing 4294967295 requests, which took 3.0s. Waiting for server processing
I20260914 17:30:33.692690 294565 dfly_bench.cc:926] Done queuing 4294967295 requests, which took 3.0s. Waiting for server processing
I20260914 17:30:33.692631 294560 dfly_bench.cc:1001] ReceiveFb done
I20260914 17:30:33.692700 294566 dfly_bench.cc:926] Done queuing 4294967295 requests, which took 3.0s. Waiting for server processing
I20260914 17:30:33.692698 294571 dfly_bench.cc:1001] ReceiveFb done
I20260914 17:30:33.692713 294568 dfly_bench.cc:926] Done queuing 4294967295 requests, which took 3.0s. Waiting for server processing
I20260914 17:30:33.692718 294560 dfly_bench.cc:1001] ReceiveFb done
I20260914 17:30:33.692685 294559 dfly_bench.cc:926] Done queuing 4294967295 requests, which took 3.0s. Waiting for server processing
I20260914 17:30:33.692726 294568 dfly_bench.cc:926] Done queuing 4294967295 requests, which took 3.0s. Waiting for server processing
I20260914 17:30:33.692708 294565 dfly_bench.cc:926] Done queuing 4294967295 requests, which took 3.0s. Waiting for server processing
I20260914 17:30:33.692710 294566 dfly_bench.cc:926] Done queuing 4294967295 requests, which took 3.0s. Waiting for server processing
I20260914 17:30:33.692739 294565 dfly_bench.cc:926] Done queuing 4294967295 requests, which took 3.0s. Waiting for server processing
I20260914 17:30:33.692734 294571 dfly_bench.cc:1001] ReceiveFb done
I20260914 17:30:33.692692 294561 dfly_bench.cc:926] Done queuing 4294967295 requests, which took 3.0s. Waiting for server processing
I20260914 17:30:33.692582 294558 dfly_bench.cc:926] Done queuing 4294967295 requests, which took 3.0s. Waiting for server processing
I20260914 17:30:33.692776 294564 dfly_bench.cc:1001] ReceiveFb done
I20260914 17:30:33.692750 294565 dfly_bench.cc:926] Done queuing 4294967295 requests, which took 3.0s. Waiting for server processing
I20260914 17:30:33.692790 294560 dfly_bench.cc:926] Done queuing 4294967295 requests, which took 3.0s. Waiting for server processing
I20260914 17:30:33.692693 294567 dfly_bench.cc:926] Done queuing 4294967295 requests, which took 3.0s. Waiting for server processing
I20260914 17:30:33.692776 294571 dfly_bench.cc:1001] ReceiveFb done
I20260914 17:30:33.692734 294559 dfly_bench.cc:926] Done queuing 4294967295 requests, which took 3.0s. Waiting for server processing
I20260914 17:30:33.692824 294569 dfly_bench.cc:1001] ReceiveFb done
I20260914 17:30:33.692830 294559 dfly_bench.cc:926] Done queuing 4294967295 requests, which took 3.0s. Waiting for server processing
I20260914 17:30:33.692838 294558 dfly_bench.cc:1001] ReceiveFb done
I20260914 17:30:33.692842 294559 dfly_bench.cc:926] Done queuing 4294967295 requests, which took 3.0s. Waiting for server processing
I20260914 17:30:33.692844 294569 dfly_bench.cc:1001] ReceiveFb done
I20260914 17:30:33.692792 294565 dfly_bench.cc:926] Done queuing 4294967295 requests, which took 3.0s. Waiting for server processing
I20260914 17:30:33.692894 294569 dfly_bench.cc:1001] ReceiveFb done
I20260914 17:30:33.692502 294562 dfly_bench.cc:926] Done queuing 4294967295 requests, which took 3.0s. Waiting for server processing
I20260914 17:30:33.692724 294563 dfly_bench.cc:926] Done queuing 4294967295 requests, which took 3.0s. Waiting for server processing
I20260914 17:30:33.692912 294562 dfly_bench.cc:926] Done queuing 4294967295 requests, which took 3.0s. Waiting for server processing
I20260914 17:30:33.692916 294569 dfly_bench.cc:1001] ReceiveFb done
I20260914 17:30:33.692803 294567 dfly_bench.cc:926] Done queuing 4294967295 requests, which took 3.0s. Waiting for server processing
I20260914 17:30:33.692739 294568 dfly_bench.cc:926] Done queuing 4294967295 requests, which took 3.0s. Waiting for server processing
I20260914 17:30:33.692801 294564 dfly_bench.cc:1001] ReceiveFb done
I20260914 17:30:33.692680 294573 dfly_bench.cc:1001] ReceiveFb done
I20260914 17:30:33.692940 294567 dfly_bench.cc:926] Done queuing 4294967295 requests, which took 3.0s. Waiting for server processing
I20260914 17:30:33.692708 294570 dfly_bench.cc:1001] ReceiveFb done
I20260914 17:30:33.692940 294568 dfly_bench.cc:926] Done queuing 4294967295 requests, which took 3.0s. Waiting for server processing
I20260914 17:30:33.692818 294571 dfly_bench.cc:1001] ReceiveFb done
I20260914 17:30:33.692865 294566 dfly_bench.cc:1001] ReceiveFb done
I20260914 17:30:33.692891 294565 dfly_bench.cc:926] Done queuing 4294967295 requests, which took 3.0s. Waiting for server processing
I20260914 17:30:33.692920 294562 dfly_bench.cc:926] Done queuing 4294967295 requests, which took 3.0s. Waiting for server processing
I20260914 17:30:33.692852 294559 dfly_bench.cc:926] Done queuing 4294967295 requests, which took 3.0s. Waiting for server processing
I20260914 17:30:33.692857 294558 dfly_bench.cc:1001] ReceiveFb done
I20260914 17:30:33.692916 294563 dfly_bench.cc:926] Done queuing 4294967295 requests, which took 3.0s. Waiting for server processing
I20260914 17:30:33.692978 294570 dfly_bench.cc:1001] ReceiveFb done
I20260914 17:30:33.692976 294573 dfly_bench.cc:1001] ReceiveFb done
I20260914 17:30:33.692975 294568 dfly_bench.cc:926] Done queuing 4294967295 requests, which took 3.0s. Waiting for server processing
I20260914 17:30:33.693013 294558 dfly_bench.cc:1001] ReceiveFb done
I20260914 17:30:33.692983 294572 dfly_bench.cc:926] Done queuing 4294967295 requests, which took 3.0s. Waiting for server processing
I20260914 17:30:33.692992 294562 dfly_bench.cc:926] Done queuing 4294967295 requests, which took 3.0s. Waiting for server processing
I20260914 17:30:33.692956 294564 dfly_bench.cc:1001] ReceiveFb done
I20260914 17:30:33.692991 294565 dfly_bench.cc:926] Done queuing 4294967295 requests, which took 3.0s. Waiting for server processing
I20260914 17:30:33.693028 294573 dfly_bench.cc:1001] ReceiveFb done
I20260914 17:30:33.692991 294571 dfly_bench.cc:1001] ReceiveFb done
I20260914 17:30:33.693005 294566 dfly_bench.cc:1001] ReceiveFb done
I20260914 17:30:33.693027 294570 dfly_bench.cc:1001] ReceiveFb done
I20260914 17:30:33.692800 294560 dfly_bench.cc:926] Done queuing 4294967295 requests, which took 3.0s. Waiting for server processing
I20260914 17:30:33.692950 294569 dfly_bench.cc:1001] ReceiveFb done
I20260914 17:30:33.693049 294560 dfly_bench.cc:926] Done queuing 4294967295 requests, which took 3.0s. Waiting for server processing
I20260914 17:30:33.693023 294568 dfly_bench.cc:926] Done queuing 4294967295 requests, which took 3.0s. Waiting for server processing
I20260914 17:30:33.693027 294572 dfly_bench.cc:926] Done queuing 4294967295 requests, which took 3.0s. Waiting for server processing
I20260914 17:30:33.693043 294558 dfly_bench.cc:1001] ReceiveFb done
I20260914 17:30:33.693046 294564 dfly_bench.cc:1001] ReceiveFb done
I20260914 17:30:33.692970 294567 dfly_bench.cc:926] Done queuing 4294967295 requests, which took 3.0s. Waiting for server processing
I20260914 17:30:33.693038 294565 dfly_bench.cc:1001] ReceiveFb done
I20260914 17:30:33.693041 294562 dfly_bench.cc:926] Done queuing 4294967295 requests, which took 3.0s. Waiting for server processing
I20260914 17:30:33.693063 294568 dfly_bench.cc:926] Done queuing 4294967295 requests, which took 3.0s. Waiting for server processing
I20260914 17:30:33.693084 294567 dfly_bench.cc:1001] ReceiveFb done
I20260914 17:30:33.693058 294566 dfly_bench.cc:1001] ReceiveFb done
I20260914 17:30:33.693063 294571 dfly_bench.cc:1001] ReceiveFb done
I20260914 17:30:33.693068 294561 dfly_bench.cc:926] Done queuing 4294967295 requests, which took 3.0s. Waiting for server processing
I20260914 17:30:33.693061 294559 dfly_bench.cc:1001] ReceiveFb done
I20260914 17:30:33.693063 294560 dfly_bench.cc:926] Done queuing 4294967295 requests, which took 3.0s. Waiting for server processing
I20260914 17:30:33.693115 294567 dfly_bench.cc:1001] ReceiveFb done
I20260914 17:30:33.693058 294570 dfly_bench.cc:1001] ReceiveFb done
I20260914 17:30:33.693069 294569 dfly_bench.cc:1001] ReceiveFb done
I20260914 17:30:33.693121 294571 dfly_bench.cc:1001] ReceiveFb done
I20260914 17:30:33.693089 294562 dfly_bench.cc:926] Done queuing 4294967295 requests, which took 3.0s. Waiting for server processing
I20260914 17:30:33.693076 294572 dfly_bench.cc:926] Done queuing 4294967295 requests, which took 3.0s. Waiting for server processing
I20260914 17:30:33.693078 294558 dfly_bench.cc:1001] ReceiveFb done
I20260914 17:30:33.693152 294562 dfly_bench.cc:926] Done queuing 4294967295 requests, which took 3.0s. Waiting for server processing
I20260914 17:30:33.693122 294561 dfly_bench.cc:926] Done queuing 4294967295 requests, which took 3.0s. Waiting for server processing
I20260914 17:30:33.693118 294566 dfly_bench.cc:1001] ReceiveFb done
I20260914 17:30:33.693167 294562 dfly_bench.cc:926] Done queuing 4294967295 requests, which took 3.0s. Waiting for server processing
I20260914 17:30:33.693133 294559 dfly_bench.cc:1001] ReceiveFb done
I20260914 17:30:33.693051 294573 dfly_bench.cc:1001] ReceiveFb done
I20260914 17:30:33.693156 294570 dfly_bench.cc:1001] ReceiveFb done
I20260914 17:30:33.693184 294566 dfly_bench.cc:1001] ReceiveFb done
I20260914 17:30:33.693172 294571 dfly_bench.cc:1001] ReceiveFb done
I20260914 17:30:33.693181 294567 dfly_bench.cc:1001] ReceiveFb done
I20260914 17:30:33.693095 294568 dfly_bench.cc:926] Done queuing 4294967295 requests, which took 3.0s. Waiting for server processing
I20260914 17:30:33.693182 294569 dfly_bench.cc:926] Done queuing 4294967295 requests, which took 3.0s. Waiting for server processing
I20260914 17:30:33.693179 294562 dfly_bench.cc:926] Done queuing 4294967295 requests, which took 3.0s. Waiting for server processing
I20260914 17:30:33.693159 294572 dfly_bench.cc:926] Done queuing 4294967295 requests, which took 3.0s. Waiting for server processing
I20260914 17:30:33.693123 294560 dfly_bench.cc:926] Done queuing 4294967295 requests, which took 3.0s. Waiting for server processing
I20260914 17:30:33.693222 294572 dfly_bench.cc:926] Done queuing 4294967295 requests, which took 3.0s. Waiting for server processing
I20260914 17:30:33.693230 294562 dfly_bench.cc:926] Done queuing 4294967295 requests, which took 3.0s. Waiting for server processing
I20260914 17:30:33.693205 294570 dfly_bench.cc:1001] ReceiveFb done
I20260914 17:30:33.693291 294562 dfly_bench.cc:926] Done queuing 4294967295 requests, which took 3.0s. Waiting for server processing
I20260914 17:30:33.693099 294564 dfly_bench.cc:1001] ReceiveFb done
I20260914 17:30:33.693300 294562 dfly_bench.cc:926] Done queuing 4294967295 requests, which took 3.0s. Waiting for server processing
I20260914 17:30:33.693307 294562 dfly_bench.cc:926] Done queuing 4294967295 requests, which took 3.0s. Waiting for server processing
I20260914 17:30:33.693215 294566 dfly_bench.cc:1001] ReceiveFb done
I20260914 17:30:33.693315 294562 dfly_bench.cc:926] Done queuing 4294967295 requests, which took 3.0s. Waiting for server processing
I20260914 17:30:33.693318 294564 dfly_bench.cc:1001] ReceiveFb done
I20260914 17:30:33.693212 294568 dfly_bench.cc:926] Done queuing 4294967295 requests, which took 3.0s. Waiting for server processing
I20260914 17:30:33.693322 294562 dfly_bench.cc:926] Done queuing 4294967295 requests, which took 3.0s. Waiting for server processing
I20260914 17:30:33.693225 294567 dfly_bench.cc:1001] ReceiveFb done
I20260914 17:30:33.693181 294558 dfly_bench.cc:1001] ReceiveFb done
I20260914 17:30:33.693336 294564 dfly_bench.cc:1001] ReceiveFb done
I20260914 17:30:33.693223 294560 dfly_bench.cc:926] Done queuing 4294967295 requests, which took 3.0s. Waiting for server processing
I20260914 17:30:33.693100 294565 dfly_bench.cc:1001] ReceiveFb done
I20260914 17:30:33.693348 294569 dfly_bench.cc:1001] ReceiveFb done
I20260914 17:30:33.693328 294563 dfly_bench.cc:926] Done queuing 4294967295 requests, which took 3.0s. Waiting for server processing
I20260914 17:30:33.693329 294562 dfly_bench.cc:926] Done queuing 4294967295 requests, which took 3.0s. Waiting for server processing
I20260914 17:30:33.693212 294571 dfly_bench.cc:1001] ReceiveFb done
I20260914 17:30:33.693363 294560 dfly_bench.cc:926] Done queuing 4294967295 requests, which took 3.0s. Waiting for server processing
I20260914 17:30:33.693329 294568 dfly_bench.cc:926] Done queuing 4294967295 requests, which took 3.0s. Waiting for server processing
I20260914 17:30:33.693197 294573 dfly_bench.cc:1001] ReceiveFb done
I20260914 17:30:33.693171 294561 dfly_bench.cc:926] Done queuing 4294967295 requests, which took 3.0s. Waiting for server processing
I20260914 17:30:33.693199 294559 dfly_bench.cc:1001] ReceiveFb done
I20260914 17:30:33.693310 294570 dfly_bench.cc:1001] ReceiveFb done
I20260914 17:30:33.693377 294560 dfly_bench.cc:926] Done queuing 4294967295 requests, which took 3.0s. Waiting for server processing
I20260914 17:30:33.693358 294564 dfly_bench.cc:1001] ReceiveFb done
I20260914 17:30:33.693374 294565 dfly_bench.cc:1001] ReceiveFb done
I20260914 17:30:33.693332 294566 dfly_bench.cc:1001] ReceiveFb done
I20260914 17:30:33.693348 294567 dfly_bench.cc:1001] ReceiveFb done
I20260914 17:30:33.693365 294563 dfly_bench.cc:926] Done queuing 4294967295 requests, which took 3.0s. Waiting for server processing
I20260914 17:30:33.693390 294561 dfly_bench.cc:926] Done queuing 4294967295 requests, which took 3.0s. Waiting for server processing
I20260914 17:30:33.693388 294568 dfly_bench.cc:926] Done queuing 4294967295 requests, which took 3.0s. Waiting for server processing
I20260914 17:30:33.693358 294558 dfly_bench.cc:1001] ReceiveFb done
I20260914 17:30:33.693414 294570 dfly_bench.cc:926] Done queuing 4294967295 requests, which took 3.0s. Waiting for server processing
I20260914 17:30:33.693389 294560 dfly_bench.cc:926] Done queuing 4294967295 requests, which took 3.0s. Waiting for server processing
I20260914 17:30:33.693437 294558 dfly_bench.cc:1001] ReceiveFb done
I20260914 17:30:33.693406 294564 dfly_bench.cc:1001] ReceiveFb done
I20260914 17:30:33.693413 294568 dfly_bench.cc:926] Done queuing 4294967295 requests, which took 3.0s. Waiting for server processing
I20260914 17:30:33.693408 294563 dfly_bench.cc:926] Done queuing 4294967295 requests, which took 3.0s. Waiting for server processing
I20260914 17:30:33.693406 294562 dfly_bench.cc:1001] ReceiveFb done
I20260914 17:30:33.693408 294565 dfly_bench.cc:1001] ReceiveFb done
I20260914 17:30:33.693432 294570 dfly_bench.cc:926] Done queuing 4294967295 requests, which took 3.0s. Waiting for server processing
I20260914 17:30:33.693459 294568 dfly_bench.cc:926] Done queuing 4294967295 requests, which took 3.0s. Waiting for server processing
I20260914 17:30:33.693468 294564 dfly_bench.cc:1001] ReceiveFb done
I20260914 17:30:33.693408 294561 dfly_bench.cc:926] Done queuing 4294967295 requests, which took 3.0s. Waiting for server processing
I20260914 17:30:33.693434 294560 dfly_bench.cc:926] Done queuing 4294967295 requests, which took 3.0s. Waiting for server processing
I20260914 17:30:33.693413 294567 dfly_bench.cc:1001] ReceiveFb done
I20260914 17:30:33.693492 294561 dfly_bench.cc:926] Done queuing 4294967295 requests, which took 3.0s. Waiting for server processing
I20260914 17:30:33.693403 294559 dfly_bench.cc:1001] ReceiveFb done
I20260914 17:30:33.693502 294561 dfly_bench.cc:926] Done queuing 4294967295 requests, which took 3.0s. Waiting for server processing
I20260914 17:30:33.693476 294570 dfly_bench.cc:926] Done queuing 4294967295 requests, which took 3.0s. Waiting for server processing
I20260914 17:30:33.693481 294568 dfly_bench.cc:926] Done queuing 4294967295 requests, which took 3.0s. Waiting for server processing
I20260914 17:30:33.693450 294572 dfly_bench.cc:1001] ReceiveFb done
I20260914 17:30:33.693488 294565 dfly_bench.cc:1001] ReceiveFb done
I20260914 17:30:33.693542 294568 dfly_bench.cc:926] Done queuing 4294967295 requests, which took 3.0s. Waiting for server processing
I20260914 17:30:33.693465 294563 dfly_bench.cc:926] Done queuing 4294967295 requests, which took 3.0s. Waiting for server processing
I20260914 17:30:33.693493 294564 dfly_bench.cc:1001] ReceiveFb done
I20260914 17:30:33.693516 294561 dfly_bench.cc:926] Done queuing 4294967295 requests, which took 3.0s. Waiting for server processing
I20260914 17:30:33.693507 294567 dfly_bench.cc:1001] ReceiveFb done
I20260914 17:30:33.693373 294569 dfly_bench.cc:1001] ReceiveFb done
I20260914 17:30:33.693560 294561 dfly_bench.cc:926] Done queuing 4294967295 requests, which took 3.0s. Waiting for server processing
I20260914 17:30:33.693519 294570 dfly_bench.cc:926] Done queuing 4294967295 requests, which took 3.0s. Waiting for server processing
I20260914 17:30:33.693554 294568 dfly_bench.cc:1001] ReceiveFb done
I20260914 17:30:33.693554 294563 dfly_bench.cc:926] Done queuing 4294967295 requests, which took 3.0s. Waiting for server processing
I20260914 17:30:33.693388 294571 dfly_bench.cc:1001] ReceiveFb done
I20260914 17:30:33.693593 294561 dfly_bench.cc:926] Done queuing 4294967295 requests, which took 3.0s. Waiting for server processing
I20260914 17:30:33.693568 294564 dfly_bench.cc:1001] ReceiveFb done
I20260914 17:30:33.693557 294572 dfly_bench.cc:1001] ReceiveFb done
I20260914 17:30:33.693602 294563 dfly_bench.cc:926] Done queuing 4294967295 requests, which took 3.0s. Waiting for server processing
I20260914 17:30:33.693521 294559 dfly_bench.cc:1001] ReceiveFb done
I20260914 17:30:33.693617 294564 dfly_bench.cc:1001] ReceiveFb done
I20260914 17:30:33.693413 294566 dfly_bench.cc:1001] ReceiveFb done
I20260914 17:30:33.693601 294561 dfly_bench.cc:926] Done queuing 4294967295 requests, which took 3.0s. Waiting for server processing
I20260914 17:30:33.693639 294564 dfly_bench.cc:1001] ReceiveFb done
I20260914 17:30:33.693610 294563 dfly_bench.cc:926] Done queuing 4294967295 requests, which took 3.0s. Waiting for server processing
I20260914 17:30:33.693569 294565 dfly_bench.cc:1001] ReceiveFb done
I20260914 17:30:33.693636 294561 dfly_bench.cc:926] Done queuing 4294967295 requests, which took 3.0s. Waiting for server processing
I20260914 17:30:33.693465 294558 dfly_bench.cc:1001] ReceiveFb done
I20260914 17:30:33.693657 294561 dfly_bench.cc:926] Done queuing 4294967295 requests, which took 3.0s. Waiting for server processing
I20260914 17:30:33.693655 294566 dfly_bench.cc:1001] ReceiveFb done
I20260914 17:30:33.693655 294568 dfly_bench.cc:1001] ReceiveFb done
I20260914 17:30:33.693662 294560 dfly_bench.cc:1001] ReceiveFb done
I20260914 17:30:33.693600 294570 dfly_bench.cc:926] Done queuing 4294967295 requests, which took 3.0s. Waiting for server processing
I20260914 17:30:33.693480 294562 dfly_bench.cc:1001] ReceiveFb done
I20260914 17:30:33.693616 294571 dfly_bench.cc:1001] ReceiveFb done
I20260914 17:30:33.693712 294560 dfly_bench.cc:1001] ReceiveFb done
I20260914 17:30:33.693434 294573 dfly_bench.cc:926] Done queuing 4294967295 requests, which took 3.0s. Waiting for server processing
I20260914 17:30:33.693697 294566 dfly_bench.cc:1001] ReceiveFb done
I20260914 17:30:33.693646 294559 dfly_bench.cc:1001] ReceiveFb done
I20260914 17:30:33.693725 294562 dfly_bench.cc:1001] ReceiveFb done
I20260914 17:30:33.693630 294572 dfly_bench.cc:1001] ReceiveFb done
I20260914 17:30:33.693662 294564 dfly_bench.cc:1001] ReceiveFb done
I20260914 17:30:33.693707 294568 dfly_bench.cc:1001] ReceiveFb done
I20260914 17:30:33.693615 294567 dfly_bench.cc:926] Done queuing 4294967295 requests, which took 3.0s. Waiting for server processing
I20260914 17:30:33.693598 294569 dfly_bench.cc:1001] ReceiveFb done
I20260914 17:30:33.693706 294570 dfly_bench.cc:926] Done queuing 4294967295 requests, which took 3.0s. Waiting for server processing
I20260914 17:30:33.693756 294567 dfly_bench.cc:926] Done queuing 4294967295 requests, which took 3.0s. Waiting for server processing
I20260914 17:30:33.693724 294573 dfly_bench.cc:926] Done queuing 4294967295 requests, which took 3.0s. Waiting for server processing
I20260914 17:30:33.693653 294563 dfly_bench.cc:926] Done queuing 4294967295 requests, which took 3.0s. Waiting for server processing
I20260914 17:30:33.693683 294561 dfly_bench.cc:926] Done queuing 4294967295 requests, which took 3.0s. Waiting for server processing
I20260914 17:30:33.693770 294564 dfly_bench.cc:926] Done queuing 4294967295 requests, which took 3.0s. Waiting for server processing
I20260914 17:30:33.693665 294565 dfly_bench.cc:1001] ReceiveFb done
I20260914 17:30:33.693776 294561 dfly_bench.cc:926] Done queuing 4294967295 requests, which took 3.0s. Waiting for server processing
I20260914 17:30:33.693720 294571 dfly_bench.cc:1001] ReceiveFb done
I20260914 17:30:33.693789 294561 dfly_bench.cc:926] Done queuing 4294967295 requests, which took 3.0s. Waiting for server processing
I20260914 17:30:33.693750 294559 dfly_bench.cc:1001] ReceiveFb done
I20260914 17:30:33.693800 294561 dfly_bench.cc:926] Done queuing 4294967295 requests, which took 3.0s. Waiting for server processing
I20260914 17:30:33.693779 294563 dfly_bench.cc:1001] ReceiveFb done
I20260914 17:30:33.693766 294568 dfly_bench.cc:1001] ReceiveFb done
I20260914 17:30:33.693771 294573 dfly_bench.cc:926] Done queuing 4294967295 requests, which took 3.0s. Waiting for server processing
I20260914 17:30:33.693763 294566 dfly_bench.cc:1001] ReceiveFb done
I20260914 17:30:33.693817 294559 dfly_bench.cc:1001] ReceiveFb done
I20260914 17:30:33.693739 294560 dfly_bench.cc:1001] ReceiveFb done
I20260914 17:30:33.693825 294568 dfly_bench.cc:1001] ReceiveFb done
I20260914 17:30:33.693809 294571 dfly_bench.cc:1001] ReceiveFb done
I20260914 17:30:33.693840 294560 dfly_bench.cc:1001] ReceiveFb done
I20260914 17:30:33.693825 294563 dfly_bench.cc:1001] ReceiveFb done
I20260914 17:30:33.693810 294561 dfly_bench.cc:926] Done queuing 4294967295 requests, which took 3.0s. Waiting for server processing
I20260914 17:30:33.693768 294567 dfly_bench.cc:926] Done queuing 4294967295 requests, which took 3.0s. Waiting for server processing
I20260914 17:30:33.693797 294565 dfly_bench.cc:1001] ReceiveFb done
I20260914 17:30:33.693670 294558 dfly_bench.cc:1001] ReceiveFb done
I20260914 17:30:33.693840 294559 dfly_bench.cc:1001] ReceiveFb done
I20260914 17:30:33.693861 294571 dfly_bench.cc:926] Done queuing 4294967295 requests, which took 3.0s. Waiting for server processing
I20260914 17:30:33.693845 294566 dfly_bench.cc:926] Done queuing 4294967295 requests, which took 3.0s. Waiting for server processing
I20260914 17:30:33.693868 294567 dfly_bench.cc:926] Done queuing 4294967295 requests, which took 3.0s. Waiting for server processing
I20260914 17:30:33.693846 294568 dfly_bench.cc:1001] ReceiveFb done
I20260914 17:30:33.693892 294571 dfly_bench.cc:926] Done queuing 4294967295 requests, which took 3.0s. Waiting for server processing
I20260914 17:30:33.693905 294567 dfly_bench.cc:926] Done queuing 4294967295 requests, which took 3.0s. Waiting for server processing
I20260914 17:30:33.693892 294565 dfly_bench.cc:1001] ReceiveFb done
I20260914 17:30:33.693755 294562 dfly_bench.cc:1001] ReceiveFb done
I20260914 17:30:33.693925 294568 dfly_bench.cc:1001] ReceiveFb done
I20260914 17:30:33.693905 294566 dfly_bench.cc:926] Done queuing 4294967295 requests, which took 3.0s. Waiting for server processing
I20260914 17:30:33.693914 294571 dfly_bench.cc:926] Done queuing 4294967295 requests, which took 3.0s. Waiting for server processing
I20260914 17:30:33.693770 294569 dfly_bench.cc:1001] ReceiveFb done
I20260914 17:30:33.693945 294562 dfly_bench.cc:1001] ReceiveFb done
I20260914 17:30:33.693938 294565 dfly_bench.cc:1001] ReceiveFb done
I20260914 17:30:33.693765 294570 dfly_bench.cc:926] Done queuing 4294967295 requests, which took 3.0s. Waiting for server processing
I20260914 17:30:33.693941 294566 dfly_bench.cc:926] Done queuing 4294967295 requests, which took 3.0s. Waiting for server processing
I20260914 17:30:33.693894 294558 dfly_bench.cc:1001] ReceiveFb done
I20260914 17:30:33.693939 294563 dfly_bench.cc:1001] ReceiveFb done
I20260914 17:30:33.693971 294565 dfly_bench.cc:1001] ReceiveFb done
I20260914 17:30:33.693761 294572 dfly_bench.cc:1001] ReceiveFb done
I20260914 17:30:33.693980 294563 dfly_bench.cc:1001] ReceiveFb done
I20260914 17:30:33.693962 294566 dfly_bench.cc:926] Done queuing 4294967295 requests, which took 3.0s. Waiting for server processing
I20260914 17:30:33.693925 294573 dfly_bench.cc:1001] ReceiveFb done
I20260914 17:30:33.693958 294569 dfly_bench.cc:1001] ReceiveFb done
I20260914 17:30:33.693965 294570 dfly_bench.cc:926] Done queuing 4294967295 requests, which took 3.0s. Waiting for server processing
I20260914 17:30:33.693895 294559 dfly_bench.cc:1001] ReceiveFb done
I20260914 17:30:33.693972 294562 dfly_bench.cc:1001] ReceiveFb done
I20260914 17:30:33.694010 294563 dfly_bench.cc:1001] ReceiveFb done
I20260914 17:30:33.693949 294568 dfly_bench.cc:1001] ReceiveFb done
I20260914 17:30:33.694008 294572 dfly_bench.cc:1001] ReceiveFb done
I20260914 17:30:33.693903 294561 dfly_bench.cc:1001] ReceiveFb done
I20260914 17:30:33.693979 294560 dfly_bench.cc:1001] ReceiveFb done
I20260914 17:30:33.694016 294569 dfly_bench.cc:1001] ReceiveFb done
I20260914 17:30:33.694031 294563 dfly_bench.cc:1001] ReceiveFb done
I20260914 17:30:33.694029 294562 dfly_bench.cc:1001] ReceiveFb done
I20260914 17:30:33.694013 294573 dfly_bench.cc:1001] ReceiveFb done
I20260914 17:30:33.694038 294559 dfly_bench.cc:926] Done queuing 4294967295 requests, which took 3.0s. Waiting for server processing
I20260914 17:30:33.693991 294558 dfly_bench.cc:926] Done queuing 4294967295 requests, which took 3.0s. Waiting for server processing
I20260914 17:30:33.694051 294560 dfly_bench.cc:1001] ReceiveFb done
I20260914 17:30:33.694056 294558 dfly_bench.cc:926] Done queuing 4294967295 requests, which took 3.0s. Waiting for server processing
I20260914 17:30:33.694064 294573 dfly_bench.cc:1001] ReceiveFb done
I20260914 17:30:33.694036 294566 dfly_bench.cc:926] Done queuing 4294967295 requests, which took 3.0s. Waiting for server processing
I20260914 17:30:33.694079 294560 dfly_bench.cc:1001] ReceiveFb done
I20260914 17:30:33.694033 294568 dfly_bench.cc:1001] ReceiveFb done
I20260914 17:30:33.694060 294562 dfly_bench.cc:1001] ReceiveFb done
I20260914 17:30:33.694046 294567 dfly_bench.cc:1001] ReceiveFb done
I20260914 17:30:33.694064 294563 dfly_bench.cc:1001] ReceiveFb done
I20260914 17:30:33.694046 294561 dfly_bench.cc:1001] ReceiveFb done
I20260914 17:30:33.694053 294569 dfly_bench.cc:1001] ReceiveFb done
I20260914 17:30:33.694088 294573 dfly_bench.cc:1001] ReceiveFb done
I20260914 17:30:33.694069 294572 dfly_bench.cc:926] Done queuing 4294967295 requests, which took 3.0s. Waiting for server processing
I20260914 17:30:33.694109 294560 dfly_bench.cc:1001] ReceiveFb done
I20260914 17:30:33.694082 294564 dfly_bench.cc:926] Done queuing 4294967295 requests, which took 3.0s. Waiting for server processing
I20260914 17:30:33.694072 294558 dfly_bench.cc:926] Done queuing 4294967295 requests, which took 3.0s. Waiting for server processing
I20260914 17:30:33.694115 294572 dfly_bench.cc:926] Done queuing 4294967295 requests, which took 3.0s. Waiting for server processing
I20260914 17:30:33.694121 294563 dfly_bench.cc:1001] ReceiveFb done
I20260914 17:30:33.694128 294572 dfly_bench.cc:926] Done queuing 4294967295 requests, which took 3.0s. Waiting for server processing
I20260914 17:30:33.694126 294573 dfly_bench.cc:1001] ReceiveFb done
I20260914 17:30:33.694119 294567 dfly_bench.cc:1001] ReceiveFb done
I20260914 17:30:33.694142 294563 dfly_bench.cc:1001] ReceiveFb done
I20260914 17:30:33.694123 294561 dfly_bench.cc:1001] ReceiveFb done
I20260914 17:30:33.694125 294568 dfly_bench.cc:1001] ReceiveFb done
I20260914 17:30:33.694119 294564 dfly_bench.cc:926] Done queuing 4294967295 requests, which took 3.0s. Waiting for server processing
I20260914 17:30:33.694150 294572 dfly_bench.cc:926] Done queuing 4294967295 requests, which took 3.0s. Waiting for server processing
I20260914 17:30:33.694116 294562 dfly_bench.cc:1001] ReceiveFb done
I20260914 17:30:33.694177 294564 dfly_bench.cc:1001] ReceiveFb done
I20260914 17:30:33.694182 294572 dfly_bench.cc:926] Done queuing 4294967295 requests, which took 3.0s. Waiting for server processing
I20260914 17:30:33.694198 294564 dfly_bench.cc:1001] ReceiveFb done
I20260914 17:30:33.694192 294562 dfly_bench.cc:1001] ReceiveFb done
I20260914 17:30:33.694166 294573 dfly_bench.cc:1001] ReceiveFb done
I20260914 17:30:33.694221 294564 dfly_bench.cc:1001] ReceiveFb done
I20260914 17:30:33.694226 294562 dfly_bench.cc:1001] ReceiveFb done
I20260914 17:30:33.694131 294560 dfly_bench.cc:1001] ReceiveFb done
I20260914 17:30:33.694180 294568 dfly_bench.cc:1001] ReceiveFb done
I20260914 17:30:33.694123 294569 dfly_bench.cc:1001] ReceiveFb done
I20260914 17:30:33.694170 294561 dfly_bench.cc:1001] ReceiveFb done
I20260914 17:30:33.694168 294563 dfly_bench.cc:1001] ReceiveFb done
I20260914 17:30:33.694244 294573 dfly_bench.cc:1001] ReceiveFb done
I20260914 17:30:33.694250 294562 dfly_bench.cc:1001] ReceiveFb done
I20260914 17:30:33.694259 294561 dfly_bench.cc:1001] ReceiveFb done
I20260914 17:30:33.694240 294559 dfly_bench.cc:1001] ReceiveFb done
I20260914 17:30:33.694257 294569 dfly_bench.cc:1001] ReceiveFb done
I20260914 17:30:33.694324 294559 dfly_bench.cc:1001] ReceiveFb done
I20260914 17:30:33.694192 294572 dfly_bench.cc:926] Done queuing 4294967295 requests, which took 3.0s. Waiting for server processing
I20260914 17:30:33.694326 294569 dfly_bench.cc:1001] ReceiveFb done
I20260914 17:30:33.694320 294571 dfly_bench.cc:926] Done queuing 4294967295 requests, which took 3.0s. Waiting for server processing
I20260914 17:30:33.694345 294571 dfly_bench.cc:926] Done queuing 4294967295 requests, which took 3.0s. Waiting for server processing
I20260914 17:30:33.694350 294569 dfly_bench.cc:1001] ReceiveFb done
I20260914 17:30:33.694357 294571 dfly_bench.cc:926] Done queuing 4294967295 requests, which took 3.0s. Waiting for server processing
I20260914 17:30:33.694295 294561 dfly_bench.cc:1001] ReceiveFb done
I20260914 17:30:33.694368 294571 dfly_bench.cc:926] Done queuing 4294967295 requests, which took 3.0s. Waiting for server processing
I20260914 17:30:33.694254 294568 dfly_bench.cc:1001] ReceiveFb done
I20260914 17:30:33.694270 294563 dfly_bench.cc:926] Done queuing 4294967295 requests, which took 3.0s. Waiting for server processing
I20260914 17:30:33.694253 294560 dfly_bench.cc:1001] ReceiveFb done
I20260914 17:30:33.694334 294558 dfly_bench.cc:926] Done queuing 4294967295 requests, which took 3.0s. Waiting for server processing
I20260914 17:30:33.694254 294565 dfly_bench.cc:1001] ReceiveFb done
I20260914 17:30:33.694399 294558 dfly_bench.cc:926] Done queuing 4294967295 requests, which took 3.0s. Waiting for server processing
I20260914 17:30:33.694345 294559 dfly_bench.cc:1001] ReceiveFb done
I20260914 17:30:33.694245 294570 dfly_bench.cc:926] Done queuing 4294967295 requests, which took 3.0s. Waiting for server processing
I20260914 17:30:33.694378 294571 dfly_bench.cc:926] Done queuing 4294967295 requests, which took 3.0s. Waiting for server processing
I20260914 17:30:33.694396 294568 dfly_bench.cc:1001] ReceiveFb done
I20260914 17:30:33.694416 294570 dfly_bench.cc:926] Done queuing 4294967295 requests, which took 3.0s. Waiting for server processing
I20260914 17:30:33.694422 294571 dfly_bench.cc:926] Done queuing 4294967295 requests, which took 3.0s. Waiting for server processing
I20260914 17:30:33.694336 294572 dfly_bench.cc:926] Done queuing 4294967295 requests, which took 3.0s. Waiting for server processing
I20260914 17:30:33.694270 294562 dfly_bench.cc:1001] ReceiveFb done
I20260914 17:30:33.694427 294570 dfly_bench.cc:926] Done queuing 4294967295 requests, which took 3.0s. Waiting for server processing
I20260914 17:30:33.694409 294558 dfly_bench.cc:926] Done queuing 4294967295 requests, which took 3.0s. Waiting for server processing
I20260914 17:30:33.694417 294565 dfly_bench.cc:1001] ReceiveFb done
I20260914 17:30:33.694167 294567 dfly_bench.cc:1001] ReceiveFb done
I20260914 17:30:33.694446 294558 dfly_bench.cc:926] Done queuing 4294967295 requests, which took 3.0s. Waiting for server processing
I20260914 17:30:33.694446 294571 dfly_bench.cc:1001] ReceiveFb done
I20260914 17:30:33.694242 294564 dfly_bench.cc:926] Done queuing 4294967295 requests, which took 3.0s. Waiting for server processing
I20260914 17:30:33.694454 294562 dfly_bench.cc:1001] ReceiveFb done
I20260914 17:30:33.694435 294572 dfly_bench.cc:926] Done queuing 4294967295 requests, which took 3.0s. Waiting for server processing
I20260914 17:30:33.694461 294565 dfly_bench.cc:1001] ReceiveFb done
I20260914 17:30:33.694435 294568 dfly_bench.cc:1001] ReceiveFb done
I20260914 17:30:33.694393 294563 dfly_bench.cc:926] Done queuing 4294967295 requests, which took 3.0s. Waiting for server processing
I20260914 17:30:33.694409 294560 dfly_bench.cc:1001] ReceiveFb done
I20260914 17:30:33.694397 294569 dfly_bench.cc:926] Done queuing 4294967295 requests, which took 3.0s. Waiting for server processing
I20260914 17:30:33.694492 294563 dfly_bench.cc:926] Done queuing 4294967295 requests, which took 3.0s. Waiting for server processing
I20260914 17:30:33.694288 294566 dfly_bench.cc:1001] ReceiveFb done
I20260914 17:30:33.694473 294571 dfly_bench.cc:1001] ReceiveFb done
I20260914 17:30:33.694429 294559 dfly_bench.cc:1001] ReceiveFb done
I20260914 17:30:33.694384 294561 dfly_bench.cc:1001] ReceiveFb done
I20260914 17:30:33.694476 294562 dfly_bench.cc:1001] ReceiveFb done
I20260914 17:30:33.694486 294565 dfly_bench.cc:1001] ReceiveFb done
I20260914 17:30:33.694470 294558 dfly_bench.cc:1001] ReceiveFb done
I20260914 17:30:33.694466 294567 dfly_bench.cc:1001] ReceiveFb done
I20260914 17:30:33.694267 294573 dfly_bench.cc:1001] ReceiveFb done
I20260914 17:30:33.694504 294563 dfly_bench.cc:926] Done queuing 4294967295 requests, which took 3.0s. Waiting for server processing
I20260914 17:30:33.694494 294568 dfly_bench.cc:1001] ReceiveFb done
I20260914 17:30:33.694545 294563 dfly_bench.cc:926] Done queuing 4294967295 requests, which took 3.0s. Waiting for server processing
I20260914 17:30:33.694504 294560 dfly_bench.cc:1001] ReceiveFb done
I20260914 17:30:33.694526 294566 dfly_bench.cc:1001] ReceiveFb done
I20260914 17:30:33.694442 294570 dfly_bench.cc:926] Done queuing 4294967295 requests, which took 3.0s. Waiting for server processing
I20260914 17:30:33.694540 294565 dfly_bench.cc:1001] ReceiveFb done
I20260914 17:30:33.694555 294573 dfly_bench.cc:1001] ReceiveFb done
I20260914 17:30:33.694550 294567 dfly_bench.cc:1001] ReceiveFb done
I20260914 17:30:33.694594 294570 dfly_bench.cc:1001] ReceiveFb done
I20260914 17:30:33.694603 294566 dfly_bench.cc:1001] ReceiveFb done
I20260914 17:30:33.694536 294561 dfly_bench.cc:1001] ReceiveFb done
I20260914 17:30:33.694555 294563 dfly_bench.cc:926] Done queuing 4294967295 requests, which took 3.0s. Waiting for server processing
I20260914 17:30:33.694525 294564 dfly_bench.cc:1001] ReceiveFb done
I20260914 17:30:33.694613 294565 dfly_bench.cc:1001] ReceiveFb done
I20260914 17:30:33.694535 294559 dfly_bench.cc:1001] ReceiveFb done
I20260914 17:30:33.694553 294558 dfly_bench.cc:1001] ReceiveFb done
I20260914 17:30:33.694535 294569 dfly_bench.cc:926] Done queuing 4294967295 requests, which took 3.0s. Waiting for server processing
I20260914 17:30:33.694540 294562 dfly_bench.cc:1001] ReceiveFb done
I20260914 17:30:33.694639 294564 dfly_bench.cc:926] Done queuing 4294967295 requests, which took 3.0s. Waiting for server processing
I20260914 17:30:33.694628 294561 dfly_bench.cc:1001] ReceiveFb done
I20260914 17:30:33.694579 294560 dfly_bench.cc:1001] ReceiveFb done
I20260914 17:30:33.694628 294573 dfly_bench.cc:1001] ReceiveFb done
I20260914 17:30:33.694653 294558 dfly_bench.cc:1001] ReceiveFb done
I20260914 17:30:33.694681 294562 dfly_bench.cc:1001] ReceiveFb done
I20260914 17:30:33.694566 294568 dfly_bench.cc:1001] ReceiveFb done
I20260914 17:30:33.694622 294570 dfly_bench.cc:1001] ReceiveFb done
I20260914 17:30:33.694692 294566 dfly_bench.cc:1001] ReceiveFb done
I20260914 17:30:33.694695 294560 dfly_bench.cc:1001] ReceiveFb done
I20260914 17:30:33.694685 294561 dfly_bench.cc:1001] ReceiveFb done
I20260914 17:30:33.694527 294571 dfly_bench.cc:1001] ReceiveFb done
I20260914 17:30:33.694702 294562 dfly_bench.cc:1001] ReceiveFb done
I20260914 17:30:33.694624 294563 dfly_bench.cc:926] Done queuing 4294967295 requests, which took 3.0s. Waiting for server processing
I20260914 17:30:33.694645 294565 dfly_bench.cc:1001] ReceiveFb done
I20260914 17:30:33.694710 294570 dfly_bench.cc:1001] ReceiveFb done
I20260914 17:30:33.694620 294567 dfly_bench.cc:1001] ReceiveFb done
I20260914 17:30:33.694732 294570 dfly_bench.cc:1001] ReceiveFb done
I20260914 17:30:33.694736 294567 dfly_bench.cc:1001] ReceiveFb done
I20260914 17:30:33.694694 294564 dfly_bench.cc:1001] ReceiveFb done
I20260914 17:30:33.694720 294566 dfly_bench.cc:1001] ReceiveFb done
I20260914 17:30:33.694697 294573 dfly_bench.cc:1001] ReceiveFb done
I20260914 17:30:33.694746 294560 dfly_bench.cc:926] Done queuing 4294967295 requests, which took 3.0s. Waiting for server processing
I20260914 17:30:33.694649 294559 dfly_bench.cc:1001] ReceiveFb done
I20260914 17:30:33.694566 294572 dfly_bench.cc:1001] ReceiveFb done
I20260914 17:30:33.694754 294570 dfly_bench.cc:1001] ReceiveFb done
I20260914 17:30:33.694703 294558 dfly_bench.cc:1001] ReceiveFb done
I20260914 17:30:33.694727 294562 dfly_bench.cc:1001] ReceiveFb done
I20260914 17:30:33.694758 294560 dfly_bench.cc:926] Done queuing 4294967295 requests, which took 3.0s. Waiting for server processing
I20260914 17:30:33.694772 294572 dfly_bench.cc:1001] ReceiveFb done
I20260914 17:30:33.694777 294564 dfly_bench.cc:926] Done queuing 4294967295 requests, which took 3.0s. Waiting for server processing
I20260914 17:30:33.694785 294562 dfly_bench.cc:926] Done queuing 4294967295 requests, which took 3.0s. Waiting for server processing
I20260914 17:30:33.694720 294571 dfly_bench.cc:1001] ReceiveFb done
I20260914 17:30:33.694741 294565 dfly_bench.cc:926] Done queuing 4294967295 requests, which took 3.0s. Waiting for server processing
I20260914 17:30:33.694801 294564 dfly_bench.cc:1001] ReceiveFb done
I20260914 17:30:33.694805 294565 dfly_bench.cc:926] Done queuing 4294967295 requests, which took 3.0s. Waiting for server processing
I20260914 17:30:33.694766 294567 dfly_bench.cc:1001] ReceiveFb done
I20260914 17:30:33.694764 294568 dfly_bench.cc:926] Done queuing 4294967295 requests, which took 3.0s. Waiting for server processing
I20260914 17:30:33.694777 294570 dfly_bench.cc:1001] ReceiveFb done
I20260914 17:30:33.694762 294566 dfly_bench.cc:1001] ReceiveFb done
I20260914 17:30:33.694783 294560 dfly_bench.cc:926] Done queuing 4294967295 requests, which took 3.0s. Waiting for server processing
I20260914 17:30:33.694821 294559 dfly_bench.cc:926] Done queuing 4294967295 requests, which took 3.0s. Waiting for server processing
I20260914 17:30:33.694718 294561 dfly_bench.cc:1001] ReceiveFb done
I20260914 17:30:33.694815 294571 dfly_bench.cc:1001] ReceiveFb done
I20260914 17:30:33.694852 294561 dfly_bench.cc:1001] ReceiveFb done
I20260914 17:30:33.694828 294560 dfly_bench.cc:926] Done queuing 4294967295 requests, which took 3.0s. Waiting for server processing
I20260914 17:30:33.694835 294570 dfly_bench.cc:1001] ReceiveFb done
I20260914 17:30:33.694837 294566 dfly_bench.cc:1001] ReceiveFb done
I20260914 17:30:33.694797 294572 dfly_bench.cc:1001] ReceiveFb done
I20260914 17:30:33.694778 294558 dfly_bench.cc:1001] ReceiveFb done
I20260914 17:30:33.694806 294569 dfly_bench.cc:1001] ReceiveFb done
I20260914 17:30:33.694878 294561 dfly_bench.cc:1001] ReceiveFb done
I20260914 17:30:33.694815 294565 dfly_bench.cc:926] Done queuing 4294967295 requests, which took 3.0s. Waiting for server processing
I20260914 17:30:33.694837 294559 dfly_bench.cc:926] Done queuing 4294967295 requests, which took 3.0s. Waiting for server processing
I20260914 17:30:33.694898 294572 dfly_bench.cc:1001] ReceiveFb done
I20260914 17:30:33.694767 294573 dfly_bench.cc:1001] ReceiveFb done
I20260914 17:30:33.694871 294563 dfly_bench.cc:1001] ReceiveFb done
I20260914 17:30:33.694828 294567 dfly_bench.cc:1001] ReceiveFb done
I20260914 17:30:33.694867 294571 dfly_bench.cc:1001] ReceiveFb done
I20260914 17:30:33.694847 294564 dfly_bench.cc:1126] Total hits: 76351
I20260914 17:30:33.694912 294561 dfly_bench.cc:1001] ReceiveFb done
I20260914 17:30:33.694921 294572 dfly_bench.cc:1001] ReceiveFb done
I20260914 17:30:33.694924 294563 dfly_bench.cc:1001] ReceiveFb done
I20260914 17:30:33.694895 294566 dfly_bench.cc:1001] ReceiveFb done
I20260914 17:30:33.694893 294570 dfly_bench.cc:1001] ReceiveFb done
I20260914 17:30:33.694926 294567 dfly_bench.cc:1001] ReceiveFb done
I20260914 17:30:33.694934 294561 dfly_bench.cc:1001] ReceiveFb done
I20260914 17:30:33.694905 294559 dfly_bench.cc:926] Done queuing 4294967295 requests, which took 3.0s. Waiting for server processing
I20260914 17:30:33.694964 294566 dfly_bench.cc:926] Done queuing 4294967295 requests, which took 3.0s. Waiting for server processing
I20260914 17:30:33.694947 294563 dfly_bench.cc:1001] ReceiveFb done
I20260914 17:30:33.694936 294573 dfly_bench.cc:926] Done queuing 4294967295 requests, which took 3.0s. Waiting for server processing
I20260914 17:30:33.694927 294571 dfly_bench.cc:1001] ReceiveFb done
I20260914 17:30:33.694931 294569 dfly_bench.cc:926] Done queuing 4294967295 requests, which took 3.0s. Waiting for server processing
I20260914 17:30:33.694900 294558 dfly_bench.cc:1001] ReceiveFb done
I20260914 17:30:33.694975 294566 dfly_bench.cc:926] Done queuing 4294967295 requests, which took 3.0s. Waiting for server processing
I20260914 17:30:33.694975 294567 dfly_bench.cc:1001] ReceiveFb done
I20260914 17:30:33.695003 294571 dfly_bench.cc:1001] ReceiveFb done
I20260914 17:30:33.695004 294566 dfly_bench.cc:926] Done queuing 4294967295 requests, which took 3.0s. Waiting for server processing
I20260914 17:30:33.695015 294566 dfly_bench.cc:926] Done queuing 4294967295 requests, which took 3.0s. Waiting for server processing
I20260914 17:30:33.694993 294569 dfly_bench.cc:1001] ReceiveFb done
I20260914 17:30:33.695034 294560 dfly_bench.cc:926] Done queuing 4294967295 requests, which took 3.0s. Waiting for server processing
I20260914 17:30:33.694988 294561 dfly_bench.cc:1001] ReceiveFb done
I20260914 17:30:33.695036 294573 dfly_bench.cc:926] Done queuing 4294967295 requests, which took 3.0s. Waiting for server processing
I20260914 17:30:33.695006 294558 dfly_bench.cc:1001] ReceiveFb done
I20260914 17:30:33.695058 294559 dfly_bench.cc:1001] ReceiveFb done
I20260914 17:30:33.695005 294565 dfly_bench.cc:926] Done queuing 4294967295 requests, which took 3.0s. Waiting for server processing
I20260914 17:30:33.694993 294563 dfly_bench.cc:1001] ReceiveFb done
I20260914 17:30:33.695066 294561 dfly_bench.cc:1001] ReceiveFb done
I20260914 17:30:33.695020 294571 dfly_bench.cc:1001] ReceiveFb done
I20260914 17:30:33.695046 294560 dfly_bench.cc:926] Done queuing 4294967295 requests, which took 3.0s. Waiting for server processing
I20260914 17:30:33.695066 294568 dfly_bench.cc:926] Done queuing 4294967295 requests, which took 3.0s. Waiting for server processing
I20260914 17:30:33.695080 294559 dfly_bench.cc:926] Done queuing 4294967295 requests, which took 3.0s. Waiting for server processing
I20260914 17:30:33.695089 294563 dfly_bench.cc:1001] ReceiveFb done
I20260914 17:30:33.695106 294559 dfly_bench.cc:926] Done queuing 4294967295 requests, which took 3.0s. Waiting for server processing
I20260914 17:30:33.695128 294570 dfly_bench.cc:1001] ReceiveFb done
I20260914 17:30:33.695111 294565 dfly_bench.cc:1001] ReceiveFb done
I20260914 17:30:33.695118 294563 dfly_bench.cc:1001] ReceiveFb done
I20260914 17:30:33.695080 294567 dfly_bench.cc:926] Done queuing 4294967295 requests, which took 3.0s. Waiting for server processing
I20260914 17:30:33.695094 294561 dfly_bench.cc:1001] ReceiveFb done
I20260914 17:30:33.695041 294569 dfly_bench.cc:1001] ReceiveFb done
I20260914 17:30:33.695122 294559 dfly_bench.cc:926] Done queuing 4294967295 requests, which took 3.0s. Waiting for server processing
I20260914 17:30:33.695158 294565 dfly_bench.cc:1001] ReceiveFb done
I20260914 17:30:33.695117 294566 dfly_bench.cc:1001] ReceiveFb done
I20260914 17:30:33.695166 294570 dfly_bench.cc:1001] ReceiveFb done
I20260914 17:30:33.695179 294566 dfly_bench.cc:1001] ReceiveFb done
I20260914 17:30:33.695106 294560 dfly_bench.cc:1001] ReceiveFb done
I20260914 17:30:33.695190 294570 dfly_bench.cc:1001] ReceiveFb done
I20260914 17:30:33.695103 294568 dfly_bench.cc:1001] ReceiveFb done
I20260914 17:30:33.695163 294563 dfly_bench.cc:1001] ReceiveFb done
I20260914 17:30:33.695153 294562 dfly_bench.cc:926] Done queuing 4294967295 requests, which took 3.0s. Waiting for server processing
I20260914 17:30:33.695163 294559 dfly_bench.cc:926] Done queuing 4294967295 requests, which took 3.0s. Waiting for server processing
I20260914 17:30:33.695209 294560 dfly_bench.cc:1001] ReceiveFb done
I20260914 17:30:33.695226 294562 dfly_bench.cc:1001] ReceiveFb done
I20260914 17:30:33.695210 294568 dfly_bench.cc:1001] ReceiveFb done
I20260914 17:30:33.695176 294569 dfly_bench.cc:926] Done queuing 4294967295 requests, which took 3.0s. Waiting for server processing
I20260914 17:30:33.695258 294559 dfly_bench.cc:1001] ReceiveFb done
I20260914 17:30:33.695212 294570 dfly_bench.cc:1001] ReceiveFb done
I20260914 17:30:33.695250 294573 dfly_bench.cc:1001] ReceiveFb done
I20260914 17:30:33.695204 294566 dfly_bench.cc:1001] ReceiveFb done
I20260914 17:30:33.695216 294558 dfly_bench.cc:926] Done queuing 4294967295 requests, which took 3.0s. Waiting for server processing
I20260914 17:30:33.695168 294561 dfly_bench.cc:1001] ReceiveFb done
I20260914 17:30:33.695178 294565 dfly_bench.cc:1001] ReceiveFb done
I20260914 17:30:33.695245 294560 dfly_bench.cc:1001] ReceiveFb done
I20260914 17:30:33.695246 294562 dfly_bench.cc:1001] ReceiveFb done
I20260914 17:30:33.695287 294559 dfly_bench.cc:1001] ReceiveFb done
I20260914 17:30:33.695294 294566 dfly_bench.cc:1001] ReceiveFb done
I20260914 17:30:33.695300 294560 dfly_bench.cc:1001] ReceiveFb done
I20260914 17:30:33.695283 294558 dfly_bench.cc:926] Done queuing 4294967295 requests, which took 3.0s. Waiting for server processing
I20260914 17:30:33.695313 294558 dfly_bench.cc:926] Done queuing 4294967295 requests, which took 3.0s. Waiting for server processing
I20260914 17:30:33.695293 294570 dfly_bench.cc:926] Done queuing 4294967295 requests, which took 3.0s. Waiting for server processing
I20260914 17:30:33.695323 294558 dfly_bench.cc:926] Done queuing 4294967295 requests, which took 3.0s. Waiting for server processing
I20260914 17:30:33.695294 294573 dfly_bench.cc:1001] ReceiveFb done
I20260914 17:30:33.695340 294562 dfly_bench.cc:926] Done queuing 4294967295 requests, which took 3.0s. Waiting for server processing
I20260914 17:30:33.695314 294565 dfly_bench.cc:1001] ReceiveFb done
I20260914 17:30:33.695325 294567 dfly_bench.cc:1001] ReceiveFb done
I20260914 17:30:33.695354 294563 dfly_bench.cc:1126] Total hits: 75630
I20260914 17:30:33.695360 294573 dfly_bench.cc:1001] ReceiveFb done
I20260914 17:30:33.695322 294560 dfly_bench.cc:1001] ReceiveFb done
I20260914 17:30:33.695374 294567 dfly_bench.cc:1001] ReceiveFb done
I20260914 17:30:33.695310 294569 dfly_bench.cc:1001] ReceiveFb done
I20260914 17:30:33.695351 294562 dfly_bench.cc:926] Done queuing 4294967295 requests, which took 3.0s. Waiting for server processing
I20260914 17:30:33.695336 294558 dfly_bench.cc:926] Done queuing 4294967295 requests, which took 3.0s. Waiting for server processing
I20260914 17:30:33.695297 294571 dfly_bench.cc:926] Done queuing 4294967295 requests, which took 3.0s. Waiting for server processing
I20260914 17:30:33.695312 294568 dfly_bench.cc:926] Done queuing 4294967295 requests, which took 3.0s. Waiting for server processing
I20260914 17:30:33.695402 294562 dfly_bench.cc:1001] ReceiveFb done
I20260914 17:30:33.695405 294571 dfly_bench.cc:926] Done queuing 4294967295 requests, which took 3.0s. Waiting for server processing
I20260914 17:30:33.695407 294569 dfly_bench.cc:1001] ReceiveFb done
I20260914 17:30:33.695417 294573 dfly_bench.cc:926] Done queuing 4294967295 requests, which took 3.0s. Waiting for server processing
I20260914 17:30:33.694952 294572 dfly_bench.cc:926] Done queuing 4294967295 requests, which took 3.0s. Waiting for server processing
I20260914 17:30:33.695444 294565 dfly_bench.cc:1126] Total hits: 75353
I20260914 17:30:33.695415 294571 dfly_bench.cc:926] Done queuing 4294967295 requests, which took 3.0s. Waiting for server processing
I20260914 17:30:33.695408 294566 dfly_bench.cc:1126] Total hits: 75528
I20260914 17:30:33.695312 294559 dfly_bench.cc:1001] ReceiveFb done
I20260914 17:30:33.695425 294562 dfly_bench.cc:1001] ReceiveFb done
I20260914 17:30:33.695413 294558 dfly_bench.cc:1001] ReceiveFb done
I20260914 17:30:33.695396 294560 dfly_bench.cc:1001] ReceiveFb done
I20260914 17:30:33.695418 294570 dfly_bench.cc:1001] ReceiveFb done
I20260914 17:30:33.695408 294568 dfly_bench.cc:1001] ReceiveFb done
I20260914 17:30:33.695405 294567 dfly_bench.cc:1001] ReceiveFb done
I20260914 17:30:33.695497 294558 dfly_bench.cc:1001] ReceiveFb done
I20260914 17:30:33.695501 294560 dfly_bench.cc:926] Done queuing 4294967295 requests, which took 3.0s. Waiting for server processing
I20260914 17:30:33.695467 294571 dfly_bench.cc:1001] ReceiveFb done
I20260914 17:30:33.695513 294567 dfly_bench.cc:1001] ReceiveFb done
I20260914 17:30:33.695518 294558 dfly_bench.cc:1001] ReceiveFb done
I20260914 17:30:33.695487 294573 dfly_bench.cc:1001] ReceiveFb done
I20260914 17:30:33.695487 294569 dfly_bench.cc:926] Done queuing 4294967295 requests, which took 3.0s. Waiting for server processing
I20260914 17:30:33.695549 294569 dfly_bench.cc:1001] ReceiveFb done
I20260914 17:30:33.695534 294567 dfly_bench.cc:1001] ReceiveFb done
I20260914 17:30:33.695513 294560 dfly_bench.cc:926] Done queuing 4294967295 requests, which took 3.0s. Waiting for server processing
I20260914 17:30:33.695530 294571 dfly_bench.cc:1001] ReceiveFb done
I20260914 17:30:33.695539 294558 dfly_bench.cc:1001] ReceiveFb done
I20260914 17:30:33.695560 294560 dfly_bench.cc:926] Done queuing 4294967295 requests, which took 3.0s. Waiting for server processing
I20260914 17:30:33.695528 294568 dfly_bench.cc:1126] Total hits: 75400
I20260914 17:30:33.695581 294560 dfly_bench.cc:926] Done queuing 4294967295 requests, which took 3.0s. Waiting for server processing
I20260914 17:30:33.695544 294572 dfly_bench.cc:926] Done queuing 4294967295 requests, which took 3.0s. Waiting for server processing
I20260914 17:30:33.695487 294559 dfly_bench.cc:1001] ReceiveFb done
I20260914 17:30:33.695542 294573 dfly_bench.cc:1001] ReceiveFb done
I20260914 17:30:33.695591 294558 dfly_bench.cc:1001] ReceiveFb done
I20260914 17:30:33.695587 294569 dfly_bench.cc:1126] Total hits: 75293
I20260914 17:30:33.695588 294571 dfly_bench.cc:1001] ReceiveFb done
I20260914 17:30:33.695613 294559 dfly_bench.cc:1001] ReceiveFb done
I20260914 17:30:33.695613 294573 dfly_bench.cc:1001] ReceiveFb done
I20260914 17:30:33.695638 294559 dfly_bench.cc:1001] ReceiveFb done
I20260914 17:30:33.695614 294572 dfly_bench.cc:1001] ReceiveFb done
I20260914 17:30:33.695654 294573 dfly_bench.cc:926] Done queuing 4294967295 requests, which took 3.0s. Waiting for server processing
I20260914 17:30:33.695665 294572 dfly_bench.cc:1001] ReceiveFb done
I20260914 17:30:33.695668 294559 dfly_bench.cc:1001] ReceiveFb done
I20260914 17:30:33.695688 294559 dfly_bench.cc:926] Done queuing 4294967295 requests, which took 3.0s. Waiting for server processing
I20260914 17:30:33.695683 294571 dfly_bench.cc:1126] Total hits: 75814
I20260914 17:30:33.695683 294561 dfly_bench.cc:926] Done queuing 4294967295 requests, which took 3.0s. Waiting for server processing
I20260914 17:30:33.695722 294573 dfly_bench.cc:1001] ReceiveFb done
I20260914 17:30:33.695699 294559 dfly_bench.cc:926] Done queuing 4294967295 requests, which took 3.0s. Waiting for server processing
I20260914 17:30:33.695724 294560 dfly_bench.cc:1001] ReceiveFb done
I20260914 17:30:33.695683 294567 dfly_bench.cc:1001] ReceiveFb done
I20260914 17:30:33.695689 294572 dfly_bench.cc:1001] ReceiveFb done
I20260914 17:30:33.695744 294573 dfly_bench.cc:926] Done queuing 4294967295 requests, which took 3.0s. Waiting for server processing
I20260914 17:30:33.695724 294561 dfly_bench.cc:1001] ReceiveFb done
I20260914 17:30:33.695762 294572 dfly_bench.cc:1001] ReceiveFb done
I20260914 17:30:33.695773 294561 dfly_bench.cc:926] Done queuing 4294967295 requests, which took 3.0s. Waiting for server processing
I20260914 17:30:33.695753 294573 dfly_bench.cc:926] Done queuing 4294967295 requests, which took 3.0s. Waiting for server processing
I20260914 17:30:33.695783 294572 dfly_bench.cc:1001] ReceiveFb done
I20260914 17:30:33.695775 294567 dfly_bench.cc:926] Done queuing 4294967295 requests, which took 3.0s. Waiting for server processing
I20260914 17:30:33.695787 294573 dfly_bench.cc:926] Done queuing 4294967295 requests, which took 3.0s. Waiting for server processing
I20260914 17:30:33.695752 294560 dfly_bench.cc:1001] ReceiveFb done
I20260914 17:30:33.695796 294573 dfly_bench.cc:926] Done queuing 4294967295 requests, which took 3.0s. Waiting for server processing
I20260914 17:30:33.695804 294572 dfly_bench.cc:1001] ReceiveFb done
I20260914 17:30:33.695806 294561 dfly_bench.cc:1001] ReceiveFb done
I20260914 17:30:33.695809 294560 dfly_bench.cc:1001] ReceiveFb done
I20260914 17:30:33.695819 294567 dfly_bench.cc:1001] ReceiveFb done
I20260914 17:30:33.695823 294573 dfly_bench.cc:1001] ReceiveFb done
I20260914 17:30:33.695824 294572 dfly_bench.cc:1001] ReceiveFb done
I20260914 17:30:33.695827 294561 dfly_bench.cc:926] Done queuing 4294967295 requests, which took 3.0s. Waiting for server processing
I20260914 17:30:33.695827 294560 dfly_bench.cc:1001] ReceiveFb done
I20260914 17:30:33.695837 294567 dfly_bench.cc:926] Done queuing 4294967295 requests, which took 3.0s. Waiting for server processing
I20260914 17:30:33.695842 294573 dfly_bench.cc:1001] ReceiveFb done
I20260914 17:30:33.695854 294561 dfly_bench.cc:926] Done queuing 4294967295 requests, which took 3.0s. Waiting for server processing
I20260914 17:30:33.695858 294572 dfly_bench.cc:1001] ReceiveFb done
I20260914 17:30:33.695869 294573 dfly_bench.cc:1001] ReceiveFb done
I20260914 17:30:33.695863 294561 dfly_bench.cc:926] Done queuing 4294967295 requests, which took 3.0s. Waiting for server processing
I20260914 17:30:33.695878 294567 dfly_bench.cc:1001] ReceiveFb done
I20260914 17:30:33.695880 294559 dfly_bench.cc:1001] ReceiveFb done
I20260914 17:30:33.695887 294573 dfly_bench.cc:1001] ReceiveFb done
I20260914 17:30:33.695900 294559 dfly_bench.cc:1001] ReceiveFb done
I20260914 17:30:33.695902 294561 dfly_bench.cc:1001] ReceiveFb done
I20260914 17:30:33.695917 294567 dfly_bench.cc:1126] Total hits: 75448
I20260914 17:30:33.695920 294561 dfly_bench.cc:1001] ReceiveFb done
I20260914 17:30:33.695940 294561 dfly_bench.cc:1001] ReceiveFb done
I20260914 17:30:33.695960 294559 dfly_bench.cc:1126] Total hits: 75305
I20260914 17:30:33.695977 294573 dfly_bench.cc:1126] Total hits: 74361
I20260914 17:30:33.696022 294561 dfly_bench.cc:1126] Total hits: 73545
I20260914 17:30:33.696041 294572 dfly_bench.cc:1001] ReceiveFb done
I20260914 17:30:33.696062 294572 dfly_bench.cc:1001] ReceiveFb done
I20260914 17:30:33.696122 294572 dfly_bench.cc:926] Done queuing 4294967295 requests, which took 3.0s. Waiting for server processing
I20260914 17:30:33.696130 294572 dfly_bench.cc:926] Done queuing 4294967295 requests, which took 3.0s. Waiting for server processing
I20260914 17:30:33.696139 294572 dfly_bench.cc:926] Done queuing 4294967295 requests, which took 3.0s. Waiting for server processing
I20260914 17:30:33.696149 294572 dfly_bench.cc:1001] ReceiveFb done
I20260914 17:30:33.696168 294572 dfly_bench.cc:1001] ReceiveFb done
I20260914 17:30:33.696187 294572 dfly_bench.cc:1001] ReceiveFb done
I20260914 17:30:33.696566 294560 dfly_bench.cc:926] Done queuing 4294967295 requests, which took 3.0s. Waiting for server processing
I20260914 17:30:33.696578 294562 dfly_bench.cc:926] Done queuing 4294967295 requests, which took 3.0s. Waiting for server processing
I20260914 17:30:33.696579 294560 dfly_bench.cc:1001] ReceiveFb done
I20260914 17:30:33.696588 294562 dfly_bench.cc:1001] ReceiveFb done
I20260914 17:30:33.696581 294558 dfly_bench.cc:926] Done queuing 4294967295 requests, which took 3.0s. Waiting for server processing
I20260914 17:30:33.696605 294558 dfly_bench.cc:1001] ReceiveFb done
I20260914 17:30:33.696620 294560 dfly_bench.cc:1126] Total hits: 75695
I20260914 17:30:33.696625 294562 dfly_bench.cc:1126] Total hits: 75283
I20260914 17:30:33.696640 294570 dfly_bench.cc:926] Done queuing 4294967295 requests, which took 3.0s. Waiting for server processing
I20260914 17:30:33.696645 294558 dfly_bench.cc:926] Done queuing 4294967295 requests, which took 3.0s. Waiting for server processing
I20260914 17:30:33.696653 294558 dfly_bench.cc:926] Done queuing 4294967295 requests, which took 3.0s. Waiting for server processing
I20260914 17:30:33.696653 294570 dfly_bench.cc:1001] ReceiveFb done
I20260914 17:30:33.696666 294558 dfly_bench.cc:1001] ReceiveFb done
I20260914 17:30:33.696684 294558 dfly_bench.cc:1001] ReceiveFb done
I20260914 17:30:33.696684 294572 dfly_bench.cc:926] Done queuing 4294967295 requests, which took 3.0s. Waiting for server processing
I20260914 17:30:33.696704 294572 dfly_bench.cc:1001] ReceiveFb done
I20260914 17:30:33.696707 294570 dfly_bench.cc:926] Done queuing 4294967295 requests, which took 3.0s. Waiting for server processing
I20260914 17:30:33.696724 294570 dfly_bench.cc:926] Done queuing 4294967295 requests, which took 3.0s. Waiting for server processing
I20260914 17:30:33.696733 294570 dfly_bench.cc:1001] ReceiveFb done
I20260914 17:30:33.696743 294558 dfly_bench.cc:1126] Total hits: 75319
I20260914 17:30:33.696751 294570 dfly_bench.cc:1001] ReceiveFb done
I20260914 17:30:33.696759 294572 dfly_bench.cc:1126] Total hits: 75192
I20260914 17:30:33.696806 294570 dfly_bench.cc:1126] Total hits: 73159
I20260914 17:30:34.690912 294557 dfly_bench.cc:1711] Resetting all threads

Total time: 3.008180514s. Overall number of requests: 2402280, QPS: 793618, P99 lat: 6804.14us
Latency summary, all times are in usec:
Count: 2402280 Average: 797.7387
Min: 147.0000  Median: 584.1795  Max: 26458.0000
------------------------------------------------------
[     140,     160 ) 127   0.005%   0.005% 
[     160,     180 ) 2120   0.088%   0.094% 
[     180,     200 ) 7133   0.297%   0.390% 
[     200,     250 ) 45269   1.884%   2.275% 
[     250,     300 ) 87718   3.651%   5.926% #
[     300,     350 ) 122907   5.116%  11.043% #
[     350,     400 ) 163330   6.799%  17.842% #
[     400,     450 ) 190720   7.939%  25.781% ##
[     450,     500 ) 210193   8.750%  34.530% ##
[     500,     600 ) 441464  18.377%  52.907% ####
[     600,     700 ) 378217  15.744%  68.651% ###
[     700,     800 ) 273901  11.402%  80.053% ##
[     800,     900 ) 167516   6.973%  87.026% #
[     900,    1000 ) 88921   3.702%  90.728% #
[    1000,    1200 ) 69737   2.903%  93.631% #
[    1200,    1400 ) 22979   0.957%  94.587% 
[    1400,    1600 ) 11370   0.473%  95.061% 
[    1600,    1800 ) 7766   0.323%  95.384% 
[    1800,    2000 ) 6309   0.263%  95.647% 
[    2000,    2500 ) 12895   0.537%  96.183% 
[    2500,    3000 ) 10914   0.454%  96.638% 
[    3000,    3500 ) 9779   0.407%  97.045% 
[    3500,    4000 ) 9499   0.395%  97.440% 
[    4000,    4500 ) 8708   0.362%  97.803% 
[    4500,    5000 ) 7392   0.308%  98.110% 
[    5000,    6000 ) 12829   0.534%  98.644% 
[    6000,    7000 ) 10624   0.442%  99.087% 
[    7000,    8000 ) 8318   0.346%  99.433% 
[    8000,    9000 ) 5763   0.240%  99.673% 
[    9000,   10000 ) 3373   0.140%  99.813% 
[   10000,   12000 ) 2807   0.117%  99.930% 
[   12000,   14000 ) 1112   0.046%  99.976% 
[   14000,   16000 ) 383   0.016%  99.992% 
[   16000,   18000 ) 121   0.005%  99.997% 
[   18000,   20000 ) 52   0.002%  99.999% 
[   20000,   25000 ) 10   0.000% 100.000% 
[   25000,   30000 ) 4   0.000% 100.000% 
----------------------------------
Hit rate: 100%
I20260914 17:30:34.691545 294557 dfly_bench.cc:1721] 
Total time: 3.008180514s. Overall number of requests: 2402280, QPS: 793618, P99 lat: 6804.14us
I20260914 17:30:34.691576 294557 dfly_bench.cc:1730] Latency summary, all times are in usec:
Count: 2402280 Average: 797.7387
Min: 147.0000  Median: 584.1795  Max: 26458.0000
------------------------------------------------------
[     140,     160 ) 127   0.005%   0.005% 
[     160,     180 ) 2120   0.088%   0.094% 
[     180,     200 ) 7133   0.297%   0.390% 
[     200,     250 ) 45269   1.884%   2.275% 
[     250,     300 ) 87718   3.651%   5.926% #
[     300,     350 ) 122907   5.116%  11.043% #
[     350,     400 ) 163330   6.799%  17.842% #
[     400,     450 ) 190720   7.939%  25.781% ##
[     450,     500 ) 210193   8.750%  34.530% ##
[     500,     600 ) 441464  18.377%  52.907% ####
[     600,     700 ) 378217  15.744%  68.651% ###
[     700,     800 ) 273901  11.402%  80.053% ##
[     800,     900 ) 167516   6.973%  87.026% #
[     900,    1000 ) 88921   3.702%  90.728% #
[    1000,    1200 ) 69737   2.903%  93.631% #
[    1200,    1400 ) 22979   0.957%  94.587% 
[    1400,    1600 ) 11370   0.473%  95.061% 
[    1600,    1800 ) 7766   0.323%  95.384% 
[    1800,    2000 ) 6309   0.263%  95.647% 
[    2000,    2500 ) 12895   0.537%  96.183% 
[    2500,    3000 ) 10914   0.454%  96.638% 
[    3000,    3500 ) 9779   0.407%  97.045% 
[    3500,    4000 ) 9499   0.395%  97.440% 
[    4000,    4500 ) 8708   0.362%  97.803% 
[    4500,    5000 ) 7392   0.308%  98.110% 
[    5000,    6000 ) 12829   0.534%  98.644% 
[    6000,    7000 ) 10624   0.442%  99.087% 
[    7000,    8000 ) 8318   0.346%  99.433% 
[    8000,    9000 ) 5763   0.240%  99.673% 
[    9000,   10000 ) 3373   0.140%  99.813% 
[   10000,   12000 ) 2807   0.117%  99.930% 
[   12000,   14000 ) 1112   0.046%  99.976% 
[   14000,   16000 ) 383   0.016%  99.992% 
[   16000,   18000 ) 121   0.005%  99.997% 
[   18000,   20000 ) 52   0.002%  99.999% 
[   20000,   25000 ) 10   0.000% 100.000% 
[   25000,   30000 ) 4   0.000% 100.000% 
I20260914 17:30:34.691618 294557 dfly_bench.cc:1732] ----------------------------------
Hit rate: 100%
